suite,benchmark,dtype,threads,shape,backend,median_ms,iqr_ms,status,notes
cpu/elementwise_reduction,add,f64,1,"33554432",tenferro-direct,71.357966,0.512846,ok,"binary elementwise"
cpu/elementwise_reduction,add,f64,1,"33554432",tenferro-trace,69.407874,0.915343,ok,"binary elementwise"
cpu/elementwise_reduction,sub,f64,1,"33554432",tenferro-direct,72.486140,1.412840,ok,"binary elementwise"
cpu/elementwise_reduction,sub,f64,1,"33554432",tenferro-trace,70.046116,0.288224,ok,"binary elementwise"
cpu/elementwise_reduction,mul,f64,1,"33554432",tenferro-direct,72.953219,0.815055,ok,"binary elementwise"
cpu/elementwise_reduction,mul,f64,1,"33554432",tenferro-trace,70.965016,0.403660,ok,"binary elementwise"
cpu/elementwise_reduction,div,f64,1,"33554432",tenferro-direct,71.036049,0.784587,ok,"binary elementwise"
cpu/elementwise_reduction,div,f64,1,"33554432",tenferro-trace,70.273404,1.020431,ok,"binary elementwise"
cpu/elementwise_reduction,neg,f64,1,"33554432",tenferro-direct,61.575638,0.412147,ok,"unary elementwise"
cpu/elementwise_reduction,neg,f64,1,"33554432",tenferro-trace,60.094108,0.502606,ok,"unary elementwise"
cpu/elementwise_reduction,abs,f64,1,"33554432",tenferro-direct,60.436042,0.298101,ok,"unary elementwise"
cpu/elementwise_reduction,abs,f64,1,"33554432",tenferro-trace,60.341273,0.355999,ok,"unary elementwise"
cpu/elementwise_reduction,sign,f64,1,"33554432",tenferro-direct,69.031345,0.847265,ok,"unary elementwise"
cpu/elementwise_reduction,sign,f64,1,"33554432",tenferro-trace,67.420923,2.223938,ok,"unary elementwise"
cpu/elementwise_reduction,maximum,f64,1,"33554432",tenferro-direct,72.193078,0.372593,ok,"binary elementwise"
cpu/elementwise_reduction,maximum,f64,1,"33554432",tenferro-trace,70.830122,0.535349,ok,"binary elementwise"
cpu/elementwise_reduction,minimum,f64,1,"33554432",tenferro-direct,72.301052,0.422665,ok,"binary elementwise"
cpu/elementwise_reduction,minimum,f64,1,"33554432",tenferro-trace,71.318010,0.299423,ok,"binary elementwise"
cpu/elementwise_reduction,compare_lt,f64,1,"33554432",tenferro-direct,22.898986,0.200146,ok,"ordered compare"
cpu/elementwise_reduction,compare_lt,f64,1,"33554432",tenferro-trace,22.118516,0.500102,ok,"ordered compare"
cpu/elementwise_reduction,select,f64,1,"33554432",tenferro-direct,72.925327,0.737729,ok,"ternary select"
cpu/elementwise_reduction,select,f64,1,"33554432",tenferro-trace,71.794558,0.620178,ok,"ternary select"
cpu/elementwise_reduction,sqrt,f64,1,"33554432",tenferro-direct,78.732541,1.235777,ok,"analytic unary"
cpu/elementwise_reduction,sqrt,f64,1,"33554432",tenferro-trace,77.517784,1.854612,ok,"analytic unary"
cpu/elementwise_reduction,rsqrt,f64,1,"33554432",tenferro-direct,93.040099,0.536210,ok,"analytic unary"
cpu/elementwise_reduction,rsqrt,f64,1,"33554432",tenferro-trace,90.339986,2.288980,ok,"analytic unary"
cpu/elementwise_reduction,rem,f64,1,"8388608",tenferro-direct,56.896387,6.455675,ok,"binary elementwise"
cpu/elementwise_reduction,rem,f64,1,"8388608",tenferro-trace,56.250221,6.532659,ok,"binary elementwise"
cpu/elementwise_reduction,clamp,f64,1,"8388608",tenferro-direct,23.205041,0.781813,ok,"clamp with tensor bounds"
cpu/elementwise_reduction,clamp,f64,1,"8388608",tenferro-trace,22.863138,0.258978,ok,"clamp with tensor bounds"
cpu/elementwise_reduction,exp,f64,1,"8388608",tenferro-direct,50.544147,0.419259,ok,"analytic unary"
cpu/elementwise_reduction,exp,f64,1,"8388608",tenferro-trace,49.948285,0.767585,ok,"analytic unary"
cpu/elementwise_reduction,log,f64,1,"8388608",tenferro-direct,47.820077,0.593368,ok,"analytic unary"
cpu/elementwise_reduction,log,f64,1,"8388608",tenferro-trace,49.081452,0.709215,ok,"analytic unary"
cpu/elementwise_reduction,sin,f64,1,"8388608",tenferro-direct,116.183425,0.506654,ok,"analytic unary"
cpu/elementwise_reduction,sin,f64,1,"8388608",tenferro-trace,116.416324,0.985054,ok,"analytic unary"
cpu/elementwise_reduction,cos,f64,1,"8388608",tenferro-direct,117.353017,0.698786,ok,"analytic unary"
cpu/elementwise_reduction,cos,f64,1,"8388608",tenferro-trace,117.897553,0.413449,ok,"analytic unary"
cpu/elementwise_reduction,tanh,f64,1,"8388608",tenferro-direct,112.008574,0.381558,ok,"analytic unary"
cpu/elementwise_reduction,tanh,f64,1,"8388608",tenferro-trace,110.713616,0.351061,ok,"analytic unary"
cpu/elementwise_reduction,pow,f64,1,"4194304",tenferro-direct,65.146170,0.450287,ok,"binary analytic"
cpu/elementwise_reduction,pow,f64,1,"4194304",tenferro-trace,65.632045,0.353596,ok,"binary analytic"
cpu/elementwise_reduction,expm1,f64,1,"4194304",tenferro-direct,31.029745,0.269327,ok,"analytic unary"
cpu/elementwise_reduction,expm1,f64,1,"4194304",tenferro-trace,31.082734,0.320042,ok,"analytic unary"
cpu/elementwise_reduction,log1p,f64,1,"4194304",tenferro-direct,40.605384,0.203503,ok,"analytic unary"
cpu/elementwise_reduction,log1p,f64,1,"4194304",tenferro-trace,41.462187,0.594870,ok,"analytic unary"
cpu/elementwise_reduction,chain_log1p_exp_mul,f64,1,"4194304",tenferro-direct,83.530014,2.596798,ok,"short elementwise chain"
cpu/elementwise_reduction,chain_log1p_exp_mul,f64,1,"4194304",tenferro-trace,190.613304,13.841531,ok,"short elementwise chain"
cpu/elementwise_reduction,reduce_sum_all,f64,1,"8192x4096",tenferro-direct,6.207638,0.068158,ok,"full reduction"
cpu/elementwise_reduction,reduce_sum_all,f64,1,"8192x4096",tenferro-trace,6.071532,0.200056,ok,"full reduction"
cpu/elementwise_reduction,reduce_prod_all,f64,1,"8192x4096",tenferro-direct,6.047045,0.064622,ok,"full reduction"
cpu/elementwise_reduction,reduce_prod_all,f64,1,"8192x4096",tenferro-trace,5.832642,0.070263,ok,"full reduction"
cpu/elementwise_reduction,reduce_max_all,f64,1,"8192x4096",tenferro-direct,18.398942,0.025318,ok,"full reduction"
cpu/elementwise_reduction,reduce_max_all,f64,1,"8192x4096",tenferro-trace,18.409201,0.059082,ok,"full reduction"
cpu/elementwise_reduction,reduce_min_all,f64,1,"8192x4096",tenferro-direct,16.424885,0.019998,ok,"full reduction"
cpu/elementwise_reduction,reduce_min_all,f64,1,"8192x4096",tenferro-trace,16.485890,0.080542,ok,"full reduction"
cpu/elementwise_reduction,reduce_max_axis0,f64,1,"2048x2048",tenferro-direct,2.346578,0.023735,ok,"axis reduction"
cpu/elementwise_reduction,reduce_max_axis0,f64,1,"2048x2048",tenferro-trace,2.358150,0.013135,ok,"axis reduction"
cpu/elementwise_reduction,reduce_min_axis1,f64,1,"4096x4096",tenferro-direct,8.405556,0.086583,ok,"axis reduction"
cpu/elementwise_reduction,reduce_min_axis1,f64,1,"4096x4096",tenferro-trace,8.373746,0.135014,ok,"axis reduction"
cpu/elementwise_reduction,reduce_max_axis1,f64,1,"2048x2048",tenferro-direct,2.101467,0.029195,ok,"axis reduction"
cpu/elementwise_reduction,reduce_max_axis1,f64,1,"2048x2048",tenferro-trace,2.173983,0.165611,ok,"axis reduction"
cpu/elementwise_reduction,reduce_min_axis0,f64,1,"2048x2048",tenferro-direct,2.133608,0.016000,ok,"axis reduction"
cpu/elementwise_reduction,reduce_min_axis0,f64,1,"2048x2048",tenferro-trace,2.182759,0.019767,ok,"axis reduction"
cpu/elementwise_reduction,reduce_sum_axis0,f64,1,"2048x2048",tenferro-direct,0.729624,0.110898,ok,"axis reduction"
cpu/elementwise_reduction,reduce_sum_axis0,f64,1,"2048x2048",tenferro-trace,0.610600,0.136007,ok,"axis reduction"
cpu/elementwise_reduction,reduce_sum_axis1,f64,1,"2048x2048",tenferro-direct,0.986207,0.013366,ok,"axis reduction"
cpu/elementwise_reduction,reduce_sum_axis1,f64,1,"2048x2048",tenferro-trace,1.055728,0.143540,ok,"axis reduction"
cpu/elementwise_reduction,reduce_prod_axis0,f64,1,"2048x2048",tenferro-direct,0.715677,0.133200,ok,"axis reduction"
cpu/elementwise_reduction,reduce_prod_axis0,f64,1,"2048x2048",tenferro-trace,0.624917,0.031489,ok,"axis reduction"
cpu/elementwise_reduction,reduce_prod_axis1,f64,1,"2048x2048",tenferro-direct,0.978252,0.035668,ok,"axis reduction"
cpu/elementwise_reduction,reduce_prod_axis1,f64,1,"2048x2048",tenferro-trace,0.998820,0.225715,ok,"axis reduction"
cpu/indexing_layout,gather,f64,1,"262144",tenferro-direct,0.485694,0.003497,ok,"1D StableHLO-style gather"
cpu/indexing_layout,gather,f64,1,"262144",tenferro-trace,0.622983,0.094949,ok,"1D StableHLO-style gather"
cpu/indexing_layout,scatter,f64,1,"262144",tenferro-direct,0.867433,0.006452,ok,"1D StableHLO-style scatter"
cpu/indexing_layout,scatter,f64,1,"262144",tenferro-trace,1.082769,0.061595,ok,"1D StableHLO-style scatter"
cpu/indexing_layout,slice,f64,1,"4194304 -> 2096128",tenferro-direct,1.168871,0.051787,ok,"static slice"
cpu/indexing_layout,slice,f64,1,"4194304 -> 2096128",tenferro-trace,2.795183,0.145284,ok,"static slice"
cpu/indexing_layout,dynamic_slice,f64,1,"4194304 -> 2097152",tenferro-direct,0.542341,0.041368,ok,"runtime-start slice"
cpu/indexing_layout,dynamic_slice,f64,1,"4194304 -> 2097152",tenferro-trace,2.358952,0.079350,ok,"runtime-start slice"
cpu/indexing_layout,dynamic_update_slice,f64,1,"2097152",tenferro-direct,0.847696,0.017774,ok,"runtime-start update"
cpu/indexing_layout,dynamic_update_slice,f64,1,"2097152",tenferro-trace,,,unsupported,"tenferro-rs has no TracedTensor dynamic_update_slice API"
cpu/indexing_layout,pad,f64,1,"2097152",tenferro-direct,0.775711,0.059722,ok,"edge padding"
cpu/indexing_layout,pad,f64,1,"2097152",tenferro-trace,1.555749,0.372212,ok,"edge padding"
cpu/indexing_layout,concatenate,f64,1,"1048576+1048576",tenferro-direct,0.579050,0.109195,ok,"concatenate along axis 0"
cpu/indexing_layout,concatenate,f64,1,"1048576+1048576",tenferro-trace,1.217462,0.134052,ok,"concatenate along axis 0"
cpu/indexing_layout,reverse,f64,1,"2097152",tenferro-direct,0.532132,0.140915,ok,"reverse axis 0"
cpu/indexing_layout,reverse,f64,1,"2097152",tenferro-trace,1.158170,0.012653,ok,"reverse axis 0"
cpu/structural_shape,transpose,f64,1,"4096x4096",tenferro-direct,80.157974,0.737097,ok,"materialized matrix transpose"
cpu/structural_shape,transpose,f64,1,"4096x4096",tenferro-trace,79.626003,1.375170,ok,"materialized matrix transpose"
cpu/structural_shape,reshape,f64,1,"33554432 -> 8192x4096",tenferro-direct,71.844722,0.251584,ok,"materialized reshape output"
cpu/structural_shape,reshape,f64,1,"33554432 -> 8192x4096",tenferro-trace,62.676359,0.498107,ok,"materialized reshape output"
cpu/structural_shape,broadcast_in_dim,f64,1,"8192x1 -> 8192x4096",tenferro-direct,61.443789,1.416567,ok,"materialized broadcast"
cpu/structural_shape,broadcast_in_dim,f64,1,"8192x1 -> 8192x4096",tenferro-trace,63.669720,2.206495,ok,"materialized broadcast"
cpu/structural_shape,cast_f64_f32,f64->f32,1,"33554432",tenferro-direct,35.498508,1.526174,ok,"dtype cast"
cpu/structural_shape,cast_f64_f32,f64->f32,1,"33554432",tenferro-trace,106.232309,1.762580,ok,"dtype cast"
cpu/structural_shape,extract_diagonal,f64,1,"8388608x2x2 -> 8388608x2",tenferro-direct,30.588494,0.488379,ok,"batched matrix diagonal extraction"
cpu/structural_shape,extract_diagonal,f64,1,"8388608x2x2 -> 8388608x2",tenferro-trace,102.793925,2.410629,ok,"batched matrix diagonal extraction"
cpu/structural_shape,embed_diagonal,f64,1,"8192 -> 8192x8192",tenferro-direct,118.322532,0.987850,ok,"embed vector as matrix diagonal"
cpu/structural_shape,embed_diagonal,f64,1,"8192 -> 8192x8192",tenferro-trace,117.710590,0.534386,ok,"embed vector as matrix diagonal"
cpu/structural_shape,tril,f64,1,"4096x4096",tenferro-direct,33.340996,0.635367,ok,"lower triangle"
cpu/structural_shape,tril,f64,1,"4096x4096",tenferro-trace,68.480528,3.139001,ok,"lower triangle"
cpu/structural_shape,triu,f64,1,"4096x4096",tenferro-direct,32.837849,0.144703,ok,"upper triangle"
cpu/structural_shape,triu,f64,1,"4096x4096",tenferro-trace,67.748359,1.580015,ok,"upper triangle"
cpu/view_metadata,reshape_view,f64,1,"33554432 -> 8192x4096",tenferro-direct,0.000377,0.000038,ok,"metadata-only view reshape; no output-sized copy; operations_per_sample=16; median_batch_ms=0.006031; session=not_required"
cpu/view_metadata,reshape_view,f64,1,"33554432 -> 8192x4096",tenferro-trace,,,unsupported,"TensorValue view metadata APIs are concrete-only; traced tensors use graph operations"
cpu/view_metadata,transpose_view,f64,1,"4096x4096",tenferro-direct,0.000244,0.000049,ok,"metadata-only transpose view; no output-sized copy; operations_per_sample=16; median_batch_ms=0.003907; session=not_required"
cpu/view_metadata,transpose_view,f64,1,"4096x4096",tenferro-trace,,,unsupported,"TensorValue view metadata APIs are concrete-only; traced tensors use graph operations"
cpu/view_metadata,slice_view,f64,1,"4194304 -> 2096128",tenferro-direct,0.000302,0.000028,ok,"metadata-only strided slice view; no output-sized copy; operations_per_sample=16; median_batch_ms=0.004829; session=not_required"
cpu/view_metadata,slice_view,f64,1,"4194304 -> 2096128",tenferro-trace,,,unsupported,"TensorValue view metadata APIs are concrete-only; traced tensors use graph operations"
cpu/view_metadata,broadcast_in_dim_view,f64,1,"8192x1 -> 8192x4096",tenferro-direct,0.000160,0.000003,ok,"metadata-only zero-stride broadcast view; no output-sized copy; operations_per_sample=16; median_batch_ms=0.002555; session=not_required"
cpu/view_metadata,broadcast_in_dim_view,f64,1,"8192x1 -> 8192x4096",tenferro-trace,,,unsupported,"TensorValue view metadata APIs are concrete-only; traced tensors use graph operations"
cpu/output_reuse,add_into,f64,1,"33554432",tenferro-direct,24.204163,0.110749,ok,"caller-owned output"
cpu/output_reuse,add_into,f64,1,"33554432",tenferro-trace,,,unsupported,"compiled traced execution owns its output tensors; no caller-output API"
cpu/output_reuse,sub_into,f64,1,"33554432",tenferro-direct,24.180989,0.087926,ok,"caller-owned output"
cpu/output_reuse,sub_into,f64,1,"33554432",tenferro-trace,,,unsupported,"compiled traced execution owns its output tensors; no caller-output API"
cpu/output_reuse,mul_into,f64,1,"33554432",tenferro-direct,24.148698,0.129294,ok,"caller-owned output"
cpu/output_reuse,mul_into,f64,1,"33554432",tenferro-trace,,,unsupported,"compiled traced execution owns its output tensors; no caller-output API"
cpu/output_reuse,div_into,f64,1,"33554432",tenferro-direct,24.164188,0.204224,ok,"caller-owned output"
cpu/output_reuse,div_into,f64,1,"33554432",tenferro-trace,,,unsupported,"compiled traced execution owns its output tensors; no caller-output API"
cpu/output_reuse,neg_into,f64,1,"33554432",tenferro-direct,17.763135,0.147777,ok,"caller-owned output"
cpu/output_reuse,neg_into,f64,1,"33554432",tenferro-trace,,,unsupported,"compiled traced execution owns its output tensors; no caller-output API"
cpu/output_reuse,conj_into,c64,1,"16777216",tenferro-direct,17.598315,0.100819,ok,"physical conjugate into caller-owned output"
cpu/output_reuse,conj_into,c64,1,"16777216",tenferro-trace,,,unsupported,"compiled traced execution owns its output tensors; no caller-output API"
cpu/output_reuse,copy_read_into,f64,1,"33554432",tenferro-direct,14.729734,0.043563,ok,"copy into caller-owned output"
cpu/output_reuse,copy_read_into,f64,1,"33554432",tenferro-trace,,,unsupported,"compiled traced execution owns its output tensors; no caller-output API"
cpu/output_reuse,dot_general_read_into,f64,1,"1024x1024",tenferro-direct,58.395930,0.090962,ok,"matrix multiply into caller-owned output"
cpu/output_reuse,dot_general_read_into,f64,1,"1024x1024",tenferro-trace,,,unsupported,"compiled traced execution owns its output tensors; no caller-output API"
cpu/output_reuse,dot_general_read_into_accum,f64,1,"1024x1024",tenferro-direct,58.270063,0.098315,ok,"out = lhs @ rhs + out"
cpu/output_reuse,dot_general_read_into_accum,f64,1,"1024x1024",tenferro-trace,,,unsupported,"compiled traced execution owns its output tensors; no caller-output API"
cpu/einsum_concrete,einsum_ij_jk_ik,f64,1,"1024x1024",tenferro-direct,57.602817,0.317367,ok,"TensorEinsumExt allocation-returning API"
cpu/einsum_concrete,einsum_ij_jk_ik,f64,1,"1024x1024",tenferro-trace,,,unsupported,"TensorEinsumExt is a concrete Tensor API; traced einsum is measured by cpu/einsum"
cpu/linalg_uncovered,cholesky,f64,1,"1536x1536",tenferro-direct,52.479420,1.004030,ok,"SPD input"
cpu/linalg_uncovered,cholesky,f64,1,"1536x1536",tenferro-trace,53.057038,0.836594,ok,"SPD input"
cpu/linalg_uncovered,eig,f64,1,"160x160",tenferro-direct,8.021543,0.015910,ok,"general input"
cpu/linalg_uncovered,eig,f64,1,"160x160",tenferro-trace,8.093639,0.117341,ok,"general input"
cpu/linalg_uncovered,eigvals,f64,1,"192x192",tenferro-direct,9.261719,0.030237,ok,"general input values only"
cpu/linalg_uncovered,eigvals,f64,1,"192x192",tenferro-trace,9.290703,0.623063,ok,"general input values only"
cpu/linalg_uncovered,eigvalsh,f64,1,"512x512",tenferro-direct,19.791564,0.138181,ok,"SPD input values only"
cpu/linalg_uncovered,eigvalsh,f64,1,"512x512",tenferro-trace,19.838753,0.089077,ok,"SPD input values only"
cpu/linalg_uncovered,triangular_solve,f64,1,"4096x4096,rhs=64",tenferro-direct,37.174503,0.185089,ok,"lower-triangular solve"
cpu/linalg_uncovered,triangular_solve,f64,1,"4096x4096,rhs=64",tenferro-trace,75.267998,1.179180,ok,"lower-triangular solve"
cpu/linalg_uncovered,det,f64,1,"1024x1024",tenferro-direct,27.160208,0.146967,ok,"well-conditioned input"
cpu/linalg_uncovered,det,f64,1,"1024x1024",tenferro-trace,27.195715,0.203713,ok,"well-conditioned input"
cpu/linalg_uncovered,slogdet,f64,1,"1024x1024",tenferro-direct,27.194213,0.273204,ok,"well-conditioned input"
cpu/linalg_uncovered,slogdet,f64,1,"1024x1024",tenferro-trace,27.107359,0.137290,ok,"well-conditioned input"
cpu/linalg_uncovered,inv,f64,1,"768x768",tenferro-direct,44.182018,0.181822,ok,"well-conditioned input"
cpu/linalg_uncovered,inv,f64,1,"768x768",tenferro-trace,44.618279,0.120357,ok,"well-conditioned input"
cpu/linalg_uncovered,pinv,f64,1,"512x256",tenferro-direct,21.217039,0.061176,ok,"rectangular input"
cpu/linalg_uncovered,pinv,f64,1,"512x256",tenferro-trace,21.413037,0.243979,ok,"rectangular input"
cpu/linalg_uncovered,pinv_with_rtol,f64,1,"512x256",tenferro-direct,21.235032,0.089298,ok,"rectangular input; rtol=1e-12"
cpu/linalg_uncovered,pinv_with_rtol,f64,1,"512x256",tenferro-trace,21.456790,0.061045,ok,"rectangular input; rtol=1e-12"
cpu/linalg_uncovered,lu,f64,1,"1024x1024",tenferro-direct,27.381375,0.237086,ok,"partial-pivot LU"
cpu/linalg_uncovered,lu,f64,1,"1024x1024",tenferro-trace,28.535117,0.301587,ok,"partial-pivot LU"
cpu/linalg_uncovered,lstsq,f64,1,"768x384,rhs=16",tenferro-eager,19.272317,0.159249,ok,"tall full-column-rank QR least-squares solve"
cpu/linalg_uncovered,lstsq,f64,1,"768x384,rhs=16",tenferro-trace,19.173921,0.021921,ok,"tall full-column-rank QR least-squares solve"
cpu/linalg_uncovered,svd_full,f64,1,"768x384",tenferro-eager,62.750048,0.381810,ok,"full-matrices SVD; unsupported providers are reported explicitly"
cpu/linalg_uncovered,svd_full,f64,1,"768x384",tenferro-trace,63.296768,0.213061,ok,"full-matrices SVD; unsupported providers are reported explicitly"
cpu/linalg_uncovered,norm_fro,f64,1,"2048x2048",tenferro-direct,0.700319,0.069762,ok,"Frobenius norm"
cpu/linalg_uncovered,norm_fro,f64,1,"2048x2048",tenferro-trace,0.672466,0.109165,ok,"Frobenius norm"
cpu/linalg_batched,batched_lu_factor,f64,1,"1024x2x2,rhs=1",tenferro-direct,0.032231,0.002184,ok,"packed LU factorization only (LinalgBackend::lu_factor)"
cpu/linalg_batched,batched_lu_factor,f64,1,"1024x2x2,rhs=1",tenferro-trace,,,unsupported,"LinalgOp is not public, so a trace cannot hold a bare LuFactor or LuSolvePrepared; traced solve (LuFactor plus LuSolvePrepared) and its backward are measured by cpu/cpu_ops batched_solve and grad_sum_batched_solve_backward"
cpu/linalg_batched,batched_lu_factor,f64,1,"1024x4x4,rhs=1",tenferro-direct,0.051928,0.000081,ok,"packed LU factorization only (LinalgBackend::lu_factor)"
cpu/linalg_batched,batched_lu_factor,f64,1,"1024x4x4,rhs=1",tenferro-trace,,,unsupported,"LinalgOp is not public, so a trace cannot hold a bare LuFactor or LuSolvePrepared; traced solve (LuFactor plus LuSolvePrepared) and its backward are measured by cpu/cpu_ops batched_solve and grad_sum_batched_solve_backward"
cpu/linalg_batched,batched_lu_factor,f64,1,"1024x8x8,rhs=1",tenferro-direct,0.223110,0.006372,ok,"packed LU factorization only (LinalgBackend::lu_factor)"
cpu/linalg_batched,batched_lu_factor,f64,1,"1024x8x8,rhs=1",tenferro-trace,,,unsupported,"LinalgOp is not public, so a trace cannot hold a bare LuFactor or LuSolvePrepared; traced solve (LuFactor plus LuSolvePrepared) and its backward are measured by cpu/cpu_ops batched_solve and grad_sum_batched_solve_backward"
cpu/linalg_batched,batched_lu_factor,f64,1,"1024x16x16,rhs=1",tenferro-direct,1.006686,0.020648,ok,"packed LU factorization only (LinalgBackend::lu_factor)"
cpu/linalg_batched,batched_lu_factor,f64,1,"1024x16x16,rhs=1",tenferro-trace,,,unsupported,"LinalgOp is not public, so a trace cannot hold a bare LuFactor or LuSolvePrepared; traced solve (LuFactor plus LuSolvePrepared) and its backward are measured by cpu/cpu_ops batched_solve and grad_sum_batched_solve_backward"
cpu/linalg_batched,batched_lu_solve,f64,1,"1024x2x2,rhs=1",tenferro-direct,0.031349,0.000080,ok,"solve with prepared LU factors (LinalgBackend::lu_solve_prepared)"
cpu/linalg_batched,batched_lu_solve,f64,1,"1024x2x2,rhs=1",tenferro-trace,,,unsupported,"LinalgOp is not public, so a trace cannot hold a bare LuFactor or LuSolvePrepared; traced solve (LuFactor plus LuSolvePrepared) and its backward are measured by cpu/cpu_ops batched_solve and grad_sum_batched_solve_backward"
cpu/linalg_batched,batched_lu_solve,f64,1,"1024x4x4,rhs=1",tenferro-direct,0.064812,0.000120,ok,"solve with prepared LU factors (LinalgBackend::lu_solve_prepared)"
cpu/linalg_batched,batched_lu_solve,f64,1,"1024x4x4,rhs=1",tenferro-trace,,,unsupported,"LinalgOp is not public, so a trace cannot hold a bare LuFactor or LuSolvePrepared; traced solve (LuFactor plus LuSolvePrepared) and its backward are measured by cpu/cpu_ops batched_solve and grad_sum_batched_solve_backward"
cpu/linalg_batched,batched_lu_solve,f64,1,"1024x8x8,rhs=1",tenferro-direct,0.207651,0.001493,ok,"solve with prepared LU factors (LinalgBackend::lu_solve_prepared)"
cpu/linalg_batched,batched_lu_solve,f64,1,"1024x8x8,rhs=1",tenferro-trace,,,unsupported,"LinalgOp is not public, so a trace cannot hold a bare LuFactor or LuSolvePrepared; traced solve (LuFactor plus LuSolvePrepared) and its backward are measured by cpu/cpu_ops batched_solve and grad_sum_batched_solve_backward"
cpu/linalg_batched,batched_lu_solve,f64,1,"1024x16x16,rhs=1",tenferro-direct,0.325422,0.007464,ok,"solve with prepared LU factors (LinalgBackend::lu_solve_prepared)"
cpu/linalg_batched,batched_lu_solve,f64,1,"1024x16x16,rhs=1",tenferro-trace,,,unsupported,"LinalgOp is not public, so a trace cannot hold a bare LuFactor or LuSolvePrepared; traced solve (LuFactor plus LuSolvePrepared) and its backward are measured by cpu/cpu_ops batched_solve and grad_sum_batched_solve_backward"
cpu/linalg_batched,batched_triangular_solve,f64,1,"1024x2x2,rhs=1",tenferro-direct,0.075232,0.000331,ok,"lower-triangular solve (TensorLinalgExt::triangular_solve)"
cpu/linalg_batched,batched_triangular_solve,f64,1,"1024x2x2,rhs=1",tenferro-trace,0.092654,0.064331,ok,"lower-triangular solve (TensorLinalgExt::triangular_solve)"
cpu/linalg_batched,batched_triangular_solve,f64,1,"1024x4x4,rhs=1",tenferro-direct,0.090561,0.005901,ok,"lower-triangular solve (TensorLinalgExt::triangular_solve)"
cpu/linalg_batched,batched_triangular_solve,f64,1,"1024x4x4,rhs=1",tenferro-trace,0.118193,0.003437,ok,"lower-triangular solve (TensorLinalgExt::triangular_solve)"
cpu/linalg_batched,batched_triangular_solve,f64,1,"1024x8x8,rhs=1",tenferro-direct,0.122601,0.000321,ok,"lower-triangular solve (TensorLinalgExt::triangular_solve)"
cpu/linalg_batched,batched_triangular_solve,f64,1,"1024x8x8,rhs=1",tenferro-trace,0.168427,0.002104,ok,"lower-triangular solve (TensorLinalgExt::triangular_solve)"
cpu/linalg_batched,batched_triangular_solve,f64,1,"1024x16x16,rhs=1",tenferro-direct,0.205386,0.001302,ok,"lower-triangular solve (TensorLinalgExt::triangular_solve)"
cpu/linalg_batched,batched_triangular_solve,f64,1,"1024x16x16,rhs=1",tenferro-trace,0.301508,0.007754,ok,"lower-triangular solve (TensorLinalgExt::triangular_solve)"
cpu/linalg_batch_families,batched_solve,f64,1,"1x2x2,rhs=1",tenferro-direct,0.001683,0.000100,ok,"general solve, one rhs column (TensorLinalgExt::solve)"
cpu/linalg_batch_families,batched_solve,f64,1,"1x2x2,rhs=1",tenferro-trace,0.043071,0.003116,ok,"general solve, one rhs column (TensorLinalgExt::solve)"
cpu/linalg_batch_families,batched_solve,f64,1,"3x2x2,rhs=1",tenferro-direct,0.001863,0.000089,ok,"general solve, one rhs column (TensorLinalgExt::solve)"
cpu/linalg_batch_families,batched_solve,f64,1,"3x2x2,rhs=1",tenferro-trace,0.028364,0.000781,ok,"general solve, one rhs column (TensorLinalgExt::solve)"
cpu/linalg_batch_families,batched_solve,f64,1,"4x2x2,rhs=1",tenferro-direct,0.001954,0.000120,ok,"general solve, one rhs column (TensorLinalgExt::solve)"
cpu/linalg_batch_families,batched_solve,f64,1,"4x2x2,rhs=1",tenferro-trace,0.027652,0.001473,ok,"general solve, one rhs column (TensorLinalgExt::solve)"
cpu/linalg_batch_families,batched_solve,f64,1,"8x2x2,rhs=1",tenferro-direct,0.002244,0.000060,ok,"general solve, one rhs column (TensorLinalgExt::solve)"
cpu/linalg_batch_families,batched_solve,f64,1,"8x2x2,rhs=1",tenferro-trace,0.028063,0.000771,ok,"general solve, one rhs column (TensorLinalgExt::solve)"
cpu/linalg_batch_families,batched_solve,f64,1,"1024x2x2,rhs=1",tenferro-direct,0.079640,0.003207,ok,"general solve, one rhs column (TensorLinalgExt::solve)"
cpu/linalg_batch_families,batched_solve,f64,1,"1024x2x2,rhs=1",tenferro-trace,0.083187,0.004177,ok,"general solve, one rhs column (TensorLinalgExt::solve)"
cpu/linalg_batch_families,batched_solve,f64,1,"1x4x4,rhs=1",tenferro-direct,0.001753,0.000100,ok,"general solve, one rhs column (TensorLinalgExt::solve)"
cpu/linalg_batch_families,batched_solve,f64,1,"1x4x4,rhs=1",tenferro-trace,0.027942,0.001031,ok,"general solve, one rhs column (TensorLinalgExt::solve)"
cpu/linalg_batch_families,batched_solve,f64,1,"3x4x4,rhs=1",tenferro-direct,0.002024,0.000080,ok,"general solve, one rhs column (TensorLinalgExt::solve)"
cpu/linalg_batch_families,batched_solve,f64,1,"3x4x4,rhs=1",tenferro-trace,0.029355,0.001072,ok,"general solve, one rhs column (TensorLinalgExt::solve)"
cpu/linalg_batch_families,batched_solve,f64,1,"4x4x4,rhs=1",tenferro-direct,0.002094,0.000101,ok,"general solve, one rhs column (TensorLinalgExt::solve)"
cpu/linalg_batch_families,batched_solve,f64,1,"4x4x4,rhs=1",tenferro-trace,0.028885,0.000731,ok,"general solve, one rhs column (TensorLinalgExt::solve)"
cpu/linalg_batch_families,batched_solve,f64,1,"8x4x4,rhs=1",tenferro-direct,0.002595,0.000110,ok,"general solve, one rhs column (TensorLinalgExt::solve)"
cpu/linalg_batch_families,batched_solve,f64,1,"8x4x4,rhs=1",tenferro-trace,0.028624,0.001152,ok,"general solve, one rhs column (TensorLinalgExt::solve)"
cpu/linalg_batch_families,batched_solve,f64,1,"1024x4x4,rhs=1",tenferro-direct,0.133912,0.000711,ok,"general solve, one rhs column (TensorLinalgExt::solve)"
cpu/linalg_batch_families,batched_solve,f64,1,"1024x4x4,rhs=1",tenferro-trace,0.130896,0.009387,ok,"general solve, one rhs column (TensorLinalgExt::solve)"
cpu/linalg_batch_families,batched_solve,f64,1,"1x8x8,rhs=1",tenferro-direct,0.004108,0.000170,ok,"general solve, one rhs column (TensorLinalgExt::solve)"
cpu/linalg_batch_families,batched_solve,f64,1,"1x8x8,rhs=1",tenferro-trace,0.028524,0.000881,ok,"general solve, one rhs column (TensorLinalgExt::solve)"
cpu/linalg_batch_families,batched_solve,f64,1,"3x8x8,rhs=1",tenferro-direct,0.005770,0.000121,ok,"general solve, one rhs column (TensorLinalgExt::solve)"
cpu/linalg_batch_families,batched_solve,f64,1,"3x8x8,rhs=1",tenferro-trace,0.029074,0.000422,ok,"general solve, one rhs column (TensorLinalgExt::solve)"
cpu/linalg_batch_families,batched_solve,f64,1,"4x8x8,rhs=1",tenferro-direct,0.003336,0.000061,ok,"general solve, one rhs column (TensorLinalgExt::solve)"
cpu/linalg_batch_families,batched_solve,f64,1,"4x8x8,rhs=1",tenferro-trace,0.029886,0.001542,ok,"general solve, one rhs column (TensorLinalgExt::solve)"
cpu/linalg_batch_families,batched_solve,f64,1,"8x8x8,rhs=1",tenferro-direct,0.004980,0.000040,ok,"general solve, one rhs column (TensorLinalgExt::solve)"
cpu/linalg_batch_families,batched_solve,f64,1,"8x8x8,rhs=1",tenferro-trace,0.031719,0.000883,ok,"general solve, one rhs column (TensorLinalgExt::solve)"
cpu/linalg_batch_families,batched_solve,f64,1,"1024x8x8,rhs=1",tenferro-direct,0.427475,0.006302,ok,"general solve, one rhs column (TensorLinalgExt::solve)"
cpu/linalg_batch_families,batched_solve,f64,1,"1024x8x8,rhs=1",tenferro-trace,0.470175,0.017994,ok,"general solve, one rhs column (TensorLinalgExt::solve)"
cpu/linalg_batch_families,batched_solve,f64,1,"1x32x32,rhs=1",tenferro-direct,0.009678,0.000240,ok,"general solve, one rhs column (TensorLinalgExt::solve)"
cpu/linalg_batch_families,batched_solve,f64,1,"1x32x32,rhs=1",tenferro-trace,0.045125,0.030087,ok,"general solve, one rhs column (TensorLinalgExt::solve)"
cpu/linalg_batch_families,batched_solve,f64,1,"8x32x32,rhs=1",tenferro-direct,0.065313,0.000200,ok,"general solve, one rhs column (TensorLinalgExt::solve)"
cpu/linalg_batch_families,batched_solve,f64,1,"8x32x32,rhs=1",tenferro-trace,0.098816,0.008587,ok,"general solve, one rhs column (TensorLinalgExt::solve)"
cpu/linalg_batch_families,batched_solve,f64,1,"1x128x128,rhs=1",tenferro-direct,0.104246,0.000872,ok,"general solve, one rhs column (TensorLinalgExt::solve)"
cpu/linalg_batch_families,batched_solve,f64,1,"1x128x128,rhs=1",tenferro-trace,0.143660,0.006392,ok,"general solve, one rhs column (TensorLinalgExt::solve)"
cpu/linalg_batch_families,batched_solve,f64,1,"8x128x128,rhs=1",tenferro-direct,0.834812,0.004277,ok,"general solve, one rhs column (TensorLinalgExt::solve)"
cpu/linalg_batch_families,batched_solve,f64,1,"8x128x128,rhs=1",tenferro-trace,0.904493,0.009408,ok,"general solve, one rhs column (TensorLinalgExt::solve)"
cpu/linalg_batch_families,batched_cholesky,f64,1,"1x2x2",tenferro-direct,0.002144,0.000140,ok,"SPD Cholesky (TensorLinalgExt::cholesky)"
cpu/linalg_batch_families,batched_cholesky,f64,1,"1x2x2",tenferro-trace,0.016151,0.020348,ok,"SPD Cholesky (TensorLinalgExt::cholesky)"
cpu/linalg_batch_families,batched_cholesky,f64,1,"3x2x2",tenferro-direct,0.002204,0.000100,ok,"SPD Cholesky (TensorLinalgExt::cholesky)"
cpu/linalg_batch_families,batched_cholesky,f64,1,"3x2x2",tenferro-trace,0.019878,0.000762,ok,"SPD Cholesky (TensorLinalgExt::cholesky)"
cpu/linalg_batch_families,batched_cholesky,f64,1,"4x2x2",tenferro-direct,0.002354,0.000200,ok,"SPD Cholesky (TensorLinalgExt::cholesky)"
cpu/linalg_batch_families,batched_cholesky,f64,1,"4x2x2",tenferro-trace,0.019587,0.000421,ok,"SPD Cholesky (TensorLinalgExt::cholesky)"
cpu/linalg_batch_families,batched_cholesky,f64,1,"8x2x2",tenferro-direct,0.002746,0.000170,ok,"SPD Cholesky (TensorLinalgExt::cholesky)"
cpu/linalg_batch_families,batched_cholesky,f64,1,"8x2x2",tenferro-trace,0.020609,0.003487,ok,"SPD Cholesky (TensorLinalgExt::cholesky)"
cpu/linalg_batch_families,batched_cholesky,f64,1,"1024x2x2",tenferro-direct,0.052880,0.000170,ok,"SPD Cholesky (TensorLinalgExt::cholesky)"
cpu/linalg_batch_families,batched_cholesky,f64,1,"1024x2x2",tenferro-trace,0.071535,0.005501,ok,"SPD Cholesky (TensorLinalgExt::cholesky)"
cpu/linalg_batch_families,batched_cholesky,f64,1,"1x4x4",tenferro-direct,0.001032,0.000050,ok,"SPD Cholesky (TensorLinalgExt::cholesky)"
cpu/linalg_batch_families,batched_cholesky,f64,1,"1x4x4",tenferro-trace,0.019436,0.000671,ok,"SPD Cholesky (TensorLinalgExt::cholesky)"
cpu/linalg_batch_families,batched_cholesky,f64,1,"3x4x4",tenferro-direct,0.002605,0.000121,ok,"SPD Cholesky (TensorLinalgExt::cholesky)"
cpu/linalg_batch_families,batched_cholesky,f64,1,"3x4x4",tenferro-trace,0.020068,0.001583,ok,"SPD Cholesky (TensorLinalgExt::cholesky)"
cpu/linalg_batch_families,batched_cholesky,f64,1,"4x4x4",tenferro-direct,0.001382,0.000070,ok,"SPD Cholesky (TensorLinalgExt::cholesky)"
cpu/linalg_batch_families,batched_cholesky,f64,1,"4x4x4",tenferro-trace,0.019346,0.000771,ok,"SPD Cholesky (TensorLinalgExt::cholesky)"
cpu/linalg_batch_families,batched_cholesky,f64,1,"8x4x4",tenferro-direct,0.001823,0.000079,ok,"SPD Cholesky (TensorLinalgExt::cholesky)"
cpu/linalg_batch_families,batched_cholesky,f64,1,"8x4x4",tenferro-trace,0.021270,0.004698,ok,"SPD Cholesky (TensorLinalgExt::cholesky)"
cpu/linalg_batch_families,batched_cholesky,f64,1,"1024x4x4",tenferro-direct,0.115979,0.000641,ok,"SPD Cholesky (TensorLinalgExt::cholesky)"
cpu/linalg_batch_families,batched_cholesky,f64,1,"1024x4x4",tenferro-trace,0.133291,0.007344,ok,"SPD Cholesky (TensorLinalgExt::cholesky)"
cpu/linalg_batch_families,batched_cholesky,f64,1,"1x8x8",tenferro-direct,0.002635,0.000160,ok,"SPD Cholesky (TensorLinalgExt::cholesky)"
cpu/linalg_batch_families,batched_cholesky,f64,1,"1x8x8",tenferro-trace,0.019888,0.001522,ok,"SPD Cholesky (TensorLinalgExt::cholesky)"
cpu/linalg_batch_families,batched_cholesky,f64,1,"3x8x8",tenferro-direct,0.003887,0.000130,ok,"SPD Cholesky (TensorLinalgExt::cholesky)"
cpu/linalg_batch_families,batched_cholesky,f64,1,"3x8x8",tenferro-trace,0.020449,0.000742,ok,"SPD Cholesky (TensorLinalgExt::cholesky)"
cpu/linalg_batch_families,batched_cholesky,f64,1,"4x8x8",tenferro-direct,0.002234,0.000071,ok,"SPD Cholesky (TensorLinalgExt::cholesky)"
cpu/linalg_batch_families,batched_cholesky,f64,1,"4x8x8",tenferro-trace,0.020900,0.000832,ok,"SPD Cholesky (TensorLinalgExt::cholesky)"
cpu/linalg_batch_families,batched_cholesky,f64,1,"8x8x8",tenferro-direct,0.003216,0.000070,ok,"SPD Cholesky (TensorLinalgExt::cholesky)"
cpu/linalg_batch_families,batched_cholesky,f64,1,"8x8x8",tenferro-trace,0.022182,0.000641,ok,"SPD Cholesky (TensorLinalgExt::cholesky)"
cpu/linalg_batch_families,batched_cholesky,f64,1,"1024x8x8",tenferro-direct,0.269298,0.005030,ok,"SPD Cholesky (TensorLinalgExt::cholesky)"
cpu/linalg_batch_families,batched_cholesky,f64,1,"1024x8x8",tenferro-trace,0.300866,0.016540,ok,"SPD Cholesky (TensorLinalgExt::cholesky)"
cpu/linalg_batch_families,batched_cholesky,f64,1,"1x32x32",tenferro-direct,0.008245,0.000100,ok,"SPD Cholesky (TensorLinalgExt::cholesky)"
cpu/linalg_batch_families,batched_cholesky,f64,1,"1x32x32",tenferro-trace,0.023154,0.003867,ok,"SPD Cholesky (TensorLinalgExt::cholesky)"
cpu/linalg_batch_families,batched_cholesky,f64,1,"8x32x32",tenferro-direct,0.023224,0.000240,ok,"SPD Cholesky (TensorLinalgExt::cholesky)"
cpu/linalg_batch_families,batched_cholesky,f64,1,"8x32x32",tenferro-trace,0.042831,0.001123,ok,"SPD Cholesky (TensorLinalgExt::cholesky)"
cpu/linalg_batch_families,batched_cholesky,f64,1,"1x128x128",tenferro-direct,0.074209,0.001373,ok,"SPD Cholesky (TensorLinalgExt::cholesky)"
cpu/linalg_batch_families,batched_cholesky,f64,1,"1x128x128",tenferro-trace,0.089599,0.006914,ok,"SPD Cholesky (TensorLinalgExt::cholesky)"
cpu/linalg_batch_families,batched_cholesky,f64,1,"8x128x128",tenferro-direct,0.591013,0.003667,ok,"SPD Cholesky (TensorLinalgExt::cholesky)"
cpu/linalg_batch_families,batched_cholesky,f64,1,"8x128x128",tenferro-trace,0.650224,0.005560,ok,"SPD Cholesky (TensorLinalgExt::cholesky)"
cpu/linalg_batch_families,batched_qr,f64,1,"1x2x2",tenferro-direct,0.004108,0.000261,ok,"thin QR (TensorLinalgExt::qr)"
cpu/linalg_batch_families,batched_qr,f64,1,"1x2x2",tenferro-trace,0.026790,0.001183,ok,"thin QR (TensorLinalgExt::qr)"
cpu/linalg_batch_families,batched_qr,f64,1,"3x2x2",tenferro-direct,0.002494,0.000080,ok,"thin QR (TensorLinalgExt::qr)"
cpu/linalg_batch_families,batched_qr,f64,1,"3x2x2",tenferro-trace,0.027652,0.000992,ok,"thin QR (TensorLinalgExt::qr)"
cpu/linalg_batch_families,batched_qr,f64,1,"4x2x2",tenferro-direct,0.002715,0.000121,ok,"thin QR (TensorLinalgExt::qr)"
cpu/linalg_batch_families,batched_qr,f64,1,"4x2x2",tenferro-trace,0.027902,0.000791,ok,"thin QR (TensorLinalgExt::qr)"
cpu/linalg_batch_families,batched_qr,f64,1,"8x2x2",tenferro-direct,0.007073,0.000361,ok,"thin QR (TensorLinalgExt::qr)"
cpu/linalg_batch_families,batched_qr,f64,1,"8x2x2",tenferro-trace,0.029295,0.000670,ok,"thin QR (TensorLinalgExt::qr)"
cpu/linalg_batch_families,batched_qr,f64,1,"1024x2x2",tenferro-direct,0.206088,0.004228,ok,"thin QR (TensorLinalgExt::qr)"
cpu/linalg_batch_families,batched_qr,f64,1,"1024x2x2",tenferro-trace,0.247757,0.009018,ok,"thin QR (TensorLinalgExt::qr)"
cpu/linalg_batch_families,batched_qr,f64,1,"1x4x4",tenferro-direct,0.004829,0.000410,ok,"thin QR (TensorLinalgExt::qr)"
cpu/linalg_batch_families,batched_qr,f64,1,"1x4x4",tenferro-trace,0.025699,0.001141,ok,"thin QR (TensorLinalgExt::qr)"
cpu/linalg_batch_families,batched_qr,f64,1,"3x4x4",tenferro-direct,0.003626,0.000101,ok,"thin QR (TensorLinalgExt::qr)"
cpu/linalg_batch_families,batched_qr,f64,1,"3x4x4",tenferro-trace,0.027551,0.001814,ok,"thin QR (TensorLinalgExt::qr)"
cpu/linalg_batch_families,batched_qr,f64,1,"4x4x4",tenferro-direct,0.004289,0.000130,ok,"thin QR (TensorLinalgExt::qr)"
cpu/linalg_batch_families,batched_qr,f64,1,"4x4x4",tenferro-trace,0.028113,0.001171,ok,"thin QR (TensorLinalgExt::qr)"
cpu/linalg_batch_families,batched_qr,f64,1,"8x4x4",tenferro-direct,0.006582,0.000070,ok,"thin QR (TensorLinalgExt::qr)"
cpu/linalg_batch_families,batched_qr,f64,1,"8x4x4",tenferro-trace,0.033964,0.006272,ok,"thin QR (TensorLinalgExt::qr)"
cpu/linalg_batch_families,batched_qr,f64,1,"1024x4x4",tenferro-direct,0.603957,0.004078,ok,"thin QR (TensorLinalgExt::qr)"
cpu/linalg_batch_families,batched_qr,f64,1,"1024x4x4",tenferro-trace,0.651327,0.011141,ok,"thin QR (TensorLinalgExt::qr)"
cpu/linalg_batch_families,batched_qr,f64,1,"1x8x8",tenferro-direct,0.006763,0.000279,ok,"thin QR (TensorLinalgExt::qr)"
cpu/linalg_batch_families,batched_qr,f64,1,"1x8x8",tenferro-trace,0.029596,0.001914,ok,"thin QR (TensorLinalgExt::qr)"
cpu/linalg_batch_families,batched_qr,f64,1,"3x8x8",tenferro-direct,0.011953,0.000201,ok,"thin QR (TensorLinalgExt::qr)"
cpu/linalg_batch_families,batched_qr,f64,1,"3x8x8",tenferro-trace,0.031420,0.000581,ok,"thin QR (TensorLinalgExt::qr)"
cpu/linalg_batch_families,batched_qr,f64,1,"4x8x8",tenferro-direct,0.014777,0.000280,ok,"thin QR (TensorLinalgExt::qr)"
cpu/linalg_batch_families,batched_qr,f64,1,"4x8x8",tenferro-trace,0.032271,0.001554,ok,"thin QR (TensorLinalgExt::qr)"
cpu/linalg_batch_families,batched_qr,f64,1,"8x8x8",tenferro-direct,0.025398,0.000261,ok,"thin QR (TensorLinalgExt::qr)"
cpu/linalg_batch_families,batched_qr,f64,1,"8x8x8",tenferro-trace,0.037231,0.001523,ok,"thin QR (TensorLinalgExt::qr)"
cpu/linalg_batch_families,batched_qr,f64,1,"1024x8x8",tenferro-direct,1.394245,0.009578,ok,"thin QR (TensorLinalgExt::qr)"
cpu/linalg_batch_families,batched_qr,f64,1,"1024x8x8",tenferro-trace,1.445622,0.033594,ok,"thin QR (TensorLinalgExt::qr)"
cpu/linalg_batch_families,batched_qr,f64,1,"1x32x32",tenferro-direct,0.035858,0.000371,ok,"thin QR (TensorLinalgExt::qr)"
cpu/linalg_batch_families,batched_qr,f64,1,"1x32x32",tenferro-trace,0.043462,0.001062,ok,"thin QR (TensorLinalgExt::qr)"
cpu/linalg_batch_families,batched_qr,f64,1,"8x32x32",tenferro-direct,0.130005,0.001051,ok,"thin QR (TensorLinalgExt::qr)"
cpu/linalg_batch_families,batched_qr,f64,1,"8x32x32",tenferro-trace,0.147307,0.002926,ok,"thin QR (TensorLinalgExt::qr)"
cpu/linalg_batch_families,batched_qr,f64,1,"1x128x128",tenferro-direct,0.524337,0.006151,ok,"thin QR (TensorLinalgExt::qr)"
cpu/linalg_batch_families,batched_qr,f64,1,"1x128x128",tenferro-trace,0.579260,0.009398,ok,"thin QR (TensorLinalgExt::qr)"
cpu/linalg_batch_families,batched_qr,f64,1,"8x128x128",tenferro-direct,4.155985,0.015359,ok,"thin QR (TensorLinalgExt::qr)"
cpu/linalg_batch_families,batched_qr,f64,1,"8x128x128",tenferro-trace,4.267895,0.043573,ok,"thin QR (TensorLinalgExt::qr)"
cpu/linalg_batch_families,batched_qr,f64,1,"1x64x24",tenferro-direct,0.042100,0.009137,ok,"thin QR (TensorLinalgExt::qr)"
cpu/linalg_batch_families,batched_qr,f64,1,"1x64x24",tenferro-trace,0.053340,0.018085,ok,"thin QR (TensorLinalgExt::qr)"
cpu/linalg_batch_families,batched_eigh,f64,1,"1x2x2",tenferro-direct,0.002445,0.000420,ok,"symmetric/Hermitian eigendecomposition (TensorLinalgExt::eigh)"
cpu/linalg_batch_families,batched_eigh,f64,1,"1x2x2",tenferro-trace,0.027321,0.002766,ok,"symmetric/Hermitian eigendecomposition (TensorLinalgExt::eigh)"
cpu/linalg_batch_families,batched_eigh,f64,1,"3x2x2",tenferro-direct,0.003597,0.000050,ok,"symmetric/Hermitian eigendecomposition (TensorLinalgExt::eigh)"
cpu/linalg_batch_families,batched_eigh,f64,1,"3x2x2",tenferro-trace,0.038863,0.001242,ok,"symmetric/Hermitian eigendecomposition (TensorLinalgExt::eigh)"
cpu/linalg_batch_families,batched_eigh,f64,1,"4x2x2",tenferro-direct,0.004197,0.000090,ok,"symmetric/Hermitian eigendecomposition (TensorLinalgExt::eigh)"
cpu/linalg_batch_families,batched_eigh,f64,1,"4x2x2",tenferro-trace,0.030357,0.006261,ok,"symmetric/Hermitian eigendecomposition (TensorLinalgExt::eigh)"
cpu/linalg_batch_families,batched_eigh,f64,1,"8x2x2",tenferro-direct,0.006652,0.000071,ok,"symmetric/Hermitian eigendecomposition (TensorLinalgExt::eigh)"
cpu/linalg_batch_families,batched_eigh,f64,1,"8x2x2",tenferro-trace,0.031499,0.001363,ok,"symmetric/Hermitian eigendecomposition (TensorLinalgExt::eigh)"
cpu/linalg_batch_families,batched_eigh,f64,1,"1024x2x2",tenferro-direct,0.624866,0.009509,ok,"symmetric/Hermitian eigendecomposition (TensorLinalgExt::eigh)"
cpu/linalg_batch_families,batched_eigh,f64,1,"1024x2x2",tenferro-trace,0.668428,0.009296,ok,"symmetric/Hermitian eigendecomposition (TensorLinalgExt::eigh)"
cpu/linalg_batch_families,batched_eigh,f64,1,"1x4x4",tenferro-direct,0.007684,0.000291,ok,"symmetric/Hermitian eigendecomposition (TensorLinalgExt::eigh)"
cpu/linalg_batch_families,batched_eigh,f64,1,"1x4x4",tenferro-trace,0.030227,0.001523,ok,"symmetric/Hermitian eigendecomposition (TensorLinalgExt::eigh)"
cpu/linalg_batch_families,batched_eigh,f64,1,"3x4x4",tenferro-direct,0.008055,0.000060,ok,"symmetric/Hermitian eigendecomposition (TensorLinalgExt::eigh)"
cpu/linalg_batch_families,batched_eigh,f64,1,"3x4x4",tenferro-trace,0.035166,0.004539,ok,"symmetric/Hermitian eigendecomposition (TensorLinalgExt::eigh)"
cpu/linalg_batch_families,batched_eigh,f64,1,"4x4x4",tenferro-direct,0.010389,0.000051,ok,"symmetric/Hermitian eigendecomposition (TensorLinalgExt::eigh)"
cpu/linalg_batch_families,batched_eigh,f64,1,"4x4x4",tenferro-trace,0.037381,0.000872,ok,"symmetric/Hermitian eigendecomposition (TensorLinalgExt::eigh)"
cpu/linalg_batch_families,batched_eigh,f64,1,"8x4x4",tenferro-direct,0.018656,0.000101,ok,"symmetric/Hermitian eigendecomposition (TensorLinalgExt::eigh)"
cpu/linalg_batch_families,batched_eigh,f64,1,"8x4x4",tenferro-trace,0.044293,0.000982,ok,"symmetric/Hermitian eigendecomposition (TensorLinalgExt::eigh)"
cpu/linalg_batch_families,batched_eigh,f64,1,"1024x4x4",tenferro-direct,2.245488,0.010680,ok,"symmetric/Hermitian eigendecomposition (TensorLinalgExt::eigh)"
cpu/linalg_batch_families,batched_eigh,f64,1,"1024x4x4",tenferro-trace,2.296313,0.011181,ok,"symmetric/Hermitian eigendecomposition (TensorLinalgExt::eigh)"
cpu/linalg_batch_families,batched_eigh,f64,1,"1x8x8",tenferro-direct,0.014217,0.000310,ok,"symmetric/Hermitian eigendecomposition (TensorLinalgExt::eigh)"
cpu/linalg_batch_families,batched_eigh,f64,1,"1x8x8",tenferro-trace,0.033393,0.001593,ok,"symmetric/Hermitian eigendecomposition (TensorLinalgExt::eigh)"
cpu/linalg_batch_families,batched_eigh,f64,1,"3x8x8",tenferro-direct,0.038894,0.000181,ok,"symmetric/Hermitian eigendecomposition (TensorLinalgExt::eigh)"
cpu/linalg_batch_families,batched_eigh,f64,1,"3x8x8",tenferro-trace,0.045395,0.001102,ok,"symmetric/Hermitian eigendecomposition (TensorLinalgExt::eigh)"
cpu/linalg_batch_families,batched_eigh,f64,1,"4x8x8",tenferro-direct,0.050896,0.000100,ok,"symmetric/Hermitian eigendecomposition (TensorLinalgExt::eigh)"
cpu/linalg_batch_families,batched_eigh,f64,1,"4x8x8",tenferro-trace,0.051327,0.000461,ok,"symmetric/Hermitian eigendecomposition (TensorLinalgExt::eigh)"
cpu/linalg_batch_families,batched_eigh,f64,1,"8x8x8",tenferro-direct,0.049293,0.000130,ok,"symmetric/Hermitian eigendecomposition (TensorLinalgExt::eigh)"
cpu/linalg_batch_families,batched_eigh,f64,1,"8x8x8",tenferro-trace,0.080611,0.006532,ok,"symmetric/Hermitian eigendecomposition (TensorLinalgExt::eigh)"
cpu/linalg_batch_families,batched_eigh,f64,1,"1024x8x8",tenferro-direct,6.229269,0.018564,ok,"symmetric/Hermitian eigendecomposition (TensorLinalgExt::eigh)"
cpu/linalg_batch_families,batched_eigh,f64,1,"1024x8x8",tenferro-trace,6.329046,0.045916,ok,"symmetric/Hermitian eigendecomposition (TensorLinalgExt::eigh)"
cpu/linalg_batch_families,batched_eigh,f64,1,"1x32x32",tenferro-direct,0.073107,0.029646,ok,"symmetric/Hermitian eigendecomposition (TensorLinalgExt::eigh)"
cpu/linalg_batch_families,batched_eigh,f64,1,"1x32x32",tenferro-trace,0.100940,0.006383,ok,"symmetric/Hermitian eigendecomposition (TensorLinalgExt::eigh)"
cpu/linalg_batch_families,batched_eigh,f64,1,"8x32x32",tenferro-direct,0.571175,0.004248,ok,"symmetric/Hermitian eigendecomposition (TensorLinalgExt::eigh)"
cpu/linalg_batch_families,batched_eigh,f64,1,"8x32x32",tenferro-trace,0.612363,0.048832,ok,"symmetric/Hermitian eigendecomposition (TensorLinalgExt::eigh)"
cpu/linalg_batch_families,batched_eigh,f64,1,"1x128x128",tenferro-direct,1.458005,0.046357,ok,"symmetric/Hermitian eigendecomposition (TensorLinalgExt::eigh)"
cpu/linalg_batch_families,batched_eigh,f64,1,"1x128x128",tenferro-trace,1.540852,0.046037,ok,"symmetric/Hermitian eigendecomposition (TensorLinalgExt::eigh)"
cpu/linalg_batch_families,batched_eigh,f64,1,"8x128x128",tenferro-direct,11.333259,0.096502,ok,"symmetric/Hermitian eigendecomposition (TensorLinalgExt::eigh)"
cpu/linalg_batch_families,batched_eigh,f64,1,"8x128x128",tenferro-trace,11.366762,0.125455,ok,"symmetric/Hermitian eigendecomposition (TensorLinalgExt::eigh)"
cpu/linalg_batch_families,batched_eigh,c64,1,"1x2x2",tenferro-direct,0.004799,0.000200,ok,"symmetric/Hermitian eigendecomposition (TensorLinalgExt::eigh)"
cpu/linalg_batch_families,batched_eigh,c64,1,"1x2x2",tenferro-trace,0.023805,0.005129,ok,"symmetric/Hermitian eigendecomposition (TensorLinalgExt::eigh)"
cpu/linalg_batch_families,batched_eigh,c64,1,"3x2x2",tenferro-direct,0.003437,0.000080,ok,"symmetric/Hermitian eigendecomposition (TensorLinalgExt::eigh)"
cpu/linalg_batch_families,batched_eigh,c64,1,"3x2x2",tenferro-trace,0.039274,0.000741,ok,"symmetric/Hermitian eigendecomposition (TensorLinalgExt::eigh)"
cpu/linalg_batch_families,batched_eigh,c64,1,"4x2x2",tenferro-direct,0.003948,0.000080,ok,"symmetric/Hermitian eigendecomposition (TensorLinalgExt::eigh)"
cpu/linalg_batch_families,batched_eigh,c64,1,"4x2x2",tenferro-trace,0.030317,0.000822,ok,"symmetric/Hermitian eigendecomposition (TensorLinalgExt::eigh)"
cpu/linalg_batch_families,batched_eigh,c64,1,"8x2x2",tenferro-direct,0.006061,0.000080,ok,"symmetric/Hermitian eigendecomposition (TensorLinalgExt::eigh)"
cpu/linalg_batch_families,batched_eigh,c64,1,"8x2x2",tenferro-trace,0.031650,0.001112,ok,"symmetric/Hermitian eigendecomposition (TensorLinalgExt::eigh)"
cpu/linalg_batch_families,batched_eigh,c64,1,"1024x2x2",tenferro-direct,0.530088,0.004017,ok,"symmetric/Hermitian eigendecomposition (TensorLinalgExt::eigh)"
cpu/linalg_batch_families,batched_eigh,c64,1,"1024x2x2",tenferro-trace,0.558551,0.004729,ok,"symmetric/Hermitian eigendecomposition (TensorLinalgExt::eigh)"
cpu/linalg_batch_families,batched_eigh,c64,1,"1x4x4",tenferro-direct,0.007815,0.000360,ok,"symmetric/Hermitian eigendecomposition (TensorLinalgExt::eigh)"
cpu/linalg_batch_families,batched_eigh,c64,1,"1x4x4",tenferro-trace,0.029466,0.001021,ok,"symmetric/Hermitian eigendecomposition (TensorLinalgExt::eigh)"
cpu/linalg_batch_families,batched_eigh,c64,1,"3x4x4",tenferro-direct,0.016180,0.000291,ok,"symmetric/Hermitian eigendecomposition (TensorLinalgExt::eigh)"
cpu/linalg_batch_families,batched_eigh,c64,1,"3x4x4",tenferro-trace,0.033563,0.000680,ok,"symmetric/Hermitian eigendecomposition (TensorLinalgExt::eigh)"
cpu/linalg_batch_families,batched_eigh,c64,1,"4x4x4",tenferro-direct,0.020749,0.000230,ok,"symmetric/Hermitian eigendecomposition (TensorLinalgExt::eigh)"
cpu/linalg_batch_families,batched_eigh,c64,1,"4x4x4",tenferro-trace,0.034706,0.001613,ok,"symmetric/Hermitian eigendecomposition (TensorLinalgExt::eigh)"
cpu/linalg_batch_families,batched_eigh,c64,1,"8x4x4",tenferro-direct,0.037911,0.000179,ok,"symmetric/Hermitian eigendecomposition (TensorLinalgExt::eigh)"
cpu/linalg_batch_families,batched_eigh,c64,1,"8x4x4",tenferro-trace,0.044384,0.001362,ok,"symmetric/Hermitian eigendecomposition (TensorLinalgExt::eigh)"
cpu/linalg_batch_families,batched_eigh,c64,1,"1024x4x4",tenferro-direct,2.236451,0.007625,ok,"symmetric/Hermitian eigendecomposition (TensorLinalgExt::eigh)"
cpu/linalg_batch_families,batched_eigh,c64,1,"1024x4x4",tenferro-trace,2.311472,0.022433,ok,"symmetric/Hermitian eigendecomposition (TensorLinalgExt::eigh)"
cpu/linalg_batch_families,batched_eigh,c64,1,"1x8x8",tenferro-direct,0.016631,0.000201,ok,"symmetric/Hermitian eigendecomposition (TensorLinalgExt::eigh)"
cpu/linalg_batch_families,batched_eigh,c64,1,"1x8x8",tenferro-trace,0.048501,0.016491,ok,"symmetric/Hermitian eigendecomposition (TensorLinalgExt::eigh)"
cpu/linalg_batch_families,batched_eigh,c64,1,"3x8x8",tenferro-direct,0.043902,0.021951,ok,"symmetric/Hermitian eigendecomposition (TensorLinalgExt::eigh)"
cpu/linalg_batch_families,batched_eigh,c64,1,"3x8x8",tenferro-trace,0.048902,0.007414,ok,"symmetric/Hermitian eigendecomposition (TensorLinalgExt::eigh)"
cpu/linalg_batch_families,batched_eigh,c64,1,"4x8x8",tenferro-direct,0.058029,0.000271,ok,"symmetric/Hermitian eigendecomposition (TensorLinalgExt::eigh)"
cpu/linalg_batch_families,batched_eigh,c64,1,"4x8x8",tenferro-trace,0.054573,0.000821,ok,"symmetric/Hermitian eigendecomposition (TensorLinalgExt::eigh)"
cpu/linalg_batch_families,batched_eigh,c64,1,"8x8x8",tenferro-direct,0.056677,0.056376,ok,"symmetric/Hermitian eigendecomposition (TensorLinalgExt::eigh)"
cpu/linalg_batch_families,batched_eigh,c64,1,"8x8x8",tenferro-trace,0.085150,0.018164,ok,"symmetric/Hermitian eigendecomposition (TensorLinalgExt::eigh)"
cpu/linalg_batch_families,batched_eigh,c64,1,"1024x8x8",tenferro-direct,7.114907,0.015639,ok,"symmetric/Hermitian eigendecomposition (TensorLinalgExt::eigh)"
cpu/linalg_batch_families,batched_eigh,c64,1,"1024x8x8",tenferro-trace,7.147798,0.028183,ok,"symmetric/Hermitian eigendecomposition (TensorLinalgExt::eigh)"
cpu/linalg_batch_families,batched_eigh,c64,1,"1x32x32",tenferro-direct,0.118403,0.001112,ok,"symmetric/Hermitian eigendecomposition (TensorLinalgExt::eigh)"
cpu/linalg_batch_families,batched_eigh,c64,1,"1x32x32",tenferro-trace,0.160923,0.015429,ok,"symmetric/Hermitian eigendecomposition (TensorLinalgExt::eigh)"
cpu/linalg_batch_families,batched_eigh,c64,1,"8x32x32",tenferro-direct,0.932396,0.003988,ok,"symmetric/Hermitian eigendecomposition (TensorLinalgExt::eigh)"
cpu/linalg_batch_families,batched_eigh,c64,1,"8x32x32",tenferro-trace,0.976829,0.016591,ok,"symmetric/Hermitian eigendecomposition (TensorLinalgExt::eigh)"
cpu/linalg_batch_families,batched_eigh,c64,1,"1x128x128",tenferro-direct,3.857894,0.010179,ok,"symmetric/Hermitian eigendecomposition (TensorLinalgExt::eigh)"
cpu/linalg_batch_families,batched_eigh,c64,1,"1x128x128",tenferro-trace,3.944567,0.007895,ok,"symmetric/Hermitian eigendecomposition (TensorLinalgExt::eigh)"
cpu/linalg_batch_families,batched_eigh,c64,1,"8x128x128",tenferro-direct,30.817895,0.068609,ok,"symmetric/Hermitian eigendecomposition (TensorLinalgExt::eigh)"
cpu/linalg_batch_families,batched_eigh,c64,1,"8x128x128",tenferro-trace,30.894329,0.180951,ok,"symmetric/Hermitian eigendecomposition (TensorLinalgExt::eigh)"
cpu/linalg_batch_families,batched_eigvalsh,f64,1,"1x2x2",tenferro-direct,0.003536,0.001944,ok,"symmetric eigenvalues only (TensorLinalgExt::eigvalsh)"
cpu/linalg_batch_families,batched_eigvalsh,f64,1,"1x2x2",tenferro-trace,0.036248,0.001312,ok,"symmetric eigenvalues only (TensorLinalgExt::eigvalsh)"
cpu/linalg_batch_families,batched_eigvalsh,f64,1,"3x2x2",tenferro-direct,0.004418,0.000181,ok,"symmetric eigenvalues only (TensorLinalgExt::eigvalsh)"
cpu/linalg_batch_families,batched_eigvalsh,f64,1,"3x2x2",tenferro-trace,0.019146,0.002224,ok,"symmetric eigenvalues only (TensorLinalgExt::eigvalsh)"
cpu/linalg_batch_families,batched_eigvalsh,f64,1,"4x2x2",tenferro-direct,0.004748,0.000200,ok,"symmetric eigenvalues only (TensorLinalgExt::eigvalsh)"
cpu/linalg_batch_families,batched_eigvalsh,f64,1,"4x2x2",tenferro-trace,0.019537,0.000752,ok,"symmetric eigenvalues only (TensorLinalgExt::eigvalsh)"
cpu/linalg_batch_families,batched_eigvalsh,f64,1,"8x2x2",tenferro-direct,0.006462,0.000100,ok,"symmetric eigenvalues only (TensorLinalgExt::eigvalsh)"
cpu/linalg_batch_families,batched_eigvalsh,f64,1,"8x2x2",tenferro-trace,0.020108,0.001112,ok,"symmetric eigenvalues only (TensorLinalgExt::eigvalsh)"
cpu/linalg_batch_families,batched_eigvalsh,f64,1,"1024x2x2",tenferro-direct,0.230935,0.002415,ok,"symmetric eigenvalues only (TensorLinalgExt::eigvalsh)"
cpu/linalg_batch_families,batched_eigvalsh,f64,1,"1024x2x2",tenferro-trace,0.260631,0.006892,ok,"symmetric eigenvalues only (TensorLinalgExt::eigvalsh)"
cpu/linalg_batch_families,batched_eigvalsh,f64,1,"1x4x4",tenferro-direct,0.005149,0.000370,ok,"symmetric eigenvalues only (TensorLinalgExt::eigvalsh)"
cpu/linalg_batch_families,batched_eigvalsh,f64,1,"1x4x4",tenferro-trace,0.026310,0.002875,ok,"symmetric eigenvalues only (TensorLinalgExt::eigvalsh)"
cpu/linalg_batch_families,batched_eigvalsh,f64,1,"3x4x4",tenferro-direct,0.004679,0.000050,ok,"symmetric eigenvalues only (TensorLinalgExt::eigvalsh)"
cpu/linalg_batch_families,batched_eigvalsh,f64,1,"3x4x4",tenferro-trace,0.022743,0.000893,ok,"symmetric eigenvalues only (TensorLinalgExt::eigvalsh)"
cpu/linalg_batch_families,batched_eigvalsh,f64,1,"4x4x4",tenferro-direct,0.011882,0.000101,ok,"symmetric eigenvalues only (TensorLinalgExt::eigvalsh)"
cpu/linalg_batch_families,batched_eigvalsh,f64,1,"4x4x4",tenferro-trace,0.024256,0.000662,ok,"symmetric eigenvalues only (TensorLinalgExt::eigvalsh)"
cpu/linalg_batch_families,batched_eigvalsh,f64,1,"8x4x4",tenferro-direct,0.019818,0.000111,ok,"symmetric eigenvalues only (TensorLinalgExt::eigvalsh)"
cpu/linalg_batch_families,batched_eigvalsh,f64,1,"8x4x4",tenferro-trace,0.028754,0.000481,ok,"symmetric eigenvalues only (TensorLinalgExt::eigvalsh)"
cpu/linalg_batch_families,batched_eigvalsh,f64,1,"1024x4x4",tenferro-direct,1.147440,0.007032,ok,"symmetric eigenvalues only (TensorLinalgExt::eigvalsh)"
cpu/linalg_batch_families,batched_eigvalsh,f64,1,"1024x4x4",tenferro-trace,1.184991,0.018975,ok,"symmetric eigenvalues only (TensorLinalgExt::eigvalsh)"
cpu/linalg_batch_families,batched_eigvalsh,f64,1,"1x8x8",tenferro-direct,0.009077,0.000260,ok,"symmetric eigenvalues only (TensorLinalgExt::eigvalsh)"
cpu/linalg_batch_families,batched_eigvalsh,f64,1,"1x8x8",tenferro-trace,0.021831,0.001061,ok,"symmetric eigenvalues only (TensorLinalgExt::eigvalsh)"
cpu/linalg_batch_families,batched_eigvalsh,f64,1,"3x8x8",tenferro-direct,0.023123,0.000191,ok,"symmetric eigenvalues only (TensorLinalgExt::eigvalsh)"
cpu/linalg_batch_families,batched_eigvalsh,f64,1,"3x8x8",tenferro-trace,0.030136,0.000641,ok,"symmetric eigenvalues only (TensorLinalgExt::eigvalsh)"
cpu/linalg_batch_families,batched_eigvalsh,f64,1,"4x8x8",tenferro-direct,0.029897,0.000191,ok,"symmetric eigenvalues only (TensorLinalgExt::eigvalsh)"
cpu/linalg_batch_families,batched_eigvalsh,f64,1,"4x8x8",tenferro-trace,0.033613,0.000922,ok,"symmetric eigenvalues only (TensorLinalgExt::eigvalsh)"
cpu/linalg_batch_families,batched_eigvalsh,f64,1,"8x8x8",tenferro-direct,0.028484,0.000140,ok,"symmetric eigenvalues only (TensorLinalgExt::eigvalsh)"
cpu/linalg_batch_families,batched_eigvalsh,f64,1,"8x8x8",tenferro-trace,0.050846,0.004138,ok,"symmetric eigenvalues only (TensorLinalgExt::eigvalsh)"
cpu/linalg_batch_families,batched_eigvalsh,f64,1,"1024x8x8",tenferro-direct,3.534284,0.007535,ok,"symmetric eigenvalues only (TensorLinalgExt::eigvalsh)"
cpu/linalg_batch_families,batched_eigvalsh,f64,1,"1024x8x8",tenferro-trace,3.619444,0.052929,ok,"symmetric eigenvalues only (TensorLinalgExt::eigvalsh)"
cpu/linalg_batch_families,batched_eigvalsh,f64,1,"1x32x32",tenferro-direct,0.035747,0.013736,ok,"symmetric eigenvalues only (TensorLinalgExt::eigvalsh)"
cpu/linalg_batch_families,batched_eigvalsh,f64,1,"1x32x32",tenferro-trace,0.055114,0.001933,ok,"symmetric eigenvalues only (TensorLinalgExt::eigvalsh)"
cpu/linalg_batch_families,batched_eigvalsh,f64,1,"8x32x32",tenferro-direct,0.267964,0.002775,ok,"symmetric eigenvalues only (TensorLinalgExt::eigvalsh)"
cpu/linalg_batch_families,batched_eigvalsh,f64,1,"8x32x32",tenferro-trace,0.302610,0.010952,ok,"symmetric eigenvalues only (TensorLinalgExt::eigvalsh)"
cpu/linalg_batch_families,batched_eigvalsh,f64,1,"1x128x128",tenferro-direct,0.609718,0.003918,ok,"symmetric eigenvalues only (TensorLinalgExt::eigvalsh)"
cpu/linalg_batch_families,batched_eigvalsh,f64,1,"1x128x128",tenferro-trace,0.632851,0.013215,ok,"symmetric eigenvalues only (TensorLinalgExt::eigvalsh)"
cpu/linalg_batch_families,batched_eigvalsh,f64,1,"8x128x128",tenferro-direct,4.888173,0.006462,ok,"symmetric eigenvalues only (TensorLinalgExt::eigvalsh)"
cpu/linalg_batch_families,batched_eigvalsh,f64,1,"8x128x128",tenferro-trace,5.010133,0.055746,ok,"symmetric eigenvalues only (TensorLinalgExt::eigvalsh)"
cpu/linalg_batch_families,batched_svd,f64,1,"1x2x2",tenferro-direct,0.007284,0.005240,ok,"thin SVD (TensorLinalgExt::svd)"
cpu/linalg_batch_families,batched_svd,f64,1,"1x2x2",tenferro-trace,0.048531,0.001473,ok,"thin SVD (TensorLinalgExt::svd)"
cpu/linalg_batch_families,batched_svd,f64,1,"3x2x2",tenferro-direct,0.012494,0.000211,ok,"thin SVD (TensorLinalgExt::svd)"
cpu/linalg_batch_families,batched_svd,f64,1,"3x2x2",tenferro-trace,0.038823,0.001503,ok,"thin SVD (TensorLinalgExt::svd)"
cpu/linalg_batch_families,batched_svd,f64,1,"4x2x2",tenferro-direct,0.015209,0.000120,ok,"thin SVD (TensorLinalgExt::svd)"
cpu/linalg_batch_families,batched_svd,f64,1,"4x2x2",tenferro-trace,0.041808,0.004619,ok,"thin SVD (TensorLinalgExt::svd)"
cpu/linalg_batch_families,batched_svd,f64,1,"8x2x2",tenferro-direct,0.025729,0.000311,ok,"thin SVD (TensorLinalgExt::svd)"
cpu/linalg_batch_families,batched_svd,f64,1,"8x2x2",tenferro-trace,0.046468,0.001043,ok,"thin SVD (TensorLinalgExt::svd)"
cpu/linalg_batch_families,batched_svd,f64,1,"1024x2x2",tenferro-direct,1.374728,0.008807,ok,"thin SVD (TensorLinalgExt::svd)"
cpu/linalg_batch_families,batched_svd,f64,1,"1024x2x2",tenferro-trace,1.415365,0.007545,ok,"thin SVD (TensorLinalgExt::svd)"
cpu/linalg_batch_families,batched_svd,f64,1,"1x4x4",tenferro-direct,0.014157,0.000380,ok,"thin SVD (TensorLinalgExt::svd)"
cpu/linalg_batch_families,batched_svd,f64,1,"1x4x4",tenferro-trace,0.035738,0.014637,ok,"thin SVD (TensorLinalgExt::svd)"
cpu/linalg_batch_families,batched_svd,f64,1,"3x4x4",tenferro-direct,0.034405,0.000291,ok,"thin SVD (TensorLinalgExt::svd)"
cpu/linalg_batch_families,batched_svd,f64,1,"3x4x4",tenferro-trace,0.050305,0.001653,ok,"thin SVD (TensorLinalgExt::svd)"
cpu/linalg_batch_families,batched_svd,f64,1,"4x4x4",tenferro-direct,0.044945,0.000181,ok,"thin SVD (TensorLinalgExt::svd)"
cpu/linalg_batch_families,batched_svd,f64,1,"4x4x4",tenferro-trace,0.056246,0.001803,ok,"thin SVD (TensorLinalgExt::svd)"
cpu/linalg_batch_families,batched_svd,f64,1,"8x4x4",tenferro-direct,0.084589,0.005672,ok,"thin SVD (TensorLinalgExt::svd)"
cpu/linalg_batch_families,batched_svd,f64,1,"8x4x4",tenferro-trace,0.071574,0.019687,ok,"thin SVD (TensorLinalgExt::svd)"
cpu/linalg_batch_families,batched_svd,f64,1,"1024x4x4",tenferro-direct,5.157511,0.014998,ok,"thin SVD (TensorLinalgExt::svd)"
cpu/linalg_batch_families,batched_svd,f64,1,"1024x4x4",tenferro-trace,5.244003,0.038112,ok,"thin SVD (TensorLinalgExt::svd)"
cpu/linalg_batch_families,batched_svd,f64,1,"1x8x8",tenferro-direct,0.034675,0.000170,ok,"thin SVD (TensorLinalgExt::svd)"
cpu/linalg_batch_families,batched_svd,f64,1,"1x8x8",tenferro-trace,0.052138,0.005500,ok,"thin SVD (TensorLinalgExt::svd)"
cpu/linalg_batch_families,batched_svd,f64,1,"3x8x8",tenferro-direct,0.088737,0.044974,ok,"thin SVD (TensorLinalgExt::svd)"
cpu/linalg_batch_families,batched_svd,f64,1,"3x8x8",tenferro-trace,0.082766,0.005190,ok,"thin SVD (TensorLinalgExt::svd)"
cpu/linalg_batch_families,batched_svd,f64,1,"4x8x8",tenferro-direct,0.059502,0.000170,ok,"thin SVD (TensorLinalgExt::svd)"
cpu/linalg_batch_families,batched_svd,f64,1,"4x8x8",tenferro-trace,0.098595,0.012794,ok,"thin SVD (TensorLinalgExt::svd)"
cpu/linalg_batch_families,batched_svd,f64,1,"8x8x8",tenferro-direct,0.119305,0.000290,ok,"thin SVD (TensorLinalgExt::svd)"
cpu/linalg_batch_families,batched_svd,f64,1,"8x8x8",tenferro-trace,0.169359,0.023093,ok,"thin SVD (TensorLinalgExt::svd)"
cpu/linalg_batch_families,batched_svd,f64,1,"1024x8x8",tenferro-direct,15.985077,0.092495,ok,"thin SVD (TensorLinalgExt::svd)"
cpu/linalg_batch_families,batched_svd,f64,1,"1024x8x8",tenferro-trace,16.007870,0.076754,ok,"thin SVD (TensorLinalgExt::svd)"
cpu/linalg_batch_families,batched_svd,f64,1,"1x32x32",tenferro-direct,0.138751,0.002405,ok,"thin SVD (TensorLinalgExt::svd)"
cpu/linalg_batch_families,batched_svd,f64,1,"1x32x32",tenferro-trace,0.180770,0.012624,ok,"thin SVD (TensorLinalgExt::svd)"
cpu/linalg_batch_families,batched_svd,f64,1,"8x32x32",tenferro-direct,1.097427,0.002214,ok,"thin SVD (TensorLinalgExt::svd)"
cpu/linalg_batch_families,batched_svd,f64,1,"8x32x32",tenferro-trace,1.156999,0.018774,ok,"thin SVD (TensorLinalgExt::svd)"
cpu/linalg_batch_families,batched_svd,f64,1,"1x128x128",tenferro-direct,2.528120,0.027281,ok,"thin SVD (TensorLinalgExt::svd)"
cpu/linalg_batch_families,batched_svd,f64,1,"1x128x128",tenferro-trace,2.673634,0.106420,ok,"thin SVD (TensorLinalgExt::svd)"
cpu/linalg_batch_families,batched_svd,f64,1,"8x128x128",tenferro-direct,20.103472,0.156476,ok,"thin SVD (TensorLinalgExt::svd)"
cpu/linalg_batch_families,batched_svd,f64,1,"8x128x128",tenferro-trace,20.197859,0.036179,ok,"thin SVD (TensorLinalgExt::svd)"
cpu/linalg_batch_families,batched_svd,f64,1,"1x64x24",tenferro-direct,0.111700,0.001383,ok,"thin SVD (TensorLinalgExt::svd)"
cpu/linalg_batch_families,batched_svd,f64,1,"1x64x24",tenferro-trace,0.149401,0.008677,ok,"thin SVD (TensorLinalgExt::svd)"
cpu/linalg_batch_families,batched_svd,c64,1,"1x2x2",tenferro-direct,0.004438,0.000361,ok,"thin SVD (TensorLinalgExt::svd)"
cpu/linalg_batch_families,batched_svd,c64,1,"1x2x2",tenferro-trace,0.036408,0.005410,ok,"thin SVD (TensorLinalgExt::svd)"
cpu/linalg_batch_families,batched_svd,c64,1,"3x2x2",tenferro-direct,0.007825,0.000070,ok,"thin SVD (TensorLinalgExt::svd)"
cpu/linalg_batch_families,batched_svd,c64,1,"3x2x2",tenferro-trace,0.038803,0.001673,ok,"thin SVD (TensorLinalgExt::svd)"
cpu/linalg_batch_families,batched_svd,c64,1,"4x2x2",tenferro-direct,0.009638,0.000100,ok,"thin SVD (TensorLinalgExt::svd)"
cpu/linalg_batch_families,batched_svd,c64,1,"4x2x2",tenferro-trace,0.040196,0.002034,ok,"thin SVD (TensorLinalgExt::svd)"
cpu/linalg_batch_families,batched_svd,c64,1,"8x2x2",tenferro-direct,0.016862,0.000130,ok,"thin SVD (TensorLinalgExt::svd)"
cpu/linalg_batch_families,batched_svd,c64,1,"8x2x2",tenferro-trace,0.047329,0.001423,ok,"thin SVD (TensorLinalgExt::svd)"
cpu/linalg_batch_families,batched_svd,c64,1,"1024x2x2",tenferro-direct,1.877325,0.005700,ok,"thin SVD (TensorLinalgExt::svd)"
cpu/linalg_batch_families,batched_svd,c64,1,"1024x2x2",tenferro-trace,1.891691,0.083758,ok,"thin SVD (TensorLinalgExt::svd)"
cpu/linalg_batch_families,batched_svd,c64,1,"1x4x4",tenferro-direct,0.008757,0.000071,ok,"thin SVD (TensorLinalgExt::svd)"
cpu/linalg_batch_families,batched_svd,c64,1,"1x4x4",tenferro-trace,0.040507,0.001533,ok,"thin SVD (TensorLinalgExt::svd)"
cpu/linalg_batch_families,batched_svd,c64,1,"3x4x4",tenferro-direct,0.020038,0.000081,ok,"thin SVD (TensorLinalgExt::svd)"
cpu/linalg_batch_families,batched_svd,c64,1,"3x4x4",tenferro-trace,0.040537,0.002504,ok,"thin SVD (TensorLinalgExt::svd)"
cpu/linalg_batch_families,batched_svd,c64,1,"4x4x4",tenferro-direct,0.026289,0.000131,ok,"thin SVD (TensorLinalgExt::svd)"
cpu/linalg_batch_families,batched_svd,c64,1,"4x4x4",tenferro-trace,0.064181,0.005820,ok,"thin SVD (TensorLinalgExt::svd)"
cpu/linalg_batch_families,batched_svd,c64,1,"8x4x4",tenferro-direct,0.050465,0.000342,ok,"thin SVD (TensorLinalgExt::svd)"
cpu/linalg_batch_families,batched_svd,c64,1,"8x4x4",tenferro-trace,0.088878,0.002123,ok,"thin SVD (TensorLinalgExt::svd)"
cpu/linalg_batch_families,batched_svd,c64,1,"1024x4x4",tenferro-direct,6.204663,0.030287,ok,"thin SVD (TensorLinalgExt::svd)"
cpu/linalg_batch_families,batched_svd,c64,1,"1024x4x4",tenferro-trace,6.299211,0.043983,ok,"thin SVD (TensorLinalgExt::svd)"
cpu/linalg_batch_families,batched_svd,c64,1,"1x8x8",tenferro-direct,0.041899,0.000420,ok,"thin SVD (TensorLinalgExt::svd)"
cpu/linalg_batch_families,batched_svd,c64,1,"1x8x8",tenferro-trace,0.058591,0.004959,ok,"thin SVD (TensorLinalgExt::svd)"
cpu/linalg_batch_families,batched_svd,c64,1,"3x8x8",tenferro-direct,0.057438,0.000200,ok,"thin SVD (TensorLinalgExt::svd)"
cpu/linalg_batch_families,batched_svd,c64,1,"3x8x8",tenferro-trace,0.092704,0.005039,ok,"thin SVD (TensorLinalgExt::svd)"
cpu/linalg_batch_families,batched_svd,c64,1,"4x8x8",tenferro-direct,0.076844,0.000230,ok,"thin SVD (TensorLinalgExt::svd)"
cpu/linalg_batch_families,batched_svd,c64,1,"4x8x8",tenferro-trace,0.112993,0.006622,ok,"thin SVD (TensorLinalgExt::svd)"
cpu/linalg_batch_families,batched_svd,c64,1,"8x8x8",tenferro-direct,0.149532,0.000381,ok,"thin SVD (TensorLinalgExt::svd)"
cpu/linalg_batch_families,batched_svd,c64,1,"8x8x8",tenferro-trace,0.189246,0.003978,ok,"thin SVD (TensorLinalgExt::svd)"
cpu/linalg_batch_families,batched_svd,c64,1,"1024x8x8",tenferro-direct,18.996919,0.101271,ok,"thin SVD (TensorLinalgExt::svd)"
cpu/linalg_batch_families,batched_svd,c64,1,"1024x8x8",tenferro-trace,18.980116,0.082756,ok,"thin SVD (TensorLinalgExt::svd)"
cpu/linalg_batch_families,batched_svd,c64,1,"1x32x32",tenferro-direct,0.201790,0.002696,ok,"thin SVD (TensorLinalgExt::svd)"
cpu/linalg_batch_families,batched_svd,c64,1,"1x32x32",tenferro-trace,0.258897,0.018736,ok,"thin SVD (TensorLinalgExt::svd)"
cpu/linalg_batch_families,batched_svd,c64,1,"8x32x32",tenferro-direct,1.603780,0.009509,ok,"thin SVD (TensorLinalgExt::svd)"
cpu/linalg_batch_families,batched_svd,c64,1,"8x32x32",tenferro-trace,1.688219,0.040075,ok,"thin SVD (TensorLinalgExt::svd)"
cpu/linalg_batch_families,batched_svd,c64,1,"1x128x128",tenferro-direct,5.382434,0.029715,ok,"thin SVD (TensorLinalgExt::svd)"
cpu/linalg_batch_families,batched_svd,c64,1,"1x128x128",tenferro-trace,5.454279,0.024526,ok,"thin SVD (TensorLinalgExt::svd)"
cpu/linalg_batch_families,batched_svd,c64,1,"8x128x128",tenferro-direct,42.817940,0.086714,ok,"thin SVD (TensorLinalgExt::svd)"
cpu/linalg_batch_families,batched_svd,c64,1,"8x128x128",tenferro-trace,42.996716,0.123122,ok,"thin SVD (TensorLinalgExt::svd)"
cpu/linalg_batch_families,batched_svd,c64,1,"1x64x24",tenferro-direct,0.185610,0.003607,ok,"thin SVD (TensorLinalgExt::svd)"
cpu/linalg_batch_families,batched_svd,c64,1,"1x64x24",tenferro-trace,0.229272,0.009247,ok,"thin SVD (TensorLinalgExt::svd)"
cpu/linalg_batch_families,batched_svdvals,f64,1,"1x2x2",tenferro-direct,0.002414,0.000501,ok,"singular values only (TensorLinalgExt::svdvals)"
cpu/linalg_batch_families,batched_svdvals,f64,1,"1x2x2",tenferro-trace,,,unsupported,"tenferro-rs has no TracedTensor svdvals API; traced singular values come from svd"
cpu/linalg_batch_families,batched_svdvals,f64,1,"3x2x2",tenferro-direct,0.002986,0.000250,ok,"singular values only (TensorLinalgExt::svdvals)"
cpu/linalg_batch_families,batched_svdvals,f64,1,"3x2x2",tenferro-trace,,,unsupported,"tenferro-rs has no TracedTensor svdvals API; traced singular values come from svd"
cpu/linalg_batch_families,batched_svdvals,f64,1,"4x2x2",tenferro-direct,0.003326,0.000099,ok,"singular values only (TensorLinalgExt::svdvals)"
cpu/linalg_batch_families,batched_svdvals,f64,1,"4x2x2",tenferro-trace,,,unsupported,"tenferro-rs has no TracedTensor svdvals API; traced singular values come from svd"
cpu/linalg_batch_families,batched_svdvals,f64,1,"8x2x2",tenferro-direct,0.004588,0.000151,ok,"singular values only (TensorLinalgExt::svdvals)"
cpu/linalg_batch_families,batched_svdvals,f64,1,"8x2x2",tenferro-trace,,,unsupported,"tenferro-rs has no TracedTensor svdvals API; traced singular values come from svd"
cpu/linalg_batch_families,batched_svdvals,f64,1,"1024x2x2",tenferro-direct,0.359818,0.009628,ok,"singular values only (TensorLinalgExt::svdvals)"
cpu/linalg_batch_families,batched_svdvals,f64,1,"1024x2x2",tenferro-trace,,,unsupported,"tenferro-rs has no TracedTensor svdvals API; traced singular values come from svd"
cpu/linalg_batch_families,batched_svdvals,f64,1,"1x4x4",tenferro-direct,0.003657,0.000161,ok,"singular values only (TensorLinalgExt::svdvals)"
cpu/linalg_batch_families,batched_svdvals,f64,1,"1x4x4",tenferro-trace,,,unsupported,"tenferro-rs has no TracedTensor svdvals API; traced singular values come from svd"
cpu/linalg_batch_families,batched_svdvals,f64,1,"3x4x4",tenferro-direct,0.007805,0.000170,ok,"singular values only (TensorLinalgExt::svdvals)"
cpu/linalg_batch_families,batched_svdvals,f64,1,"3x4x4",tenferro-trace,,,unsupported,"tenferro-rs has no TracedTensor svdvals API; traced singular values come from svd"
cpu/linalg_batch_families,batched_svdvals,f64,1,"4x4x4",tenferro-direct,0.009768,0.000180,ok,"singular values only (TensorLinalgExt::svdvals)"
cpu/linalg_batch_families,batched_svdvals,f64,1,"4x4x4",tenferro-trace,,,unsupported,"tenferro-rs has no TracedTensor svdvals API; traced singular values come from svd"
cpu/linalg_batch_families,batched_svdvals,f64,1,"8x4x4",tenferro-direct,0.018184,0.000140,ok,"singular values only (TensorLinalgExt::svdvals)"
cpu/linalg_batch_families,batched_svdvals,f64,1,"8x4x4",tenferro-trace,,,unsupported,"tenferro-rs has no TracedTensor svdvals API; traced singular values come from svd"
cpu/linalg_batch_families,batched_svdvals,f64,1,"1024x4x4",tenferro-direct,2.187208,0.012303,ok,"singular values only (TensorLinalgExt::svdvals)"
cpu/linalg_batch_families,batched_svdvals,f64,1,"1024x4x4",tenferro-trace,,,unsupported,"tenferro-rs has no TracedTensor svdvals API; traced singular values come from svd"
cpu/linalg_batch_families,batched_svdvals,f64,1,"1x8x8",tenferro-direct,0.006613,0.000229,ok,"singular values only (TensorLinalgExt::svdvals)"
cpu/linalg_batch_families,batched_svdvals,f64,1,"1x8x8",tenferro-trace,,,unsupported,"tenferro-rs has no TracedTensor svdvals API; traced singular values come from svd"
cpu/linalg_batch_families,batched_svdvals,f64,1,"3x8x8",tenferro-direct,0.016862,0.000201,ok,"singular values only (TensorLinalgExt::svdvals)"
cpu/linalg_batch_families,batched_svdvals,f64,1,"3x8x8",tenferro-trace,,,unsupported,"tenferro-rs has no TracedTensor svdvals API; traced singular values come from svd"
cpu/linalg_batch_families,batched_svdvals,f64,1,"4x8x8",tenferro-direct,0.022553,0.000171,ok,"singular values only (TensorLinalgExt::svdvals)"
cpu/linalg_batch_families,batched_svdvals,f64,1,"4x8x8",tenferro-trace,,,unsupported,"tenferro-rs has no TracedTensor svdvals API; traced singular values come from svd"
cpu/linalg_batch_families,batched_svdvals,f64,1,"8x8x8",tenferro-direct,0.043282,0.000521,ok,"singular values only (TensorLinalgExt::svdvals)"
cpu/linalg_batch_families,batched_svdvals,f64,1,"8x8x8",tenferro-trace,,,unsupported,"tenferro-rs has no TracedTensor svdvals API; traced singular values come from svd"
cpu/linalg_batch_families,batched_svdvals,f64,1,"1024x8x8",tenferro-direct,5.495167,0.022542,ok,"singular values only (TensorLinalgExt::svdvals)"
cpu/linalg_batch_families,batched_svdvals,f64,1,"1024x8x8",tenferro-trace,,,unsupported,"tenferro-rs has no TracedTensor svdvals API; traced singular values come from svd"
cpu/linalg_batch_families,batched_svdvals,f64,1,"1x32x32",tenferro-direct,0.051377,0.000461,ok,"singular values only (TensorLinalgExt::svdvals)"
cpu/linalg_batch_families,batched_svdvals,f64,1,"1x32x32",tenferro-trace,,,unsupported,"tenferro-rs has no TracedTensor svdvals API; traced singular values come from svd"
cpu/linalg_batch_families,batched_svdvals,f64,1,"8x32x32",tenferro-direct,0.402798,0.003166,ok,"singular values only (TensorLinalgExt::svdvals)"
cpu/linalg_batch_families,batched_svdvals,f64,1,"8x32x32",tenferro-trace,,,unsupported,"tenferro-rs has no TracedTensor svdvals API; traced singular values come from svd"
cpu/linalg_batch_families,batched_svdvals,f64,1,"1x128x128",tenferro-direct,1.029028,0.016421,ok,"singular values only (TensorLinalgExt::svdvals)"
cpu/linalg_batch_families,batched_svdvals,f64,1,"1x128x128",tenferro-trace,,,unsupported,"tenferro-rs has no TracedTensor svdvals API; traced singular values come from svd"
cpu/linalg_batch_families,batched_svdvals,f64,1,"8x128x128",tenferro-direct,8.182236,0.013114,ok,"singular values only (TensorLinalgExt::svdvals)"
cpu/linalg_batch_families,batched_svdvals,f64,1,"8x128x128",tenferro-trace,,,unsupported,"tenferro-rs has no TracedTensor svdvals API; traced singular values come from svd"
cpu/linalg_batch_families,batched_svdvals,f64,1,"1x64x24",tenferro-direct,0.042350,0.000470,ok,"singular values only (TensorLinalgExt::svdvals)"
cpu/linalg_batch_families,batched_svdvals,f64,1,"1x64x24",tenferro-trace,,,unsupported,"tenferro-rs has no TracedTensor svdvals API; traced singular values come from svd"
cpu/linalg_batch_families,batched_lu,f64,1,"1x2x2",tenferro-direct,0.002455,0.000090,ok,"partial-pivot LU, P L U and pivots (TensorLinalgExt::lu)"
cpu/linalg_batch_families,batched_lu,f64,1,"1x2x2",tenferro-trace,0.053621,0.014296,ok,"partial-pivot LU, P L U and pivots (TensorLinalgExt::lu)"
cpu/linalg_batch_families,batched_lu,f64,1,"3x2x2",tenferro-direct,0.002696,0.000390,ok,"partial-pivot LU, P L U and pivots (TensorLinalgExt::lu)"
cpu/linalg_batch_families,batched_lu,f64,1,"3x2x2",tenferro-trace,0.041318,0.000601,ok,"partial-pivot LU, P L U and pivots (TensorLinalgExt::lu)"
cpu/linalg_batch_families,batched_lu,f64,1,"4x2x2",tenferro-direct,0.002655,0.000070,ok,"partial-pivot LU, P L U and pivots (TensorLinalgExt::lu)"
cpu/linalg_batch_families,batched_lu,f64,1,"4x2x2",tenferro-trace,0.041368,0.000772,ok,"partial-pivot LU, P L U and pivots (TensorLinalgExt::lu)"
cpu/linalg_batch_families,batched_lu,f64,1,"8x2x2",tenferro-direct,0.002905,0.000069,ok,"partial-pivot LU, P L U and pivots (TensorLinalgExt::lu)"
cpu/linalg_batch_families,batched_lu,f64,1,"8x2x2",tenferro-trace,0.041969,0.001382,ok,"partial-pivot LU, P L U and pivots (TensorLinalgExt::lu)"
cpu/linalg_batch_families,batched_lu,f64,1,"1024x2x2",tenferro-direct,0.076244,0.000501,ok,"partial-pivot LU, P L U and pivots (TensorLinalgExt::lu)"
cpu/linalg_batch_families,batched_lu,f64,1,"1024x2x2",tenferro-trace,0.124335,0.006982,ok,"partial-pivot LU, P L U and pivots (TensorLinalgExt::lu)"
cpu/linalg_batch_families,batched_lu,f64,1,"1x4x4",tenferro-direct,0.002485,0.000070,ok,"partial-pivot LU, P L U and pivots (TensorLinalgExt::lu)"
cpu/linalg_batch_families,batched_lu,f64,1,"1x4x4",tenferro-trace,0.039785,0.001553,ok,"partial-pivot LU, P L U and pivots (TensorLinalgExt::lu)"
cpu/linalg_batch_families,batched_lu,f64,1,"3x4x4",tenferro-direct,0.002795,0.000080,ok,"partial-pivot LU, P L U and pivots (TensorLinalgExt::lu)"
cpu/linalg_batch_families,batched_lu,f64,1,"3x4x4",tenferro-trace,0.041117,0.004289,ok,"partial-pivot LU, P L U and pivots (TensorLinalgExt::lu)"
cpu/linalg_batch_families,batched_lu,f64,1,"4x4x4",tenferro-direct,0.002916,0.000069,ok,"partial-pivot LU, P L U and pivots (TensorLinalgExt::lu)"
cpu/linalg_batch_families,batched_lu,f64,1,"4x4x4",tenferro-trace,0.039814,0.001643,ok,"partial-pivot LU, P L U and pivots (TensorLinalgExt::lu)"
cpu/linalg_batch_families,batched_lu,f64,1,"8x4x4",tenferro-direct,0.003437,0.000100,ok,"partial-pivot LU, P L U and pivots (TensorLinalgExt::lu)"
cpu/linalg_batch_families,batched_lu,f64,1,"8x4x4",tenferro-trace,0.041147,0.003977,ok,"partial-pivot LU, P L U and pivots (TensorLinalgExt::lu)"
cpu/linalg_batch_families,batched_lu,f64,1,"1024x4x4",tenferro-direct,0.136026,0.000702,ok,"partial-pivot LU, P L U and pivots (TensorLinalgExt::lu)"
cpu/linalg_batch_families,batched_lu,f64,1,"1024x4x4",tenferro-trace,0.168738,0.044233,ok,"partial-pivot LU, P L U and pivots (TensorLinalgExt::lu)"
cpu/linalg_batch_families,batched_lu,f64,1,"1x8x8",tenferro-direct,0.002775,0.001062,ok,"partial-pivot LU, P L U and pivots (TensorLinalgExt::lu)"
cpu/linalg_batch_families,batched_lu,f64,1,"1x8x8",tenferro-trace,0.038843,0.000892,ok,"partial-pivot LU, P L U and pivots (TensorLinalgExt::lu)"
cpu/linalg_batch_families,batched_lu,f64,1,"3x8x8",tenferro-direct,0.003767,0.000110,ok,"partial-pivot LU, P L U and pivots (TensorLinalgExt::lu)"
cpu/linalg_batch_families,batched_lu,f64,1,"3x8x8",tenferro-trace,0.041288,0.003768,ok,"partial-pivot LU, P L U and pivots (TensorLinalgExt::lu)"
cpu/linalg_batch_families,batched_lu,f64,1,"4x8x8",tenferro-direct,0.004158,0.000100,ok,"partial-pivot LU, P L U and pivots (TensorLinalgExt::lu)"
cpu/linalg_batch_families,batched_lu,f64,1,"4x8x8",tenferro-trace,0.042831,0.001583,ok,"partial-pivot LU, P L U and pivots (TensorLinalgExt::lu)"
cpu/linalg_batch_families,batched_lu,f64,1,"8x8x8",tenferro-direct,0.005571,0.000100,ok,"partial-pivot LU, P L U and pivots (TensorLinalgExt::lu)"
cpu/linalg_batch_families,batched_lu,f64,1,"8x8x8",tenferro-trace,0.044404,0.003576,ok,"partial-pivot LU, P L U and pivots (TensorLinalgExt::lu)"
cpu/linalg_batch_families,batched_lu,f64,1,"1024x8x8",tenferro-direct,0.400224,0.005830,ok,"partial-pivot LU, P L U and pivots (TensorLinalgExt::lu)"
cpu/linalg_batch_families,batched_lu,f64,1,"1024x8x8",tenferro-trace,0.468682,0.014286,ok,"partial-pivot LU, P L U and pivots (TensorLinalgExt::lu)"
cpu/linalg_batch_families,batched_lu,f64,1,"1x32x32",tenferro-direct,0.010620,0.000200,ok,"partial-pivot LU, P L U and pivots (TensorLinalgExt::lu)"
cpu/linalg_batch_families,batched_lu,f64,1,"1x32x32",tenferro-trace,0.052298,0.001743,ok,"partial-pivot LU, P L U and pivots (TensorLinalgExt::lu)"
cpu/linalg_batch_families,batched_lu,f64,1,"8x32x32",tenferro-direct,0.069260,0.000550,ok,"partial-pivot LU, P L U and pivots (TensorLinalgExt::lu)"
cpu/linalg_batch_families,batched_lu,f64,1,"8x32x32",tenferro-trace,0.113193,0.005661,ok,"partial-pivot LU, P L U and pivots (TensorLinalgExt::lu)"
cpu/linalg_batch_families,batched_lu,f64,1,"1x128x128",tenferro-direct,0.112341,0.003517,ok,"partial-pivot LU, P L U and pivots (TensorLinalgExt::lu)"
cpu/linalg_batch_families,batched_lu,f64,1,"1x128x128",tenferro-trace,0.145043,0.015820,ok,"partial-pivot LU, P L U and pivots (TensorLinalgExt::lu)"
cpu/linalg_batch_families,batched_lu,f64,1,"8x128x128",tenferro-direct,0.877432,0.002645,ok,"partial-pivot LU, P L U and pivots (TensorLinalgExt::lu)"
cpu/linalg_batch_families,batched_lu,f64,1,"8x128x128",tenferro-trace,0.967272,0.053631,ok,"partial-pivot LU, P L U and pivots (TensorLinalgExt::lu)"
cpu/linalg_batch_families,batched_lu,f64,1,"1x64x24",tenferro-direct,0.010861,0.000230,ok,"partial-pivot LU, P L U and pivots (TensorLinalgExt::lu)"
cpu/linalg_batch_families,batched_lu,f64,1,"1x64x24",tenferro-trace,0.054252,0.005821,ok,"partial-pivot LU, P L U and pivots (TensorLinalgExt::lu)"
cpu/complex,conj,c64,1,"16777216",tenferro-direct,66.091300,1.640859,ok,"complex elementwise"
cpu/complex,conj,c64,1,"16777216",tenferro-trace,62.737234,1.687126,ok,"complex elementwise"
cpu/complex,mul,c64,1,"8388608",tenferro-direct,39.545558,0.208393,ok,"complex elementwise"
cpu/complex,mul,c64,1,"8388608",tenferro-trace,41.129831,1.742050,ok,"complex elementwise"
cpu/complex,div,c64,1,"8388608",tenferro-direct,72.575979,0.851262,ok,"complex elementwise"
cpu/complex,div,c64,1,"8388608",tenferro-trace,80.824350,2.122927,ok,"complex elementwise"
cpu/complex,exp,c64,1,"4194304",tenferro-direct,99.907330,0.609086,ok,"complex analytic"
cpu/complex,exp,c64,1,"4194304",tenferro-trace,100.315778,0.518407,ok,"complex analytic"
cpu/complex,log,c64,1,"4194304",tenferro-direct,125.634480,1.102997,ok,"complex analytic"
cpu/complex,log,c64,1,"4194304",tenferro-trace,123.416724,0.543333,ok,"complex analytic"
cpu/complex,dot_general,c64,1,"640x640",tenferro-direct,62.156110,0.107803,ok,"complex matrix multiply"
cpu/complex,dot_general,c64,1,"640x640",tenferro-trace,62.967658,0.144562,ok,"complex matrix multiply"
cpu/complex,dot_general_with_conj,c64,1,"640x640",tenferro-direct,63.208772,0.239101,ok,"conjugated-lhs complex matrix multiply"
cpu/complex,dot_general_with_conj,c64,1,"640x640",tenferro-trace,,,unsupported,"no public TracedTensor dot_general_with_conj API; an explicit conj+dot graph is different work"
cpu/complex,tensordot,c64,1,"640x640",tenferro-direct,62.085678,0.187253,ok,"complex matrix contraction over one axis"
cpu/complex,tensordot,c64,1,"640x640",tenferro-trace,62.648928,0.135064,ok,"complex matrix contraction over one axis"
cpu/complex,svd,c64,1,"160x160",tenferro-direct,7.120968,0.019998,ok,"complex SVD"
cpu/complex,svd,c64,1,"160x160",tenferro-trace,7.202892,0.037611,ok,"complex SVD"
cpu/complex,qr,c64,1,"256x256",tenferro-direct,9.639600,0.053971,ok,"complex QR"
cpu/complex,qr,c64,1,"256x256",tenferro-trace,9.728317,0.014999,ok,"complex QR"
cpu/complex,eig,c64,1,"112x112",tenferro-direct,12.357818,0.028614,ok,"complex eig"
cpu/complex,eig,c64,1,"112x112",tenferro-trace,12.412922,0.031540,ok,"complex eig"
cpu/complex,solve,c64,1,"384x384,rhs=8",tenferro-direct,6.665029,0.020278,ok,"complex solve"
cpu/complex,solve,c64,1,"384x384,rhs=8",tenferro-trace,6.742184,0.037751,ok,"complex solve"
cpu/complex,cholesky,c64,1,"448x448",tenferro-direct,5.257990,0.054302,ok,"Hermitian positive definite"
cpu/complex,cholesky,c64,1,"448x448",tenferro-trace,5.405699,0.148871,ok,"Hermitian positive definite"
cpu/complex,norm_fro,c64,1,"2048x1536",tenferro-direct,34.277088,0.633995,ok,"complex Frobenius norm"
cpu/complex,norm_fro,c64,1,"2048x1536",tenferro-trace,19.713457,0.064641,ok,"complex Frobenius norm"
cpu/elementwise_reduction,add,f64,1,33554432,pytorch-cpu,71.843980,1.115410,ok,binary elementwise; input allocation outside timed region
cpu/elementwise_reduction,sub,f64,1,33554432,pytorch-cpu,71.422517,1.122123,ok,binary elementwise; input allocation outside timed region
cpu/elementwise_reduction,mul,f64,1,33554432,pytorch-cpu,70.630435,1.023567,ok,binary elementwise; input allocation outside timed region
cpu/elementwise_reduction,div,f64,1,33554432,pytorch-cpu,71.516966,0.297592,ok,binary elementwise; input allocation outside timed region
cpu/elementwise_reduction,rem,f64,1,8388608,pytorch-cpu,43.568022,0.325161,ok,binary elementwise; input allocation outside timed region
cpu/elementwise_reduction,neg,f64,1,33554432,pytorch-cpu,62.056012,0.908791,ok,unary elementwise; input allocation outside timed region
cpu/elementwise_reduction,abs,f64,1,33554432,pytorch-cpu,60.904614,0.777915,ok,unary elementwise; input allocation outside timed region
cpu/elementwise_reduction,sign,f64,1,33554432,pytorch-cpu,71.102354,2.619762,ok,unary elementwise; input allocation outside timed region
cpu/elementwise_reduction,maximum,f64,1,33554432,pytorch-cpu,70.634533,0.794055,ok,binary elementwise; input allocation outside timed region
cpu/elementwise_reduction,minimum,f64,1,33554432,pytorch-cpu,71.625118,0.778826,ok,binary elementwise; input allocation outside timed region
cpu/elementwise_reduction,compare_lt,f64,1,33554432,pytorch-cpu,30.010896,0.344208,ok,ordered compare; input allocation outside timed region
cpu/elementwise_reduction,select,f64,1,33554432,pytorch-cpu,85.958877,1.492851,ok,ternary select; input allocation outside timed region
cpu/elementwise_reduction,clamp,f64,1,8388608,pytorch-cpu,20.463430,0.197733,ok,clamp with tensor bounds; input allocation outside timed region
cpu/elementwise_reduction,exp,f64,1,8388608,pytorch-cpu,32.418058,0.312098,ok,analytic unary; input allocation outside timed region
cpu/elementwise_reduction,log,f64,1,8388608,pytorch-cpu,39.581025,0.139953,ok,analytic unary; input allocation outside timed region
cpu/elementwise_reduction,sin,f64,1,8388608,pytorch-cpu,48.932542,0.183465,ok,analytic unary; input allocation outside timed region
cpu/elementwise_reduction,cos,f64,1,8388608,pytorch-cpu,47.227171,0.161333,ok,analytic unary; input allocation outside timed region
cpu/elementwise_reduction,tanh,f64,1,8388608,pytorch-cpu,67.299525,0.080622,ok,analytic unary; input allocation outside timed region
cpu/elementwise_reduction,sqrt,f64,1,33554432,pytorch-cpu,141.025368,1.158621,ok,analytic unary; input allocation outside timed region
cpu/elementwise_reduction,rsqrt,f64,1,33554432,pytorch-cpu,95.617132,1.077539,ok,analytic unary; input allocation outside timed region
cpu/elementwise_reduction,pow,f64,1,4194304,pytorch-cpu,31.702451,0.260931,ok,binary analytic with tensor exponent; input allocation outside timed region
cpu/elementwise_reduction,expm1,f64,1,4194304,pytorch-cpu,16.041343,0.183456,ok,analytic unary; input allocation outside timed region
cpu/elementwise_reduction,log1p,f64,1,4194304,pytorch-cpu,15.718165,0.230864,ok,analytic unary; input allocation outside timed region
cpu/elementwise_reduction,chain_log1p_exp_mul,f64,1,4194304,pytorch-cpu,42.459795,0.372000,ok,short elementwise chain; input allocation outside timed region
cpu/elementwise_reduction,reduce_sum_all,f64,1,8192x4096,pytorch-cpu,6.049680,0.094869,ok,full reduction; input allocation outside timed region
cpu/elementwise_reduction,reduce_prod_all,f64,1,8192x4096,pytorch-cpu,5.755787,0.105449,ok,full reduction; input allocation outside timed region
cpu/elementwise_reduction,reduce_max_axis0,f64,1,2048x2048,pytorch-cpu,35.690709,0.105269,ok,axis reduction; input allocation outside timed region
cpu/elementwise_reduction,reduce_min_axis1,f64,1,4096x4096,pytorch-cpu,13.609315,0.080763,ok,axis reduction; input allocation outside timed region
cpu/elementwise_reduction,reduce_max_all,f64,1,8192x4096,pytorch-cpu,14.943626,0.020458,ok,full reduction; input allocation outside timed region
cpu/elementwise_reduction,reduce_min_all,f64,1,8192x4096,pytorch-cpu,14.961701,0.055435,ok,full reduction; input allocation outside timed region
cpu/elementwise_reduction,reduce_max_axis1,f64,1,2048x2048,pytorch-cpu,3.435228,0.006853,ok,axis reduction; input allocation outside timed region
cpu/elementwise_reduction,reduce_min_axis0,f64,1,2048x2048,pytorch-cpu,34.978078,0.113564,ok,axis reduction; input allocation outside timed region
cpu/elementwise_reduction,reduce_sum_axis0,f64,1,2048x2048,pytorch-cpu,2.283980,0.015419,ok,axis reduction; input allocation outside timed region
cpu/elementwise_reduction,reduce_sum_axis1,f64,1,2048x2048,pytorch-cpu,0.564313,0.008216,ok,axis reduction; input allocation outside timed region
cpu/elementwise_reduction,reduce_prod_axis0,f64,1,2048x2048,pytorch-cpu,2.385743,0.076133,ok,axis reduction; input allocation outside timed region
cpu/elementwise_reduction,reduce_prod_axis1,f64,1,2048x2048,pytorch-cpu,0.560736,0.015098,ok,axis reduction; input allocation outside timed region
cpu/indexing_layout,gather,f64,1,262144,pytorch-cpu,0.630548,0.013826,ok,1D gather; input allocation outside timed region
cpu/indexing_layout,scatter,f64,1,262144,pytorch-cpu,0.351061,0.004639,ok,1D scatter; input allocation outside timed region
cpu/indexing_layout,slice,f64,1,4194304 -> 2096128,pytorch-cpu,1.155345,0.101721,ok,static slice materialized to owned output; input allocation outside timed region
cpu/indexing_layout,dynamic_slice,f64,1,4194304 -> 2097152,pytorch-cpu,0.518666,0.032171,ok,runtime-start slice materialized to owned output; input allocation outside timed region
cpu/indexing_layout,dynamic_update_slice,f64,1,2097152,pytorch-cpu,0.797312,0.081644,ok,runtime-start update; input allocation outside timed region
cpu/indexing_layout,pad,f64,1,2097152,pytorch-cpu,0.752898,0.022922,ok,edge padding; input allocation outside timed region
cpu/indexing_layout,concatenate,f64,1,1048576+1048576,pytorch-cpu,0.525390,0.136296,ok,concatenate along axis 0; input allocation outside timed region
cpu/indexing_layout,reverse,f64,1,2097152,pytorch-cpu,0.537182,0.117841,ok,reverse axis 0; input allocation outside timed region
cpu/structural_shape,transpose,f64,1,4096x4096,pytorch-cpu,44.774664,0.196219,ok,materialized matrix transpose; input allocation outside timed region
cpu/structural_shape,reshape,f64,1,33554432 -> 8192x4096,pytorch-cpu,61.393164,0.504729,ok,materialized reshape; clone makes PyTorch perform the same output-sized write; input allocation outside timed region
cpu/structural_shape,broadcast_in_dim,f64,1,8192x1 -> 8192x4096,pytorch-cpu,59.159808,1.256867,ok,materialized broadcast; input allocation outside timed region
cpu/structural_shape,cast_f64_f32,f64->f32,1,33554432,pytorch-cpu,32.727861,1.197153,ok,dtype cast; input allocation outside timed region
cpu/structural_shape,extract_diagonal,f64,1,8388608x2x2 -> 8388608x2,pytorch-cpu,39.355039,2.120702,ok,batched matrix diagonal extraction; input allocation outside timed region
cpu/structural_shape,embed_diagonal,f64,1,8192 -> 8192x8192,pytorch-cpu,116.724373,0.549615,ok,embed vector as matrix diagonal; input allocation outside timed region
cpu/structural_shape,tril,f64,1,4096x4096,pytorch-cpu,38.967460,0.546840,ok,lower triangle; input allocation outside timed region
cpu/structural_shape,triu,f64,1,4096x4096,pytorch-cpu,38.629093,0.580544,ok,upper triangle; input allocation outside timed region
cpu/view_metadata,reshape_view,f64,1,33554432 -> 8192x4096,pytorch-cpu,0.001353,0.000038,ok,metadata-only view reshape; no output-sized copy; operations_per_sample=16; median_batch_ms=0.021651; session=not_required; input allocation outside timed region
cpu/view_metadata,transpose_view,f64,1,4096x4096,pytorch-cpu,0.001302,0.000037,ok,metadata-only transpose view; no output-sized copy; operations_per_sample=16; median_batch_ms=0.020829; session=not_required; input allocation outside timed region
cpu/view_metadata,slice_view,f64,1,4194304 -> 2096128,pytorch-cpu,0.001376,0.000019,ok,metadata-only strided slice view; no output-sized copy; operations_per_sample=16; median_batch_ms=0.022022; session=not_required; input allocation outside timed region
cpu/view_metadata,broadcast_in_dim_view,f64,1,8192x1 -> 8192x4096,pytorch-cpu,0.001424,0.000037,ok,metadata-only zero-stride broadcast view; no output-sized copy; operations_per_sample=16; median_batch_ms=0.022783; session=not_required; input allocation outside timed region
cpu/output_reuse,add_into,f64,1,33554432,pytorch-cpu,23.973538,0.100278,ok,torch.add out= caller-owned output; input allocation outside timed region
cpu/output_reuse,sub_into,f64,1,33554432,pytorch-cpu,23.986262,0.079951,ok,torch.sub out= caller-owned output; input allocation outside timed region
cpu/output_reuse,mul_into,f64,1,33554432,pytorch-cpu,23.897826,0.093176,ok,torch.mul out= caller-owned output; input allocation outside timed region
cpu/output_reuse,div_into,f64,1,33554432,pytorch-cpu,23.949222,0.116610,ok,torch.div out= caller-owned output; input allocation outside timed region
cpu/output_reuse,neg_into,f64,1,33554432,pytorch-cpu,17.599437,0.271010,ok,torch.neg out= caller-owned output; input allocation outside timed region
cpu/output_reuse,conj_into,c64,1,16777216,pytorch-cpu,17.549584,0.324460,ok,torch.conj_physical out= caller-owned output; input allocation outside timed region
cpu/output_reuse,copy_read_into,f64,1,33554432,pytorch-cpu,17.462248,0.115097,ok,Tensor.copy_ caller-owned output; input allocation outside timed region
cpu/output_reuse,dot_general_read_into,f64,1,1024x1024,pytorch-cpu,59.508065,0.072326,ok,torch.mm out= caller-owned output; input allocation outside timed region
cpu/output_reuse,dot_general_read_into_accum,f64,1,1024x1024,pytorch-cpu,59.360787,0.142518,ok,torch.addmm out = lhs @ rhs + out; input allocation outside timed region
cpu/einsum_concrete,einsum_ij_jk_ik,f64,1,1024x1024,pytorch-cpu,59.480582,0.247526,ok,torch.einsum allocation-returning API; input allocation outside timed region
cpu/linalg_batched,batched_lu_factor,f64,1,"1024x2x2,rhs=1",pytorch-cpu,0.049343,0.001033,ok,packed LU factorization only (torch.linalg.lu_factor); input allocation outside timed region
cpu/linalg_batched,batched_lu_factor,f64,1,"1024x4x4,rhs=1",pytorch-cpu,0.073699,0.000521,ok,packed LU factorization only (torch.linalg.lu_factor); input allocation outside timed region
cpu/linalg_batched,batched_lu_factor,f64,1,"1024x8x8,rhs=1",pytorch-cpu,0.248899,0.002154,ok,packed LU factorization only (torch.linalg.lu_factor); input allocation outside timed region
cpu/linalg_batched,batched_lu_factor,f64,1,"1024x16x16,rhs=1",pytorch-cpu,1.127253,0.032521,ok,packed LU factorization only (torch.linalg.lu_factor); input allocation outside timed region
cpu/linalg_batched,batched_lu_solve,f64,1,"1024x2x2,rhs=1",pytorch-cpu,0.036869,0.000161,ok,solve with prepared LU factors (torch.linalg.lu_solve); input allocation outside timed region
cpu/linalg_batched,batched_lu_solve,f64,1,"1024x4x4,rhs=1",pytorch-cpu,0.047469,0.000100,ok,solve with prepared LU factors (torch.linalg.lu_solve); input allocation outside timed region
cpu/linalg_batched,batched_lu_solve,f64,1,"1024x8x8,rhs=1",pytorch-cpu,0.178967,0.000631,ok,solve with prepared LU factors (torch.linalg.lu_solve); input allocation outside timed region
cpu/linalg_batched,batched_lu_solve,f64,1,"1024x16x16,rhs=1",pytorch-cpu,0.395575,0.003497,ok,solve with prepared LU factors (torch.linalg.lu_solve); input allocation outside timed region
cpu/linalg_batched,batched_triangular_solve,f64,1,"1024x2x2,rhs=1",pytorch-cpu,0.065784,0.000951,ok,lower-triangular solve (torch.linalg.solve_triangular); input allocation outside timed region
cpu/linalg_batched,batched_triangular_solve,f64,1,"1024x4x4,rhs=1",pytorch-cpu,0.080812,0.000852,ok,lower-triangular solve (torch.linalg.solve_triangular); input allocation outside timed region
cpu/linalg_batched,batched_triangular_solve,f64,1,"1024x8x8,rhs=1",pytorch-cpu,0.120397,0.000722,ok,lower-triangular solve (torch.linalg.solve_triangular); input allocation outside timed region
cpu/linalg_batched,batched_triangular_solve,f64,1,"1024x16x16,rhs=1",pytorch-cpu,0.206358,0.003857,ok,lower-triangular solve (torch.linalg.solve_triangular); input allocation outside timed region
cpu/linalg_batch_families,batched_solve,f64,1,"1x2x2,rhs=1",pytorch-cpu,0.013606,0.000401,ok,"general solve, one rhs column (torch.linalg.solve); input allocation outside timed region"
cpu/linalg_batch_families,batched_solve,f64,1,"3x2x2,rhs=1",pytorch-cpu,0.013705,0.000131,ok,"general solve, one rhs column (torch.linalg.solve); input allocation outside timed region"
cpu/linalg_batch_families,batched_solve,f64,1,"4x2x2,rhs=1",pytorch-cpu,0.013726,0.000150,ok,"general solve, one rhs column (torch.linalg.solve); input allocation outside timed region"
cpu/linalg_batch_families,batched_solve,f64,1,"8x2x2,rhs=1",pytorch-cpu,0.014146,0.000161,ok,"general solve, one rhs column (torch.linalg.solve); input allocation outside timed region"
cpu/linalg_batch_families,batched_solve,f64,1,"1024x2x2,rhs=1",pytorch-cpu,0.082535,0.000512,ok,"general solve, one rhs column (torch.linalg.solve); input allocation outside timed region"
cpu/linalg_batch_families,batched_solve,f64,1,"1x4x4,rhs=1",pytorch-cpu,0.013575,0.000170,ok,"general solve, one rhs column (torch.linalg.solve); input allocation outside timed region"
cpu/linalg_batch_families,batched_solve,f64,1,"3x4x4,rhs=1",pytorch-cpu,0.013886,0.000150,ok,"general solve, one rhs column (torch.linalg.solve); input allocation outside timed region"
cpu/linalg_batch_families,batched_solve,f64,1,"4x4x4,rhs=1",pytorch-cpu,0.013946,0.000051,ok,"general solve, one rhs column (torch.linalg.solve); input allocation outside timed region"
cpu/linalg_batch_families,batched_solve,f64,1,"8x4x4,rhs=1",pytorch-cpu,0.014667,0.000150,ok,"general solve, one rhs column (torch.linalg.solve); input allocation outside timed region"
cpu/linalg_batch_families,batched_solve,f64,1,"1024x4x4,rhs=1",pytorch-cpu,0.118683,0.000692,ok,"general solve, one rhs column (torch.linalg.solve); input allocation outside timed region"
cpu/linalg_batch_families,batched_solve,f64,1,"1x8x8,rhs=1",pytorch-cpu,0.013867,0.000230,ok,"general solve, one rhs column (torch.linalg.solve); input allocation outside timed region"
cpu/linalg_batch_families,batched_solve,f64,1,"3x8x8,rhs=1",pytorch-cpu,0.015670,0.000280,ok,"general solve, one rhs column (torch.linalg.solve); input allocation outside timed region"
cpu/linalg_batch_families,batched_solve,f64,1,"4x8x8,rhs=1",pytorch-cpu,0.015720,0.000220,ok,"general solve, one rhs column (torch.linalg.solve); input allocation outside timed region"
cpu/linalg_batch_families,batched_solve,f64,1,"8x8x8,rhs=1",pytorch-cpu,0.017322,0.000180,ok,"general solve, one rhs column (torch.linalg.solve); input allocation outside timed region"
cpu/linalg_batch_families,batched_solve,f64,1,"1024x8x8,rhs=1",pytorch-cpu,0.428767,0.004197,ok,"general solve, one rhs column (torch.linalg.solve); input allocation outside timed region"
cpu/linalg_batch_families,batched_solve,f64,1,"1x32x32,rhs=1",pytorch-cpu,0.021641,0.000311,ok,"general solve, one rhs column (torch.linalg.solve); input allocation outside timed region"
cpu/linalg_batch_families,batched_solve,f64,1,"8x32x32,rhs=1",pytorch-cpu,0.074480,0.000321,ok,"general solve, one rhs column (torch.linalg.solve); input allocation outside timed region"
cpu/linalg_batch_families,batched_solve,f64,1,"1x128x128,rhs=1",pytorch-cpu,0.140134,0.001233,ok,"general solve, one rhs column (torch.linalg.solve); input allocation outside timed region"
cpu/linalg_batch_families,batched_solve,f64,1,"8x128x128,rhs=1",pytorch-cpu,1.052833,0.008366,ok,"general solve, one rhs column (torch.linalg.solve); input allocation outside timed region"
cpu/linalg_batch_families,batched_cholesky,f64,1,1x2x2,pytorch-cpu,0.004097,0.000120,ok,SPD Cholesky (torch.linalg.cholesky); input allocation outside timed region
cpu/linalg_batch_families,batched_cholesky,f64,1,3x2x2,pytorch-cpu,0.004038,0.000111,ok,SPD Cholesky (torch.linalg.cholesky); input allocation outside timed region
cpu/linalg_batch_families,batched_cholesky,f64,1,4x2x2,pytorch-cpu,0.004248,0.000090,ok,SPD Cholesky (torch.linalg.cholesky); input allocation outside timed region
cpu/linalg_batch_families,batched_cholesky,f64,1,8x2x2,pytorch-cpu,0.004378,0.000061,ok,SPD Cholesky (torch.linalg.cholesky); input allocation outside timed region
cpu/linalg_batch_families,batched_cholesky,f64,1,1024x2x2,pytorch-cpu,0.075201,0.000281,ok,SPD Cholesky (torch.linalg.cholesky); input allocation outside timed region
cpu/linalg_batch_families,batched_cholesky,f64,1,1x4x4,pytorch-cpu,0.004217,0.000140,ok,SPD Cholesky (torch.linalg.cholesky); input allocation outside timed region
cpu/linalg_batch_families,batched_cholesky,f64,1,3x4x4,pytorch-cpu,0.004168,0.000050,ok,SPD Cholesky (torch.linalg.cholesky); input allocation outside timed region
cpu/linalg_batch_families,batched_cholesky,f64,1,4x4x4,pytorch-cpu,0.004368,0.000120,ok,SPD Cholesky (torch.linalg.cholesky); input allocation outside timed region
cpu/linalg_batch_families,batched_cholesky,f64,1,8x4x4,pytorch-cpu,0.004739,0.000090,ok,SPD Cholesky (torch.linalg.cholesky); input allocation outside timed region
cpu/linalg_batch_families,batched_cholesky,f64,1,1024x4x4,pytorch-cpu,0.106751,0.000572,ok,SPD Cholesky (torch.linalg.cholesky); input allocation outside timed region
cpu/linalg_batch_families,batched_cholesky,f64,1,1x8x8,pytorch-cpu,0.004309,0.000050,ok,SPD Cholesky (torch.linalg.cholesky); input allocation outside timed region
cpu/linalg_batch_families,batched_cholesky,f64,1,3x8x8,pytorch-cpu,0.004879,0.000070,ok,SPD Cholesky (torch.linalg.cholesky); input allocation outside timed region
cpu/linalg_batch_families,batched_cholesky,f64,1,4x8x8,pytorch-cpu,0.005170,0.000071,ok,SPD Cholesky (torch.linalg.cholesky); input allocation outside timed region
cpu/linalg_batch_families,batched_cholesky,f64,1,8x8x8,pytorch-cpu,0.006061,0.000090,ok,SPD Cholesky (torch.linalg.cholesky); input allocation outside timed region
cpu/linalg_batch_families,batched_cholesky,f64,1,1024x8x8,pytorch-cpu,0.273374,0.003907,ok,SPD Cholesky (torch.linalg.cholesky); input allocation outside timed region
cpu/linalg_batch_families,batched_cholesky,f64,1,1x32x32,pytorch-cpu,0.008065,0.000090,ok,SPD Cholesky (torch.linalg.cholesky); input allocation outside timed region
cpu/linalg_batch_families,batched_cholesky,f64,1,8x32x32,pytorch-cpu,0.034495,0.000080,ok,SPD Cholesky (torch.linalg.cholesky); input allocation outside timed region
cpu/linalg_batch_families,batched_cholesky,f64,1,1x128x128,pytorch-cpu,0.180610,0.003707,ok,SPD Cholesky (torch.linalg.cholesky); input allocation outside timed region
cpu/linalg_batch_families,batched_cholesky,f64,1,8x128x128,pytorch-cpu,1.425825,0.006412,ok,SPD Cholesky (torch.linalg.cholesky); input allocation outside timed region
cpu/linalg_batch_families,batched_qr,f64,1,1x2x2,pytorch-cpu,0.004589,0.000241,ok,thin QR (torch.linalg.qr); input allocation outside timed region
cpu/linalg_batch_families,batched_qr,f64,1,3x2x2,pytorch-cpu,0.004709,0.000040,ok,thin QR (torch.linalg.qr); input allocation outside timed region
cpu/linalg_batch_families,batched_qr,f64,1,4x2x2,pytorch-cpu,0.005010,0.000029,ok,thin QR (torch.linalg.qr); input allocation outside timed region
cpu/linalg_batch_families,batched_qr,f64,1,8x2x2,pytorch-cpu,0.005801,0.000060,ok,thin QR (torch.linalg.qr); input allocation outside timed region
cpu/linalg_batch_families,batched_qr,f64,1,1024x2x2,pytorch-cpu,0.194827,0.000451,ok,thin QR (torch.linalg.qr); input allocation outside timed region
cpu/linalg_batch_families,batched_qr,f64,1,1x4x4,pytorch-cpu,0.004989,0.000210,ok,thin QR (torch.linalg.qr); input allocation outside timed region
cpu/linalg_batch_families,batched_qr,f64,1,3x4x4,pytorch-cpu,0.005711,0.000090,ok,thin QR (torch.linalg.qr); input allocation outside timed region
cpu/linalg_batch_families,batched_qr,f64,1,4x4x4,pytorch-cpu,0.006332,0.000071,ok,thin QR (torch.linalg.qr); input allocation outside timed region
cpu/linalg_batch_families,batched_qr,f64,1,8x4x4,pytorch-cpu,0.008326,0.000051,ok,thin QR (torch.linalg.qr); input allocation outside timed region
cpu/linalg_batch_families,batched_qr,f64,1,1024x4x4,pytorch-cpu,0.531841,0.004819,ok,thin QR (torch.linalg.qr); input allocation outside timed region
cpu/linalg_batch_families,batched_qr,f64,1,1x8x8,pytorch-cpu,0.005470,0.000070,ok,thin QR (torch.linalg.qr); input allocation outside timed region
cpu/linalg_batch_families,batched_qr,f64,1,3x8x8,pytorch-cpu,0.008266,0.000050,ok,thin QR (torch.linalg.qr); input allocation outside timed region
cpu/linalg_batch_families,batched_qr,f64,1,4x8x8,pytorch-cpu,0.009588,0.000070,ok,thin QR (torch.linalg.qr); input allocation outside timed region
cpu/linalg_batch_families,batched_qr,f64,1,8x8x8,pytorch-cpu,0.014888,0.000060,ok,thin QR (torch.linalg.qr); input allocation outside timed region
cpu/linalg_batch_families,batched_qr,f64,1,1024x8x8,pytorch-cpu,1.379217,0.007925,ok,thin QR (torch.linalg.qr); input allocation outside timed region
cpu/linalg_batch_families,batched_qr,f64,1,1x32x32,pytorch-cpu,0.024316,0.000100,ok,thin QR (torch.linalg.qr); input allocation outside timed region
cpu/linalg_batch_families,batched_qr,f64,1,8x32x32,pytorch-cpu,0.163849,0.000461,ok,thin QR (torch.linalg.qr); input allocation outside timed region
cpu/linalg_batch_families,batched_qr,f64,1,1x128x128,pytorch-cpu,0.647719,0.007694,ok,thin QR (torch.linalg.qr); input allocation outside timed region
cpu/linalg_batch_families,batched_qr,f64,1,8x128x128,pytorch-cpu,5.120391,0.018094,ok,thin QR (torch.linalg.qr); input allocation outside timed region
cpu/linalg_batch_families,batched_qr,f64,1,1x64x24,pytorch-cpu,0.027812,0.000141,ok,thin QR (torch.linalg.qr); input allocation outside timed region
cpu/linalg_batch_families,batched_eigh,f64,1,1x2x2,pytorch-cpu,0.005941,0.000090,ok,symmetric/Hermitian eigendecomposition (torch.linalg.eigh); input allocation outside timed region
cpu/linalg_batch_families,batched_eigh,f64,1,3x2x2,pytorch-cpu,0.007013,0.000110,ok,symmetric/Hermitian eigendecomposition (torch.linalg.eigh); input allocation outside timed region
cpu/linalg_batch_families,batched_eigh,f64,1,4x2x2,pytorch-cpu,0.007544,0.000200,ok,symmetric/Hermitian eigendecomposition (torch.linalg.eigh); input allocation outside timed region
cpu/linalg_batch_families,batched_eigh,f64,1,8x2x2,pytorch-cpu,0.008897,0.000059,ok,symmetric/Hermitian eigendecomposition (torch.linalg.eigh); input allocation outside timed region
cpu/linalg_batch_families,batched_eigh,f64,1,1024x2x2,pytorch-cpu,0.397288,0.002896,ok,symmetric/Hermitian eigendecomposition (torch.linalg.eigh); input allocation outside timed region
cpu/linalg_batch_families,batched_eigh,f64,1,1x4x4,pytorch-cpu,0.007615,0.000230,ok,symmetric/Hermitian eigendecomposition (torch.linalg.eigh); input allocation outside timed region
cpu/linalg_batch_families,batched_eigh,f64,1,3x4x4,pytorch-cpu,0.011712,0.000070,ok,symmetric/Hermitian eigendecomposition (torch.linalg.eigh); input allocation outside timed region
cpu/linalg_batch_families,batched_eigh,f64,1,4x4x4,pytorch-cpu,0.013976,0.000120,ok,symmetric/Hermitian eigendecomposition (torch.linalg.eigh); input allocation outside timed region
cpu/linalg_batch_families,batched_eigh,f64,1,8x4x4,pytorch-cpu,0.021280,0.000120,ok,symmetric/Hermitian eigendecomposition (torch.linalg.eigh); input allocation outside timed region
cpu/linalg_batch_families,batched_eigh,f64,1,1024x4x4,pytorch-cpu,2.070839,0.017132,ok,symmetric/Hermitian eigendecomposition (torch.linalg.eigh); input allocation outside timed region
cpu/linalg_batch_families,batched_eigh,f64,1,1x8x8,pytorch-cpu,0.011492,0.000120,ok,symmetric/Hermitian eigendecomposition (torch.linalg.eigh); input allocation outside timed region
cpu/linalg_batch_families,batched_eigh,f64,1,3x8x8,pytorch-cpu,0.023915,0.000110,ok,symmetric/Hermitian eigendecomposition (torch.linalg.eigh); input allocation outside timed region
cpu/linalg_batch_families,batched_eigh,f64,1,4x8x8,pytorch-cpu,0.029947,0.000190,ok,symmetric/Hermitian eigendecomposition (torch.linalg.eigh); input allocation outside timed region
cpu/linalg_batch_families,batched_eigh,f64,1,8x8x8,pytorch-cpu,0.053340,0.000151,ok,symmetric/Hermitian eigendecomposition (torch.linalg.eigh); input allocation outside timed region
cpu/linalg_batch_families,batched_eigh,f64,1,1024x8x8,pytorch-cpu,6.251180,0.017422,ok,symmetric/Hermitian eigendecomposition (torch.linalg.eigh); input allocation outside timed region
cpu/linalg_batch_families,batched_eigh,f64,1,1x32x32,pytorch-cpu,0.083588,0.000651,ok,symmetric/Hermitian eigendecomposition (torch.linalg.eigh); input allocation outside timed region
cpu/linalg_batch_families,batched_eigh,f64,1,8x32x32,pytorch-cpu,0.633333,0.004208,ok,symmetric/Hermitian eigendecomposition (torch.linalg.eigh); input allocation outside timed region
cpu/linalg_batch_families,batched_eigh,f64,1,1x128x128,pytorch-cpu,1.491638,0.010219,ok,symmetric/Hermitian eigendecomposition (torch.linalg.eigh); input allocation outside timed region
cpu/linalg_batch_families,batched_eigh,f64,1,8x128x128,pytorch-cpu,11.720177,0.052830,ok,symmetric/Hermitian eigendecomposition (torch.linalg.eigh); input allocation outside timed region
cpu/linalg_batch_families,batched_eigh,c64,1,1x2x2,pytorch-cpu,0.006513,0.000160,ok,symmetric/Hermitian eigendecomposition (torch.linalg.eigh); input allocation outside timed region
cpu/linalg_batch_families,batched_eigh,c64,1,3x2x2,pytorch-cpu,0.008065,0.000101,ok,symmetric/Hermitian eigendecomposition (torch.linalg.eigh); input allocation outside timed region
cpu/linalg_batch_families,batched_eigh,c64,1,4x2x2,pytorch-cpu,0.008706,0.000131,ok,symmetric/Hermitian eigendecomposition (torch.linalg.eigh); input allocation outside timed region
cpu/linalg_batch_families,batched_eigh,c64,1,8x2x2,pytorch-cpu,0.011541,0.000060,ok,symmetric/Hermitian eigendecomposition (torch.linalg.eigh); input allocation outside timed region
cpu/linalg_batch_families,batched_eigh,c64,1,1024x2x2,pytorch-cpu,0.710558,0.006713,ok,symmetric/Hermitian eigendecomposition (torch.linalg.eigh); input allocation outside timed region
cpu/linalg_batch_families,batched_eigh,c64,1,1x4x4,pytorch-cpu,0.008075,0.000130,ok,symmetric/Hermitian eigendecomposition (torch.linalg.eigh); input allocation outside timed region
cpu/linalg_batch_families,batched_eigh,c64,1,3x4x4,pytorch-cpu,0.012834,0.000150,ok,symmetric/Hermitian eigendecomposition (torch.linalg.eigh); input allocation outside timed region
cpu/linalg_batch_families,batched_eigh,c64,1,4x4x4,pytorch-cpu,0.015399,0.000090,ok,symmetric/Hermitian eigendecomposition (torch.linalg.eigh); input allocation outside timed region
cpu/linalg_batch_families,batched_eigh,c64,1,8x4x4,pytorch-cpu,0.024596,0.000170,ok,symmetric/Hermitian eigendecomposition (torch.linalg.eigh); input allocation outside timed region
cpu/linalg_batch_families,batched_eigh,c64,1,1024x4x4,pytorch-cpu,2.390772,0.011131,ok,symmetric/Hermitian eigendecomposition (torch.linalg.eigh); input allocation outside timed region
cpu/linalg_batch_families,batched_eigh,c64,1,1x8x8,pytorch-cpu,0.012924,0.000160,ok,symmetric/Hermitian eigendecomposition (torch.linalg.eigh); input allocation outside timed region
cpu/linalg_batch_families,batched_eigh,c64,1,3x8x8,pytorch-cpu,0.027141,0.000180,ok,symmetric/Hermitian eigendecomposition (torch.linalg.eigh); input allocation outside timed region
cpu/linalg_batch_families,batched_eigh,c64,1,4x8x8,pytorch-cpu,0.034235,0.000140,ok,symmetric/Hermitian eigendecomposition (torch.linalg.eigh); input allocation outside timed region
cpu/linalg_batch_families,batched_eigh,c64,1,8x8x8,pytorch-cpu,0.062177,0.000270,ok,symmetric/Hermitian eigendecomposition (torch.linalg.eigh); input allocation outside timed region
cpu/linalg_batch_families,batched_eigh,c64,1,1024x8x8,pytorch-cpu,7.277101,0.025147,ok,symmetric/Hermitian eigendecomposition (torch.linalg.eigh); input allocation outside timed region
cpu/linalg_batch_families,batched_eigh,c64,1,1x32x32,pytorch-cpu,0.118032,0.000380,ok,symmetric/Hermitian eigendecomposition (torch.linalg.eigh); input allocation outside timed region
cpu/linalg_batch_families,batched_eigh,c64,1,8x32x32,pytorch-cpu,0.912217,0.003666,ok,symmetric/Hermitian eigendecomposition (torch.linalg.eigh); input allocation outside timed region
cpu/linalg_batch_families,batched_eigh,c64,1,1x128x128,pytorch-cpu,3.513876,0.015690,ok,symmetric/Hermitian eigendecomposition (torch.linalg.eigh); input allocation outside timed region
cpu/linalg_batch_families,batched_eigh,c64,1,8x128x128,pytorch-cpu,27.927994,0.035016,ok,symmetric/Hermitian eigendecomposition (torch.linalg.eigh); input allocation outside timed region
cpu/linalg_batch_families,batched_eigvalsh,f64,1,1x2x2,pytorch-cpu,0.006893,0.000311,ok,symmetric eigenvalues only (torch.linalg.eigvalsh); input allocation outside timed region
cpu/linalg_batch_families,batched_eigvalsh,f64,1,3x2x2,pytorch-cpu,0.007484,0.000201,ok,symmetric eigenvalues only (torch.linalg.eigvalsh); input allocation outside timed region
cpu/linalg_batch_families,batched_eigvalsh,f64,1,4x2x2,pytorch-cpu,0.007875,0.000331,ok,symmetric eigenvalues only (torch.linalg.eigvalsh); input allocation outside timed region
cpu/linalg_batch_families,batched_eigvalsh,f64,1,8x2x2,pytorch-cpu,0.008526,0.000110,ok,symmetric eigenvalues only (torch.linalg.eigvalsh); input allocation outside timed region
cpu/linalg_batch_families,batched_eigvalsh,f64,1,1024x2x2,pytorch-cpu,0.209955,0.002665,ok,symmetric eigenvalues only (torch.linalg.eigvalsh); input allocation outside timed region
cpu/linalg_batch_families,batched_eigvalsh,f64,1,1x4x4,pytorch-cpu,0.008246,0.000471,ok,symmetric eigenvalues only (torch.linalg.eigvalsh); input allocation outside timed region
cpu/linalg_batch_families,batched_eigvalsh,f64,1,3x4x4,pytorch-cpu,0.009978,0.000270,ok,symmetric eigenvalues only (torch.linalg.eigvalsh); input allocation outside timed region
cpu/linalg_batch_families,batched_eigvalsh,f64,1,4x4x4,pytorch-cpu,0.011241,0.000260,ok,symmetric eigenvalues only (torch.linalg.eigvalsh); input allocation outside timed region
cpu/linalg_batch_families,batched_eigvalsh,f64,1,8x4x4,pytorch-cpu,0.014858,0.000341,ok,symmetric eigenvalues only (torch.linalg.eigvalsh); input allocation outside timed region
cpu/linalg_batch_families,batched_eigvalsh,f64,1,1024x4x4,pytorch-cpu,1.045358,0.007044,ok,symmetric eigenvalues only (torch.linalg.eigvalsh); input allocation outside timed region
cpu/linalg_batch_families,batched_eigvalsh,f64,1,1x8x8,pytorch-cpu,0.009808,0.000380,ok,symmetric eigenvalues only (torch.linalg.eigvalsh); input allocation outside timed region
cpu/linalg_batch_families,batched_eigvalsh,f64,1,3x8x8,pytorch-cpu,0.016872,0.000270,ok,symmetric eigenvalues only (torch.linalg.eigvalsh); input allocation outside timed region
cpu/linalg_batch_families,batched_eigvalsh,f64,1,4x8x8,pytorch-cpu,0.020077,0.000141,ok,symmetric eigenvalues only (torch.linalg.eigvalsh); input allocation outside timed region
cpu/linalg_batch_families,batched_eigvalsh,f64,1,8x8x8,pytorch-cpu,0.032701,0.000161,ok,symmetric eigenvalues only (torch.linalg.eigvalsh); input allocation outside timed region
cpu/linalg_batch_families,batched_eigvalsh,f64,1,1024x8x8,pytorch-cpu,3.306516,0.016712,ok,symmetric eigenvalues only (torch.linalg.eigvalsh); input allocation outside timed region
cpu/linalg_batch_families,batched_eigvalsh,f64,1,1x32x32,pytorch-cpu,0.040697,0.000270,ok,symmetric eigenvalues only (torch.linalg.eigvalsh); input allocation outside timed region
cpu/linalg_batch_families,batched_eigvalsh,f64,1,8x32x32,pytorch-cpu,0.269597,0.002384,ok,symmetric eigenvalues only (torch.linalg.eigvalsh); input allocation outside timed region
cpu/linalg_batch_families,batched_eigvalsh,f64,1,1x128x128,pytorch-cpu,0.641218,0.004899,ok,symmetric eigenvalues only (torch.linalg.eigvalsh); input allocation outside timed region
cpu/linalg_batch_families,batched_eigvalsh,f64,1,8x128x128,pytorch-cpu,5.105032,0.011562,ok,symmetric eigenvalues only (torch.linalg.eigvalsh); input allocation outside timed region
cpu/linalg_batch_families,batched_svd,f64,1,1x2x2,pytorch-cpu,0.008075,0.000200,ok,thin SVD (torch.linalg.svd full_matrices=False); input allocation outside timed region
cpu/linalg_batch_families,batched_svd,f64,1,3x2x2,pytorch-cpu,0.010340,0.000190,ok,thin SVD (torch.linalg.svd full_matrices=False); input allocation outside timed region
cpu/linalg_batch_families,batched_svd,f64,1,4x2x2,pytorch-cpu,0.011441,0.000091,ok,thin SVD (torch.linalg.svd full_matrices=False); input allocation outside timed region
cpu/linalg_batch_families,batched_svd,f64,1,8x2x2,pytorch-cpu,0.015800,0.000159,ok,thin SVD (torch.linalg.svd full_matrices=False); input allocation outside timed region
cpu/linalg_batch_families,batched_svd,f64,1,1024x2x2,pytorch-cpu,1.126431,0.006242,ok,thin SVD (torch.linalg.svd full_matrices=False); input allocation outside timed region
cpu/linalg_batch_families,batched_svd,f64,1,1x4x4,pytorch-cpu,0.011271,0.000230,ok,thin SVD (torch.linalg.svd full_matrices=False); input allocation outside timed region
cpu/linalg_batch_families,batched_svd,f64,1,3x4x4,pytorch-cpu,0.020448,0.000461,ok,thin SVD (torch.linalg.svd full_matrices=False); input allocation outside timed region
cpu/linalg_batch_families,batched_svd,f64,1,4x4x4,pytorch-cpu,0.024977,0.000231,ok,thin SVD (torch.linalg.svd full_matrices=False); input allocation outside timed region
cpu/linalg_batch_families,batched_svd,f64,1,8x4x4,pytorch-cpu,0.042820,0.000291,ok,thin SVD (torch.linalg.svd full_matrices=False); input allocation outside timed region
cpu/linalg_batch_families,batched_svd,f64,1,1024x4x4,pytorch-cpu,4.638704,0.020679,ok,thin SVD (torch.linalg.svd full_matrices=False); input allocation outside timed region
cpu/linalg_batch_families,batched_svd,f64,1,1x8x8,pytorch-cpu,0.021450,0.000270,ok,thin SVD (torch.linalg.svd full_matrices=False); input allocation outside timed region
cpu/linalg_batch_families,batched_svd,f64,1,3x8x8,pytorch-cpu,0.047209,0.000591,ok,thin SVD (torch.linalg.svd full_matrices=False); input allocation outside timed region
cpu/linalg_batch_families,batched_svd,f64,1,4x8x8,pytorch-cpu,0.061406,0.000171,ok,thin SVD (torch.linalg.svd full_matrices=False); input allocation outside timed region
cpu/linalg_batch_families,batched_svd,f64,1,8x8x8,pytorch-cpu,0.118523,0.000240,ok,thin SVD (torch.linalg.svd full_matrices=False); input allocation outside timed region
cpu/linalg_batch_families,batched_svd,f64,1,1024x8x8,pytorch-cpu,15.111071,0.042379,ok,thin SVD (torch.linalg.svd full_matrices=False); input allocation outside timed region
cpu/linalg_batch_families,batched_svd,f64,1,1x32x32,pytorch-cpu,0.157397,0.001002,ok,thin SVD (torch.linalg.svd full_matrices=False); input allocation outside timed region
cpu/linalg_batch_families,batched_svd,f64,1,8x32x32,pytorch-cpu,1.210940,0.005651,ok,thin SVD (torch.linalg.svd full_matrices=False); input allocation outside timed region
cpu/linalg_batch_families,batched_svd,f64,1,1x128x128,pytorch-cpu,2.676720,0.019276,ok,thin SVD (torch.linalg.svd full_matrices=False); input allocation outside timed region
cpu/linalg_batch_families,batched_svd,f64,1,8x128x128,pytorch-cpu,21.240352,0.055794,ok,thin SVD (torch.linalg.svd full_matrices=False); input allocation outside timed region
cpu/linalg_batch_families,batched_svd,f64,1,1x64x24,pytorch-cpu,0.125456,0.001152,ok,thin SVD (torch.linalg.svd full_matrices=False); input allocation outside timed region
cpu/linalg_batch_families,batched_svd,c64,1,1x2x2,pytorch-cpu,0.008116,0.000201,ok,thin SVD (torch.linalg.svd full_matrices=False); input allocation outside timed region
cpu/linalg_batch_families,batched_svd,c64,1,3x2x2,pytorch-cpu,0.011362,0.000169,ok,thin SVD (torch.linalg.svd full_matrices=False); input allocation outside timed region
cpu/linalg_batch_families,batched_svd,c64,1,4x2x2,pytorch-cpu,0.012854,0.000130,ok,thin SVD (torch.linalg.svd full_matrices=False); input allocation outside timed region
cpu/linalg_batch_families,batched_svd,c64,1,8x2x2,pytorch-cpu,0.019186,0.000291,ok,thin SVD (torch.linalg.svd full_matrices=False); input allocation outside timed region
cpu/linalg_batch_families,batched_svd,c64,1,1024x2x2,pytorch-cpu,1.548546,0.007564,ok,thin SVD (torch.linalg.svd full_matrices=False); input allocation outside timed region
cpu/linalg_batch_families,batched_svd,c64,1,1x4x4,pytorch-cpu,0.012423,0.000260,ok,thin SVD (torch.linalg.svd full_matrices=False); input allocation outside timed region
cpu/linalg_batch_families,batched_svd,c64,1,3x4x4,pytorch-cpu,0.022803,0.000490,ok,thin SVD (torch.linalg.svd full_matrices=False); input allocation outside timed region
cpu/linalg_batch_families,batched_svd,c64,1,4x4x4,pytorch-cpu,0.028423,0.000260,ok,thin SVD (torch.linalg.svd full_matrices=False); input allocation outside timed region
cpu/linalg_batch_families,batched_svd,c64,1,8x4x4,pytorch-cpu,0.050355,0.000191,ok,thin SVD (torch.linalg.svd full_matrices=False); input allocation outside timed region
cpu/linalg_batch_families,batched_svd,c64,1,1024x4x4,pytorch-cpu,5.524061,0.025018,ok,thin SVD (torch.linalg.svd full_matrices=False); input allocation outside timed region
cpu/linalg_batch_families,batched_svd,c64,1,1x8x8,pytorch-cpu,0.024225,0.000250,ok,thin SVD (torch.linalg.svd full_matrices=False); input allocation outside timed region
cpu/linalg_batch_families,batched_svd,c64,1,3x8x8,pytorch-cpu,0.057799,0.000180,ok,thin SVD (torch.linalg.svd full_matrices=False); input allocation outside timed region
cpu/linalg_batch_families,batched_svd,c64,1,4x8x8,pytorch-cpu,0.075742,0.000361,ok,thin SVD (torch.linalg.svd full_matrices=False); input allocation outside timed region
cpu/linalg_batch_families,batched_svd,c64,1,8x8x8,pytorch-cpu,0.141827,0.000481,ok,thin SVD (torch.linalg.svd full_matrices=False); input allocation outside timed region
cpu/linalg_batch_families,batched_svd,c64,1,1024x8x8,pytorch-cpu,17.338746,0.043121,ok,thin SVD (torch.linalg.svd full_matrices=False); input allocation outside timed region
cpu/linalg_batch_families,batched_svd,c64,1,1x32x32,pytorch-cpu,0.229101,0.003326,ok,thin SVD (torch.linalg.svd full_matrices=False); input allocation outside timed region
cpu/linalg_batch_families,batched_svd,c64,1,8x32x32,pytorch-cpu,1.773940,0.005010,ok,thin SVD (torch.linalg.svd full_matrices=False); input allocation outside timed region
cpu/linalg_batch_families,batched_svd,c64,1,1x128x128,pytorch-cpu,6.244077,0.039254,ok,thin SVD (torch.linalg.svd full_matrices=False); input allocation outside timed region
cpu/linalg_batch_families,batched_svd,c64,1,8x128x128,pytorch-cpu,49.644382,0.088948,ok,thin SVD (torch.linalg.svd full_matrices=False); input allocation outside timed region
cpu/linalg_batch_families,batched_svd,c64,1,1x64x24,pytorch-cpu,0.207270,0.002345,ok,thin SVD (torch.linalg.svd full_matrices=False); input allocation outside timed region
cpu/linalg_batch_families,batched_svdvals,f64,1,1x2x2,pytorch-cpu,0.006472,0.000130,ok,singular values only (torch.linalg.svdvals); input allocation outside timed region
cpu/linalg_batch_families,batched_svdvals,f64,1,3x2x2,pytorch-cpu,0.007685,0.000271,ok,singular values only (torch.linalg.svdvals); input allocation outside timed region
cpu/linalg_batch_families,batched_svdvals,f64,1,4x2x2,pytorch-cpu,0.007745,0.000201,ok,singular values only (torch.linalg.svdvals); input allocation outside timed region
cpu/linalg_batch_families,batched_svdvals,f64,1,8x2x2,pytorch-cpu,0.008977,0.000121,ok,singular values only (torch.linalg.svdvals); input allocation outside timed region
cpu/linalg_batch_families,batched_svdvals,f64,1,1024x2x2,pytorch-cpu,0.312198,0.004770,ok,singular values only (torch.linalg.svdvals); input allocation outside timed region
cpu/linalg_batch_families,batched_svdvals,f64,1,1x4x4,pytorch-cpu,0.008295,0.000230,ok,singular values only (torch.linalg.svdvals); input allocation outside timed region
cpu/linalg_batch_families,batched_svdvals,f64,1,3x4x4,pytorch-cpu,0.012273,0.000300,ok,singular values only (torch.linalg.svdvals); input allocation outside timed region
cpu/linalg_batch_families,batched_svdvals,f64,1,4x4x4,pytorch-cpu,0.013866,0.000151,ok,singular values only (torch.linalg.svdvals); input allocation outside timed region
cpu/linalg_batch_families,batched_svdvals,f64,1,8x4x4,pytorch-cpu,0.021781,0.000171,ok,singular values only (torch.linalg.svdvals); input allocation outside timed region
cpu/linalg_batch_families,batched_svdvals,f64,1,1024x4x4,pytorch-cpu,2.030263,0.011943,ok,singular values only (torch.linalg.svdvals); input allocation outside timed region
cpu/linalg_batch_families,batched_svdvals,f64,1,1x8x8,pytorch-cpu,0.011091,0.000300,ok,singular values only (torch.linalg.svdvals); input allocation outside timed region
cpu/linalg_batch_families,batched_svdvals,f64,1,3x8x8,pytorch-cpu,0.021641,0.000221,ok,singular values only (torch.linalg.svdvals); input allocation outside timed region
cpu/linalg_batch_families,batched_svdvals,f64,1,4x8x8,pytorch-cpu,0.027282,0.000210,ok,singular values only (torch.linalg.svdvals); input allocation outside timed region
cpu/linalg_batch_families,batched_svdvals,f64,1,8x8x8,pytorch-cpu,0.047780,0.000281,ok,singular values only (torch.linalg.svdvals); input allocation outside timed region
cpu/linalg_batch_families,batched_svdvals,f64,1,1024x8x8,pytorch-cpu,5.426307,0.008055,ok,singular values only (torch.linalg.svdvals); input allocation outside timed region
cpu/linalg_batch_families,batched_svdvals,f64,1,1x32x32,pytorch-cpu,0.057838,0.000390,ok,singular values only (torch.linalg.svdvals); input allocation outside timed region
cpu/linalg_batch_families,batched_svdvals,f64,1,8x32x32,pytorch-cpu,0.426613,0.002745,ok,singular values only (torch.linalg.svdvals); input allocation outside timed region
cpu/linalg_batch_families,batched_svdvals,f64,1,1x128x128,pytorch-cpu,1.174502,0.013003,ok,singular values only (torch.linalg.svdvals); input allocation outside timed region
cpu/linalg_batch_families,batched_svdvals,f64,1,8x128x128,pytorch-cpu,9.255407,0.017002,ok,singular values only (torch.linalg.svdvals); input allocation outside timed region
cpu/linalg_batch_families,batched_svdvals,f64,1,1x64x24,pytorch-cpu,0.048271,0.000511,ok,singular values only (torch.linalg.svdvals); input allocation outside timed region
cpu/linalg_batch_families,batched_lu,f64,1,1x2x2,pytorch-cpu,0.009598,0.000462,ok,"partial-pivot LU, P L U (torch.linalg.lu); input allocation outside timed region"
cpu/linalg_batch_families,batched_lu,f64,1,3x2x2,pytorch-cpu,0.010981,0.000131,ok,"partial-pivot LU, P L U (torch.linalg.lu); input allocation outside timed region"
cpu/linalg_batch_families,batched_lu,f64,1,4x2x2,pytorch-cpu,0.011401,0.000211,ok,"partial-pivot LU, P L U (torch.linalg.lu); input allocation outside timed region"
cpu/linalg_batch_families,batched_lu,f64,1,8x2x2,pytorch-cpu,0.011562,0.000101,ok,"partial-pivot LU, P L U (torch.linalg.lu); input allocation outside timed region"
cpu/linalg_batch_families,batched_lu,f64,1,1024x2x2,pytorch-cpu,0.167566,0.000681,ok,"partial-pivot LU, P L U (torch.linalg.lu); input allocation outside timed region"
cpu/linalg_batch_families,batched_lu,f64,1,1x4x4,pytorch-cpu,0.009728,0.000190,ok,"partial-pivot LU, P L U (torch.linalg.lu); input allocation outside timed region"
cpu/linalg_batch_families,batched_lu,f64,1,3x4x4,pytorch-cpu,0.011341,0.000160,ok,"partial-pivot LU, P L U (torch.linalg.lu); input allocation outside timed region"
cpu/linalg_batch_families,batched_lu,f64,1,4x4x4,pytorch-cpu,0.011562,0.000161,ok,"partial-pivot LU, P L U (torch.linalg.lu); input allocation outside timed region"
cpu/linalg_batch_families,batched_lu,f64,1,8x4x4,pytorch-cpu,0.012484,0.000149,ok,"partial-pivot LU, P L U (torch.linalg.lu); input allocation outside timed region"
cpu/linalg_batch_families,batched_lu,f64,1,1024x4x4,pytorch-cpu,0.230844,0.002946,ok,"partial-pivot LU, P L U (torch.linalg.lu); input allocation outside timed region"
cpu/linalg_batch_families,batched_lu,f64,1,1x8x8,pytorch-cpu,0.009668,0.000100,ok,"partial-pivot LU, P L U (torch.linalg.lu); input allocation outside timed region"
cpu/linalg_batch_families,batched_lu,f64,1,3x8x8,pytorch-cpu,0.012494,0.000180,ok,"partial-pivot LU, P L U (torch.linalg.lu); input allocation outside timed region"
cpu/linalg_batch_families,batched_lu,f64,1,4x8x8,pytorch-cpu,0.012935,0.000160,ok,"partial-pivot LU, P L U (torch.linalg.lu); input allocation outside timed region"
cpu/linalg_batch_families,batched_lu,f64,1,8x8x8,pytorch-cpu,0.014608,0.000140,ok,"partial-pivot LU, P L U (torch.linalg.lu); input allocation outside timed region"
cpu/linalg_batch_families,batched_lu,f64,1,1024x8x8,pytorch-cpu,0.519078,0.004899,ok,"partial-pivot LU, P L U (torch.linalg.lu); input allocation outside timed region"
cpu/linalg_batch_families,batched_lu,f64,1,1x32x32,pytorch-cpu,0.017904,0.000151,ok,"partial-pivot LU, P L U (torch.linalg.lu); input allocation outside timed region"
cpu/linalg_batch_families,batched_lu,f64,1,8x32x32,pytorch-cpu,0.078317,0.000380,ok,"partial-pivot LU, P L U (torch.linalg.lu); input allocation outside timed region"
cpu/linalg_batch_families,batched_lu,f64,1,1x128x128,pytorch-cpu,0.172445,0.000681,ok,"partial-pivot LU, P L U (torch.linalg.lu); input allocation outside timed region"
cpu/linalg_batch_families,batched_lu,f64,1,8x128x128,pytorch-cpu,1.316438,0.003276,ok,"partial-pivot LU, P L U (torch.linalg.lu); input allocation outside timed region"
cpu/linalg_batch_families,batched_lu,f64,1,1x64x24,pytorch-cpu,0.019357,0.000181,ok,"partial-pivot LU, P L U (torch.linalg.lu); input allocation outside timed region"
cpu/linalg_uncovered,cholesky,f64,1,1536x1536,pytorch-cpu,78.937376,0.193515,ok,SPD input; input allocation outside timed region
cpu/linalg_uncovered,eig,f64,1,160x160,pytorch-cpu,8.365922,0.013386,ok,general input; input allocation outside timed region
cpu/linalg_uncovered,eigvals,f64,1,192x192,pytorch-cpu,9.314438,0.021150,ok,general input values only; input allocation outside timed region
cpu/linalg_uncovered,eigvalsh,f64,1,512x512,pytorch-cpu,19.572082,0.050715,ok,SPD input values only; input allocation outside timed region
cpu/linalg_uncovered,triangular_solve,f64,1,"4096x4096,rhs=64",pytorch-cpu,34.280345,0.126578,ok,lower-triangular solve; input allocation outside timed region
cpu/linalg_uncovered,det,f64,1,1024x1024,pytorch-cpu,27.711897,0.032912,ok,well-conditioned input; input allocation outside timed region
cpu/linalg_uncovered,slogdet,f64,1,1024x1024,pytorch-cpu,27.701998,0.045536,ok,well-conditioned input; input allocation outside timed region
cpu/linalg_uncovered,inv,f64,1,768x768,pytorch-cpu,46.545618,0.060945,ok,well-conditioned input; input allocation outside timed region
cpu/linalg_uncovered,pinv,f64,1,512x256,pytorch-cpu,21.872172,0.069962,ok,rectangular input; input allocation outside timed region
cpu/linalg_uncovered,pinv_with_rtol,f64,1,512x256,pytorch-cpu,21.878985,0.046257,ok,rectangular input; rtol=1e-12; input allocation outside timed region
cpu/linalg_uncovered,lu,f64,1,1024x1024,pytorch-cpu,36.956353,0.802291,ok,partial-pivot LU; input allocation outside timed region
cpu/linalg_uncovered,lstsq,f64,1,"768x384,rhs=16",pytorch-cpu,9.829848,0.033503,ok,tall full-column-rank QR least-squares solve; GEL driver; solution output; input allocation outside timed region
cpu/linalg_uncovered,svd_full,f64,1,768x384,pytorch-cpu,64.845694,0.055084,ok,full-matrices SVD; input allocation outside timed region
cpu/linalg_uncovered,norm_fro,f64,1,2048x2048,pytorch-cpu,0.979985,0.016872,ok,Frobenius norm; input allocation outside timed region
cpu/complex,conj,c64,1,16777216,pytorch-cpu,62.450123,0.526972,ok,physical complex conjugate output; input allocation outside timed region
cpu/complex,mul,c64,1,8388608,pytorch-cpu,36.328481,0.555116,ok,complex elementwise; input allocation outside timed region
cpu/complex,div,c64,1,8388608,pytorch-cpu,66.165800,0.245503,ok,complex elementwise; input allocation outside timed region
cpu/complex,exp,c64,1,4194304,pytorch-cpu,101.184184,0.149241,ok,complex analytic; input allocation outside timed region
cpu/complex,log,c64,1,4194304,pytorch-cpu,134.407719,0.377100,ok,complex analytic; input allocation outside timed region
cpu/complex,dot_general,c64,1,640x640,pytorch-cpu,61.491689,0.139202,ok,complex matrix multiply; input allocation outside timed region
cpu/complex,dot_general_with_conj,c64,1,640x640,pytorch-cpu,61.859722,0.138030,ok,conjugated-lhs matrix multiply using PyTorch's lazy conjugate view; input allocation outside timed region
cpu/complex,tensordot,c64,1,640x640,pytorch-cpu,61.536884,0.107572,ok,complex matrix contraction over one axis; input allocation outside timed region
cpu/complex,svd,c64,1,160x160,pytorch-cpu,8.550339,0.022172,ok,complex SVD; input allocation outside timed region
cpu/complex,qr,c64,1,256x256,pytorch-cpu,11.035768,0.024797,ok,complex QR; input allocation outside timed region
cpu/complex,eig,c64,1,112x112,pytorch-cpu,12.634558,0.013044,ok,complex eig; input allocation outside timed region
cpu/complex,solve,c64,1,"384x384,rhs=8",pytorch-cpu,6.551205,0.017273,ok,complex solve; input allocation outside timed region
cpu/complex,cholesky,c64,1,448x448,pytorch-cpu,6.105596,0.016401,ok,Hermitian positive definite; input allocation outside timed region
cpu/complex,norm_fro,c64,1,2048x1536,pytorch-cpu,19.860714,0.045035,ok,complex Frobenius norm; input allocation outside timed region
cpu/elementwise_reduction,add,f64,1,33554432,jax-cpu,77.740994,3.246563,ok,binary elementwise; inputs and XLA compilation outside timed region
cpu/elementwise_reduction,sub,f64,1,33554432,jax-cpu,77.845942,3.080400,ok,binary elementwise; inputs and XLA compilation outside timed region
cpu/elementwise_reduction,mul,f64,1,33554432,jax-cpu,78.390337,3.449886,ok,binary elementwise; inputs and XLA compilation outside timed region
cpu/elementwise_reduction,div,f64,1,33554432,jax-cpu,77.547049,2.355566,ok,binary elementwise; inputs and XLA compilation outside timed region
cpu/elementwise_reduction,neg,f64,1,33554432,jax-cpu,66.760680,2.925398,ok,unary elementwise; inputs and XLA compilation outside timed region
cpu/elementwise_reduction,abs,f64,1,33554432,jax-cpu,66.335639,2.899971,ok,unary elementwise; inputs and XLA compilation outside timed region
cpu/elementwise_reduction,sign,f64,1,33554432,jax-cpu,70.213180,2.848232,ok,unary elementwise; inputs and XLA compilation outside timed region
cpu/elementwise_reduction,maximum,f64,1,33554432,jax-cpu,75.985278,2.589316,ok,binary elementwise; inputs and XLA compilation outside timed region
cpu/elementwise_reduction,minimum,f64,1,33554432,jax-cpu,75.028236,0.851464,ok,binary elementwise; inputs and XLA compilation outside timed region
cpu/elementwise_reduction,compare_lt,f64,1,33554432,jax-cpu,24.801707,0.871060,ok,ordered compare; inputs and XLA compilation outside timed region
cpu/elementwise_reduction,select,f64,1,33554432,jax-cpu,95.327326,0.650415,ok,ternary select; inputs and XLA compilation outside timed region
cpu/elementwise_reduction,sqrt,f64,1,33554432,jax-cpu,68.539639,2.795955,ok,analytic unary; inputs and XLA compilation outside timed region
cpu/elementwise_reduction,rsqrt,f64,1,33554432,jax-cpu,148.550036,1.542754,ok,analytic unary; inputs and XLA compilation outside timed region
cpu/elementwise_reduction,rem,f64,1,8388608,jax-cpu,55.818879,0.556568,ok,binary elementwise; inputs and XLA compilation outside timed region
cpu/elementwise_reduction,clamp,f64,1,8388608,jax-cpu,22.823032,0.451169,ok,clamp with tensor bounds; inputs and XLA compilation outside timed region
cpu/elementwise_reduction,exp,f64,1,8388608,jax-cpu,21.533685,0.283344,ok,analytic unary; inputs and XLA compilation outside timed region
cpu/elementwise_reduction,log,f64,1,8388608,jax-cpu,49.852855,0.334690,ok,analytic unary; inputs and XLA compilation outside timed region
cpu/elementwise_reduction,sin,f64,1,8388608,jax-cpu,117.030060,0.349028,ok,analytic unary; inputs and XLA compilation outside timed region
cpu/elementwise_reduction,cos,f64,1,8388608,jax-cpu,117.972964,0.223070,ok,analytic unary; inputs and XLA compilation outside timed region
cpu/elementwise_reduction,tanh,f64,1,8388608,jax-cpu,20.427352,0.078227,ok,analytic unary; inputs and XLA compilation outside timed region
cpu/elementwise_reduction,pow,f64,1,4194304,jax-cpu,65.591648,0.146425,ok,binary analytic with tensor exponent; inputs and XLA compilation outside timed region
cpu/elementwise_reduction,expm1,f64,1,4194304,jax-cpu,13.905031,0.159721,ok,analytic unary; inputs and XLA compilation outside timed region
cpu/elementwise_reduction,log1p,f64,1,4194304,jax-cpu,26.175404,0.037892,ok,analytic unary; inputs and XLA compilation outside timed region
cpu/elementwise_reduction,chain_log1p_exp_mul,f64,1,4194304,jax-cpu,44.019392,0.265429,ok,short elementwise chain; inputs and XLA compilation outside timed region
cpu/elementwise_reduction,reduce_sum_all,f64,1,8192x4096,jax-cpu,25.513488,0.084409,ok,full reduction; inputs and XLA compilation outside timed region
cpu/elementwise_reduction,reduce_prod_all,f64,1,8192x4096,jax-cpu,37.806434,0.095039,ok,full reduction; inputs and XLA compilation outside timed region
cpu/elementwise_reduction,reduce_max_all,f64,1,8192x4096,jax-cpu,79.253552,0.122821,ok,full reduction; inputs and XLA compilation outside timed region
cpu/elementwise_reduction,reduce_min_all,f64,1,8192x4096,jax-cpu,79.233143,0.064581,ok,full reduction; inputs and XLA compilation outside timed region
cpu/elementwise_reduction,reduce_max_axis0,f64,1,2048x2048,jax-cpu,1.946304,0.047429,ok,axis reduction; inputs and XLA compilation outside timed region
cpu/elementwise_reduction,reduce_min_axis1,f64,1,4096x4096,jax-cpu,20.500429,0.152898,ok,axis reduction; inputs and XLA compilation outside timed region
cpu/elementwise_reduction,reduce_max_axis1,f64,1,2048x2048,jax-cpu,5.175665,0.031108,ok,axis reduction; inputs and XLA compilation outside timed region
cpu/elementwise_reduction,reduce_min_axis0,f64,1,2048x2048,jax-cpu,1.916759,0.331063,ok,axis reduction; inputs and XLA compilation outside timed region
cpu/elementwise_reduction,reduce_sum_axis0,f64,1,2048x2048,jax-cpu,1.613368,0.062027,ok,axis reduction; inputs and XLA compilation outside timed region
cpu/elementwise_reduction,reduce_sum_axis1,f64,1,2048x2048,jax-cpu,1.262116,0.017574,ok,axis reduction; inputs and XLA compilation outside timed region
cpu/elementwise_reduction,reduce_prod_axis0,f64,1,2048x2048,jax-cpu,1.564345,0.064381,ok,axis reduction; inputs and XLA compilation outside timed region
cpu/elementwise_reduction,reduce_prod_axis1,f64,1,2048x2048,jax-cpu,1.414433,0.011471,ok,axis reduction; inputs and XLA compilation outside timed region
cpu/indexing_layout,gather,f64,1,262144,jax-cpu,0.311467,0.007484,ok,1D gather; inputs and XLA compilation outside timed region
cpu/indexing_layout,scatter,f64,1,262144,jax-cpu,0.302901,0.016210,ok,1D scatter; inputs and XLA compilation outside timed region
cpu/indexing_layout,slice,f64,1,4194304 -> 2096128,jax-cpu,0.934890,0.117802,ok,static slice materialized output; inputs and XLA compilation outside timed region
cpu/indexing_layout,dynamic_slice,f64,1,4194304 -> 2097152,jax-cpu,0.589129,0.185429,ok,runtime-start slice; inputs and XLA compilation outside timed region
cpu/indexing_layout,dynamic_update_slice,f64,1,2097152,jax-cpu,0.750844,0.008977,ok,runtime-start update; inputs and XLA compilation outside timed region
cpu/indexing_layout,pad,f64,1,2097152,jax-cpu,0.906016,0.006051,ok,edge padding; inputs and XLA compilation outside timed region
cpu/indexing_layout,concatenate,f64,1,1048576+1048576,jax-cpu,0.527944,0.174469,ok,concatenate along axis 0; inputs and XLA compilation outside timed region
cpu/indexing_layout,reverse,f64,1,2097152,jax-cpu,0.575975,0.127881,ok,reverse axis 0; inputs and XLA compilation outside timed region
cpu/structural_shape,transpose,f64,1,4096x4096,jax-cpu,49.131286,0.387530,ok,materialized matrix transpose; inputs and XLA compilation outside timed region
cpu/structural_shape,reshape,f64,1,33554432 -> 8192x4096,jax-cpu,63.107712,0.735254,ok,materialized reshape; JAX arrays have value semantics and no public strided-view contract; inputs and XLA compilation outside timed region
cpu/structural_shape,broadcast_in_dim,f64,1,8192x1 -> 8192x4096,jax-cpu,59.318428,1.304105,ok,materialized broadcast; inputs and XLA compilation outside timed region
cpu/structural_shape,cast_f64_f32,f64->f32,1,33554432,jax-cpu,44.141702,0.676393,ok,dtype cast; inputs and XLA compilation outside timed region
cpu/structural_shape,extract_diagonal,f64,1,8388608x2x2 -> 8388608x2,jax-cpu,31.140142,0.677145,ok,batched matrix diagonal extraction; inputs and XLA compilation outside timed region
cpu/structural_shape,embed_diagonal,f64,1,8192 -> 8192x8192,jax-cpu,119.668437,0.715567,ok,embed vector as matrix diagonal; inputs and XLA compilation outside timed region
cpu/structural_shape,tril,f64,1,4096x4096,jax-cpu,37.945465,0.564553,ok,lower triangle; inputs and XLA compilation outside timed region
cpu/structural_shape,triu,f64,1,4096x4096,jax-cpu,38.464342,0.598156,ok,upper triangle; inputs and XLA compilation outside timed region
cpu/einsum_concrete,einsum_ij_jk_ik,f64,1,1024x1024,jax-cpu,59.236172,0.132530,ok,jnp.einsum allocation-returning API; inputs and XLA compilation outside timed region
cpu/linalg_uncovered,cholesky,f64,1,1536x1536,jax-cpu,71.830235,0.194727,ok,SPD input; inputs and XLA compilation outside timed region
cpu/linalg_uncovered,eig,f64,1,160x160,jax-cpu,7.575473,0.237527,ok,general input; inputs and XLA compilation outside timed region
cpu/linalg_uncovered,eigvals,f64,1,192x192,jax-cpu,9.419766,0.046527,ok,general input values only; inputs and XLA compilation outside timed region
cpu/linalg_uncovered,eigvalsh,f64,1,512x512,jax-cpu,32.839101,0.136488,ok,SPD input values only; inputs and XLA compilation outside timed region
cpu/linalg_uncovered,triangular_solve,f64,1,"4096x4096,rhs=64",jax-cpu,120.383403,0.971108,ok,lower-triangular solve; inputs and XLA compilation outside timed region
cpu/linalg_uncovered,det,f64,1,1024x1024,jax-cpu,20.724511,0.063149,ok,well-conditioned input; inputs and XLA compilation outside timed region
cpu/linalg_uncovered,slogdet,f64,1,1024x1024,jax-cpu,20.806255,0.037500,ok,well-conditioned input; inputs and XLA compilation outside timed region
cpu/linalg_uncovered,inv,f64,1,768x768,jax-cpu,33.074324,0.109616,ok,well-conditioned input; inputs and XLA compilation outside timed region
cpu/linalg_uncovered,pinv,f64,1,512x256,jax-cpu,17.832095,0.038963,ok,rectangular input; inputs and XLA compilation outside timed region
cpu/linalg_uncovered,pinv_with_rtol,f64,1,512x256,jax-cpu,17.784836,0.048301,ok,rectangular input; rtol=1e-12; inputs and XLA compilation outside timed region
cpu/linalg_uncovered,lu,f64,1,1024x1024,jax-cpu,33.278308,0.137689,ok,partial-pivot LU; inputs and XLA compilation outside timed region
cpu/linalg_uncovered,lstsq,f64,1,"768x384,rhs=16",jax-cpu,38.119904,0.295838,ok,tall full-column-rank least-squares solve; solution output; JAX chooses its native solver; inputs and XLA compilation outside timed region
cpu/linalg_uncovered,svd_full,f64,1,768x384,jax-cpu,52.654160,0.124405,ok,full-matrices SVD; inputs and XLA compilation outside timed region
cpu/linalg_uncovered,norm_fro,f64,1,2048x2048,jax-cpu,4.689700,0.058780,ok,Frobenius norm; inputs and XLA compilation outside timed region
cpu/linalg_batched,batched_lu_factor,f64,1,"1024x2x2,rhs=1",jax-cpu,0.091733,0.005601,ok,packed LU factorization only (jax.scipy.linalg.lu_factor); inputs and XLA compilation outside timed region
cpu/linalg_batched,batched_lu_factor,f64,1,"1024x4x4,rhs=1",jax-cpu,0.182043,0.065514,ok,packed LU factorization only (jax.scipy.linalg.lu_factor); inputs and XLA compilation outside timed region
cpu/linalg_batched,batched_lu_factor,f64,1,"1024x8x8,rhs=1",jax-cpu,0.468422,0.030207,ok,packed LU factorization only (jax.scipy.linalg.lu_factor); inputs and XLA compilation outside timed region
cpu/linalg_batched,batched_lu_factor,f64,1,"1024x16x16,rhs=1",jax-cpu,2.556093,0.146805,ok,packed LU factorization only (jax.scipy.linalg.lu_factor); inputs and XLA compilation outside timed region
cpu/linalg_batched,batched_lu_solve,f64,1,"1024x2x2,rhs=1",jax-cpu,0.172725,0.021751,ok,solve with prepared LU factors (jax.scipy.linalg.lu_solve); inputs and XLA compilation outside timed region
cpu/linalg_batched,batched_lu_solve,f64,1,"1024x4x4,rhs=1",jax-cpu,0.213452,0.004007,ok,solve with prepared LU factors (jax.scipy.linalg.lu_solve); inputs and XLA compilation outside timed region
cpu/linalg_batched,batched_lu_solve,f64,1,"1024x8x8,rhs=1",jax-cpu,0.352013,0.005109,ok,solve with prepared LU factors (jax.scipy.linalg.lu_solve); inputs and XLA compilation outside timed region
cpu/linalg_batched,batched_lu_solve,f64,1,"1024x16x16,rhs=1",jax-cpu,0.773036,0.009508,ok,solve with prepared LU factors (jax.scipy.linalg.lu_solve); inputs and XLA compilation outside timed region
cpu/linalg_batched,batched_triangular_solve,f64,1,"1024x2x2,rhs=1",jax-cpu,0.082174,0.000540,ok,lower-triangular solve (jax.scipy.linalg.solve_triangular); inputs and XLA compilation outside timed region
cpu/linalg_batched,batched_triangular_solve,f64,1,"1024x4x4,rhs=1",jax-cpu,0.102083,0.001083,ok,lower-triangular solve (jax.scipy.linalg.solve_triangular); inputs and XLA compilation outside timed region
cpu/linalg_batched,batched_triangular_solve,f64,1,"1024x8x8,rhs=1",jax-cpu,0.171843,0.008716,ok,lower-triangular solve (jax.scipy.linalg.solve_triangular); inputs and XLA compilation outside timed region
cpu/linalg_batched,batched_triangular_solve,f64,1,"1024x16x16,rhs=1",jax-cpu,0.367912,0.004048,ok,lower-triangular solve (jax.scipy.linalg.solve_triangular); inputs and XLA compilation outside timed region
cpu/linalg_batch_families,batched_solve,f64,1,"1x2x2,rhs=1",jax-cpu,0.008907,0.000820,ok,"general solve, one rhs column (jnp.linalg.solve); inputs and XLA compilation outside timed region"
cpu/linalg_batch_families,batched_solve,f64,1,"3x2x2,rhs=1",jax-cpu,0.009879,0.000652,ok,"general solve, one rhs column (jnp.linalg.solve); inputs and XLA compilation outside timed region"
cpu/linalg_batch_families,batched_solve,f64,1,"4x2x2,rhs=1",jax-cpu,0.010119,0.000532,ok,"general solve, one rhs column (jnp.linalg.solve); inputs and XLA compilation outside timed region"
cpu/linalg_batch_families,batched_solve,f64,1,"8x2x2,rhs=1",jax-cpu,0.012343,0.012845,ok,"general solve, one rhs column (jnp.linalg.solve); inputs and XLA compilation outside timed region"
cpu/linalg_batch_families,batched_solve,f64,1,"1024x2x2,rhs=1",jax-cpu,0.256483,0.026791,ok,"general solve, one rhs column (jnp.linalg.solve); inputs and XLA compilation outside timed region"
cpu/linalg_batch_families,batched_solve,f64,1,"1x4x4,rhs=1",jax-cpu,0.008847,0.000431,ok,"general solve, one rhs column (jnp.linalg.solve); inputs and XLA compilation outside timed region"
cpu/linalg_batch_families,batched_solve,f64,1,"3x4x4,rhs=1",jax-cpu,0.010781,0.000501,ok,"general solve, one rhs column (jnp.linalg.solve); inputs and XLA compilation outside timed region"
cpu/linalg_batch_families,batched_solve,f64,1,"4x4x4,rhs=1",jax-cpu,0.011231,0.011131,ok,"general solve, one rhs column (jnp.linalg.solve); inputs and XLA compilation outside timed region"
cpu/linalg_batch_families,batched_solve,f64,1,"8x4x4,rhs=1",jax-cpu,0.012975,0.014617,ok,"general solve, one rhs column (jnp.linalg.solve); inputs and XLA compilation outside timed region"
cpu/linalg_batch_families,batched_solve,f64,1,"1024x4x4,rhs=1",jax-cpu,0.361049,0.005160,ok,"general solve, one rhs column (jnp.linalg.solve); inputs and XLA compilation outside timed region"
cpu/linalg_batch_families,batched_solve,f64,1,"1x8x8,rhs=1",jax-cpu,0.009508,0.000590,ok,"general solve, one rhs column (jnp.linalg.solve); inputs and XLA compilation outside timed region"
cpu/linalg_batch_families,batched_solve,f64,1,"3x8x8,rhs=1",jax-cpu,0.012904,0.000550,ok,"general solve, one rhs column (jnp.linalg.solve); inputs and XLA compilation outside timed region"
cpu/linalg_batch_families,batched_solve,f64,1,"4x8x8,rhs=1",jax-cpu,0.013656,0.000750,ok,"general solve, one rhs column (jnp.linalg.solve); inputs and XLA compilation outside timed region"
cpu/linalg_batch_families,batched_solve,f64,1,"8x8x8,rhs=1",jax-cpu,0.016882,0.000922,ok,"general solve, one rhs column (jnp.linalg.solve); inputs and XLA compilation outside timed region"
cpu/linalg_batch_families,batched_solve,f64,1,"1024x8x8,rhs=1",jax-cpu,0.772033,0.012113,ok,"general solve, one rhs column (jnp.linalg.solve); inputs and XLA compilation outside timed region"
cpu/linalg_batch_families,batched_solve,f64,1,"1x32x32,rhs=1",jax-cpu,0.022552,0.018965,ok,"general solve, one rhs column (jnp.linalg.solve); inputs and XLA compilation outside timed region"
cpu/linalg_batch_families,batched_solve,f64,1,"8x32x32,rhs=1",jax-cpu,0.088236,0.030036,ok,"general solve, one rhs column (jnp.linalg.solve); inputs and XLA compilation outside timed region"
cpu/linalg_batch_families,batched_solve,f64,1,"1x128x128,rhs=1",jax-cpu,0.141827,0.005130,ok,"general solve, one rhs column (jnp.linalg.solve); inputs and XLA compilation outside timed region"
cpu/linalg_batch_families,batched_solve,f64,1,"8x128x128,rhs=1",jax-cpu,0.954427,0.008766,ok,"general solve, one rhs column (jnp.linalg.solve); inputs and XLA compilation outside timed region"
cpu/linalg_batch_families,batched_cholesky,f64,1,1x2x2,jax-cpu,0.007064,0.001031,ok,SPD Cholesky (jnp.linalg.cholesky); inputs and XLA compilation outside timed region
cpu/linalg_batch_families,batched_cholesky,f64,1,3x2x2,jax-cpu,0.007003,0.000471,ok,SPD Cholesky (jnp.linalg.cholesky); inputs and XLA compilation outside timed region
cpu/linalg_batch_families,batched_cholesky,f64,1,4x2x2,jax-cpu,0.006994,0.000421,ok,SPD Cholesky (jnp.linalg.cholesky); inputs and XLA compilation outside timed region
cpu/linalg_batch_families,batched_cholesky,f64,1,8x2x2,jax-cpu,0.007213,0.000622,ok,SPD Cholesky (jnp.linalg.cholesky); inputs and XLA compilation outside timed region
cpu/linalg_batch_families,batched_cholesky,f64,1,1024x2x2,jax-cpu,0.079449,0.004148,ok,SPD Cholesky (jnp.linalg.cholesky); inputs and XLA compilation outside timed region
cpu/linalg_batch_families,batched_cholesky,f64,1,1x4x4,jax-cpu,0.006953,0.000450,ok,SPD Cholesky (jnp.linalg.cholesky); inputs and XLA compilation outside timed region
cpu/linalg_batch_families,batched_cholesky,f64,1,3x4x4,jax-cpu,0.007064,0.000611,ok,SPD Cholesky (jnp.linalg.cholesky); inputs and XLA compilation outside timed region
cpu/linalg_batch_families,batched_cholesky,f64,1,4x4x4,jax-cpu,0.007283,0.000460,ok,SPD Cholesky (jnp.linalg.cholesky); inputs and XLA compilation outside timed region
cpu/linalg_batch_families,batched_cholesky,f64,1,8x4x4,jax-cpu,0.008195,0.000881,ok,SPD Cholesky (jnp.linalg.cholesky); inputs and XLA compilation outside timed region
cpu/linalg_batch_families,batched_cholesky,f64,1,1024x4x4,jax-cpu,0.132229,0.003296,ok,SPD Cholesky (jnp.linalg.cholesky); inputs and XLA compilation outside timed region
cpu/linalg_batch_families,batched_cholesky,f64,1,1x8x8,jax-cpu,0.007043,0.000591,ok,SPD Cholesky (jnp.linalg.cholesky); inputs and XLA compilation outside timed region
cpu/linalg_batch_families,batched_cholesky,f64,1,3x8x8,jax-cpu,0.007755,0.000331,ok,SPD Cholesky (jnp.linalg.cholesky); inputs and XLA compilation outside timed region
cpu/linalg_batch_families,batched_cholesky,f64,1,4x8x8,jax-cpu,0.011952,0.004979,ok,SPD Cholesky (jnp.linalg.cholesky); inputs and XLA compilation outside timed region
cpu/linalg_batch_families,batched_cholesky,f64,1,8x8x8,jax-cpu,0.012874,0.005521,ok,SPD Cholesky (jnp.linalg.cholesky); inputs and XLA compilation outside timed region
cpu/linalg_batch_families,batched_cholesky,f64,1,1024x8x8,jax-cpu,0.278284,0.010189,ok,SPD Cholesky (jnp.linalg.cholesky); inputs and XLA compilation outside timed region
cpu/linalg_batch_families,batched_cholesky,f64,1,1x32x32,jax-cpu,0.014407,0.005702,ok,SPD Cholesky (jnp.linalg.cholesky); inputs and XLA compilation outside timed region
cpu/linalg_batch_families,batched_cholesky,f64,1,8x32x32,jax-cpu,0.056266,0.009087,ok,SPD Cholesky (jnp.linalg.cholesky); inputs and XLA compilation outside timed region
cpu/linalg_batch_families,batched_cholesky,f64,1,1x128x128,jax-cpu,0.097473,0.007464,ok,SPD Cholesky (jnp.linalg.cholesky); inputs and XLA compilation outside timed region
cpu/linalg_batch_families,batched_cholesky,f64,1,8x128x128,jax-cpu,0.716088,0.008014,ok,SPD Cholesky (jnp.linalg.cholesky); inputs and XLA compilation outside timed region
cpu/linalg_batch_families,batched_qr,f64,1,1x2x2,jax-cpu,0.010540,0.000872,ok,thin QR (jnp.linalg.qr); inputs and XLA compilation outside timed region
cpu/linalg_batch_families,batched_qr,f64,1,3x2x2,jax-cpu,0.010921,0.000751,ok,thin QR (jnp.linalg.qr); inputs and XLA compilation outside timed region
cpu/linalg_batch_families,batched_qr,f64,1,4x2x2,jax-cpu,0.021260,0.012133,ok,thin QR (jnp.linalg.qr); inputs and XLA compilation outside timed region
cpu/linalg_batch_families,batched_qr,f64,1,8x2x2,jax-cpu,0.012153,0.000541,ok,thin QR (jnp.linalg.qr); inputs and XLA compilation outside timed region
cpu/linalg_batch_families,batched_qr,f64,1,1024x2x2,jax-cpu,0.264688,0.019176,ok,thin QR (jnp.linalg.qr); inputs and XLA compilation outside timed region
cpu/linalg_batch_families,batched_qr,f64,1,1x4x4,jax-cpu,0.010890,0.000732,ok,thin QR (jnp.linalg.qr); inputs and XLA compilation outside timed region
cpu/linalg_batch_families,batched_qr,f64,1,3x4x4,jax-cpu,0.012324,0.000370,ok,thin QR (jnp.linalg.qr); inputs and XLA compilation outside timed region
cpu/linalg_batch_families,batched_qr,f64,1,4x4x4,jax-cpu,0.013165,0.000871,ok,thin QR (jnp.linalg.qr); inputs and XLA compilation outside timed region
cpu/linalg_batch_families,batched_qr,f64,1,8x4x4,jax-cpu,0.016040,0.000561,ok,thin QR (jnp.linalg.qr); inputs and XLA compilation outside timed region
cpu/linalg_batch_families,batched_qr,f64,1,1024x4x4,jax-cpu,0.746125,0.004168,ok,thin QR (jnp.linalg.qr); inputs and XLA compilation outside timed region
cpu/linalg_batch_families,batched_qr,f64,1,1x8x8,jax-cpu,0.024406,0.000871,ok,thin QR (jnp.linalg.qr); inputs and XLA compilation outside timed region
cpu/linalg_batch_families,batched_qr,f64,1,3x8x8,jax-cpu,0.016781,0.017473,ok,thin QR (jnp.linalg.qr); inputs and XLA compilation outside timed region
cpu/linalg_batch_families,batched_qr,f64,1,4x8x8,jax-cpu,0.019056,0.019947,ok,thin QR (jnp.linalg.qr); inputs and XLA compilation outside timed region
cpu/linalg_batch_families,batched_qr,f64,1,8x8x8,jax-cpu,0.027041,0.000430,ok,thin QR (jnp.linalg.qr); inputs and XLA compilation outside timed region
cpu/linalg_batch_families,batched_qr,f64,1,1024x8x8,jax-cpu,2.186807,0.008485,ok,thin QR (jnp.linalg.qr); inputs and XLA compilation outside timed region
cpu/linalg_batch_families,batched_qr,f64,1,1x32x32,jax-cpu,0.033994,0.004308,ok,thin QR (jnp.linalg.qr); inputs and XLA compilation outside timed region
cpu/linalg_batch_families,batched_qr,f64,1,8x32x32,jax-cpu,0.187754,0.010800,ok,thin QR (jnp.linalg.qr); inputs and XLA compilation outside timed region
cpu/linalg_batch_families,batched_qr,f64,1,1x128x128,jax-cpu,0.562239,0.007705,ok,thin QR (jnp.linalg.qr); inputs and XLA compilation outside timed region
cpu/linalg_batch_families,batched_qr,f64,1,8x128x128,jax-cpu,4.458645,0.017413,ok,thin QR (jnp.linalg.qr); inputs and XLA compilation outside timed region
cpu/linalg_batch_families,batched_qr,f64,1,1x64x24,jax-cpu,0.031389,0.003527,ok,thin QR (jnp.linalg.qr); inputs and XLA compilation outside timed region
cpu/linalg_batch_families,batched_eigh,f64,1,1x2x2,jax-cpu,0.010420,0.000731,ok,symmetric/Hermitian eigendecomposition (jnp.linalg.eigh); inputs and XLA compilation outside timed region
cpu/linalg_batch_families,batched_eigh,f64,1,3x2x2,jax-cpu,0.010239,0.010941,ok,symmetric/Hermitian eigendecomposition (jnp.linalg.eigh); inputs and XLA compilation outside timed region
cpu/linalg_batch_families,batched_eigh,f64,1,4x2x2,jax-cpu,0.011532,0.001082,ok,symmetric/Hermitian eigendecomposition (jnp.linalg.eigh); inputs and XLA compilation outside timed region
cpu/linalg_batch_families,batched_eigh,f64,1,8x2x2,jax-cpu,0.012884,0.000501,ok,symmetric/Hermitian eigendecomposition (jnp.linalg.eigh); inputs and XLA compilation outside timed region
cpu/linalg_batch_families,batched_eigh,f64,1,1024x2x2,jax-cpu,0.356481,0.005952,ok,symmetric/Hermitian eigendecomposition (jnp.linalg.eigh); inputs and XLA compilation outside timed region
cpu/linalg_batch_families,batched_eigh,f64,1,1x4x4,jax-cpu,0.011471,0.000491,ok,symmetric/Hermitian eigendecomposition (jnp.linalg.eigh); inputs and XLA compilation outside timed region
cpu/linalg_batch_families,batched_eigh,f64,1,3x4x4,jax-cpu,0.015029,0.000361,ok,symmetric/Hermitian eigendecomposition (jnp.linalg.eigh); inputs and XLA compilation outside timed region
cpu/linalg_batch_families,batched_eigh,f64,1,4x4x4,jax-cpu,0.035417,0.017794,ok,symmetric/Hermitian eigendecomposition (jnp.linalg.eigh); inputs and XLA compilation outside timed region
cpu/linalg_batch_families,batched_eigh,f64,1,8x4x4,jax-cpu,0.025739,0.000762,ok,symmetric/Hermitian eigendecomposition (jnp.linalg.eigh); inputs and XLA compilation outside timed region
cpu/linalg_batch_families,batched_eigh,f64,1,1024x4x4,jax-cpu,2.098471,0.018133,ok,symmetric/Hermitian eigendecomposition (jnp.linalg.eigh); inputs and XLA compilation outside timed region
cpu/linalg_batch_families,batched_eigh,f64,1,1x8x8,jax-cpu,0.015830,0.000732,ok,symmetric/Hermitian eigendecomposition (jnp.linalg.eigh); inputs and XLA compilation outside timed region
cpu/linalg_batch_families,batched_eigh,f64,1,3x8x8,jax-cpu,0.030267,0.029846,ok,symmetric/Hermitian eigendecomposition (jnp.linalg.eigh); inputs and XLA compilation outside timed region
cpu/linalg_batch_families,batched_eigh,f64,1,4x8x8,jax-cpu,0.036979,0.000732,ok,symmetric/Hermitian eigendecomposition (jnp.linalg.eigh); inputs and XLA compilation outside timed region
cpu/linalg_batch_families,batched_eigh,f64,1,8x8x8,jax-cpu,0.068139,0.004558,ok,symmetric/Hermitian eigendecomposition (jnp.linalg.eigh); inputs and XLA compilation outside timed region
cpu/linalg_batch_families,batched_eigh,f64,1,1024x8x8,jax-cpu,6.996794,0.035006,ok,symmetric/Hermitian eigendecomposition (jnp.linalg.eigh); inputs and XLA compilation outside timed region
cpu/linalg_batch_families,batched_eigh,f64,1,1x32x32,jax-cpu,0.107633,0.003877,ok,symmetric/Hermitian eigendecomposition (jnp.linalg.eigh); inputs and XLA compilation outside timed region
cpu/linalg_batch_families,batched_eigh,f64,1,8x32x32,jax-cpu,0.772765,0.040517,ok,symmetric/Hermitian eigendecomposition (jnp.linalg.eigh); inputs and XLA compilation outside timed region
cpu/linalg_batch_families,batched_eigh,f64,1,1x128x128,jax-cpu,1.410896,0.026360,ok,symmetric/Hermitian eigendecomposition (jnp.linalg.eigh); inputs and XLA compilation outside timed region
cpu/linalg_batch_families,batched_eigh,f64,1,8x128x128,jax-cpu,11.124836,0.028324,ok,symmetric/Hermitian eigendecomposition (jnp.linalg.eigh); inputs and XLA compilation outside timed region
cpu/linalg_batch_families,batched_eigh,c64,1,1x2x2,jax-cpu,0.010119,0.000481,ok,symmetric/Hermitian eigendecomposition (jnp.linalg.eigh); inputs and XLA compilation outside timed region
cpu/linalg_batch_families,batched_eigh,c64,1,3x2x2,jax-cpu,0.011963,0.000471,ok,symmetric/Hermitian eigendecomposition (jnp.linalg.eigh); inputs and XLA compilation outside timed region
cpu/linalg_batch_families,batched_eigh,c64,1,4x2x2,jax-cpu,0.012503,0.000541,ok,symmetric/Hermitian eigendecomposition (jnp.linalg.eigh); inputs and XLA compilation outside timed region
cpu/linalg_batch_families,batched_eigh,c64,1,8x2x2,jax-cpu,0.016310,0.000561,ok,symmetric/Hermitian eigendecomposition (jnp.linalg.eigh); inputs and XLA compilation outside timed region
cpu/linalg_batch_families,batched_eigh,c64,1,1024x2x2,jax-cpu,0.842526,0.006072,ok,symmetric/Hermitian eigendecomposition (jnp.linalg.eigh); inputs and XLA compilation outside timed region
cpu/linalg_batch_families,batched_eigh,c64,1,1x4x4,jax-cpu,0.012764,0.000472,ok,symmetric/Hermitian eigendecomposition (jnp.linalg.eigh); inputs and XLA compilation outside timed region
cpu/linalg_batch_families,batched_eigh,c64,1,3x4x4,jax-cpu,0.018455,0.017682,ok,symmetric/Hermitian eigendecomposition (jnp.linalg.eigh); inputs and XLA compilation outside timed region
cpu/linalg_batch_families,batched_eigh,c64,1,4x4x4,jax-cpu,0.021631,0.002125,ok,symmetric/Hermitian eigendecomposition (jnp.linalg.eigh); inputs and XLA compilation outside timed region
cpu/linalg_batch_families,batched_eigh,c64,1,8x4x4,jax-cpu,0.032851,0.000431,ok,symmetric/Hermitian eigendecomposition (jnp.linalg.eigh); inputs and XLA compilation outside timed region
cpu/linalg_batch_families,batched_eigh,c64,1,1024x4x4,jax-cpu,3.361850,0.034866,ok,symmetric/Hermitian eigendecomposition (jnp.linalg.eigh); inputs and XLA compilation outside timed region
cpu/linalg_batch_families,batched_eigh,c64,1,1x8x8,jax-cpu,0.019918,0.000551,ok,symmetric/Hermitian eigendecomposition (jnp.linalg.eigh); inputs and XLA compilation outside timed region
cpu/linalg_batch_families,batched_eigh,c64,1,3x8x8,jax-cpu,0.041849,0.007654,ok,symmetric/Hermitian eigendecomposition (jnp.linalg.eigh); inputs and XLA compilation outside timed region
cpu/linalg_batch_families,batched_eigh,c64,1,4x8x8,jax-cpu,0.088426,0.046980,ok,symmetric/Hermitian eigendecomposition (jnp.linalg.eigh); inputs and XLA compilation outside timed region
cpu/linalg_batch_families,batched_eigh,c64,1,8x8x8,jax-cpu,0.091242,0.005160,ok,symmetric/Hermitian eigendecomposition (jnp.linalg.eigh); inputs and XLA compilation outside timed region
cpu/linalg_batch_families,batched_eigh,c64,1,1024x8x8,jax-cpu,9.944885,0.063871,ok,symmetric/Hermitian eigendecomposition (jnp.linalg.eigh); inputs and XLA compilation outside timed region
cpu/linalg_batch_families,batched_eigh,c64,1,1x32x32,jax-cpu,0.139583,0.020680,ok,symmetric/Hermitian eigendecomposition (jnp.linalg.eigh); inputs and XLA compilation outside timed region
cpu/linalg_batch_families,batched_eigh,c64,1,8x32x32,jax-cpu,1.026363,0.035587,ok,symmetric/Hermitian eigendecomposition (jnp.linalg.eigh); inputs and XLA compilation outside timed region
cpu/linalg_batch_families,batched_eigh,c64,1,1x128x128,jax-cpu,2.701697,0.047149,ok,symmetric/Hermitian eigendecomposition (jnp.linalg.eigh); inputs and XLA compilation outside timed region
cpu/linalg_batch_families,batched_eigh,c64,1,8x128x128,jax-cpu,21.889494,0.113403,ok,symmetric/Hermitian eigendecomposition (jnp.linalg.eigh); inputs and XLA compilation outside timed region
cpu/linalg_batch_families,batched_eigvalsh,f64,1,1x2x2,jax-cpu,0.007724,0.000491,ok,symmetric eigenvalues only (jnp.linalg.eigvalsh); inputs and XLA compilation outside timed region
cpu/linalg_batch_families,batched_eigvalsh,f64,1,3x2x2,jax-cpu,0.007965,0.000591,ok,symmetric eigenvalues only (jnp.linalg.eigvalsh); inputs and XLA compilation outside timed region
cpu/linalg_batch_families,batched_eigvalsh,f64,1,4x2x2,jax-cpu,0.016771,0.008256,ok,symmetric eigenvalues only (jnp.linalg.eigvalsh); inputs and XLA compilation outside timed region
cpu/linalg_batch_families,batched_eigvalsh,f64,1,8x2x2,jax-cpu,0.009778,0.000310,ok,symmetric eigenvalues only (jnp.linalg.eigvalsh); inputs and XLA compilation outside timed region
cpu/linalg_batch_families,batched_eigvalsh,f64,1,1024x2x2,jax-cpu,0.357573,0.008907,ok,symmetric eigenvalues only (jnp.linalg.eigvalsh); inputs and XLA compilation outside timed region
cpu/linalg_batch_families,batched_eigvalsh,f64,1,1x4x4,jax-cpu,0.009318,0.000430,ok,symmetric eigenvalues only (jnp.linalg.eigvalsh); inputs and XLA compilation outside timed region
cpu/linalg_batch_families,batched_eigvalsh,f64,1,3x4x4,jax-cpu,0.013095,0.000631,ok,symmetric eigenvalues only (jnp.linalg.eigvalsh); inputs and XLA compilation outside timed region
cpu/linalg_batch_families,batched_eigvalsh,f64,1,4x4x4,jax-cpu,0.015309,0.000632,ok,symmetric eigenvalues only (jnp.linalg.eigvalsh); inputs and XLA compilation outside timed region
cpu/linalg_batch_families,batched_eigvalsh,f64,1,8x4x4,jax-cpu,0.022883,0.000641,ok,symmetric eigenvalues only (jnp.linalg.eigvalsh); inputs and XLA compilation outside timed region
cpu/linalg_batch_families,batched_eigvalsh,f64,1,1024x4x4,jax-cpu,2.083804,0.015930,ok,symmetric eigenvalues only (jnp.linalg.eigvalsh); inputs and XLA compilation outside timed region
cpu/linalg_batch_families,batched_eigvalsh,f64,1,1x8x8,jax-cpu,0.013596,0.000511,ok,symmetric eigenvalues only (jnp.linalg.eigvalsh); inputs and XLA compilation outside timed region
cpu/linalg_batch_families,batched_eigvalsh,f64,1,3x8x8,jax-cpu,0.027923,0.000822,ok,symmetric eigenvalues only (jnp.linalg.eigvalsh); inputs and XLA compilation outside timed region
cpu/linalg_batch_families,batched_eigvalsh,f64,1,4x8x8,jax-cpu,0.034214,0.000601,ok,symmetric eigenvalues only (jnp.linalg.eigvalsh); inputs and XLA compilation outside timed region
cpu/linalg_batch_families,batched_eigvalsh,f64,1,8x8x8,jax-cpu,0.067247,0.007253,ok,symmetric eigenvalues only (jnp.linalg.eigvalsh); inputs and XLA compilation outside timed region
cpu/linalg_batch_families,batched_eigvalsh,f64,1,1024x8x8,jax-cpu,6.972588,0.041848,ok,symmetric eigenvalues only (jnp.linalg.eigvalsh); inputs and XLA compilation outside timed region
cpu/linalg_batch_families,batched_eigvalsh,f64,1,1x32x32,jax-cpu,0.105449,0.006311,ok,symmetric eigenvalues only (jnp.linalg.eigvalsh); inputs and XLA compilation outside timed region
cpu/linalg_batch_families,batched_eigvalsh,f64,1,8x32x32,jax-cpu,0.763247,0.006441,ok,symmetric eigenvalues only (jnp.linalg.eigvalsh); inputs and XLA compilation outside timed region
cpu/linalg_batch_families,batched_eigvalsh,f64,1,1x128x128,jax-cpu,1.380850,0.023544,ok,symmetric eigenvalues only (jnp.linalg.eigvalsh); inputs and XLA compilation outside timed region
cpu/linalg_batch_families,batched_eigvalsh,f64,1,8x128x128,jax-cpu,10.831514,0.039705,ok,symmetric eigenvalues only (jnp.linalg.eigvalsh); inputs and XLA compilation outside timed region
cpu/linalg_batch_families,batched_svd,f64,1,1x2x2,jax-cpu,0.012604,0.001103,ok,thin SVD (jnp.linalg.svd full_matrices=False); inputs and XLA compilation outside timed region
cpu/linalg_batch_families,batched_svd,f64,1,3x2x2,jax-cpu,0.015690,0.000631,ok,thin SVD (jnp.linalg.svd full_matrices=False); inputs and XLA compilation outside timed region
cpu/linalg_batch_families,batched_svd,f64,1,4x2x2,jax-cpu,0.016821,0.001282,ok,thin SVD (jnp.linalg.svd full_matrices=False); inputs and XLA compilation outside timed region
cpu/linalg_batch_families,batched_svd,f64,1,8x2x2,jax-cpu,0.021470,0.000410,ok,thin SVD (jnp.linalg.svd full_matrices=False); inputs and XLA compilation outside timed region
cpu/linalg_batch_families,batched_svd,f64,1,1024x2x2,jax-cpu,1.228253,0.007684,ok,thin SVD (jnp.linalg.svd full_matrices=False); inputs and XLA compilation outside timed region
cpu/linalg_batch_families,batched_svd,f64,1,1x4x4,jax-cpu,0.016130,0.017874,ok,thin SVD (jnp.linalg.svd full_matrices=False); inputs and XLA compilation outside timed region
cpu/linalg_batch_families,batched_svd,f64,1,3x4x4,jax-cpu,0.023545,0.023764,ok,thin SVD (jnp.linalg.svd full_matrices=False); inputs and XLA compilation outside timed region
cpu/linalg_batch_families,batched_svd,f64,1,4x4x4,jax-cpu,0.028344,0.000261,ok,thin SVD (jnp.linalg.svd full_matrices=False); inputs and XLA compilation outside timed region
cpu/linalg_batch_families,batched_svd,f64,1,8x4x4,jax-cpu,0.045655,0.000992,ok,thin SVD (jnp.linalg.svd full_matrices=False); inputs and XLA compilation outside timed region
cpu/linalg_batch_families,batched_svd,f64,1,1024x4x4,jax-cpu,4.183807,0.014047,ok,thin SVD (jnp.linalg.svd full_matrices=False); inputs and XLA compilation outside timed region
cpu/linalg_batch_families,batched_svd,f64,1,1x8x8,jax-cpu,0.024617,0.000681,ok,thin SVD (jnp.linalg.svd full_matrices=False); inputs and XLA compilation outside timed region
cpu/linalg_batch_families,batched_svd,f64,1,3x8x8,jax-cpu,0.049092,0.003798,ok,thin SVD (jnp.linalg.svd full_matrices=False); inputs and XLA compilation outside timed region
cpu/linalg_batch_families,batched_svd,f64,1,4x8x8,jax-cpu,0.061756,0.000381,ok,thin SVD (jnp.linalg.svd full_matrices=False); inputs and XLA compilation outside timed region
cpu/linalg_batch_families,batched_svd,f64,1,8x8x8,jax-cpu,0.126979,0.102392,ok,thin SVD (jnp.linalg.svd full_matrices=False); inputs and XLA compilation outside timed region
cpu/linalg_batch_families,batched_svd,f64,1,1024x8x8,jax-cpu,13.143447,0.054052,ok,thin SVD (jnp.linalg.svd full_matrices=False); inputs and XLA compilation outside timed region
cpu/linalg_batch_families,batched_svd,f64,1,1x32x32,jax-cpu,0.166173,0.013065,ok,thin SVD (jnp.linalg.svd full_matrices=False); inputs and XLA compilation outside timed region
cpu/linalg_batch_families,batched_svd,f64,1,8x32x32,jax-cpu,1.177858,0.010781,ok,thin SVD (jnp.linalg.svd full_matrices=False); inputs and XLA compilation outside timed region
cpu/linalg_batch_families,batched_svd,f64,1,1x128x128,jax-cpu,2.274683,0.027633,ok,thin SVD (jnp.linalg.svd full_matrices=False); inputs and XLA compilation outside timed region
cpu/linalg_batch_families,batched_svd,f64,1,8x128x128,jax-cpu,17.466917,0.135625,ok,thin SVD (jnp.linalg.svd full_matrices=False); inputs and XLA compilation outside timed region
cpu/linalg_batch_families,batched_svd,f64,1,1x64x24,jax-cpu,0.147097,0.046577,ok,thin SVD (jnp.linalg.svd full_matrices=False); inputs and XLA compilation outside timed region
cpu/linalg_batch_families,batched_svd,c64,1,1x2x2,jax-cpu,0.013816,0.001091,ok,thin SVD (jnp.linalg.svd full_matrices=False); inputs and XLA compilation outside timed region
cpu/linalg_batch_families,batched_svd,c64,1,3x2x2,jax-cpu,0.017664,0.007796,ok,thin SVD (jnp.linalg.svd full_matrices=False); inputs and XLA compilation outside timed region
cpu/linalg_batch_families,batched_svd,c64,1,4x2x2,jax-cpu,0.039524,0.000953,ok,thin SVD (jnp.linalg.svd full_matrices=False); inputs and XLA compilation outside timed region
cpu/linalg_batch_families,batched_svd,c64,1,8x2x2,jax-cpu,0.028263,0.000441,ok,thin SVD (jnp.linalg.svd full_matrices=False); inputs and XLA compilation outside timed region
cpu/linalg_batch_families,batched_svd,c64,1,1024x2x2,jax-cpu,2.052505,0.012744,ok,thin SVD (jnp.linalg.svd full_matrices=False); inputs and XLA compilation outside timed region
cpu/linalg_batch_families,batched_svd,c64,1,1x4x4,jax-cpu,0.017383,0.001473,ok,thin SVD (jnp.linalg.svd full_matrices=False); inputs and XLA compilation outside timed region
cpu/linalg_batch_families,batched_svd,c64,1,3x4x4,jax-cpu,0.027742,0.001763,ok,thin SVD (jnp.linalg.svd full_matrices=False); inputs and XLA compilation outside timed region
cpu/linalg_batch_families,batched_svd,c64,1,4x4x4,jax-cpu,0.033062,0.000911,ok,thin SVD (jnp.linalg.svd full_matrices=False); inputs and XLA compilation outside timed region
cpu/linalg_batch_families,batched_svd,c64,1,8x4x4,jax-cpu,0.054152,0.000531,ok,thin SVD (jnp.linalg.svd full_matrices=False); inputs and XLA compilation outside timed region
cpu/linalg_batch_families,batched_svd,c64,1,1024x4x4,jax-cpu,5.447658,0.053841,ok,thin SVD (jnp.linalg.svd full_matrices=False); inputs and XLA compilation outside timed region
cpu/linalg_batch_families,batched_svd,c64,1,1x8x8,jax-cpu,0.028594,0.000452,ok,thin SVD (jnp.linalg.svd full_matrices=False); inputs and XLA compilation outside timed region
cpu/linalg_batch_families,batched_svd,c64,1,3x8x8,jax-cpu,0.060143,0.002445,ok,thin SVD (jnp.linalg.svd full_matrices=False); inputs and XLA compilation outside timed region
cpu/linalg_batch_families,batched_svd,c64,1,4x8x8,jax-cpu,0.076675,0.001233,ok,thin SVD (jnp.linalg.svd full_matrices=False); inputs and XLA compilation outside timed region
cpu/linalg_batch_families,batched_svd,c64,1,8x8x8,jax-cpu,0.154541,0.014678,ok,thin SVD (jnp.linalg.svd full_matrices=False); inputs and XLA compilation outside timed region
cpu/linalg_batch_families,batched_svd,c64,1,1024x8x8,jax-cpu,15.987201,0.068419,ok,thin SVD (jnp.linalg.svd full_matrices=False); inputs and XLA compilation outside timed region
cpu/linalg_batch_families,batched_svd,c64,1,1x32x32,jax-cpu,0.212560,0.006372,ok,thin SVD (jnp.linalg.svd full_matrices=False); inputs and XLA compilation outside timed region
cpu/linalg_batch_families,batched_svd,c64,1,8x32x32,jax-cpu,1.581318,0.005861,ok,thin SVD (jnp.linalg.svd full_matrices=False); inputs and XLA compilation outside timed region
cpu/linalg_batch_families,batched_svd,c64,1,1x128x128,jax-cpu,4.244481,0.037380,ok,thin SVD (jnp.linalg.svd full_matrices=False); inputs and XLA compilation outside timed region
cpu/linalg_batch_families,batched_svd,c64,1,8x128x128,jax-cpu,33.557143,0.156674,ok,thin SVD (jnp.linalg.svd full_matrices=False); inputs and XLA compilation outside timed region
cpu/linalg_batch_families,batched_svd,c64,1,1x64x24,jax-cpu,0.203263,0.002485,ok,thin SVD (jnp.linalg.svd full_matrices=False); inputs and XLA compilation outside timed region
cpu/linalg_batch_families,batched_svdvals,f64,1,1x2x2,jax-cpu,0.008857,0.000591,ok,singular values only (jnp.linalg.svd compute_uv=False); inputs and XLA compilation outside timed region
cpu/linalg_batch_families,batched_svdvals,f64,1,3x2x2,jax-cpu,0.009949,0.008767,ok,singular values only (jnp.linalg.svd compute_uv=False); inputs and XLA compilation outside timed region
cpu/linalg_batch_families,batched_svdvals,f64,1,4x2x2,jax-cpu,0.020409,0.000881,ok,singular values only (jnp.linalg.svd compute_uv=False); inputs and XLA compilation outside timed region
cpu/linalg_batch_families,batched_svdvals,f64,1,8x2x2,jax-cpu,0.013575,0.000241,ok,singular values only (jnp.linalg.svd compute_uv=False); inputs and XLA compilation outside timed region
cpu/linalg_batch_families,batched_svdvals,f64,1,1024x2x2,jax-cpu,0.647429,0.010370,ok,singular values only (jnp.linalg.svd compute_uv=False); inputs and XLA compilation outside timed region
cpu/linalg_batch_families,batched_svdvals,f64,1,1x4x4,jax-cpu,0.010239,0.000531,ok,singular values only (jnp.linalg.svd compute_uv=False); inputs and XLA compilation outside timed region
cpu/linalg_batch_families,batched_svdvals,f64,1,3x4x4,jax-cpu,0.015079,0.000892,ok,singular values only (jnp.linalg.svd compute_uv=False); inputs and XLA compilation outside timed region
cpu/linalg_batch_families,batched_svdvals,f64,1,4x4x4,jax-cpu,0.017593,0.000581,ok,singular values only (jnp.linalg.svd compute_uv=False); inputs and XLA compilation outside timed region
cpu/linalg_batch_families,batched_svdvals,f64,1,8x4x4,jax-cpu,0.027552,0.000330,ok,singular values only (jnp.linalg.svd compute_uv=False); inputs and XLA compilation outside timed region
cpu/linalg_batch_families,batched_svdvals,f64,1,1024x4x4,jax-cpu,2.610566,0.031529,ok,singular values only (jnp.linalg.svd compute_uv=False); inputs and XLA compilation outside timed region
cpu/linalg_batch_families,batched_svdvals,f64,1,1x8x8,jax-cpu,0.013916,0.001533,ok,singular values only (jnp.linalg.svd compute_uv=False); inputs and XLA compilation outside timed region
cpu/linalg_batch_families,batched_svdvals,f64,1,3x8x8,jax-cpu,0.027021,0.025939,ok,singular values only (jnp.linalg.svd compute_uv=False); inputs and XLA compilation outside timed region
cpu/linalg_batch_families,batched_svdvals,f64,1,4x8x8,jax-cpu,0.034055,0.000441,ok,singular values only (jnp.linalg.svd compute_uv=False); inputs and XLA compilation outside timed region
cpu/linalg_batch_families,batched_svdvals,f64,1,8x8x8,jax-cpu,0.059732,0.000761,ok,singular values only (jnp.linalg.svd compute_uv=False); inputs and XLA compilation outside timed region
cpu/linalg_batch_families,batched_svdvals,f64,1,1024x8x8,jax-cpu,6.772171,0.024877,ok,singular values only (jnp.linalg.svd compute_uv=False); inputs and XLA compilation outside timed region
cpu/linalg_batch_families,batched_svdvals,f64,1,1x32x32,jax-cpu,0.068379,0.000941,ok,singular values only (jnp.linalg.svd compute_uv=False); inputs and XLA compilation outside timed region
cpu/linalg_batch_families,batched_svdvals,f64,1,8x32x32,jax-cpu,0.492347,0.003387,ok,singular values only (jnp.linalg.svd compute_uv=False); inputs and XLA compilation outside timed region
cpu/linalg_batch_families,batched_svdvals,f64,1,1x128x128,jax-cpu,1.135899,0.002685,ok,singular values only (jnp.linalg.svd compute_uv=False); inputs and XLA compilation outside timed region
cpu/linalg_batch_families,batched_svdvals,f64,1,8x128x128,jax-cpu,8.955111,0.025237,ok,singular values only (jnp.linalg.svd compute_uv=False); inputs and XLA compilation outside timed region
cpu/linalg_batch_families,batched_svdvals,f64,1,1x64x24,jax-cpu,0.057348,0.000360,ok,singular values only (jnp.linalg.svd compute_uv=False); inputs and XLA compilation outside timed region
cpu/linalg_batch_families,batched_lu,f64,1,1x2x2,jax-cpu,0.022943,0.012303,ok,"partial-pivot LU, P L U (jax.vmap(jax.scipy.linalg.lu); lu is unbatched); inputs and XLA compilation outside timed region"
cpu/linalg_batch_families,batched_lu,f64,1,3x2x2,jax-cpu,0.011893,0.000992,ok,"partial-pivot LU, P L U (jax.vmap(jax.scipy.linalg.lu); lu is unbatched); inputs and XLA compilation outside timed region"
cpu/linalg_batch_families,batched_lu,f64,1,4x2x2,jax-cpu,0.012263,0.000762,ok,"partial-pivot LU, P L U (jax.vmap(jax.scipy.linalg.lu); lu is unbatched); inputs and XLA compilation outside timed region"
cpu/linalg_batch_families,batched_lu,f64,1,8x2x2,jax-cpu,0.012243,0.000822,ok,"partial-pivot LU, P L U (jax.vmap(jax.scipy.linalg.lu); lu is unbatched); inputs and XLA compilation outside timed region"
cpu/linalg_batch_families,batched_lu,f64,1,1024x2x2,jax-cpu,0.104246,0.004058,ok,"partial-pivot LU, P L U (jax.vmap(jax.scipy.linalg.lu); lu is unbatched); inputs and XLA compilation outside timed region"
cpu/linalg_batch_families,batched_lu,f64,1,1x4x4,jax-cpu,0.023594,0.001573,ok,"partial-pivot LU, P L U (jax.vmap(jax.scipy.linalg.lu); lu is unbatched); inputs and XLA compilation outside timed region"
cpu/linalg_batch_families,batched_lu,f64,1,3x4x4,jax-cpu,0.023775,0.013336,ok,"partial-pivot LU, P L U (jax.vmap(jax.scipy.linalg.lu); lu is unbatched); inputs and XLA compilation outside timed region"
cpu/linalg_batch_families,batched_lu,f64,1,4x4x4,jax-cpu,0.012704,0.000471,ok,"partial-pivot LU, P L U (jax.vmap(jax.scipy.linalg.lu); lu is unbatched); inputs and XLA compilation outside timed region"
cpu/linalg_batch_families,batched_lu,f64,1,8x4x4,jax-cpu,0.016722,0.004879,ok,"partial-pivot LU, P L U (jax.vmap(jax.scipy.linalg.lu); lu is unbatched); inputs and XLA compilation outside timed region"
cpu/linalg_batch_families,batched_lu,f64,1,1024x4x4,jax-cpu,0.190809,0.002164,ok,"partial-pivot LU, P L U (jax.vmap(jax.scipy.linalg.lu); lu is unbatched); inputs and XLA compilation outside timed region"
cpu/linalg_batch_families,batched_lu,f64,1,1x8x8,jax-cpu,0.012173,0.000852,ok,"partial-pivot LU, P L U (jax.vmap(jax.scipy.linalg.lu); lu is unbatched); inputs and XLA compilation outside timed region"
cpu/linalg_batch_families,batched_lu,f64,1,3x8x8,jax-cpu,0.020628,0.004027,ok,"partial-pivot LU, P L U (jax.vmap(jax.scipy.linalg.lu); lu is unbatched); inputs and XLA compilation outside timed region"
cpu/linalg_batch_families,batched_lu,f64,1,4x8x8,jax-cpu,0.020929,0.007935,ok,"partial-pivot LU, P L U (jax.vmap(jax.scipy.linalg.lu); lu is unbatched); inputs and XLA compilation outside timed region"
cpu/linalg_batch_families,batched_lu,f64,1,8x8x8,jax-cpu,0.021470,0.008616,ok,"partial-pivot LU, P L U (jax.vmap(jax.scipy.linalg.lu); lu is unbatched); inputs and XLA compilation outside timed region"
cpu/linalg_batch_families,batched_lu,f64,1,1024x8x8,jax-cpu,0.562980,0.007084,ok,"partial-pivot LU, P L U (jax.vmap(jax.scipy.linalg.lu); lu is unbatched); inputs and XLA compilation outside timed region"
cpu/linalg_batch_families,batched_lu,f64,1,1x32x32,jax-cpu,0.030137,0.022562,ok,"partial-pivot LU, P L U (jax.vmap(jax.scipy.linalg.lu); lu is unbatched); inputs and XLA compilation outside timed region"
cpu/linalg_batch_families,batched_lu,f64,1,8x32x32,jax-cpu,0.081724,0.005721,ok,"partial-pivot LU, P L U (jax.vmap(jax.scipy.linalg.lu); lu is unbatched); inputs and XLA compilation outside timed region"
cpu/linalg_batch_families,batched_lu,f64,1,1x128x128,jax-cpu,0.176552,0.005982,ok,"partial-pivot LU, P L U (jax.vmap(jax.scipy.linalg.lu); lu is unbatched); inputs and XLA compilation outside timed region"
cpu/linalg_batch_families,batched_lu,f64,1,8x128x128,jax-cpu,1.269730,0.023013,ok,"partial-pivot LU, P L U (jax.vmap(jax.scipy.linalg.lu); lu is unbatched); inputs and XLA compilation outside timed region"
cpu/linalg_batch_families,batched_lu,f64,1,1x64x24,jax-cpu,0.024907,0.003978,ok,"partial-pivot LU, P L U (jax.vmap(jax.scipy.linalg.lu); lu is unbatched); inputs and XLA compilation outside timed region"
cpu/complex,conj,c64,1,16777216,jax-cpu,68.871464,0.921364,ok,physical complex conjugate output; inputs and XLA compilation outside timed region
cpu/complex,mul,c64,1,8388608,jax-cpu,38.128670,0.398220,ok,complex elementwise; inputs and XLA compilation outside timed region
cpu/complex,div,c64,1,8388608,jax-cpu,65.176066,0.444356,ok,complex elementwise; inputs and XLA compilation outside timed region
cpu/complex,exp,c64,1,4194304,jax-cpu,82.827080,0.203954,ok,complex analytic; inputs and XLA compilation outside timed region
cpu/complex,log,c64,1,4194304,jax-cpu,156.688179,0.152296,ok,complex analytic; inputs and XLA compilation outside timed region
cpu/complex,dot_general,c64,1,640x640,jax-cpu,75.858179,0.109958,ok,complex matrix multiply; inputs and XLA compilation outside timed region
cpu/complex,dot_general_with_conj,c64,1,640x640,jax-cpu,79.890973,0.523366,ok,conjugated-lhs complex matrix multiply; inputs and XLA compilation outside timed region
cpu/complex,tensordot,c64,1,640x640,jax-cpu,75.639267,0.065083,ok,complex matrix contraction over one axis; inputs and XLA compilation outside timed region
cpu/complex,svd,c64,1,160x160,jax-cpu,5.138495,0.044895,ok,complex SVD; inputs and XLA compilation outside timed region
cpu/complex,qr,c64,1,256x256,jax-cpu,6.989089,0.042461,ok,complex QR; inputs and XLA compilation outside timed region
cpu/complex,eig,c64,1,112x112,jax-cpu,12.773170,0.045306,ok,complex eig; inputs and XLA compilation outside timed region
cpu/complex,solve,c64,1,"384x384,rhs=8",jax-cpu,4.347415,0.019547,ok,complex solve; inputs and XLA compilation outside timed region
cpu/complex,cholesky,c64,1,448x448,jax-cpu,3.538903,0.027402,ok,Hermitian positive definite; inputs and XLA compilation outside timed region
cpu/complex,norm_fro,c64,1,2048x1536,jax-cpu,9.377045,0.079209,ok,complex Frobenius norm; inputs and XLA compilation outside timed region
cpu/elementwise_reduction,add,f64,1,33554432,julia-base,73.602352,0.563871,ok,binary elementwise; input allocation outside timed region
cpu/elementwise_reduction,add,f64,1,33554432,strided-jl,131.389165,0.677536,ok,@strided fused broadcast; input allocation outside timed region
cpu/elementwise_reduction,sub,f64,1,33554432,julia-base,75.030541,1.735568,ok,binary elementwise; input allocation outside timed region
cpu/elementwise_reduction,sub,f64,1,33554432,strided-jl,131.377603,0.377731,ok,@strided fused broadcast; input allocation outside timed region
cpu/elementwise_reduction,mul,f64,1,33554432,julia-base,75.674012,3.285316,ok,binary elementwise; input allocation outside timed region
cpu/elementwise_reduction,mul,f64,1,33554432,strided-jl,131.630069,0.545708,ok,@strided fused broadcast; input allocation outside timed region
cpu/elementwise_reduction,div,f64,1,33554432,julia-base,76.290883,4.910066,ok,binary elementwise; input allocation outside timed region
cpu/elementwise_reduction,div,f64,1,33554432,strided-jl,131.674342,0.745944,ok,@strided fused broadcast; input allocation outside timed region
cpu/elementwise_reduction,neg,f64,1,33554432,julia-base,67.383222,2.946318,ok,unary elementwise; input allocation outside timed region
cpu/elementwise_reduction,neg,f64,1,33554432,strided-jl,114.803236,3.134031,ok,@strided fused broadcast; input allocation outside timed region
cpu/elementwise_reduction,abs,f64,1,33554432,julia-base,70.815845,0.749951,ok,unary elementwise; input allocation outside timed region
cpu/elementwise_reduction,abs,f64,1,33554432,strided-jl,112.314871,0.28116,ok,@strided fused broadcast; input allocation outside timed region
cpu/elementwise_reduction,sign,f64,1,33554432,julia-base,72.313696,4.443917,ok,unary elementwise; input allocation outside timed region
cpu/elementwise_reduction,sign,f64,1,33554432,strided-jl,114.926398,0.237858,ok,@strided fused broadcast; input allocation outside timed region
cpu/elementwise_reduction,maximum,f64,1,33554432,julia-base,80.731345,3.94108,ok,binary elementwise; input allocation outside timed region
cpu/elementwise_reduction,maximum,f64,1,33554432,strided-jl,137.353084,0.362623,ok,@strided fused broadcast; input allocation outside timed region
cpu/elementwise_reduction,minimum,f64,1,33554432,julia-base,79.98545,3.918107,ok,binary elementwise; input allocation outside timed region
cpu/elementwise_reduction,minimum,f64,1,33554432,strided-jl,136.204331,0.390605,ok,@strided fused broadcast; input allocation outside timed region
cpu/elementwise_reduction,compare_lt,f64,1,33554432,julia-base,14.187974,0.060073,ok,ordered compare; input allocation outside timed region
cpu/elementwise_reduction,select,f64,1,33554432,julia-base,79.76808,4.043372,ok,ternary select; input allocation outside timed region
cpu/elementwise_reduction,sqrt,f64,1,33554432,julia-base,156.996159,1.251356,ok,analytic unary; input allocation outside timed region
cpu/elementwise_reduction,sqrt,f64,1,33554432,strided-jl,161.0063,3.544193,ok,@strided fused broadcast; input allocation outside timed region
cpu/elementwise_reduction,rsqrt,f64,1,33554432,julia-base,210.184795,0.408569,ok,analytic unary; input allocation outside timed region
cpu/elementwise_reduction,rsqrt,f64,1,33554432,strided-jl,213.32638,2.565419,ok,@strided fused broadcast; input allocation outside timed region
cpu/elementwise_reduction,rem,f64,1,8388608,julia-base,55.529864,2.942401,ok,binary elementwise; input allocation outside timed region
cpu/elementwise_reduction,rem,f64,1,8388608,strided-jl,67.627883,3.78674,ok,@strided fused broadcast; input allocation outside timed region
cpu/elementwise_reduction,clamp,f64,1,8388608,julia-base,20.892317,3.765119,ok,clamp with tensor bounds; input allocation outside timed region
cpu/elementwise_reduction,clamp,f64,1,8388608,strided-jl,34.358642,5.532437,ok,@strided fused broadcast; input allocation outside timed region
cpu/elementwise_reduction,exp,f64,1,8388608,julia-base,47.06205,5.39655,ok,analytic unary; input allocation outside timed region
cpu/elementwise_reduction,exp,f64,1,8388608,strided-jl,50.563252,5.519432,ok,@strided fused broadcast; input allocation outside timed region
cpu/elementwise_reduction,log,f64,1,8388608,julia-base,59.915521,4.378313,ok,analytic unary; input allocation outside timed region
cpu/elementwise_reduction,log,f64,1,8388608,strided-jl,64.767127,3.292328,ok,@strided fused broadcast; input allocation outside timed region
cpu/elementwise_reduction,sin,f64,1,8388608,julia-base,53.732861,4.661026,ok,analytic unary; input allocation outside timed region
cpu/elementwise_reduction,sin,f64,1,8388608,strided-jl,58.928573,5.402943,ok,@strided fused broadcast; input allocation outside timed region
cpu/elementwise_reduction,cos,f64,1,8388608,julia-base,56.661575,5.910408,ok,analytic unary; input allocation outside timed region
cpu/elementwise_reduction,cos,f64,1,8388608,strided-jl,62.443481,7.188885,ok,@strided fused broadcast; input allocation outside timed region
cpu/elementwise_reduction,tanh,f64,1,8388608,julia-base,64.732802,6.014304,ok,analytic unary; input allocation outside timed region
cpu/elementwise_reduction,tanh,f64,1,8388608,strided-jl,71.853408,3.858445,ok,@strided fused broadcast; input allocation outside timed region
cpu/elementwise_reduction,pow,f64,1,4194304,julia-base,147.519296,4.140206,ok,binary analytic with tensor exponent; input allocation outside timed region
cpu/elementwise_reduction,pow,f64,1,4194304,strided-jl,102.734202,4.678539,ok,@strided fused broadcast; input allocation outside timed region
cpu/elementwise_reduction,expm1,f64,1,4194304,julia-base,29.112074,4.435782,ok,analytic unary; input allocation outside timed region
cpu/elementwise_reduction,expm1,f64,1,4194304,strided-jl,32.516053,4.511194,ok,@strided fused broadcast; input allocation outside timed region
cpu/elementwise_reduction,log1p,f64,1,4194304,julia-base,35.000851,3.949505,ok,analytic unary; input allocation outside timed region
cpu/elementwise_reduction,log1p,f64,1,4194304,strided-jl,39.39776,4.071616,ok,@strided fused broadcast; input allocation outside timed region
cpu/elementwise_reduction,chain_log1p_exp_mul,f64,1,4194304,julia-base,65.744957,3.973162,ok,short elementwise chain; input allocation outside timed region
cpu/elementwise_reduction,chain_log1p_exp_mul,f64,1,4194304,strided-jl,71.53006,0.545868,ok,@strided fused broadcast; input allocation outside timed region
cpu/elementwise_reduction,reduce_sum_all,f64,1,8192x4096,julia-base,7.519538,0.192052,ok,full reduction; input allocation outside timed region
cpu/elementwise_reduction,reduce_prod_all,f64,1,8192x4096,julia-base,7.677666,0.089929,ok,full reduction; input allocation outside timed region
cpu/elementwise_reduction,reduce_max_all,f64,1,8192x4096,julia-base,12.217995,0.218952,ok,full reduction; input allocation outside timed region
cpu/elementwise_reduction,reduce_min_all,f64,1,8192x4096,julia-base,12.177809,0.108134,ok,full reduction; input allocation outside timed region
cpu/elementwise_reduction,reduce_max_axis0,f64,1,2048x2048,julia-base,1.289298,0.056697,ok,axis reduction; input allocation outside timed region
cpu/elementwise_reduction,reduce_min_axis1,f64,1,4096x4096,julia-base,4.641409,0.072186,ok,axis reduction; input allocation outside timed region
cpu/elementwise_reduction,reduce_max_axis1,f64,1,2048x2048,julia-base,0.581525,0.04708,ok,axis reduction; input allocation outside timed region
cpu/elementwise_reduction,reduce_min_axis0,f64,1,2048x2048,julia-base,1.278277,0.063729,ok,axis reduction; input allocation outside timed region
cpu/elementwise_reduction,reduce_sum_axis0,f64,1,2048x2048,julia-base,0.623875,0.066617,ok,axis reduction; input allocation outside timed region
cpu/elementwise_reduction,reduce_sum_axis1,f64,1,2048x2048,julia-base,0.606882,0.092775,ok,axis reduction; input allocation outside timed region
cpu/elementwise_reduction,reduce_prod_axis0,f64,1,2048x2048,julia-base,0.640356,0.052319,ok,axis reduction; input allocation outside timed region
cpu/elementwise_reduction,reduce_prod_axis1,f64,1,2048x2048,julia-base,0.61107,0.024396,ok,axis reduction; input allocation outside timed region
cpu/structural_shape,transpose,f64,1,4096x4096,julia-base,172.917937,1.282955,ok,materialized matrix transpose; input allocation outside timed region
cpu/structural_shape,transpose,f64,1,4096x4096,strided-jl,97.568897,1.145367,ok,@strided permutedims; input allocation outside timed region
cpu/structural_shape,reshape,f64,1,33554432 -> 8192x4096,julia-base,78.479344,1.923191,ok,materialized reshape; copy makes Julia perform the same output-sized write; input allocation outside timed region
cpu/structural_shape,broadcast_in_dim,f64,1,8192x1 -> 8192x4096,julia-base,72.255445,0.537482,ok,materialized broadcast; input allocation outside timed region
cpu/structural_shape,cast_f64_f32,f64->f32,1,33554432,julia-base,36.280781,1.034357,ok,dtype cast; input allocation outside timed region
cpu/structural_shape,embed_diagonal,f64,1,8192 -> 8192x8192,julia-base,133.782612,0.570945,ok,embed vector as matrix diagonal; input allocation outside timed region
cpu/structural_shape,tril,f64,1,4096x4096,julia-base,40.690394,0.720897,ok,lower triangle; input allocation outside timed region
cpu/structural_shape,triu,f64,1,4096x4096,julia-base,40.632124,0.506223,ok,upper triangle; input allocation outside timed region
cpu/linalg_uncovered,cholesky,f64,1,1536x1536,julia-base,44.238143,10.434387,ok,SPD input; factor materialized; input allocation outside timed region
cpu/linalg_uncovered,eig,f64,1,160x160,julia-base,9.363901,0.0422,ok,general input; input allocation outside timed region
cpu/linalg_uncovered,eigvals,f64,1,192x192,julia-base,11.007766,0.043462,ok,general input values only; input allocation outside timed region
cpu/linalg_uncovered,eigvalsh,f64,1,512x512,julia-base,12.621855,0.107282,ok,SPD input values only; input allocation outside timed region
cpu/linalg_uncovered,triangular_solve,f64,1,"4096x4096,rhs=64",julia-base,22.861074,0.347915,ok,lower-triangular solve; input allocation outside timed region
cpu/linalg_uncovered,det,f64,1,1024x1024,julia-base,17.110466,0.40413,ok,well-conditioned input; input allocation outside timed region
cpu/linalg_uncovered,slogdet,f64,1,1024x1024,julia-base,17.18145,0.347514,ok,well-conditioned input; input allocation outside timed region
cpu/linalg_uncovered,inv,f64,1,768x768,julia-base,23.326019,0.094378,ok,well-conditioned input; input allocation outside timed region
cpu/linalg_uncovered,pinv,f64,1,512x256,julia-base,16.550752,0.28095,ok,rectangular input; input allocation outside timed region
cpu/linalg_uncovered,pinv_with_rtol,f64,1,512x256,julia-base,16.551353,0.274306,ok,rectangular input; rtol=1e-12; input allocation outside timed region
cpu/linalg_uncovered,lu,f64,1,1024x1024,julia-base,25.149763,11.659193,ok,partial-pivot LU; P/L/U materialized; input allocation outside timed region
cpu/linalg_uncovered,lstsq,f64,1,"768x384,rhs=16",julia-base,5.978477,0.036629,ok,tall full-column-rank QR least-squares solve; unpivoted QR to match the GELS driver; input allocation outside timed region
cpu/linalg_uncovered,svd_full,f64,1,768x384,julia-base,51.616095,0.560305,ok,full-matrices SVD; input allocation outside timed region
cpu/linalg_uncovered,norm_fro,f64,1,2048x2048,julia-base,3.359485,0.021972,ok,Frobenius norm; input allocation outside timed region
cpu/linalg_batched,batched_lu_factor,f64,1,"1024x2x2,rhs=1",julia-base,0.102814,0.001313,ok,packed LU factorization only (LAPACK.getrf! per matrix); input allocation outside timed region
cpu/linalg_batched,batched_lu_factor,f64,1,"1024x4x4,rhs=1",julia-base,0.177955,0.002444,ok,packed LU factorization only (LAPACK.getrf! per matrix); input allocation outside timed region
cpu/linalg_batched,batched_lu_factor,f64,1,"1024x8x8,rhs=1",julia-base,0.605741,0.030638,ok,packed LU factorization only (LAPACK.getrf! per matrix); input allocation outside timed region
cpu/linalg_batched,batched_lu_factor,f64,1,"1024x16x16,rhs=1",julia-base,2.085927,0.019868,ok,packed LU factorization only (LAPACK.getrf! per matrix); input allocation outside timed region
cpu/linalg_batched,batched_lu_solve,f64,1,"1024x2x2,rhs=1",julia-base,0.077406,0.001553,ok,solve with prepared LU factors (LAPACK.getrs! per matrix); input allocation outside timed region
cpu/linalg_batched,batched_lu_solve,f64,1,"1024x4x4,rhs=1",julia-base,0.123513,0.001824,ok,solve with prepared LU factors (LAPACK.getrs! per matrix); input allocation outside timed region
cpu/linalg_batched,batched_lu_solve,f64,1,"1024x8x8,rhs=1",julia-base,0.212239,0.004179,ok,solve with prepared LU factors (LAPACK.getrs! per matrix); input allocation outside timed region
cpu/linalg_batched,batched_lu_solve,f64,1,"1024x16x16,rhs=1",julia-base,0.428427,0.002846,ok,solve with prepared LU factors (LAPACK.getrs! per matrix); input allocation outside timed region
cpu/linalg_batched,batched_triangular_solve,f64,1,"1024x2x2,rhs=1",julia-base,0.068048,0.001102,ok,lower-triangular solve (LAPACK.trtrs! per matrix); input allocation outside timed region
cpu/linalg_batched,batched_triangular_solve,f64,1,"1024x4x4,rhs=1",julia-base,0.08538,0.001893,ok,lower-triangular solve (LAPACK.trtrs! per matrix); input allocation outside timed region
cpu/linalg_batched,batched_triangular_solve,f64,1,"1024x8x8,rhs=1",julia-base,0.142217,0.00543,ok,lower-triangular solve (LAPACK.trtrs! per matrix); input allocation outside timed region
cpu/linalg_batched,batched_triangular_solve,f64,1,"1024x16x16,rhs=1",julia-base,0.263315,0.006983,ok,lower-triangular solve (LAPACK.trtrs! per matrix); input allocation outside timed region
cpu/indexing_layout,gather,f64,1,262144,julia-base,0.736356,0.121037,ok,1D gather; input allocation outside timed region
cpu/indexing_layout,scatter,f64,1,262144,julia-base,0.38245,0.474454,ok,1D scatter; input allocation outside timed region
cpu/indexing_layout,slice,f64,1,4194304 -> 2096128,julia-base,5.536565,0.513587,ok,static slice materialized to owned output; input allocation outside timed region
cpu/indexing_layout,dynamic_slice,f64,1,4194304 -> 2097152,julia-base,1.114348,0.460066,ok,runtime-start slice materialized to owned output; input allocation outside timed region
cpu/indexing_layout,dynamic_update_slice,f64,1,2097152,julia-base,3.637219,3.179196,ok,runtime-start update; input allocation outside timed region
cpu/indexing_layout,concatenate,f64,1,1048576+1048576,julia-base,3.943845,1.911859,ok,concatenate along axis 0; input allocation outside timed region
cpu/indexing_layout,reverse,f64,1,2097152,julia-base,1.507748,3.778194,ok,reverse axis 0; input allocation outside timed region
cpu/view_metadata,reshape_view,f64,1,33554432 -> 8192x4096,julia-base,7.0e-6,3.0e-6,ok,metadata-only view reshape; no output-sized copy; input allocation outside timed region; operations_per_sample=16; median_batch_ms=0.000111; session=not_required
cpu/view_metadata,transpose_view,f64,1,4096x4096,julia-base,7.0e-6,1.0e-6,ok,metadata-only transpose view; no output-sized copy; input allocation outside timed region; operations_per_sample=16; median_batch_ms=0.00011; session=not_required
cpu/view_metadata,slice_view,f64,1,4194304 -> 2096128,julia-base,8.0e-6,4.0e-6,ok,metadata-only strided slice view; no output-sized copy; input allocation outside timed region; operations_per_sample=16; median_batch_ms=0.00013; session=not_required
cpu/output_reuse,add_into,f64,1,33554432,julia-base,23.791977,0.156915,ok,broadcast add into caller-owned output; input allocation outside timed region
cpu/output_reuse,add_into,f64,1,33554432,strided-jl,67.798124,0.118734,ok,@strided fused broadcast into caller-owned output; input allocation outside timed region
cpu/output_reuse,sub_into,f64,1,33554432,julia-base,23.798289,0.074981,ok,broadcast sub into caller-owned output; input allocation outside timed region
cpu/output_reuse,sub_into,f64,1,33554432,strided-jl,67.751435,0.185339,ok,@strided fused broadcast into caller-owned output; input allocation outside timed region
cpu/output_reuse,mul_into,f64,1,33554432,julia-base,23.779133,0.095771,ok,broadcast mul into caller-owned output; input allocation outside timed region
cpu/output_reuse,mul_into,f64,1,33554432,strided-jl,67.967391,0.201701,ok,@strided fused broadcast into caller-owned output; input allocation outside timed region
cpu/output_reuse,div_into,f64,1,33554432,julia-base,23.872699,0.109336,ok,broadcast div into caller-owned output; input allocation outside timed region
cpu/output_reuse,div_into,f64,1,33554432,strided-jl,69.090858,0.230303,ok,@strided fused broadcast into caller-owned output; input allocation outside timed region
cpu/output_reuse,neg_into,f64,1,33554432,julia-base,17.538021,0.091593,ok,broadcast neg into caller-owned output; input allocation outside timed region
cpu/output_reuse,neg_into,f64,1,33554432,strided-jl,53.46663,0.178937,ok,@strided fused broadcast into caller-owned output; input allocation outside timed region
cpu/output_reuse,conj_into,c64,1,16777216,julia-base,17.523524,0.139773,ok,broadcast conj into caller-owned output; input allocation outside timed region
cpu/output_reuse,conj_into,c64,1,16777216,strided-jl,17.830873,0.123964,ok,@strided fused broadcast into caller-owned output; input allocation outside timed region
cpu/output_reuse,copy_read_into,f64,1,33554432,julia-base,14.27662,0.116119,ok,copyto! caller-owned output; input allocation outside timed region
cpu/output_reuse,dot_general_read_into,f64,1,1024x1024,julia-base,33.517077,0.065433,ok,mul! caller-owned output; input allocation outside timed region
cpu/output_reuse,dot_general_read_into_accum,f64,1,1024x1024,julia-base,33.295461,0.046678,ok,mul! accumulate caller-owned output; input allocation outside timed region
cpu/complex,conj,c64,1,16777216,julia-base,69.136814,1.120159,ok,physical complex conjugate output; input allocation outside timed region
cpu/complex,conj,c64,1,16777216,strided-jl,80.349435,0.521803,ok,@strided fused broadcast; input allocation outside timed region
cpu/complex,mul,c64,1,8388608,julia-base,38.574469,0.309233,ok,complex elementwise; input allocation outside timed region
cpu/complex,mul,c64,1,8388608,strided-jl,45.264115,0.407346,ok,@strided fused broadcast; input allocation outside timed region
cpu/complex,div,c64,1,8388608,julia-base,89.289227,1.143674,ok,complex elementwise; input allocation outside timed region
cpu/complex,div,c64,1,8388608,strided-jl,98.677534,1.00892,ok,@strided fused broadcast; input allocation outside timed region
cpu/complex,exp,c64,1,4194304,julia-base,62.130983,0.719666,ok,complex analytic; input allocation outside timed region
cpu/complex,exp,c64,1,4194304,strided-jl,65.585126,1.190062,ok,@strided fused broadcast; input allocation outside timed region
cpu/complex,log,c64,1,4194304,julia-base,116.316706,0.49933,ok,complex analytic; input allocation outside timed region
cpu/complex,log,c64,1,4194304,strided-jl,121.56591,0.266823,ok,@strided fused broadcast; input allocation outside timed region
cpu/complex,dot_general,c64,1,640x640,julia-base,35.182353,1.109038,ok,complex matrix multiply; input allocation outside timed region
cpu/complex,dot_general_with_conj,c64,1,640x640,julia-base,35.806458,0.238209,ok,conjugated-lhs matrix multiply; Julia materializes the conjugate before the contraction; input allocation outside timed region
cpu/complex,tensordot,c64,1,640x640,julia-base,35.072566,0.044353,ok,complex matrix contraction over one axis; input allocation outside timed region
cpu/complex,svd,c64,1,160x160,julia-base,5.053665,0.054303,ok,complex SVD; input allocation outside timed region
cpu/complex,qr,c64,1,256x256,julia-base,8.479676,0.057198,ok,complex QR; Q/R materialized; input allocation outside timed region
cpu/complex,eig,c64,1,112x112,julia-base,14.88183,0.066244,ok,complex eig; input allocation outside timed region
cpu/complex,solve,c64,1,"384x384,rhs=8",julia-base,4.056017,0.049664,ok,complex solve; input allocation outside timed region
cpu/complex,cholesky,c64,1,448x448,julia-base,3.410541,1.188227,ok,Hermitian positive definite; factor materialized; input allocation outside timed region
cpu/complex,norm_fro,c64,1,2048x1536,julia-base,5.023508,0.010138,ok,complex Frobenius norm; input allocation outside timed region
