suite,benchmark,dtype,threads,shape,backend,median_ms,iqr_ms,status,notes
cpu/elementwise_reduction,add,f64,4,"33554432",tenferro-direct,27.253484,0.573119,ok,"binary elementwise"
cpu/elementwise_reduction,add,f64,4,"33554432",tenferro-trace,26.313364,0.360228,ok,"binary elementwise"
cpu/elementwise_reduction,sub,f64,4,"33554432",tenferro-direct,27.275456,0.453303,ok,"binary elementwise"
cpu/elementwise_reduction,sub,f64,4,"33554432",tenferro-trace,26.054587,0.246765,ok,"binary elementwise"
cpu/elementwise_reduction,mul,f64,4,"33554432",tenferro-direct,27.040233,0.362072,ok,"binary elementwise"
cpu/elementwise_reduction,mul,f64,4,"33554432",tenferro-trace,26.296993,0.399502,ok,"binary elementwise"
cpu/elementwise_reduction,div,f64,4,"33554432",tenferro-direct,26.798026,0.291910,ok,"binary elementwise"
cpu/elementwise_reduction,div,f64,4,"33554432",tenferro-trace,26.369780,0.326224,ok,"binary elementwise"
cpu/elementwise_reduction,neg,f64,4,"33554432",tenferro-direct,21.726858,0.322848,ok,"unary elementwise"
cpu/elementwise_reduction,neg,f64,4,"33554432",tenferro-trace,21.235804,0.363705,ok,"unary elementwise"
cpu/elementwise_reduction,abs,f64,4,"33554432",tenferro-direct,21.523325,0.179257,ok,"unary elementwise"
cpu/elementwise_reduction,abs,f64,4,"33554432",tenferro-trace,21.219423,0.369676,ok,"unary elementwise"
cpu/elementwise_reduction,sign,f64,4,"33554432",tenferro-direct,23.015875,0.234972,ok,"unary elementwise"
cpu/elementwise_reduction,sign,f64,4,"33554432",tenferro-trace,22.310066,0.434358,ok,"unary elementwise"
cpu/elementwise_reduction,maximum,f64,4,"33554432",tenferro-direct,27.040734,0.207670,ok,"binary elementwise"
cpu/elementwise_reduction,maximum,f64,4,"33554432",tenferro-trace,25.912970,0.211158,ok,"binary elementwise"
cpu/elementwise_reduction,minimum,f64,4,"33554432",tenferro-direct,26.717074,0.223802,ok,"binary elementwise"
cpu/elementwise_reduction,minimum,f64,4,"33554432",tenferro-trace,26.153162,0.884856,ok,"binary elementwise"
cpu/elementwise_reduction,compare_lt,f64,4,"33554432",tenferro-direct,13.050492,0.091182,ok,"ordered compare"
cpu/elementwise_reduction,compare_lt,f64,4,"33554432",tenferro-trace,13.019794,0.308821,ok,"ordered compare"
cpu/elementwise_reduction,select,f64,4,"33554432",tenferro-direct,28.214804,0.187964,ok,"ternary select"
cpu/elementwise_reduction,select,f64,4,"33554432",tenferro-trace,27.464662,0.349198,ok,"ternary select"
cpu/elementwise_reduction,sqrt,f64,4,"33554432",tenferro-direct,22.860733,0.316437,ok,"analytic unary"
cpu/elementwise_reduction,sqrt,f64,4,"33554432",tenferro-trace,22.521074,0.181461,ok,"analytic unary"
cpu/elementwise_reduction,rsqrt,f64,4,"33554432",tenferro-direct,25.697975,0.387569,ok,"analytic unary"
cpu/elementwise_reduction,rsqrt,f64,4,"33554432",tenferro-trace,25.171233,0.434218,ok,"analytic unary"
cpu/elementwise_reduction,rem,f64,4,"8388608",tenferro-direct,14.831826,0.479984,ok,"binary elementwise"
cpu/elementwise_reduction,rem,f64,4,"8388608",tenferro-trace,15.589743,0.604839,ok,"binary elementwise"
cpu/elementwise_reduction,clamp,f64,4,"8388608",tenferro-direct,8.325676,0.245543,ok,"clamp with tensor bounds"
cpu/elementwise_reduction,clamp,f64,4,"8388608",tenferro-trace,8.336747,0.424590,ok,"clamp with tensor bounds"
cpu/elementwise_reduction,exp,f64,4,"8388608",tenferro-direct,13.245158,0.167996,ok,"analytic unary"
cpu/elementwise_reduction,exp,f64,4,"8388608",tenferro-trace,14.066455,0.512965,ok,"analytic unary"
cpu/elementwise_reduction,log,f64,4,"8388608",tenferro-direct,13.065400,0.316376,ok,"analytic unary"
cpu/elementwise_reduction,log,f64,4,"8388608",tenferro-trace,12.406430,0.482438,ok,"analytic unary"
cpu/elementwise_reduction,sin,f64,4,"8388608",tenferro-direct,29.542484,0.315814,ok,"analytic unary"
cpu/elementwise_reduction,sin,f64,4,"8388608",tenferro-trace,29.535922,0.257395,ok,"analytic unary"
cpu/elementwise_reduction,cos,f64,4,"8388608",tenferro-direct,29.578982,0.148460,ok,"analytic unary"
cpu/elementwise_reduction,cos,f64,4,"8388608",tenferro-trace,29.664344,0.243228,ok,"analytic unary"
cpu/elementwise_reduction,tanh,f64,4,"8388608",tenferro-direct,28.471828,0.567908,ok,"analytic unary"
cpu/elementwise_reduction,tanh,f64,4,"8388608",tenferro-trace,28.405844,0.469324,ok,"analytic unary"
cpu/elementwise_reduction,pow,f64,4,"4194304",tenferro-direct,16.447037,0.233720,ok,"binary analytic"
cpu/elementwise_reduction,pow,f64,4,"4194304",tenferro-trace,16.447839,0.176593,ok,"binary analytic"
cpu/elementwise_reduction,expm1,f64,4,"4194304",tenferro-direct,7.904603,0.238459,ok,"analytic unary"
cpu/elementwise_reduction,expm1,f64,4,"4194304",tenferro-trace,8.409153,0.281570,ok,"analytic unary"
cpu/elementwise_reduction,log1p,f64,4,"4194304",tenferro-direct,10.528614,0.468271,ok,"analytic unary"
cpu/elementwise_reduction,log1p,f64,4,"4194304",tenferro-trace,10.342483,0.426713,ok,"analytic unary"
cpu/elementwise_reduction,chain_log1p_exp_mul,f64,4,"4194304",tenferro-direct,24.706218,1.541421,ok,"short elementwise chain"
cpu/elementwise_reduction,chain_log1p_exp_mul,f64,4,"4194304",tenferro-trace,50.032994,3.175458,ok,"short elementwise chain"
cpu/elementwise_reduction,reduce_sum_all,f64,4,"8192x4096",tenferro-direct,5.021775,0.545978,ok,"full reduction"
cpu/elementwise_reduction,reduce_sum_all,f64,4,"8192x4096",tenferro-trace,4.942135,0.455036,ok,"full reduction"
cpu/elementwise_reduction,reduce_prod_all,f64,4,"8192x4096",tenferro-direct,5.125060,0.145895,ok,"full reduction"
cpu/elementwise_reduction,reduce_prod_all,f64,4,"8192x4096",tenferro-trace,5.038948,0.183005,ok,"full reduction"
cpu/elementwise_reduction,reduce_max_all,f64,4,"8192x4096",tenferro-direct,5.347879,0.046607,ok,"full reduction"
cpu/elementwise_reduction,reduce_max_all,f64,4,"8192x4096",tenferro-trace,5.466142,0.241885,ok,"full reduction"
cpu/elementwise_reduction,reduce_min_all,f64,4,"8192x4096",tenferro-direct,5.357558,0.072167,ok,"full reduction"
cpu/elementwise_reduction,reduce_min_all,f64,4,"8192x4096",tenferro-trace,5.531756,0.156896,ok,"full reduction"
cpu/elementwise_reduction,reduce_max_axis0,f64,4,"2048x2048",tenferro-direct,0.621800,0.041407,ok,"axis reduction"
cpu/elementwise_reduction,reduce_max_axis0,f64,4,"2048x2048",tenferro-trace,0.625448,0.033292,ok,"axis reduction"
cpu/elementwise_reduction,reduce_min_axis1,f64,4,"4096x4096",tenferro-direct,2.934746,0.110729,ok,"axis reduction"
cpu/elementwise_reduction,reduce_min_axis1,f64,4,"4096x4096",tenferro-trace,2.734549,0.142688,ok,"axis reduction"
cpu/elementwise_reduction,reduce_max_axis1,f64,4,"2048x2048",tenferro-direct,0.537712,0.023483,ok,"axis reduction"
cpu/elementwise_reduction,reduce_max_axis1,f64,4,"2048x2048",tenferro-trace,0.598336,0.052489,ok,"axis reduction"
cpu/elementwise_reduction,reduce_min_axis0,f64,4,"2048x2048",tenferro-direct,0.552831,0.010320,ok,"axis reduction"
cpu/elementwise_reduction,reduce_min_axis0,f64,4,"2048x2048",tenferro-trace,0.567098,0.140945,ok,"axis reduction"
cpu/elementwise_reduction,reduce_sum_axis0,f64,4,"2048x2048",tenferro-direct,0.209515,0.016561,ok,"axis reduction"
cpu/elementwise_reduction,reduce_sum_axis0,f64,4,"2048x2048",tenferro-trace,0.230033,0.053881,ok,"axis reduction"
cpu/elementwise_reduction,reduce_sum_axis1,f64,4,"2048x2048",tenferro-direct,0.272213,0.058309,ok,"axis reduction"
cpu/elementwise_reduction,reduce_sum_axis1,f64,4,"2048x2048",tenferro-trace,0.316917,0.110458,ok,"axis reduction"
cpu/elementwise_reduction,reduce_prod_axis0,f64,4,"2048x2048",tenferro-direct,0.255020,0.036218,ok,"axis reduction"
cpu/elementwise_reduction,reduce_prod_axis0,f64,4,"2048x2048",tenferro-trace,0.228430,0.042310,ok,"axis reduction"
cpu/elementwise_reduction,reduce_prod_axis1,f64,4,"2048x2048",tenferro-direct,0.333719,0.021731,ok,"axis reduction"
cpu/elementwise_reduction,reduce_prod_axis1,f64,4,"2048x2048",tenferro-trace,0.350199,0.063158,ok,"axis reduction"
cpu/indexing_layout,gather,f64,4,"262144",tenferro-direct,0.290708,0.164620,ok,"1D StableHLO-style gather"
cpu/indexing_layout,gather,f64,4,"262144",tenferro-trace,0.650815,0.140535,ok,"1D StableHLO-style gather"
cpu/indexing_layout,scatter,f64,4,"262144",tenferro-direct,0.881841,0.009928,ok,"1D StableHLO-style scatter"
cpu/indexing_layout,scatter,f64,4,"262144",tenferro-trace,1.292333,0.063420,ok,"1D StableHLO-style scatter"
cpu/indexing_layout,slice,f64,4,"4194304 -> 2096128",tenferro-direct,0.972180,0.149081,ok,"static slice"
cpu/indexing_layout,slice,f64,4,"4194304 -> 2096128",tenferro-trace,1.982233,0.671114,ok,"static slice"
cpu/indexing_layout,dynamic_slice,f64,4,"4194304 -> 2097152",tenferro-direct,0.547861,0.497778,ok,"runtime-start slice"
cpu/indexing_layout,dynamic_slice,f64,4,"4194304 -> 2097152",tenferro-trace,2.188491,0.770720,ok,"runtime-start slice"
cpu/indexing_layout,dynamic_update_slice,f64,4,"2097152",tenferro-direct,0.604939,0.715898,ok,"runtime-start update"
cpu/indexing_layout,dynamic_update_slice,f64,4,"2097152",tenferro-trace,,,unsupported,"tenferro-rs has no TracedTensor dynamic_update_slice API"
cpu/indexing_layout,pad,f64,4,"2097152",tenferro-direct,0.288453,0.165822,ok,"edge padding"
cpu/indexing_layout,pad,f64,4,"2097152",tenferro-trace,1.102346,0.861432,ok,"edge padding"
cpu/indexing_layout,concatenate,f64,4,"1048576+1048576",tenferro-direct,0.481676,0.517394,ok,"concatenate along axis 0"
cpu/indexing_layout,concatenate,f64,4,"1048576+1048576",tenferro-trace,1.062300,0.165772,ok,"concatenate along axis 0"
cpu/indexing_layout,reverse,f64,4,"2097152",tenferro-direct,0.233199,0.189456,ok,"reverse axis 0"
cpu/indexing_layout,reverse,f64,4,"2097152",tenferro-trace,1.350703,0.460657,ok,"reverse axis 0"
cpu/structural_shape,transpose,f64,4,"4096x4096",tenferro-direct,21.998170,0.260551,ok,"materialized matrix transpose"
cpu/structural_shape,transpose,f64,4,"4096x4096",tenferro-trace,22.092236,0.545868,ok,"materialized matrix transpose"
cpu/structural_shape,reshape,f64,4,"33554432 -> 8192x4096",tenferro-direct,71.870732,0.806649,ok,"materialized reshape output"
cpu/structural_shape,reshape,f64,4,"33554432 -> 8192x4096",tenferro-trace,21.805245,0.812961,ok,"materialized reshape output"
cpu/structural_shape,broadcast_in_dim,f64,4,"8192x1 -> 8192x4096",tenferro-direct,22.612536,0.429900,ok,"materialized broadcast"
cpu/structural_shape,broadcast_in_dim,f64,4,"8192x1 -> 8192x4096",tenferro-trace,22.491308,0.215575,ok,"materialized broadcast"
cpu/structural_shape,cast_f64_f32,f64->f32,4,"33554432",tenferro-direct,13.484499,0.287271,ok,"dtype cast"
cpu/structural_shape,cast_f64_f32,f64->f32,4,"33554432",tenferro-trace,46.015290,1.414442,ok,"dtype cast"
cpu/structural_shape,extract_diagonal,f64,4,"8388608x2x2 -> 8388608x2",tenferro-direct,31.057366,0.229933,ok,"batched matrix diagonal extraction"
cpu/structural_shape,extract_diagonal,f64,4,"8388608x2x2 -> 8388608x2",tenferro-trace,63.282501,0.420483,ok,"batched matrix diagonal extraction"
cpu/structural_shape,embed_diagonal,f64,4,"8192 -> 8192x8192",tenferro-direct,35.257063,1.363457,ok,"embed vector as matrix diagonal"
cpu/structural_shape,embed_diagonal,f64,4,"8192 -> 8192x8192",tenferro-trace,36.236648,0.538454,ok,"embed vector as matrix diagonal"
cpu/structural_shape,tril,f64,4,"4096x4096",tenferro-direct,10.824020,0.249350,ok,"lower triangle"
cpu/structural_shape,tril,f64,4,"4096x4096",tenferro-trace,27.118560,0.543994,ok,"lower triangle"
cpu/structural_shape,triu,f64,4,"4096x4096",tenferro-direct,10.851883,0.167515,ok,"upper triangle"
cpu/structural_shape,triu,f64,4,"4096x4096",tenferro-trace,26.316580,0.570543,ok,"upper triangle"
cpu/view_metadata,reshape_view,f64,4,"33554432 -> 8192x4096",tenferro-direct,0.000396,0.000050,ok,"metadata-only view reshape; no output-sized copy; operations_per_sample=16; median_batch_ms=0.006332; session=not_required"
cpu/view_metadata,reshape_view,f64,4,"33554432 -> 8192x4096",tenferro-trace,,,unsupported,"TensorValue view metadata APIs are concrete-only; traced tensors use graph operations"
cpu/view_metadata,transpose_view,f64,4,"4096x4096",tenferro-direct,0.000227,0.000038,ok,"metadata-only transpose view; no output-sized copy; operations_per_sample=16; median_batch_ms=0.003637; session=not_required"
cpu/view_metadata,transpose_view,f64,4,"4096x4096",tenferro-trace,,,unsupported,"TensorValue view metadata APIs are concrete-only; traced tensors use graph operations"
cpu/view_metadata,slice_view,f64,4,"4194304 -> 2096128",tenferro-direct,0.000278,0.000041,ok,"metadata-only strided slice view; no output-sized copy; operations_per_sample=16; median_batch_ms=0.004448; session=not_required"
cpu/view_metadata,slice_view,f64,4,"4194304 -> 2096128",tenferro-trace,,,unsupported,"TensorValue view metadata APIs are concrete-only; traced tensors use graph operations"
cpu/view_metadata,broadcast_in_dim_view,f64,4,"8192x1 -> 8192x4096",tenferro-direct,0.000169,0.000004,ok,"metadata-only zero-stride broadcast view; no output-sized copy; operations_per_sample=16; median_batch_ms=0.002705; session=not_required"
cpu/view_metadata,broadcast_in_dim_view,f64,4,"8192x1 -> 8192x4096",tenferro-trace,,,unsupported,"TensorValue view metadata APIs are concrete-only; traced tensors use graph operations"
cpu/output_reuse,add_into,f64,4,"33554432",tenferro-direct,23.961857,0.200657,ok,"caller-owned output"
cpu/output_reuse,add_into,f64,4,"33554432",tenferro-trace,,,unsupported,"compiled traced execution owns its output tensors; no caller-output API"
cpu/output_reuse,sub_into,f64,4,"33554432",tenferro-direct,23.813016,0.083979,ok,"caller-owned output"
cpu/output_reuse,sub_into,f64,4,"33554432",tenferro-trace,,,unsupported,"compiled traced execution owns its output tensors; no caller-output API"
cpu/output_reuse,mul_into,f64,4,"33554432",tenferro-direct,23.601768,0.247105,ok,"caller-owned output"
cpu/output_reuse,mul_into,f64,4,"33554432",tenferro-trace,,,unsupported,"compiled traced execution owns its output tensors; no caller-output API"
cpu/output_reuse,div_into,f64,4,"33554432",tenferro-direct,23.489396,0.105809,ok,"caller-owned output"
cpu/output_reuse,div_into,f64,4,"33554432",tenferro-trace,,,unsupported,"compiled traced execution owns its output tensors; no caller-output API"
cpu/output_reuse,neg_into,f64,4,"33554432",tenferro-direct,17.598736,0.075482,ok,"caller-owned output"
cpu/output_reuse,neg_into,f64,4,"33554432",tenferro-trace,,,unsupported,"compiled traced execution owns its output tensors; no caller-output API"
cpu/output_reuse,conj_into,c64,4,"16777216",tenferro-direct,17.593666,0.156133,ok,"physical conjugate into caller-owned output"
cpu/output_reuse,conj_into,c64,4,"16777216",tenferro-trace,,,unsupported,"compiled traced execution owns its output tensors; no caller-output API"
cpu/output_reuse,copy_read_into,f64,4,"33554432",tenferro-direct,17.633621,0.077416,ok,"copy into caller-owned output"
cpu/output_reuse,copy_read_into,f64,4,"33554432",tenferro-trace,,,unsupported,"compiled traced execution owns its output tensors; no caller-output API"
cpu/output_reuse,dot_general_read_into,f64,4,"1024x1024",tenferro-direct,15.065436,0.055275,ok,"matrix multiply into caller-owned output"
cpu/output_reuse,dot_general_read_into,f64,4,"1024x1024",tenferro-trace,,,unsupported,"compiled traced execution owns its output tensors; no caller-output API"
cpu/output_reuse,dot_general_read_into_accum,f64,4,"1024x1024",tenferro-direct,14.929359,0.031389,ok,"out = lhs @ rhs + out"
cpu/output_reuse,dot_general_read_into_accum,f64,4,"1024x1024",tenferro-trace,,,unsupported,"compiled traced execution owns its output tensors; no caller-output API"
cpu/einsum_concrete,einsum_ij_jk_ik,f64,4,"1024x1024",tenferro-direct,14.858436,0.092083,ok,"TensorEinsumExt allocation-returning API"
cpu/einsum_concrete,einsum_ij_jk_ik,f64,4,"1024x1024",tenferro-trace,,,unsupported,"TensorEinsumExt is a concrete Tensor API; traced einsum is measured by cpu/einsum"
cpu/linalg_uncovered,cholesky,f64,4,"1536x1536",tenferro-direct,14.075903,0.183655,ok,"SPD input"
cpu/linalg_uncovered,cholesky,f64,4,"1536x1536",tenferro-trace,18.263537,3.934329,ok,"SPD input"
cpu/linalg_uncovered,eig,f64,4,"160x160",tenferro-direct,7.460837,3.744431,ok,"general input"
cpu/linalg_uncovered,eig,f64,4,"160x160",tenferro-trace,10.919590,1.801181,ok,"general input"
cpu/linalg_uncovered,eigvals,f64,4,"192x192",tenferro-direct,8.585736,0.028484,ok,"general input values only"
cpu/linalg_uncovered,eigvals,f64,4,"192x192",tenferro-trace,10.324108,0.642760,ok,"general input values only"
cpu/linalg_uncovered,eigvalsh,f64,4,"512x512",tenferro-direct,11.264860,0.028032,ok,"SPD input values only"
cpu/linalg_uncovered,eigvalsh,f64,4,"512x512",tenferro-trace,13.605607,0.405123,ok,"SPD input values only"
cpu/linalg_uncovered,triangular_solve,f64,4,"4096x4096,rhs=64",tenferro-direct,15.472522,0.729464,ok,"lower-triangular solve"
cpu/linalg_uncovered,triangular_solve,f64,4,"4096x4096,rhs=64",tenferro-trace,35.407256,3.526900,ok,"lower-triangular solve"
cpu/linalg_uncovered,det,f64,4,"1024x1024",tenferro-direct,8.504322,0.663228,ok,"well-conditioned input"
cpu/linalg_uncovered,det,f64,4,"1024x1024",tenferro-trace,8.180553,1.312771,ok,"well-conditioned input"
cpu/linalg_uncovered,slogdet,f64,4,"1024x1024",tenferro-direct,8.750797,0.079339,ok,"well-conditioned input"
cpu/linalg_uncovered,slogdet,f64,4,"1024x1024",tenferro-trace,8.300248,0.308661,ok,"well-conditioned input"
cpu/linalg_uncovered,inv,f64,4,"768x768",tenferro-direct,12.827983,0.163278,ok,"well-conditioned input"
cpu/linalg_uncovered,inv,f64,4,"768x768",tenferro-trace,14.709807,6.352310,ok,"well-conditioned input"
cpu/linalg_uncovered,pinv,f64,4,"512x256",tenferro-direct,12.133646,0.176262,ok,"rectangular input"
cpu/linalg_uncovered,pinv,f64,4,"512x256",tenferro-trace,12.871806,1.137702,ok,"rectangular input"
cpu/linalg_uncovered,pinv_with_rtol,f64,4,"512x256",tenferro-direct,11.976130,0.482850,ok,"rectangular input; rtol=1e-12"
cpu/linalg_uncovered,pinv_with_rtol,f64,4,"512x256",tenferro-trace,14.444115,1.013559,ok,"rectangular input; rtol=1e-12"
cpu/linalg_uncovered,lu,f64,4,"1024x1024",tenferro-direct,9.024402,0.210536,ok,"partial-pivot LU"
cpu/linalg_uncovered,lu,f64,4,"1024x1024",tenferro-trace,10.818369,2.004554,ok,"partial-pivot LU"
cpu/linalg_uncovered,lstsq,f64,4,"768x384,rhs=16",tenferro-eager,9.711175,0.147157,ok,"tall full-column-rank QR least-squares solve"
cpu/linalg_uncovered,lstsq,f64,4,"768x384,rhs=16",tenferro-trace,9.236901,0.383422,ok,"tall full-column-rank QR least-squares solve"
cpu/linalg_uncovered,svd_full,f64,4,"768x384",tenferro-eager,26.371564,3.859787,ok,"full-matrices SVD; unsupported providers are reported explicitly"
cpu/linalg_uncovered,svd_full,f64,4,"768x384",tenferro-trace,29.802012,2.921210,ok,"full-matrices SVD; unsupported providers are reported explicitly"
cpu/linalg_uncovered,norm_fro,f64,4,"2048x2048",tenferro-direct,0.201439,0.077967,ok,"Frobenius norm"
cpu/linalg_uncovered,norm_fro,f64,4,"2048x2048",tenferro-trace,0.203052,0.031200,ok,"Frobenius norm"
cpu/linalg_batched,batched_lu_factor,f64,4,"1024x2x2,rhs=1",tenferro-direct,0.032591,0.000891,ok,"packed LU factorization only (LinalgBackend::lu_factor)"
cpu/linalg_batched,batched_lu_factor,f64,4,"1024x2x2,rhs=1",tenferro-trace,,,unsupported,"LinalgOp is not public, so a trace cannot hold a bare LuFactor or LuSolvePrepared; traced solve (LuFactor plus LuSolvePrepared) and its backward are measured by cpu/cpu_ops batched_solve and grad_sum_batched_solve_backward"
cpu/linalg_batched,batched_lu_factor,f64,4,"1024x4x4,rhs=1",tenferro-direct,0.052308,0.000491,ok,"packed LU factorization only (LinalgBackend::lu_factor)"
cpu/linalg_batched,batched_lu_factor,f64,4,"1024x4x4,rhs=1",tenferro-trace,,,unsupported,"LinalgOp is not public, so a trace cannot hold a bare LuFactor or LuSolvePrepared; traced solve (LuFactor plus LuSolvePrepared) and its backward are measured by cpu/cpu_ops batched_solve and grad_sum_batched_solve_backward"
cpu/linalg_batched,batched_lu_factor,f64,4,"1024x8x8,rhs=1",tenferro-direct,0.227969,0.001422,ok,"packed LU factorization only (LinalgBackend::lu_factor)"
cpu/linalg_batched,batched_lu_factor,f64,4,"1024x8x8,rhs=1",tenferro-trace,,,unsupported,"LinalgOp is not public, so a trace cannot hold a bare LuFactor or LuSolvePrepared; traced solve (LuFactor plus LuSolvePrepared) and its backward are measured by cpu/cpu_ops batched_solve and grad_sum_batched_solve_backward"
cpu/linalg_batched,batched_lu_factor,f64,4,"1024x16x16,rhs=1",tenferro-direct,1.002257,0.039804,ok,"packed LU factorization only (LinalgBackend::lu_factor)"
cpu/linalg_batched,batched_lu_factor,f64,4,"1024x16x16,rhs=1",tenferro-trace,,,unsupported,"LinalgOp is not public, so a trace cannot hold a bare LuFactor or LuSolvePrepared; traced solve (LuFactor plus LuSolvePrepared) and its backward are measured by cpu/cpu_ops batched_solve and grad_sum_batched_solve_backward"
cpu/linalg_batched,batched_lu_solve,f64,4,"1024x2x2,rhs=1",tenferro-direct,0.031188,0.000090,ok,"solve with prepared LU factors (LinalgBackend::lu_solve_prepared)"
cpu/linalg_batched,batched_lu_solve,f64,4,"1024x2x2,rhs=1",tenferro-trace,,,unsupported,"LinalgOp is not public, so a trace cannot hold a bare LuFactor or LuSolvePrepared; traced solve (LuFactor plus LuSolvePrepared) and its backward are measured by cpu/cpu_ops batched_solve and grad_sum_batched_solve_backward"
cpu/linalg_batched,batched_lu_solve,f64,4,"1024x4x4,rhs=1",tenferro-direct,0.064411,0.000080,ok,"solve with prepared LU factors (LinalgBackend::lu_solve_prepared)"
cpu/linalg_batched,batched_lu_solve,f64,4,"1024x4x4,rhs=1",tenferro-trace,,,unsupported,"LinalgOp is not public, so a trace cannot hold a bare LuFactor or LuSolvePrepared; traced solve (LuFactor plus LuSolvePrepared) and its backward are measured by cpu/cpu_ops batched_solve and grad_sum_batched_solve_backward"
cpu/linalg_batched,batched_lu_solve,f64,4,"1024x8x8,rhs=1",tenferro-direct,0.207631,0.000983,ok,"solve with prepared LU factors (LinalgBackend::lu_solve_prepared)"
cpu/linalg_batched,batched_lu_solve,f64,4,"1024x8x8,rhs=1",tenferro-trace,,,unsupported,"LinalgOp is not public, so a trace cannot hold a bare LuFactor or LuSolvePrepared; traced solve (LuFactor plus LuSolvePrepared) and its backward are measured by cpu/cpu_ops batched_solve and grad_sum_batched_solve_backward"
cpu/linalg_batched,batched_lu_solve,f64,4,"1024x16x16,rhs=1",tenferro-direct,0.321265,0.003978,ok,"solve with prepared LU factors (LinalgBackend::lu_solve_prepared)"
cpu/linalg_batched,batched_lu_solve,f64,4,"1024x16x16,rhs=1",tenferro-trace,,,unsupported,"LinalgOp is not public, so a trace cannot hold a bare LuFactor or LuSolvePrepared; traced solve (LuFactor plus LuSolvePrepared) and its backward are measured by cpu/cpu_ops batched_solve and grad_sum_batched_solve_backward"
cpu/linalg_batched,batched_triangular_solve,f64,4,"1024x2x2,rhs=1",tenferro-direct,0.075552,0.000620,ok,"lower-triangular solve (TensorLinalgExt::triangular_solve)"
cpu/linalg_batched,batched_triangular_solve,f64,4,"1024x2x2,rhs=1",tenferro-trace,0.099958,0.010981,ok,"lower-triangular solve (TensorLinalgExt::triangular_solve)"
cpu/linalg_batched,batched_triangular_solve,f64,4,"1024x4x4,rhs=1",tenferro-direct,0.090030,0.000119,ok,"lower-triangular solve (TensorLinalgExt::triangular_solve)"
cpu/linalg_batched,batched_triangular_solve,f64,4,"1024x4x4,rhs=1",tenferro-trace,0.118744,0.010739,ok,"lower-triangular solve (TensorLinalgExt::triangular_solve)"
cpu/linalg_batched,batched_triangular_solve,f64,4,"1024x8x8,rhs=1",tenferro-direct,0.123302,0.000281,ok,"lower-triangular solve (TensorLinalgExt::triangular_solve)"
cpu/linalg_batched,batched_triangular_solve,f64,4,"1024x8x8,rhs=1",tenferro-trace,0.192493,0.008345,ok,"lower-triangular solve (TensorLinalgExt::triangular_solve)"
cpu/linalg_batched,batched_triangular_solve,f64,4,"1024x16x16,rhs=1",tenferro-direct,0.201490,0.004409,ok,"lower-triangular solve (TensorLinalgExt::triangular_solve)"
cpu/linalg_batched,batched_triangular_solve,f64,4,"1024x16x16,rhs=1",tenferro-trace,0.377541,0.041168,ok,"lower-triangular solve (TensorLinalgExt::triangular_solve)"
cpu/linalg_batch_families,batched_solve,f64,4,"1x2x2,rhs=1",tenferro-direct,0.001713,0.000109,ok,"general solve, one rhs column (TensorLinalgExt::solve)"
cpu/linalg_batch_families,batched_solve,f64,4,"1x2x2,rhs=1",tenferro-trace,0.026219,0.012454,ok,"general solve, one rhs column (TensorLinalgExt::solve)"
cpu/linalg_batch_families,batched_solve,f64,4,"3x2x2,rhs=1",tenferro-direct,0.001894,0.000151,ok,"general solve, one rhs column (TensorLinalgExt::solve)"
cpu/linalg_batch_families,batched_solve,f64,4,"3x2x2,rhs=1",tenferro-trace,0.028604,0.002915,ok,"general solve, one rhs column (TensorLinalgExt::solve)"
cpu/linalg_batch_families,batched_solve,f64,4,"4x2x2,rhs=1",tenferro-direct,0.001994,0.000200,ok,"general solve, one rhs column (TensorLinalgExt::solve)"
cpu/linalg_batch_families,batched_solve,f64,4,"4x2x2,rhs=1",tenferro-trace,0.025258,0.008156,ok,"general solve, one rhs column (TensorLinalgExt::solve)"
cpu/linalg_batch_families,batched_solve,f64,4,"8x2x2,rhs=1",tenferro-direct,0.002315,0.001223,ok,"general solve, one rhs column (TensorLinalgExt::solve)"
cpu/linalg_batch_families,batched_solve,f64,4,"8x2x2,rhs=1",tenferro-trace,0.022893,0.004598,ok,"general solve, one rhs column (TensorLinalgExt::solve)"
cpu/linalg_batch_families,batched_solve,f64,4,"1024x2x2,rhs=1",tenferro-direct,0.078788,0.000591,ok,"general solve, one rhs column (TensorLinalgExt::solve)"
cpu/linalg_batch_families,batched_solve,f64,4,"1024x2x2,rhs=1",tenferro-trace,0.079500,0.011251,ok,"general solve, one rhs column (TensorLinalgExt::solve)"
cpu/linalg_batch_families,batched_solve,f64,4,"1x4x4,rhs=1",tenferro-direct,0.001804,0.000171,ok,"general solve, one rhs column (TensorLinalgExt::solve)"
cpu/linalg_batch_families,batched_solve,f64,4,"1x4x4,rhs=1",tenferro-trace,0.028343,0.007204,ok,"general solve, one rhs column (TensorLinalgExt::solve)"
cpu/linalg_batch_families,batched_solve,f64,4,"3x4x4,rhs=1",tenferro-direct,0.002034,0.000160,ok,"general solve, one rhs column (TensorLinalgExt::solve)"
cpu/linalg_batch_families,batched_solve,f64,4,"3x4x4,rhs=1",tenferro-trace,0.029075,0.006091,ok,"general solve, one rhs column (TensorLinalgExt::solve)"
cpu/linalg_batch_families,batched_solve,f64,4,"4x4x4,rhs=1",tenferro-direct,0.002194,0.000110,ok,"general solve, one rhs column (TensorLinalgExt::solve)"
cpu/linalg_batch_families,batched_solve,f64,4,"4x4x4,rhs=1",tenferro-trace,0.025097,0.025899,ok,"general solve, one rhs column (TensorLinalgExt::solve)"
cpu/linalg_batch_families,batched_solve,f64,4,"8x4x4,rhs=1",tenferro-direct,0.002745,0.000321,ok,"general solve, one rhs column (TensorLinalgExt::solve)"
cpu/linalg_batch_families,batched_solve,f64,4,"8x4x4,rhs=1",tenferro-trace,0.022492,0.003917,ok,"general solve, one rhs column (TensorLinalgExt::solve)"
cpu/linalg_batch_families,batched_solve,f64,4,"1024x4x4,rhs=1",tenferro-direct,0.137800,0.001864,ok,"general solve, one rhs column (TensorLinalgExt::solve)"
cpu/linalg_batch_families,batched_solve,f64,4,"1024x4x4,rhs=1",tenferro-trace,0.120918,0.011992,ok,"general solve, one rhs column (TensorLinalgExt::solve)"
cpu/linalg_batch_families,batched_solve,f64,4,"1x8x8,rhs=1",tenferro-direct,0.002104,0.000160,ok,"general solve, one rhs column (TensorLinalgExt::solve)"
cpu/linalg_batch_families,batched_solve,f64,4,"1x8x8,rhs=1",tenferro-trace,0.026139,0.008586,ok,"general solve, one rhs column (TensorLinalgExt::solve)"
cpu/linalg_batch_families,batched_solve,f64,4,"3x8x8,rhs=1",tenferro-direct,0.002965,0.000129,ok,"general solve, one rhs column (TensorLinalgExt::solve)"
cpu/linalg_batch_families,batched_solve,f64,4,"3x8x8,rhs=1",tenferro-trace,0.023634,0.003697,ok,"general solve, one rhs column (TensorLinalgExt::solve)"
cpu/linalg_batch_families,batched_solve,f64,4,"4x8x8,rhs=1",tenferro-direct,0.003427,0.000120,ok,"general solve, one rhs column (TensorLinalgExt::solve)"
cpu/linalg_batch_families,batched_solve,f64,4,"4x8x8,rhs=1",tenferro-trace,0.023685,0.009236,ok,"general solve, one rhs column (TensorLinalgExt::solve)"
cpu/linalg_batch_families,batched_solve,f64,4,"8x8x8,rhs=1",tenferro-direct,0.005030,0.000129,ok,"general solve, one rhs column (TensorLinalgExt::solve)"
cpu/linalg_batch_families,batched_solve,f64,4,"8x8x8,rhs=1",tenferro-trace,0.026420,0.008907,ok,"general solve, one rhs column (TensorLinalgExt::solve)"
cpu/linalg_batch_families,batched_solve,f64,4,"1024x8x8,rhs=1",tenferro-direct,0.428226,0.003797,ok,"general solve, one rhs column (TensorLinalgExt::solve)"
cpu/linalg_batch_families,batched_solve,f64,4,"1024x8x8,rhs=1",tenferro-trace,0.469354,0.033914,ok,"general solve, one rhs column (TensorLinalgExt::solve)"
cpu/linalg_batch_families,batched_solve,f64,4,"1x32x32,rhs=1",tenferro-direct,0.009688,0.000161,ok,"general solve, one rhs column (TensorLinalgExt::solve)"
cpu/linalg_batch_families,batched_solve,f64,4,"1x32x32,rhs=1",tenferro-trace,0.029596,0.003907,ok,"general solve, one rhs column (TensorLinalgExt::solve)"
cpu/linalg_batch_families,batched_solve,f64,4,"8x32x32,rhs=1",tenferro-direct,0.064271,0.000241,ok,"general solve, one rhs column (TensorLinalgExt::solve)"
cpu/linalg_batch_families,batched_solve,f64,4,"8x32x32,rhs=1",tenferro-trace,0.091332,0.008947,ok,"general solve, one rhs column (TensorLinalgExt::solve)"
cpu/linalg_batch_families,batched_solve,f64,4,"1x128x128,rhs=1",tenferro-direct,0.104326,0.000281,ok,"general solve, one rhs column (TensorLinalgExt::solve)"
cpu/linalg_batch_families,batched_solve,f64,4,"1x128x128,rhs=1",tenferro-trace,0.137609,0.010520,ok,"general solve, one rhs column (TensorLinalgExt::solve)"
cpu/linalg_batch_families,batched_solve,f64,4,"8x128x128,rhs=1",tenferro-direct,0.835383,0.003938,ok,"general solve, one rhs column (TensorLinalgExt::solve)"
cpu/linalg_batch_families,batched_solve,f64,4,"8x128x128,rhs=1",tenferro-trace,0.917768,0.004700,ok,"general solve, one rhs column (TensorLinalgExt::solve)"
cpu/linalg_batch_families,batched_cholesky,f64,4,"1x2x2",tenferro-direct,0.002234,0.000220,ok,"SPD Cholesky (TensorLinalgExt::cholesky)"
cpu/linalg_batch_families,batched_cholesky,f64,4,"1x2x2",tenferro-trace,0.019386,0.005840,ok,"SPD Cholesky (TensorLinalgExt::cholesky)"
cpu/linalg_batch_families,batched_cholesky,f64,4,"3x2x2",tenferro-direct,0.002355,0.000171,ok,"SPD Cholesky (TensorLinalgExt::cholesky)"
cpu/linalg_batch_families,batched_cholesky,f64,4,"3x2x2",tenferro-trace,0.024306,0.003186,ok,"SPD Cholesky (TensorLinalgExt::cholesky)"
cpu/linalg_batch_families,batched_cholesky,f64,4,"4x2x2",tenferro-direct,0.001222,0.000141,ok,"SPD Cholesky (TensorLinalgExt::cholesky)"
cpu/linalg_batch_families,batched_cholesky,f64,4,"4x2x2",tenferro-trace,0.018755,0.006452,ok,"SPD Cholesky (TensorLinalgExt::cholesky)"
cpu/linalg_batch_families,batched_cholesky,f64,4,"8x2x2",tenferro-direct,0.001423,0.000140,ok,"SPD Cholesky (TensorLinalgExt::cholesky)"
cpu/linalg_batch_families,batched_cholesky,f64,4,"8x2x2",tenferro-trace,0.020128,0.006302,ok,"SPD Cholesky (TensorLinalgExt::cholesky)"
cpu/linalg_batch_families,batched_cholesky,f64,4,"1024x2x2",tenferro-direct,0.052649,0.000381,ok,"SPD Cholesky (TensorLinalgExt::cholesky)"
cpu/linalg_batch_families,batched_cholesky,f64,4,"1024x2x2",tenferro-trace,0.076705,0.017263,ok,"SPD Cholesky (TensorLinalgExt::cholesky)"
cpu/linalg_batch_families,batched_cholesky,f64,4,"1x4x4",tenferro-direct,0.001052,0.000100,ok,"SPD Cholesky (TensorLinalgExt::cholesky)"
cpu/linalg_batch_families,batched_cholesky,f64,4,"1x4x4",tenferro-trace,0.023554,0.002825,ok,"SPD Cholesky (TensorLinalgExt::cholesky)"
cpu/linalg_batch_families,batched_cholesky,f64,4,"3x4x4",tenferro-direct,0.001322,0.000140,ok,"SPD Cholesky (TensorLinalgExt::cholesky)"
cpu/linalg_batch_families,batched_cholesky,f64,4,"3x4x4",tenferro-trace,0.020509,0.006552,ok,"SPD Cholesky (TensorLinalgExt::cholesky)"
cpu/linalg_batch_families,batched_cholesky,f64,4,"4x4x4",tenferro-direct,0.001413,0.001402,ok,"SPD Cholesky (TensorLinalgExt::cholesky)"
cpu/linalg_batch_families,batched_cholesky,f64,4,"4x4x4",tenferro-trace,0.020178,0.006392,ok,"SPD Cholesky (TensorLinalgExt::cholesky)"
cpu/linalg_batch_families,batched_cholesky,f64,4,"8x4x4",tenferro-direct,0.001884,0.000171,ok,"SPD Cholesky (TensorLinalgExt::cholesky)"
cpu/linalg_batch_families,batched_cholesky,f64,4,"8x4x4",tenferro-trace,0.021350,0.005089,ok,"SPD Cholesky (TensorLinalgExt::cholesky)"
cpu/linalg_batch_families,batched_cholesky,f64,4,"1024x4x4",tenferro-direct,0.108274,0.000742,ok,"SPD Cholesky (TensorLinalgExt::cholesky)"
cpu/linalg_batch_families,batched_cholesky,f64,4,"1024x4x4",tenferro-trace,0.130265,0.014027,ok,"SPD Cholesky (TensorLinalgExt::cholesky)"
cpu/linalg_batch_families,batched_cholesky,f64,4,"1x8x8",tenferro-direct,0.001312,0.000160,ok,"SPD Cholesky (TensorLinalgExt::cholesky)"
cpu/linalg_batch_families,batched_cholesky,f64,4,"1x8x8",tenferro-trace,0.024366,0.002926,ok,"SPD Cholesky (TensorLinalgExt::cholesky)"
cpu/linalg_batch_families,batched_cholesky,f64,4,"3x8x8",tenferro-direct,0.002054,0.001404,ok,"SPD Cholesky (TensorLinalgExt::cholesky)"
cpu/linalg_batch_families,batched_cholesky,f64,4,"3x8x8",tenferro-trace,0.018965,0.003216,ok,"SPD Cholesky (TensorLinalgExt::cholesky)"
cpu/linalg_batch_families,batched_cholesky,f64,4,"4x8x8",tenferro-direct,0.002304,0.000270,ok,"SPD Cholesky (TensorLinalgExt::cholesky)"
cpu/linalg_batch_families,batched_cholesky,f64,4,"4x8x8",tenferro-trace,0.018926,0.001863,ok,"SPD Cholesky (TensorLinalgExt::cholesky)"
cpu/linalg_batch_families,batched_cholesky,f64,4,"8x8x8",tenferro-direct,0.003337,0.000972,ok,"SPD Cholesky (TensorLinalgExt::cholesky)"
cpu/linalg_batch_families,batched_cholesky,f64,4,"8x8x8",tenferro-trace,0.019887,0.000811,ok,"SPD Cholesky (TensorLinalgExt::cholesky)"
cpu/linalg_batch_families,batched_cholesky,f64,4,"1024x8x8",tenferro-direct,0.269417,0.005420,ok,"SPD Cholesky (TensorLinalgExt::cholesky)"
cpu/linalg_batch_families,batched_cholesky,f64,4,"1024x8x8",tenferro-trace,0.316366,0.035767,ok,"SPD Cholesky (TensorLinalgExt::cholesky)"
cpu/linalg_batch_families,batched_cholesky,f64,4,"1x32x32",tenferro-direct,0.004097,0.000141,ok,"SPD Cholesky (TensorLinalgExt::cholesky)"
cpu/linalg_batch_families,batched_cholesky,f64,4,"1x32x32",tenferro-trace,0.024346,0.007273,ok,"SPD Cholesky (TensorLinalgExt::cholesky)"
cpu/linalg_batch_families,batched_cholesky,f64,4,"8x32x32",tenferro-direct,0.022783,0.000201,ok,"SPD Cholesky (TensorLinalgExt::cholesky)"
cpu/linalg_batch_families,batched_cholesky,f64,4,"8x32x32",tenferro-trace,0.040947,0.004298,ok,"SPD Cholesky (TensorLinalgExt::cholesky)"
cpu/linalg_batch_families,batched_cholesky,f64,4,"1x128x128",tenferro-direct,0.073268,0.001553,ok,"SPD Cholesky (TensorLinalgExt::cholesky)"
cpu/linalg_batch_families,batched_cholesky,f64,4,"1x128x128",tenferro-trace,0.108394,0.017823,ok,"SPD Cholesky (TensorLinalgExt::cholesky)"
cpu/linalg_batch_families,batched_cholesky,f64,4,"8x128x128",tenferro-direct,0.598757,0.004799,ok,"SPD Cholesky (TensorLinalgExt::cholesky)"
cpu/linalg_batch_families,batched_cholesky,f64,4,"8x128x128",tenferro-trace,0.702853,0.039855,ok,"SPD Cholesky (TensorLinalgExt::cholesky)"
cpu/linalg_batch_families,batched_qr,f64,4,"1x2x2",tenferro-direct,0.002074,0.000220,ok,"thin QR (TensorLinalgExt::qr)"
cpu/linalg_batch_families,batched_qr,f64,4,"1x2x2",tenferro-trace,0.025688,0.007234,ok,"thin QR (TensorLinalgExt::qr)"
cpu/linalg_batch_families,batched_qr,f64,4,"3x2x2",tenferro-direct,0.002554,0.000181,ok,"thin QR (TensorLinalgExt::qr)"
cpu/linalg_batch_families,batched_qr,f64,4,"3x2x2",tenferro-trace,0.028453,0.007324,ok,"thin QR (TensorLinalgExt::qr)"
cpu/linalg_batch_families,batched_qr,f64,4,"4x2x2",tenferro-direct,0.002805,0.000241,ok,"thin QR (TensorLinalgExt::qr)"
cpu/linalg_batch_families,batched_qr,f64,4,"4x2x2",tenferro-trace,0.026550,0.006393,ok,"thin QR (TensorLinalgExt::qr)"
cpu/linalg_batch_families,batched_qr,f64,4,"8x2x2",tenferro-direct,0.003557,0.000290,ok,"thin QR (TensorLinalgExt::qr)"
cpu/linalg_batch_families,batched_qr,f64,4,"8x2x2",tenferro-trace,0.024726,0.003937,ok,"thin QR (TensorLinalgExt::qr)"
cpu/linalg_batch_families,batched_qr,f64,4,"1024x2x2",tenferro-direct,0.206168,0.005580,ok,"thin QR (TensorLinalgExt::qr)"
cpu/linalg_batch_families,batched_qr,f64,4,"1024x2x2",tenferro-trace,0.234932,0.006592,ok,"thin QR (TensorLinalgExt::qr)"
cpu/linalg_batch_families,batched_qr,f64,4,"1x4x4",tenferro-direct,0.002565,0.001172,ok,"thin QR (TensorLinalgExt::qr)"
cpu/linalg_batch_families,batched_qr,f64,4,"1x4x4",tenferro-trace,0.029165,0.006683,ok,"thin QR (TensorLinalgExt::qr)"
cpu/linalg_batch_families,batched_qr,f64,4,"3x4x4",tenferro-direct,0.003647,0.000170,ok,"thin QR (TensorLinalgExt::qr)"
cpu/linalg_batch_families,batched_qr,f64,4,"3x4x4",tenferro-trace,0.033974,0.007294,ok,"thin QR (TensorLinalgExt::qr)"
cpu/linalg_batch_families,batched_qr,f64,4,"4x4x4",tenferro-direct,0.004268,0.000210,ok,"thin QR (TensorLinalgExt::qr)"
cpu/linalg_batch_families,batched_qr,f64,4,"4x4x4",tenferro-trace,0.026379,0.002814,ok,"thin QR (TensorLinalgExt::qr)"
cpu/linalg_batch_families,batched_qr,f64,4,"8x4x4",tenferro-direct,0.006662,0.000181,ok,"thin QR (TensorLinalgExt::qr)"
cpu/linalg_batch_families,batched_qr,f64,4,"8x4x4",tenferro-trace,0.038002,0.002133,ok,"thin QR (TensorLinalgExt::qr)"
cpu/linalg_batch_families,batched_qr,f64,4,"1024x4x4",tenferro-direct,0.604879,0.005732,ok,"thin QR (TensorLinalgExt::qr)"
cpu/linalg_batch_families,batched_qr,f64,4,"1024x4x4",tenferro-trace,0.642590,0.022893,ok,"thin QR (TensorLinalgExt::qr)"
cpu/linalg_batch_families,batched_qr,f64,4,"1x8x8",tenferro-direct,0.006642,0.000481,ok,"thin QR (TensorLinalgExt::qr)"
cpu/linalg_batch_families,batched_qr,f64,4,"1x8x8",tenferro-trace,0.026189,0.005150,ok,"thin QR (TensorLinalgExt::qr)"
cpu/linalg_batch_families,batched_qr,f64,4,"3x8x8",tenferro-direct,0.006002,0.000211,ok,"thin QR (TensorLinalgExt::qr)"
cpu/linalg_batch_families,batched_qr,f64,4,"3x8x8",tenferro-trace,0.028284,0.004087,ok,"thin QR (TensorLinalgExt::qr)"
cpu/linalg_batch_families,batched_qr,f64,4,"4x8x8",tenferro-direct,0.007204,0.000130,ok,"thin QR (TensorLinalgExt::qr)"
cpu/linalg_batch_families,batched_qr,f64,4,"4x8x8",tenferro-trace,0.032020,0.002645,ok,"thin QR (TensorLinalgExt::qr)"
cpu/linalg_batch_families,batched_qr,f64,4,"8x8x8",tenferro-direct,0.012434,0.000120,ok,"thin QR (TensorLinalgExt::qr)"
cpu/linalg_batch_families,batched_qr,f64,4,"8x8x8",tenferro-trace,0.042450,0.012725,ok,"thin QR (TensorLinalgExt::qr)"
cpu/linalg_batch_families,batched_qr,f64,4,"1024x8x8",tenferro-direct,1.342518,0.008236,ok,"thin QR (TensorLinalgExt::qr)"
cpu/linalg_batch_families,batched_qr,f64,4,"1024x8x8",tenferro-trace,1.440402,0.070893,ok,"thin QR (TensorLinalgExt::qr)"
cpu/linalg_batch_families,batched_qr,f64,4,"1x32x32",tenferro-direct,0.017794,0.000211,ok,"thin QR (TensorLinalgExt::qr)"
cpu/linalg_batch_families,batched_qr,f64,4,"1x32x32",tenferro-trace,0.063830,0.034184,ok,"thin QR (TensorLinalgExt::qr)"
cpu/linalg_batch_families,batched_qr,f64,4,"8x32x32",tenferro-direct,0.128802,0.001092,ok,"thin QR (TensorLinalgExt::qr)"
cpu/linalg_batch_families,batched_qr,f64,4,"8x32x32",tenferro-trace,0.156274,0.007925,ok,"thin QR (TensorLinalgExt::qr)"
cpu/linalg_batch_families,batched_qr,f64,4,"1x128x128",tenferro-direct,0.687635,0.010690,ok,"thin QR (TensorLinalgExt::qr)"
cpu/linalg_batch_families,batched_qr,f64,4,"1x128x128",tenferro-trace,0.811247,0.163348,ok,"thin QR (TensorLinalgExt::qr)"
cpu/linalg_batch_families,batched_qr,f64,4,"8x128x128",tenferro-direct,5.930286,0.517323,ok,"thin QR (TensorLinalgExt::qr)"
cpu/linalg_batch_families,batched_qr,f64,4,"8x128x128",tenferro-trace,4.899636,0.878816,ok,"thin QR (TensorLinalgExt::qr)"
cpu/linalg_batch_families,batched_qr,f64,4,"1x64x24",tenferro-direct,0.028303,0.000591,ok,"thin QR (TensorLinalgExt::qr)"
cpu/linalg_batch_families,batched_qr,f64,4,"1x64x24",tenferro-trace,0.051486,0.018475,ok,"thin QR (TensorLinalgExt::qr)"
cpu/linalg_batch_families,batched_eigh,f64,4,"1x2x2",tenferro-direct,0.003407,0.000551,ok,"symmetric/Hermitian eigendecomposition (TensorLinalgExt::eigh)"
cpu/linalg_batch_families,batched_eigh,f64,4,"1x2x2",tenferro-trace,0.033082,0.007705,ok,"symmetric/Hermitian eigendecomposition (TensorLinalgExt::eigh)"
cpu/linalg_batch_families,batched_eigh,f64,4,"3x2x2",tenferro-direct,0.005921,0.001603,ok,"symmetric/Hermitian eigendecomposition (TensorLinalgExt::eigh)"
cpu/linalg_batch_families,batched_eigh,f64,4,"3x2x2",tenferro-trace,0.030186,0.011883,ok,"symmetric/Hermitian eigendecomposition (TensorLinalgExt::eigh)"
cpu/linalg_batch_families,batched_eigh,f64,4,"4x2x2",tenferro-direct,0.004318,0.001122,ok,"symmetric/Hermitian eigendecomposition (TensorLinalgExt::eigh)"
cpu/linalg_batch_families,batched_eigh,f64,4,"4x2x2",tenferro-trace,0.027943,0.009608,ok,"symmetric/Hermitian eigendecomposition (TensorLinalgExt::eigh)"
cpu/linalg_batch_families,batched_eigh,f64,4,"8x2x2",tenferro-direct,0.006532,0.000131,ok,"symmetric/Hermitian eigendecomposition (TensorLinalgExt::eigh)"
cpu/linalg_batch_families,batched_eigh,f64,4,"8x2x2",tenferro-trace,0.030548,0.005440,ok,"symmetric/Hermitian eigendecomposition (TensorLinalgExt::eigh)"
cpu/linalg_batch_families,batched_eigh,f64,4,"1024x2x2",tenferro-direct,0.603967,0.008356,ok,"symmetric/Hermitian eigendecomposition (TensorLinalgExt::eigh)"
cpu/linalg_batch_families,batched_eigh,f64,4,"1024x2x2",tenferro-trace,0.644463,0.021170,ok,"symmetric/Hermitian eigendecomposition (TensorLinalgExt::eigh)"
cpu/linalg_batch_families,batched_eigh,f64,4,"1x4x4",tenferro-direct,0.003887,0.001924,ok,"symmetric/Hermitian eigendecomposition (TensorLinalgExt::eigh)"
cpu/linalg_batch_families,batched_eigh,f64,4,"1x4x4",tenferro-trace,0.034595,0.010600,ok,"symmetric/Hermitian eigendecomposition (TensorLinalgExt::eigh)"
cpu/linalg_batch_families,batched_eigh,f64,4,"3x4x4",tenferro-direct,0.008025,0.000241,ok,"symmetric/Hermitian eigendecomposition (TensorLinalgExt::eigh)"
cpu/linalg_batch_families,batched_eigh,f64,4,"3x4x4",tenferro-trace,0.034515,0.011431,ok,"symmetric/Hermitian eigendecomposition (TensorLinalgExt::eigh)"
cpu/linalg_batch_families,batched_eigh,f64,4,"4x4x4",tenferro-direct,0.010330,0.000131,ok,"symmetric/Hermitian eigendecomposition (TensorLinalgExt::eigh)"
cpu/linalg_batch_families,batched_eigh,f64,4,"4x4x4",tenferro-trace,0.036369,0.018836,ok,"symmetric/Hermitian eigendecomposition (TensorLinalgExt::eigh)"
cpu/linalg_batch_families,batched_eigh,f64,4,"8x4x4",tenferro-direct,0.026099,0.000131,ok,"symmetric/Hermitian eigendecomposition (TensorLinalgExt::eigh)"
cpu/linalg_batch_families,batched_eigh,f64,4,"8x4x4",tenferro-trace,0.050705,0.002424,ok,"symmetric/Hermitian eigendecomposition (TensorLinalgExt::eigh)"
cpu/linalg_batch_families,batched_eigh,f64,4,"1024x4x4",tenferro-direct,2.215261,0.014728,ok,"symmetric/Hermitian eigendecomposition (TensorLinalgExt::eigh)"
cpu/linalg_batch_families,batched_eigh,f64,4,"1024x4x4",tenferro-trace,2.558517,0.464034,ok,"symmetric/Hermitian eigendecomposition (TensorLinalgExt::eigh)"
cpu/linalg_batch_families,batched_eigh,f64,4,"1x8x8",tenferro-direct,0.009658,0.000070,ok,"symmetric/Hermitian eigendecomposition (TensorLinalgExt::eigh)"
cpu/linalg_batch_families,batched_eigh,f64,4,"1x8x8",tenferro-trace,0.039975,0.004439,ok,"symmetric/Hermitian eigendecomposition (TensorLinalgExt::eigh)"
cpu/linalg_batch_families,batched_eigh,f64,4,"3x8x8",tenferro-direct,0.025859,0.000170,ok,"symmetric/Hermitian eigendecomposition (TensorLinalgExt::eigh)"
cpu/linalg_batch_families,batched_eigh,f64,4,"3x8x8",tenferro-trace,0.051417,0.004629,ok,"symmetric/Hermitian eigendecomposition (TensorLinalgExt::eigh)"
cpu/linalg_batch_families,batched_eigh,f64,4,"4x8x8",tenferro-direct,0.033833,0.000160,ok,"symmetric/Hermitian eigendecomposition (TensorLinalgExt::eigh)"
cpu/linalg_batch_families,batched_eigh,f64,4,"4x8x8",tenferro-trace,0.057869,0.004738,ok,"symmetric/Hermitian eigendecomposition (TensorLinalgExt::eigh)"
cpu/linalg_batch_families,batched_eigh,f64,4,"8x8x8",tenferro-direct,0.065253,0.000230,ok,"symmetric/Hermitian eigendecomposition (TensorLinalgExt::eigh)"
cpu/linalg_batch_families,batched_eigh,f64,4,"8x8x8",tenferro-trace,0.083106,0.017985,ok,"symmetric/Hermitian eigendecomposition (TensorLinalgExt::eigh)"
cpu/linalg_batch_families,batched_eigh,f64,4,"1024x8x8",tenferro-direct,6.195515,0.033363,ok,"symmetric/Hermitian eigendecomposition (TensorLinalgExt::eigh)"
cpu/linalg_batch_families,batched_eigh,f64,4,"1024x8x8",tenferro-trace,7.097584,0.382210,ok,"symmetric/Hermitian eigendecomposition (TensorLinalgExt::eigh)"
cpu/linalg_batch_families,batched_eigh,f64,4,"1x32x32",tenferro-direct,0.103534,0.001202,ok,"symmetric/Hermitian eigendecomposition (TensorLinalgExt::eigh)"
cpu/linalg_batch_families,batched_eigh,f64,4,"1x32x32",tenferro-trace,0.152477,0.102253,ok,"symmetric/Hermitian eigendecomposition (TensorLinalgExt::eigh)"
cpu/linalg_batch_families,batched_eigh,f64,4,"8x32x32",tenferro-direct,0.695540,0.077916,ok,"symmetric/Hermitian eigendecomposition (TensorLinalgExt::eigh)"
cpu/linalg_batch_families,batched_eigh,f64,4,"8x32x32",tenferro-trace,0.918580,0.068910,ok,"symmetric/Hermitian eigendecomposition (TensorLinalgExt::eigh)"
cpu/linalg_batch_families,batched_eigh,f64,4,"1x128x128",tenferro-direct,1.232931,0.026701,ok,"symmetric/Hermitian eigendecomposition (TensorLinalgExt::eigh)"
cpu/linalg_batch_families,batched_eigh,f64,4,"1x128x128",tenferro-trace,6.241041,3.197871,ok,"symmetric/Hermitian eigendecomposition (TensorLinalgExt::eigh)"
cpu/linalg_batch_families,batched_eigh,f64,4,"8x128x128",tenferro-direct,8.393754,1.017596,ok,"symmetric/Hermitian eigendecomposition (TensorLinalgExt::eigh)"
cpu/linalg_batch_families,batched_eigh,f64,4,"8x128x128",tenferro-trace,9.480801,0.925984,ok,"symmetric/Hermitian eigendecomposition (TensorLinalgExt::eigh)"
cpu/linalg_batch_families,batched_eigh,c64,4,"1x2x2",tenferro-direct,0.003246,0.000091,ok,"symmetric/Hermitian eigendecomposition (TensorLinalgExt::eigh)"
cpu/linalg_batch_families,batched_eigh,c64,4,"1x2x2",tenferro-trace,0.029976,0.007695,ok,"symmetric/Hermitian eigendecomposition (TensorLinalgExt::eigh)"
cpu/linalg_batch_families,batched_eigh,c64,4,"3x2x2",tenferro-direct,0.005020,0.000061,ok,"symmetric/Hermitian eigendecomposition (TensorLinalgExt::eigh)"
cpu/linalg_batch_families,batched_eigh,c64,4,"3x2x2",tenferro-trace,0.036088,0.012844,ok,"symmetric/Hermitian eigendecomposition (TensorLinalgExt::eigh)"
cpu/linalg_batch_families,batched_eigh,c64,4,"4x2x2",tenferro-direct,0.005982,0.001674,ok,"symmetric/Hermitian eigendecomposition (TensorLinalgExt::eigh)"
cpu/linalg_batch_families,batched_eigh,c64,4,"4x2x2",tenferro-trace,0.030016,0.005571,ok,"symmetric/Hermitian eigendecomposition (TensorLinalgExt::eigh)"
cpu/linalg_batch_families,batched_eigh,c64,4,"8x2x2",tenferro-direct,0.009457,0.000160,ok,"symmetric/Hermitian eigendecomposition (TensorLinalgExt::eigh)"
cpu/linalg_batch_families,batched_eigh,c64,4,"8x2x2",tenferro-trace,0.032972,0.002705,ok,"symmetric/Hermitian eigendecomposition (TensorLinalgExt::eigh)"
cpu/linalg_batch_families,batched_eigh,c64,4,"1024x2x2",tenferro-direct,0.536801,0.003556,ok,"symmetric/Hermitian eigendecomposition (TensorLinalgExt::eigh)"
cpu/linalg_batch_families,batched_eigh,c64,4,"1024x2x2",tenferro-trace,0.909773,0.008335,ok,"symmetric/Hermitian eigendecomposition (TensorLinalgExt::eigh)"
cpu/linalg_batch_families,batched_eigh,c64,4,"1x4x4",tenferro-direct,0.003947,0.000251,ok,"symmetric/Hermitian eigendecomposition (TensorLinalgExt::eigh)"
cpu/linalg_batch_families,batched_eigh,c64,4,"1x4x4",tenferro-trace,0.027602,0.007023,ok,"symmetric/Hermitian eigendecomposition (TensorLinalgExt::eigh)"
cpu/linalg_batch_families,batched_eigh,c64,4,"3x4x4",tenferro-direct,0.008105,0.000280,ok,"symmetric/Hermitian eigendecomposition (TensorLinalgExt::eigh)"
cpu/linalg_batch_families,batched_eigh,c64,4,"3x4x4",tenferro-trace,0.027813,0.002886,ok,"symmetric/Hermitian eigendecomposition (TensorLinalgExt::eigh)"
cpu/linalg_batch_families,batched_eigh,c64,4,"4x4x4",tenferro-direct,0.010349,0.000111,ok,"symmetric/Hermitian eigendecomposition (TensorLinalgExt::eigh)"
cpu/linalg_batch_families,batched_eigh,c64,4,"4x4x4",tenferro-trace,0.033393,0.001102,ok,"symmetric/Hermitian eigendecomposition (TensorLinalgExt::eigh)"
cpu/linalg_batch_families,batched_eigh,c64,4,"8x4x4",tenferro-direct,0.018956,0.000080,ok,"symmetric/Hermitian eigendecomposition (TensorLinalgExt::eigh)"
cpu/linalg_batch_families,batched_eigh,c64,4,"8x4x4",tenferro-trace,0.039354,0.007514,ok,"symmetric/Hermitian eigendecomposition (TensorLinalgExt::eigh)"
cpu/linalg_batch_families,batched_eigh,c64,4,"1024x4x4",tenferro-direct,2.250136,0.015539,ok,"symmetric/Hermitian eigendecomposition (TensorLinalgExt::eigh)"
cpu/linalg_batch_families,batched_eigh,c64,4,"1024x4x4",tenferro-trace,2.301012,0.408740,ok,"symmetric/Hermitian eigendecomposition (TensorLinalgExt::eigh)"
cpu/linalg_batch_families,batched_eigh,c64,4,"1x8x8",tenferro-direct,0.016792,0.000190,ok,"symmetric/Hermitian eigendecomposition (TensorLinalgExt::eigh)"
cpu/linalg_batch_families,batched_eigh,c64,4,"1x8x8",tenferro-trace,0.030968,0.002225,ok,"symmetric/Hermitian eigendecomposition (TensorLinalgExt::eigh)"
cpu/linalg_batch_families,batched_eigh,c64,4,"3x8x8",tenferro-direct,0.022252,0.000200,ok,"symmetric/Hermitian eigendecomposition (TensorLinalgExt::eigh)"
cpu/linalg_batch_families,batched_eigh,c64,4,"3x8x8",tenferro-trace,0.044093,0.002484,ok,"symmetric/Hermitian eigendecomposition (TensorLinalgExt::eigh)"
cpu/linalg_batch_families,batched_eigh,c64,4,"4x8x8",tenferro-direct,0.029015,0.000091,ok,"symmetric/Hermitian eigendecomposition (TensorLinalgExt::eigh)"
cpu/linalg_batch_families,batched_eigh,c64,4,"4x8x8",tenferro-trace,0.048762,0.001332,ok,"symmetric/Hermitian eigendecomposition (TensorLinalgExt::eigh)"
cpu/linalg_batch_families,batched_eigh,c64,4,"8x8x8",tenferro-direct,0.056607,0.000621,ok,"symmetric/Hermitian eigendecomposition (TensorLinalgExt::eigh)"
cpu/linalg_batch_families,batched_eigh,c64,4,"8x8x8",tenferro-trace,0.080352,0.006442,ok,"symmetric/Hermitian eigendecomposition (TensorLinalgExt::eigh)"
cpu/linalg_batch_families,batched_eigh,c64,4,"1024x8x8",tenferro-direct,7.104035,0.046187,ok,"symmetric/Hermitian eigendecomposition (TensorLinalgExt::eigh)"
cpu/linalg_batch_families,batched_eigh,c64,4,"1024x8x8",tenferro-trace,7.490743,0.047370,ok,"symmetric/Hermitian eigendecomposition (TensorLinalgExt::eigh)"
cpu/linalg_batch_families,batched_eigh,c64,4,"1x32x32",tenferro-direct,0.118573,0.004288,ok,"symmetric/Hermitian eigendecomposition (TensorLinalgExt::eigh)"
cpu/linalg_batch_families,batched_eigh,c64,4,"1x32x32",tenferro-trace,0.154430,0.018826,ok,"symmetric/Hermitian eigendecomposition (TensorLinalgExt::eigh)"
cpu/linalg_batch_families,batched_eigh,c64,4,"8x32x32",tenferro-direct,0.933888,0.005750,ok,"symmetric/Hermitian eigendecomposition (TensorLinalgExt::eigh)"
cpu/linalg_batch_families,batched_eigh,c64,4,"8x32x32",tenferro-trace,0.974936,0.018806,ok,"symmetric/Hermitian eigendecomposition (TensorLinalgExt::eigh)"
cpu/linalg_batch_families,batched_eigh,c64,4,"1x128x128",tenferro-direct,2.902144,0.017192,ok,"symmetric/Hermitian eigendecomposition (TensorLinalgExt::eigh)"
cpu/linalg_batch_families,batched_eigh,c64,4,"1x128x128",tenferro-trace,3.465174,0.524547,ok,"symmetric/Hermitian eigendecomposition (TensorLinalgExt::eigh)"
cpu/linalg_batch_families,batched_eigh,c64,4,"8x128x128",tenferro-direct,19.237581,3.291127,ok,"symmetric/Hermitian eigendecomposition (TensorLinalgExt::eigh)"
cpu/linalg_batch_families,batched_eigh,c64,4,"8x128x128",tenferro-trace,25.058281,1.882645,ok,"symmetric/Hermitian eigendecomposition (TensorLinalgExt::eigh)"
cpu/linalg_batch_families,batched_eigvalsh,f64,4,"1x2x2",tenferro-direct,0.002785,0.001182,ok,"symmetric eigenvalues only (TensorLinalgExt::eigvalsh)"
cpu/linalg_batch_families,batched_eigvalsh,f64,4,"1x2x2",tenferro-trace,0.026911,0.005751,ok,"symmetric eigenvalues only (TensorLinalgExt::eigvalsh)"
cpu/linalg_batch_families,batched_eigvalsh,f64,4,"3x2x2",tenferro-direct,0.003446,0.001483,ok,"symmetric eigenvalues only (TensorLinalgExt::eigvalsh)"
cpu/linalg_batch_families,batched_eigvalsh,f64,4,"3x2x2",tenferro-trace,0.032351,0.001212,ok,"symmetric eigenvalues only (TensorLinalgExt::eigvalsh)"
cpu/linalg_batch_families,batched_eigvalsh,f64,4,"4x2x2",tenferro-direct,0.002465,0.000220,ok,"symmetric eigenvalues only (TensorLinalgExt::eigvalsh)"
cpu/linalg_batch_families,batched_eigvalsh,f64,4,"4x2x2",tenferro-trace,0.032872,0.004579,ok,"symmetric eigenvalues only (TensorLinalgExt::eigvalsh)"
cpu/linalg_batch_families,batched_eigvalsh,f64,4,"8x2x2",tenferro-direct,0.003437,0.001312,ok,"symmetric eigenvalues only (TensorLinalgExt::eigvalsh)"
cpu/linalg_batch_families,batched_eigvalsh,f64,4,"8x2x2",tenferro-trace,0.027843,0.000912,ok,"symmetric eigenvalues only (TensorLinalgExt::eigvalsh)"
cpu/linalg_batch_families,batched_eigvalsh,f64,4,"1024x2x2",tenferro-direct,0.226436,0.006402,ok,"symmetric eigenvalues only (TensorLinalgExt::eigvalsh)"
cpu/linalg_batch_families,batched_eigvalsh,f64,4,"1024x2x2",tenferro-trace,0.263446,0.005251,ok,"symmetric eigenvalues only (TensorLinalgExt::eigvalsh)"
cpu/linalg_batch_families,batched_eigvalsh,f64,4,"1x4x4",tenferro-direct,0.002645,0.000100,ok,"symmetric eigenvalues only (TensorLinalgExt::eigvalsh)"
cpu/linalg_batch_families,batched_eigvalsh,f64,4,"1x4x4",tenferro-trace,0.027141,0.001572,ok,"symmetric eigenvalues only (TensorLinalgExt::eigvalsh)"
cpu/linalg_batch_families,batched_eigvalsh,f64,4,"3x4x4",tenferro-direct,0.005030,0.000662,ok,"symmetric eigenvalues only (TensorLinalgExt::eigvalsh)"
cpu/linalg_batch_families,batched_eigvalsh,f64,4,"3x4x4",tenferro-trace,0.029606,0.001523,ok,"symmetric eigenvalues only (TensorLinalgExt::eigvalsh)"
cpu/linalg_batch_families,batched_eigvalsh,f64,4,"4x4x4",tenferro-direct,0.006101,0.000150,ok,"symmetric eigenvalues only (TensorLinalgExt::eigvalsh)"
cpu/linalg_batch_families,batched_eigvalsh,f64,4,"4x4x4",tenferro-trace,0.030577,0.001473,ok,"symmetric eigenvalues only (TensorLinalgExt::eigvalsh)"
cpu/linalg_batch_families,batched_eigvalsh,f64,4,"8x4x4",tenferro-direct,0.010019,0.000060,ok,"symmetric eigenvalues only (TensorLinalgExt::eigvalsh)"
cpu/linalg_batch_families,batched_eigvalsh,f64,4,"8x4x4",tenferro-trace,0.034776,0.002916,ok,"symmetric eigenvalues only (TensorLinalgExt::eigvalsh)"
cpu/linalg_batch_families,batched_eigvalsh,f64,4,"1024x4x4",tenferro-direct,1.157179,0.004849,ok,"symmetric eigenvalues only (TensorLinalgExt::eigvalsh)"
cpu/linalg_batch_families,batched_eigvalsh,f64,4,"1024x4x4",tenferro-trace,1.180042,0.014157,ok,"symmetric eigenvalues only (TensorLinalgExt::eigvalsh)"
cpu/linalg_batch_families,batched_eigvalsh,f64,4,"1x8x8",tenferro-direct,0.005680,0.000370,ok,"symmetric eigenvalues only (TensorLinalgExt::eigvalsh)"
cpu/linalg_batch_families,batched_eigvalsh,f64,4,"1x8x8",tenferro-trace,0.037691,0.003346,ok,"symmetric eigenvalues only (TensorLinalgExt::eigvalsh)"
cpu/linalg_batch_families,batched_eigvalsh,f64,4,"3x8x8",tenferro-direct,0.013896,0.000119,ok,"symmetric eigenvalues only (TensorLinalgExt::eigvalsh)"
cpu/linalg_batch_families,batched_eigvalsh,f64,4,"3x8x8",tenferro-trace,0.052930,0.015308,ok,"symmetric eigenvalues only (TensorLinalgExt::eigvalsh)"
cpu/linalg_batch_families,batched_eigvalsh,f64,4,"4x8x8",tenferro-direct,0.018024,0.000130,ok,"symmetric eigenvalues only (TensorLinalgExt::eigvalsh)"
cpu/linalg_batch_families,batched_eigvalsh,f64,4,"4x8x8",tenferro-trace,0.039755,0.001964,ok,"symmetric eigenvalues only (TensorLinalgExt::eigvalsh)"
cpu/linalg_batch_families,batched_eigvalsh,f64,4,"8x8x8",tenferro-direct,0.034014,0.000070,ok,"symmetric eigenvalues only (TensorLinalgExt::eigvalsh)"
cpu/linalg_batch_families,batched_eigvalsh,f64,4,"8x8x8",tenferro-trace,0.053460,0.001563,ok,"symmetric eigenvalues only (TensorLinalgExt::eigvalsh)"
cpu/linalg_batch_families,batched_eigvalsh,f64,4,"1024x8x8",tenferro-direct,3.526690,0.016782,ok,"symmetric eigenvalues only (TensorLinalgExt::eigvalsh)"
cpu/linalg_batch_families,batched_eigvalsh,f64,4,"1024x8x8",tenferro-trace,4.056898,0.236545,ok,"symmetric eigenvalues only (TensorLinalgExt::eigvalsh)"
cpu/linalg_batch_families,batched_eigvalsh,f64,4,"1x32x32",tenferro-direct,0.035928,0.033323,ok,"symmetric eigenvalues only (TensorLinalgExt::eigvalsh)"
cpu/linalg_batch_families,batched_eigvalsh,f64,4,"1x32x32",tenferro-trace,0.055685,0.012474,ok,"symmetric eigenvalues only (TensorLinalgExt::eigvalsh)"
cpu/linalg_batch_families,batched_eigvalsh,f64,4,"8x32x32",tenferro-direct,0.270008,0.003105,ok,"symmetric eigenvalues only (TensorLinalgExt::eigvalsh)"
cpu/linalg_batch_families,batched_eigvalsh,f64,4,"8x32x32",tenferro-trace,0.309813,0.014467,ok,"symmetric eigenvalues only (TensorLinalgExt::eigvalsh)"
cpu/linalg_batch_families,batched_eigvalsh,f64,4,"1x128x128",tenferro-direct,0.579221,0.005569,ok,"symmetric eigenvalues only (TensorLinalgExt::eigvalsh)"
cpu/linalg_batch_families,batched_eigvalsh,f64,4,"1x128x128",tenferro-trace,0.649854,0.147107,ok,"symmetric eigenvalues only (TensorLinalgExt::eigvalsh)"
cpu/linalg_batch_families,batched_eigvalsh,f64,4,"8x128x128",tenferro-direct,5.603902,0.030758,ok,"symmetric eigenvalues only (TensorLinalgExt::eigvalsh)"
cpu/linalg_batch_families,batched_eigvalsh,f64,4,"8x128x128",tenferro-trace,6.530375,1.296692,ok,"symmetric eigenvalues only (TensorLinalgExt::eigvalsh)"
cpu/linalg_batch_families,batched_svd,f64,4,"1x2x2",tenferro-direct,0.007174,0.000481,ok,"thin SVD (TensorLinalgExt::svd)"
cpu/linalg_batch_families,batched_svd,f64,4,"1x2x2",tenferro-trace,0.037010,0.012915,ok,"thin SVD (TensorLinalgExt::svd)"
cpu/linalg_batch_families,batched_svd,f64,4,"3x2x2",tenferro-direct,0.006212,0.000101,ok,"thin SVD (TensorLinalgExt::svd)"
cpu/linalg_batch_families,batched_svd,f64,4,"3x2x2",tenferro-trace,0.041579,0.011271,ok,"thin SVD (TensorLinalgExt::svd)"
cpu/linalg_batch_families,batched_svd,f64,4,"4x2x2",tenferro-direct,0.007534,0.000180,ok,"thin SVD (TensorLinalgExt::svd)"
cpu/linalg_batch_families,batched_svd,f64,4,"4x2x2",tenferro-trace,0.039204,0.005962,ok,"thin SVD (TensorLinalgExt::svd)"
cpu/linalg_batch_families,batched_svd,f64,4,"8x2x2",tenferro-direct,0.012634,0.000090,ok,"thin SVD (TensorLinalgExt::svd)"
cpu/linalg_batch_families,batched_svd,f64,4,"8x2x2",tenferro-trace,0.043622,0.008856,ok,"thin SVD (TensorLinalgExt::svd)"
cpu/linalg_batch_families,batched_svd,f64,4,"1024x2x2",tenferro-direct,1.323662,0.006913,ok,"thin SVD (TensorLinalgExt::svd)"
cpu/linalg_batch_families,batched_svd,f64,4,"1024x2x2",tenferro-trace,1.426085,0.615608,ok,"thin SVD (TensorLinalgExt::svd)"
cpu/linalg_batch_families,batched_svd,f64,4,"1x4x4",tenferro-direct,0.007143,0.000221,ok,"thin SVD (TensorLinalgExt::svd)"
cpu/linalg_batch_families,batched_svd,f64,4,"1x4x4",tenferro-trace,0.037160,0.003588,ok,"thin SVD (TensorLinalgExt::svd)"
cpu/linalg_batch_families,batched_svd,f64,4,"3x4x4",tenferro-direct,0.017584,0.006903,ok,"thin SVD (TensorLinalgExt::svd)"
cpu/linalg_batch_families,batched_svd,f64,4,"3x4x4",tenferro-trace,0.045776,0.002515,ok,"thin SVD (TensorLinalgExt::svd)"
cpu/linalg_batch_families,batched_svd,f64,4,"4x4x4",tenferro-direct,0.022413,0.000149,ok,"thin SVD (TensorLinalgExt::svd)"
cpu/linalg_batch_families,batched_svd,f64,4,"4x4x4",tenferro-trace,0.050344,0.001983,ok,"thin SVD (TensorLinalgExt::svd)"
cpu/linalg_batch_families,batched_svd,f64,4,"8x4x4",tenferro-direct,0.042199,0.000151,ok,"thin SVD (TensorLinalgExt::svd)"
cpu/linalg_batch_families,batched_svd,f64,4,"8x4x4",tenferro-trace,0.070062,0.018485,ok,"thin SVD (TensorLinalgExt::svd)"
cpu/linalg_batch_families,batched_svd,f64,4,"1024x4x4",tenferro-direct,5.218335,1.682458,ok,"thin SVD (TensorLinalgExt::svd)"
cpu/linalg_batch_families,batched_svd,f64,4,"1024x4x4",tenferro-trace,5.775545,0.483750,ok,"thin SVD (TensorLinalgExt::svd)"
cpu/linalg_batch_families,batched_svd,f64,4,"1x8x8",tenferro-direct,0.035076,0.000231,ok,"thin SVD (TensorLinalgExt::svd)"
cpu/linalg_batch_families,batched_svd,f64,4,"1x8x8",tenferro-trace,0.053471,0.013195,ok,"thin SVD (TensorLinalgExt::svd)"
cpu/linalg_batch_families,batched_svd,f64,4,"3x8x8",tenferro-direct,0.044073,0.000251,ok,"thin SVD (TensorLinalgExt::svd)"
cpu/linalg_batch_families,batched_svd,f64,4,"3x8x8",tenferro-trace,0.076354,0.022132,ok,"thin SVD (TensorLinalgExt::svd)"
cpu/linalg_batch_families,batched_svd,f64,4,"4x8x8",tenferro-direct,0.059181,0.000229,ok,"thin SVD (TensorLinalgExt::svd)"
cpu/linalg_batch_families,batched_svd,f64,4,"4x8x8",tenferro-trace,0.097894,0.010399,ok,"thin SVD (TensorLinalgExt::svd)"
cpu/linalg_batch_families,batched_svd,f64,4,"8x8x8",tenferro-direct,0.119495,0.000902,ok,"thin SVD (TensorLinalgExt::svd)"
cpu/linalg_batch_families,batched_svd,f64,4,"8x8x8",tenferro-trace,0.160793,0.010310,ok,"thin SVD (TensorLinalgExt::svd)"
cpu/linalg_batch_families,batched_svd,f64,4,"1024x8x8",tenferro-direct,15.986771,0.062378,ok,"thin SVD (TensorLinalgExt::svd)"
cpu/linalg_batch_families,batched_svd,f64,4,"1024x8x8",tenferro-trace,16.673854,0.528165,ok,"thin SVD (TensorLinalgExt::svd)"
cpu/linalg_batch_families,batched_svd,f64,4,"1x32x32",tenferro-direct,0.146085,0.002404,ok,"thin SVD (TensorLinalgExt::svd)"
cpu/linalg_batch_families,batched_svd,f64,4,"1x32x32",tenferro-trace,0.331224,0.213983,ok,"thin SVD (TensorLinalgExt::svd)"
cpu/linalg_batch_families,batched_svd,f64,4,"8x32x32",tenferro-direct,1.582399,0.005169,ok,"thin SVD (TensorLinalgExt::svd)"
cpu/linalg_batch_families,batched_svd,f64,4,"8x32x32",tenferro-trace,1.614880,0.085241,ok,"thin SVD (TensorLinalgExt::svd)"
cpu/linalg_batch_families,batched_svd,f64,4,"1x128x128",tenferro-direct,2.774514,0.008747,ok,"thin SVD (TensorLinalgExt::svd)"
cpu/linalg_batch_families,batched_svd,f64,4,"1x128x128",tenferro-trace,3.197490,3.253987,ok,"thin SVD (TensorLinalgExt::svd)"
cpu/linalg_batch_families,batched_svd,f64,4,"8x128x128",tenferro-direct,16.139397,3.643460,ok,"thin SVD (TensorLinalgExt::svd)"
cpu/linalg_batch_families,batched_svd,f64,4,"8x128x128",tenferro-trace,19.869841,0.852385,ok,"thin SVD (TensorLinalgExt::svd)"
cpu/linalg_batch_families,batched_svd,f64,4,"1x64x24",tenferro-direct,0.114947,0.000761,ok,"thin SVD (TensorLinalgExt::svd)"
cpu/linalg_batch_families,batched_svd,f64,4,"1x64x24",tenferro-trace,0.236475,0.078708,ok,"thin SVD (TensorLinalgExt::svd)"
cpu/linalg_batch_families,batched_svd,c64,4,"1x2x2",tenferro-direct,0.005810,0.000100,ok,"thin SVD (TensorLinalgExt::svd)"
cpu/linalg_batch_families,batched_svd,c64,4,"1x2x2",tenferro-trace,0.046968,0.012644,ok,"thin SVD (TensorLinalgExt::svd)"
cpu/linalg_batch_families,batched_svd,c64,4,"3x2x2",tenferro-direct,0.010921,0.000061,ok,"thin SVD (TensorLinalgExt::svd)"
cpu/linalg_batch_families,batched_svd,c64,4,"3x2x2",tenferro-trace,0.046077,0.010560,ok,"thin SVD (TensorLinalgExt::svd)"
cpu/linalg_batch_families,batched_svd,c64,4,"4x2x2",tenferro-direct,0.013907,0.000180,ok,"thin SVD (TensorLinalgExt::svd)"
cpu/linalg_batch_families,batched_svd,c64,4,"4x2x2",tenferro-trace,0.049994,0.008086,ok,"thin SVD (TensorLinalgExt::svd)"
cpu/linalg_batch_families,batched_svd,c64,4,"8x2x2",tenferro-direct,0.023504,0.000101,ok,"thin SVD (TensorLinalgExt::svd)"
cpu/linalg_batch_families,batched_svd,c64,4,"8x2x2",tenferro-trace,0.061445,0.008486,ok,"thin SVD (TensorLinalgExt::svd)"
cpu/linalg_batch_families,batched_svd,c64,4,"1024x2x2",tenferro-direct,2.599865,0.007504,ok,"thin SVD (TensorLinalgExt::svd)"
cpu/linalg_batch_families,batched_svd,c64,4,"1024x2x2",tenferro-trace,2.618811,0.018174,ok,"thin SVD (TensorLinalgExt::svd)"
cpu/linalg_batch_families,batched_svd,c64,4,"1x4x4",tenferro-direct,0.012093,0.000772,ok,"thin SVD (TensorLinalgExt::svd)"
cpu/linalg_batch_families,batched_svd,c64,4,"1x4x4",tenferro-trace,0.052899,0.012904,ok,"thin SVD (TensorLinalgExt::svd)"
cpu/linalg_batch_families,batched_svd,c64,4,"3x4x4",tenferro-direct,0.027592,0.000100,ok,"thin SVD (TensorLinalgExt::svd)"
cpu/linalg_batch_families,batched_svd,c64,4,"3x4x4",tenferro-trace,0.065132,0.008266,ok,"thin SVD (TensorLinalgExt::svd)"
cpu/linalg_batch_families,batched_svd,c64,4,"4x4x4",tenferro-direct,0.036248,0.000140,ok,"thin SVD (TensorLinalgExt::svd)"
cpu/linalg_batch_families,batched_svd,c64,4,"4x4x4",tenferro-trace,0.071776,0.012283,ok,"thin SVD (TensorLinalgExt::svd)"
cpu/linalg_batch_families,batched_svd,c64,4,"8x4x4",tenferro-direct,0.069350,0.000260,ok,"thin SVD (TensorLinalgExt::svd)"
cpu/linalg_batch_families,batched_svd,c64,4,"8x4x4",tenferro-trace,0.114265,0.015309,ok,"thin SVD (TensorLinalgExt::svd)"
cpu/linalg_batch_families,batched_svd,c64,4,"1024x4x4",tenferro-direct,6.433623,2.276126,ok,"thin SVD (TensorLinalgExt::svd)"
cpu/linalg_batch_families,batched_svd,c64,4,"1024x4x4",tenferro-trace,6.924087,0.434419,ok,"thin SVD (TensorLinalgExt::svd)"
cpu/linalg_batch_families,batched_svd,c64,4,"1x8x8",tenferro-direct,0.021260,0.011061,ok,"thin SVD (TensorLinalgExt::svd)"
cpu/linalg_batch_families,batched_svd,c64,4,"1x8x8",tenferro-trace,0.081824,0.030598,ok,"thin SVD (TensorLinalgExt::svd)"
cpu/linalg_batch_families,batched_svd,c64,4,"3x8x8",tenferro-direct,0.057398,0.000211,ok,"thin SVD (TensorLinalgExt::svd)"
cpu/linalg_batch_families,batched_svd,c64,4,"3x8x8",tenferro-trace,0.098375,0.013856,ok,"thin SVD (TensorLinalgExt::svd)"
cpu/linalg_batch_families,batched_svd,c64,4,"4x8x8",tenferro-direct,0.076785,0.000221,ok,"thin SVD (TensorLinalgExt::svd)"
cpu/linalg_batch_families,batched_svd,c64,4,"4x8x8",tenferro-trace,0.125276,0.037431,ok,"thin SVD (TensorLinalgExt::svd)"
cpu/linalg_batch_families,batched_svd,c64,4,"8x8x8",tenferro-direct,0.149321,0.000792,ok,"thin SVD (TensorLinalgExt::svd)"
cpu/linalg_batch_families,batched_svd,c64,4,"8x8x8",tenferro-trace,0.200277,0.067317,ok,"thin SVD (TensorLinalgExt::svd)"
cpu/linalg_batch_families,batched_svd,c64,4,"1024x8x8",tenferro-direct,18.831437,0.032452,ok,"thin SVD (TensorLinalgExt::svd)"
cpu/linalg_batch_families,batched_svd,c64,4,"1024x8x8",tenferro-trace,18.943057,0.819363,ok,"thin SVD (TensorLinalgExt::svd)"
cpu/linalg_batch_families,batched_svd,c64,4,"1x32x32",tenferro-direct,0.259889,0.008226,ok,"thin SVD (TensorLinalgExt::svd)"
cpu/linalg_batch_families,batched_svd,c64,4,"1x32x32",tenferro-trace,0.342004,0.328328,ok,"thin SVD (TensorLinalgExt::svd)"
cpu/linalg_batch_families,batched_svd,c64,4,"8x32x32",tenferro-direct,2.055239,0.003737,ok,"thin SVD (TensorLinalgExt::svd)"
cpu/linalg_batch_families,batched_svd,c64,4,"8x32x32",tenferro-trace,2.293569,0.082104,ok,"thin SVD (TensorLinalgExt::svd)"
cpu/linalg_batch_families,batched_svd,c64,4,"1x128x128",tenferro-direct,3.701479,0.014647,ok,"thin SVD (TensorLinalgExt::svd)"
cpu/linalg_batch_families,batched_svd,c64,4,"1x128x128",tenferro-trace,4.587878,0.936914,ok,"thin SVD (TensorLinalgExt::svd)"
cpu/linalg_batch_families,batched_svd,c64,4,"8x128x128",tenferro-direct,25.455950,4.827990,ok,"thin SVD (TensorLinalgExt::svd)"
cpu/linalg_batch_families,batched_svd,c64,4,"8x128x128",tenferro-trace,33.102196,2.081490,ok,"thin SVD (TensorLinalgExt::svd)"
cpu/linalg_batch_families,batched_svd,c64,4,"1x64x24",tenferro-direct,0.184106,0.001453,ok,"thin SVD (TensorLinalgExt::svd)"
cpu/linalg_batch_families,batched_svd,c64,4,"1x64x24",tenferro-trace,0.336073,0.083758,ok,"thin SVD (TensorLinalgExt::svd)"
cpu/linalg_batch_families,batched_svdvals,f64,4,"1x2x2",tenferro-direct,0.003276,0.000451,ok,"singular values only (TensorLinalgExt::svdvals)"
cpu/linalg_batch_families,batched_svdvals,f64,4,"1x2x2",tenferro-trace,,,unsupported,"tenferro-rs has no TracedTensor svdvals API; traced singular values come from svd"
cpu/linalg_batch_families,batched_svdvals,f64,4,"3x2x2",tenferro-direct,0.004338,0.000180,ok,"singular values only (TensorLinalgExt::svdvals)"
cpu/linalg_batch_families,batched_svdvals,f64,4,"3x2x2",tenferro-trace,,,unsupported,"tenferro-rs has no TracedTensor svdvals API; traced singular values come from svd"
cpu/linalg_batch_families,batched_svdvals,f64,4,"4x2x2",tenferro-direct,0.004849,0.000090,ok,"singular values only (TensorLinalgExt::svdvals)"
cpu/linalg_batch_families,batched_svdvals,f64,4,"4x2x2",tenferro-trace,,,unsupported,"tenferro-rs has no TracedTensor svdvals API; traced singular values come from svd"
cpu/linalg_batch_families,batched_svdvals,f64,4,"8x2x2",tenferro-direct,0.007354,0.000191,ok,"singular values only (TensorLinalgExt::svdvals)"
cpu/linalg_batch_families,batched_svdvals,f64,4,"8x2x2",tenferro-trace,,,unsupported,"tenferro-rs has no TracedTensor svdvals API; traced singular values come from svd"
cpu/linalg_batch_families,batched_svdvals,f64,4,"1024x2x2",tenferro-direct,0.616852,0.011011,ok,"singular values only (TensorLinalgExt::svdvals)"
cpu/linalg_batch_families,batched_svdvals,f64,4,"1024x2x2",tenferro-trace,,,unsupported,"tenferro-rs has no TracedTensor svdvals API; traced singular values come from svd"
cpu/linalg_batch_families,batched_svdvals,f64,4,"1x4x4",tenferro-direct,0.005140,0.000191,ok,"singular values only (TensorLinalgExt::svdvals)"
cpu/linalg_batch_families,batched_svdvals,f64,4,"1x4x4",tenferro-trace,,,unsupported,"tenferro-rs has no TracedTensor svdvals API; traced singular values come from svd"
cpu/linalg_batch_families,batched_svdvals,f64,4,"3x4x4",tenferro-direct,0.011191,0.000171,ok,"singular values only (TensorLinalgExt::svdvals)"
cpu/linalg_batch_families,batched_svdvals,f64,4,"3x4x4",tenferro-trace,,,unsupported,"tenferro-rs has no TracedTensor svdvals API; traced singular values come from svd"
cpu/linalg_batch_families,batched_svdvals,f64,4,"4x4x4",tenferro-direct,0.014027,0.000169,ok,"singular values only (TensorLinalgExt::svdvals)"
cpu/linalg_batch_families,batched_svdvals,f64,4,"4x4x4",tenferro-trace,,,unsupported,"tenferro-rs has no TracedTensor svdvals API; traced singular values come from svd"
cpu/linalg_batch_families,batched_svdvals,f64,4,"8x4x4",tenferro-direct,0.025908,0.000171,ok,"singular values only (TensorLinalgExt::svdvals)"
cpu/linalg_batch_families,batched_svdvals,f64,4,"8x4x4",tenferro-trace,,,unsupported,"tenferro-rs has no TracedTensor svdvals API; traced singular values come from svd"
cpu/linalg_batch_families,batched_svdvals,f64,4,"1024x4x4",tenferro-direct,3.108623,0.003476,ok,"singular values only (TensorLinalgExt::svdvals)"
cpu/linalg_batch_families,batched_svdvals,f64,4,"1024x4x4",tenferro-trace,,,unsupported,"tenferro-rs has no TracedTensor svdvals API; traced singular values come from svd"
cpu/linalg_batch_families,batched_svdvals,f64,4,"1x8x8",tenferro-direct,0.009117,0.000090,ok,"singular values only (TensorLinalgExt::svdvals)"
cpu/linalg_batch_families,batched_svdvals,f64,4,"1x8x8",tenferro-trace,,,unsupported,"tenferro-rs has no TracedTensor svdvals API; traced singular values come from svd"
cpu/linalg_batch_families,batched_svdvals,f64,4,"3x8x8",tenferro-direct,0.023484,0.000310,ok,"singular values only (TensorLinalgExt::svdvals)"
cpu/linalg_batch_families,batched_svdvals,f64,4,"3x8x8",tenferro-trace,,,unsupported,"tenferro-rs has no TracedTensor svdvals API; traced singular values come from svd"
cpu/linalg_batch_families,batched_svdvals,f64,4,"4x8x8",tenferro-direct,0.031089,0.000141,ok,"singular values only (TensorLinalgExt::svdvals)"
cpu/linalg_batch_families,batched_svdvals,f64,4,"4x8x8",tenferro-trace,,,unsupported,"tenferro-rs has no TracedTensor svdvals API; traced singular values come from svd"
cpu/linalg_batch_families,batched_svdvals,f64,4,"8x8x8",tenferro-direct,0.059532,0.000140,ok,"singular values only (TensorLinalgExt::svdvals)"
cpu/linalg_batch_families,batched_svdvals,f64,4,"8x8x8",tenferro-trace,,,unsupported,"tenferro-rs has no TracedTensor svdvals API; traced singular values come from svd"
cpu/linalg_batch_families,batched_svdvals,f64,4,"1024x8x8",tenferro-direct,7.519909,0.015738,ok,"singular values only (TensorLinalgExt::svdvals)"
cpu/linalg_batch_families,batched_svdvals,f64,4,"1024x8x8",tenferro-trace,,,unsupported,"tenferro-rs has no TracedTensor svdvals API; traced singular values come from svd"
cpu/linalg_batch_families,batched_svdvals,f64,4,"1x32x32",tenferro-direct,0.051296,0.000491,ok,"singular values only (TensorLinalgExt::svdvals)"
cpu/linalg_batch_families,batched_svdvals,f64,4,"1x32x32",tenferro-trace,,,unsupported,"tenferro-rs has no TracedTensor svdvals API; traced singular values come from svd"
cpu/linalg_batch_families,batched_svdvals,f64,4,"8x32x32",tenferro-direct,0.402037,0.002775,ok,"singular values only (TensorLinalgExt::svdvals)"
cpu/linalg_batch_families,batched_svdvals,f64,4,"8x32x32",tenferro-trace,,,unsupported,"tenferro-rs has no TracedTensor svdvals API; traced singular values come from svd"
cpu/linalg_batch_families,batched_svdvals,f64,4,"1x128x128",tenferro-direct,1.021864,0.015118,ok,"singular values only (TensorLinalgExt::svdvals)"
cpu/linalg_batch_families,batched_svdvals,f64,4,"1x128x128",tenferro-trace,,,unsupported,"tenferro-rs has no TracedTensor svdvals API; traced singular values come from svd"
cpu/linalg_batch_families,batched_svdvals,f64,4,"8x128x128",tenferro-direct,8.125519,0.061487,ok,"singular values only (TensorLinalgExt::svdvals)"
cpu/linalg_batch_families,batched_svdvals,f64,4,"8x128x128",tenferro-trace,,,unsupported,"tenferro-rs has no TracedTensor svdvals API; traced singular values come from svd"
cpu/linalg_batch_families,batched_svdvals,f64,4,"1x64x24",tenferro-direct,0.042090,0.000511,ok,"singular values only (TensorLinalgExt::svdvals)"
cpu/linalg_batch_families,batched_svdvals,f64,4,"1x64x24",tenferro-trace,,,unsupported,"tenferro-rs has no TracedTensor svdvals API; traced singular values come from svd"
cpu/linalg_batch_families,batched_lu,f64,4,"1x2x2",tenferro-direct,0.002374,0.000110,ok,"partial-pivot LU, P L U and pivots (TensorLinalgExt::lu)"
cpu/linalg_batch_families,batched_lu,f64,4,"1x2x2",tenferro-trace,0.031540,0.004198,ok,"partial-pivot LU, P L U and pivots (TensorLinalgExt::lu)"
cpu/linalg_batch_families,batched_lu,f64,4,"3x2x2",tenferro-direct,0.003046,0.000752,ok,"partial-pivot LU, P L U and pivots (TensorLinalgExt::lu)"
cpu/linalg_batch_families,batched_lu,f64,4,"3x2x2",tenferro-trace,0.031790,0.005290,ok,"partial-pivot LU, P L U and pivots (TensorLinalgExt::lu)"
cpu/linalg_batch_families,batched_lu,f64,4,"4x2x2",tenferro-direct,0.002725,0.000291,ok,"partial-pivot LU, P L U and pivots (TensorLinalgExt::lu)"
cpu/linalg_batch_families,batched_lu,f64,4,"4x2x2",tenferro-trace,0.030758,0.002084,ok,"partial-pivot LU, P L U and pivots (TensorLinalgExt::lu)"
cpu/linalg_batch_families,batched_lu,f64,4,"8x2x2",tenferro-direct,0.002996,0.000201,ok,"partial-pivot LU, P L U and pivots (TensorLinalgExt::lu)"
cpu/linalg_batch_families,batched_lu,f64,4,"8x2x2",tenferro-trace,0.029225,0.002775,ok,"partial-pivot LU, P L U and pivots (TensorLinalgExt::lu)"
cpu/linalg_batch_families,batched_lu,f64,4,"1024x2x2",tenferro-direct,0.078989,0.000371,ok,"partial-pivot LU, P L U and pivots (TensorLinalgExt::lu)"
cpu/linalg_batch_families,batched_lu,f64,4,"1024x2x2",tenferro-trace,0.111821,0.005600,ok,"partial-pivot LU, P L U and pivots (TensorLinalgExt::lu)"
cpu/linalg_batch_families,batched_lu,f64,4,"1x4x4",tenferro-direct,0.002525,0.000220,ok,"partial-pivot LU, P L U and pivots (TensorLinalgExt::lu)"
cpu/linalg_batch_families,batched_lu,f64,4,"1x4x4",tenferro-trace,0.031299,0.001512,ok,"partial-pivot LU, P L U and pivots (TensorLinalgExt::lu)"
cpu/linalg_batch_families,batched_lu,f64,4,"3x4x4",tenferro-direct,0.002906,0.000111,ok,"partial-pivot LU, P L U and pivots (TensorLinalgExt::lu)"
cpu/linalg_batch_families,batched_lu,f64,4,"3x4x4",tenferro-trace,0.031089,0.006152,ok,"partial-pivot LU, P L U and pivots (TensorLinalgExt::lu)"
cpu/linalg_batch_families,batched_lu,f64,4,"4x4x4",tenferro-direct,0.002996,0.000502,ok,"partial-pivot LU, P L U and pivots (TensorLinalgExt::lu)"
cpu/linalg_batch_families,batched_lu,f64,4,"4x4x4",tenferro-trace,0.031550,0.001653,ok,"partial-pivot LU, P L U and pivots (TensorLinalgExt::lu)"
cpu/linalg_batch_families,batched_lu,f64,4,"8x4x4",tenferro-direct,0.003446,0.000141,ok,"partial-pivot LU, P L U and pivots (TensorLinalgExt::lu)"
cpu/linalg_batch_families,batched_lu,f64,4,"8x4x4",tenferro-trace,0.031209,0.002414,ok,"partial-pivot LU, P L U and pivots (TensorLinalgExt::lu)"
cpu/linalg_batch_families,batched_lu,f64,4,"1024x4x4",tenferro-direct,0.135636,0.001152,ok,"partial-pivot LU, P L U and pivots (TensorLinalgExt::lu)"
cpu/linalg_batch_families,batched_lu,f64,4,"1024x4x4",tenferro-trace,0.177404,0.018474,ok,"partial-pivot LU, P L U and pivots (TensorLinalgExt::lu)"
cpu/linalg_batch_families,batched_lu,f64,4,"1x8x8",tenferro-direct,0.002815,0.000250,ok,"partial-pivot LU, P L U and pivots (TensorLinalgExt::lu)"
cpu/linalg_batch_families,batched_lu,f64,4,"1x8x8",tenferro-trace,0.030988,0.003566,ok,"partial-pivot LU, P L U and pivots (TensorLinalgExt::lu)"
cpu/linalg_batch_families,batched_lu,f64,4,"3x8x8",tenferro-direct,0.003737,0.000692,ok,"partial-pivot LU, P L U and pivots (TensorLinalgExt::lu)"
cpu/linalg_batch_families,batched_lu,f64,4,"3x8x8",tenferro-trace,0.033703,0.010270,ok,"partial-pivot LU, P L U and pivots (TensorLinalgExt::lu)"
cpu/linalg_batch_families,batched_lu,f64,4,"4x8x8",tenferro-direct,0.004137,0.000422,ok,"partial-pivot LU, P L U and pivots (TensorLinalgExt::lu)"
cpu/linalg_batch_families,batched_lu,f64,4,"4x8x8",tenferro-trace,0.033052,0.002154,ok,"partial-pivot LU, P L U and pivots (TensorLinalgExt::lu)"
cpu/linalg_batch_families,batched_lu,f64,4,"8x8x8",tenferro-direct,0.005601,0.000160,ok,"partial-pivot LU, P L U and pivots (TensorLinalgExt::lu)"
cpu/linalg_batch_families,batched_lu,f64,4,"8x8x8",tenferro-trace,0.035236,0.002095,ok,"partial-pivot LU, P L U and pivots (TensorLinalgExt::lu)"
cpu/linalg_batch_families,batched_lu,f64,4,"1024x8x8",tenferro-direct,0.416885,0.005481,ok,"partial-pivot LU, P L U and pivots (TensorLinalgExt::lu)"
cpu/linalg_batch_families,batched_lu,f64,4,"1024x8x8",tenferro-trace,0.494602,0.013586,ok,"partial-pivot LU, P L U and pivots (TensorLinalgExt::lu)"
cpu/linalg_batch_families,batched_lu,f64,4,"1x32x32",tenferro-direct,0.010840,0.000531,ok,"partial-pivot LU, P L U and pivots (TensorLinalgExt::lu)"
cpu/linalg_batch_families,batched_lu,f64,4,"1x32x32",tenferro-trace,0.062167,0.004448,ok,"partial-pivot LU, P L U and pivots (TensorLinalgExt::lu)"
cpu/linalg_batch_families,batched_lu,f64,4,"8x32x32",tenferro-direct,0.069361,0.000520,ok,"partial-pivot LU, P L U and pivots (TensorLinalgExt::lu)"
cpu/linalg_batch_families,batched_lu,f64,4,"8x32x32",tenferro-trace,0.123051,0.020709,ok,"partial-pivot LU, P L U and pivots (TensorLinalgExt::lu)"
cpu/linalg_batch_families,batched_lu,f64,4,"1x128x128",tenferro-direct,0.111751,0.001143,ok,"partial-pivot LU, P L U and pivots (TensorLinalgExt::lu)"
cpu/linalg_batch_families,batched_lu,f64,4,"1x128x128",tenferro-trace,0.173958,0.027171,ok,"partial-pivot LU, P L U and pivots (TensorLinalgExt::lu)"
cpu/linalg_batch_families,batched_lu,f64,4,"8x128x128",tenferro-direct,0.875037,0.004468,ok,"partial-pivot LU, P L U and pivots (TensorLinalgExt::lu)"
cpu/linalg_batch_families,batched_lu,f64,4,"8x128x128",tenferro-trace,0.962502,0.033343,ok,"partial-pivot LU, P L U and pivots (TensorLinalgExt::lu)"
cpu/linalg_batch_families,batched_lu,f64,4,"1x64x24",tenferro-direct,0.010891,0.000241,ok,"partial-pivot LU, P L U and pivots (TensorLinalgExt::lu)"
cpu/linalg_batch_families,batched_lu,f64,4,"1x64x24",tenferro-trace,0.062989,0.004068,ok,"partial-pivot LU, P L U and pivots (TensorLinalgExt::lu)"
cpu/complex,conj,c64,4,"16777216",tenferro-direct,22.181915,1.078240,ok,"complex elementwise"
cpu/complex,conj,c64,4,"16777216",tenferro-trace,21.634524,0.410854,ok,"complex elementwise"
cpu/complex,mul,c64,4,"8388608",tenferro-direct,14.638171,0.570214,ok,"complex elementwise"
cpu/complex,mul,c64,4,"8388608",tenferro-trace,14.382811,0.174067,ok,"complex elementwise"
cpu/complex,div,c64,4,"8388608",tenferro-direct,19.567803,0.598967,ok,"complex elementwise"
cpu/complex,div,c64,4,"8388608",tenferro-trace,19.538869,0.155053,ok,"complex elementwise"
cpu/complex,exp,c64,4,"4194304",tenferro-direct,25.610871,0.701681,ok,"complex analytic"
cpu/complex,exp,c64,4,"4194304",tenferro-trace,25.347786,0.654231,ok,"complex analytic"
cpu/complex,log,c64,4,"4194304",tenferro-direct,30.788881,0.316657,ok,"complex analytic"
cpu/complex,log,c64,4,"4194304",tenferro-trace,31.409028,0.246716,ok,"complex analytic"
cpu/complex,dot_general,c64,4,"640x640",tenferro-direct,21.376188,0.531400,ok,"complex matrix multiply"
cpu/complex,dot_general,c64,4,"640x640",tenferro-trace,22.443948,0.734894,ok,"complex matrix multiply"
cpu/complex,dot_general_with_conj,c64,4,"640x640",tenferro-direct,22.386300,0.639314,ok,"conjugated-lhs complex matrix multiply"
cpu/complex,dot_general_with_conj,c64,4,"640x640",tenferro-trace,,,unsupported,"no public TracedTensor dot_general_with_conj API; an explicit conj+dot graph is different work"
cpu/complex,tensordot,c64,4,"640x640",tenferro-direct,21.323528,0.125527,ok,"complex matrix contraction over one axis"
cpu/complex,tensordot,c64,4,"640x640",tenferro-trace,22.638475,0.516112,ok,"complex matrix contraction over one axis"
cpu/complex,svd,c64,4,"160x160",tenferro-direct,3.903690,0.037941,ok,"complex SVD"
cpu/complex,svd,c64,4,"160x160",tenferro-trace,3.995222,1.549026,ok,"complex SVD"
cpu/complex,qr,c64,4,"256x256",tenferro-direct,3.932655,0.119745,ok,"complex QR"
cpu/complex,qr,c64,4,"256x256",tenferro-trace,5.102337,0.582867,ok,"complex QR"
cpu/complex,eig,c64,4,"112x112",tenferro-direct,11.063170,1.620431,ok,"complex eig"
cpu/complex,eig,c64,4,"112x112",tenferro-trace,12.881494,1.524821,ok,"complex eig"
cpu/complex,solve,c64,4,"384x384,rhs=8",tenferro-direct,2.405489,0.197592,ok,"complex solve"
cpu/complex,solve,c64,4,"384x384,rhs=8",tenferro-trace,3.328888,0.280208,ok,"complex solve"
cpu/complex,cholesky,c64,4,"448x448",tenferro-direct,1.596987,0.012032,ok,"Hermitian positive definite"
cpu/complex,cholesky,c64,4,"448x448",tenferro-trace,2.291715,0.777924,ok,"Hermitian positive definite"
cpu/complex,norm_fro,c64,4,"2048x1536",tenferro-direct,20.945277,1.058923,ok,"complex Frobenius norm"
cpu/complex,norm_fro,c64,4,"2048x1536",tenferro-trace,5.524061,0.545036,ok,"complex Frobenius norm"
cpu/elementwise_reduction,add,f64,4,33554432,pytorch-cpu,26.953800,0.442192,ok,binary elementwise; input allocation outside timed region
cpu/elementwise_reduction,sub,f64,4,33554432,pytorch-cpu,26.739596,0.213181,ok,binary elementwise; input allocation outside timed region
cpu/elementwise_reduction,mul,f64,4,33554432,pytorch-cpu,26.773711,0.183535,ok,binary elementwise; input allocation outside timed region
cpu/elementwise_reduction,div,f64,4,33554432,pytorch-cpu,26.710902,0.315343,ok,binary elementwise; input allocation outside timed region
cpu/elementwise_reduction,rem,f64,4,8388608,pytorch-cpu,11.954619,0.097415,ok,binary elementwise; input allocation outside timed region
cpu/elementwise_reduction,neg,f64,4,33554432,pytorch-cpu,20.968941,1.478173,ok,unary elementwise; input allocation outside timed region
cpu/elementwise_reduction,abs,f64,4,33554432,pytorch-cpu,21.112873,0.221227,ok,unary elementwise; input allocation outside timed region
cpu/elementwise_reduction,sign,f64,4,33554432,pytorch-cpu,22.158962,0.252875,ok,unary elementwise; input allocation outside timed region
cpu/elementwise_reduction,maximum,f64,4,33554432,pytorch-cpu,26.434442,0.128732,ok,binary elementwise; input allocation outside timed region
cpu/elementwise_reduction,minimum,f64,4,33554432,pytorch-cpu,26.428230,0.108514,ok,binary elementwise; input allocation outside timed region
cpu/elementwise_reduction,compare_lt,f64,4,33554432,pytorch-cpu,13.453100,0.143109,ok,ordered compare; input allocation outside timed region
cpu/elementwise_reduction,select,f64,4,33554432,pytorch-cpu,29.032013,0.177143,ok,ternary select; input allocation outside timed region
cpu/elementwise_reduction,clamp,f64,4,8388608,pytorch-cpu,8.003429,0.074691,ok,clamp with tensor bounds; input allocation outside timed region
cpu/elementwise_reduction,exp,f64,4,8388608,pytorch-cpu,9.237974,0.244310,ok,analytic unary; input allocation outside timed region
cpu/elementwise_reduction,log,f64,4,8388608,pytorch-cpu,10.391616,0.088657,ok,analytic unary; input allocation outside timed region
cpu/elementwise_reduction,sin,f64,4,8388608,pytorch-cpu,13.053257,0.110719,ok,analytic unary; input allocation outside timed region
cpu/elementwise_reduction,cos,f64,4,8388608,pytorch-cpu,12.671688,0.166182,ok,analytic unary; input allocation outside timed region
cpu/elementwise_reduction,tanh,f64,4,8388608,pytorch-cpu,18.091874,0.229081,ok,analytic unary; input allocation outside timed region
cpu/elementwise_reduction,sqrt,f64,4,33554432,pytorch-cpu,36.902912,0.328728,ok,analytic unary; input allocation outside timed region
cpu/elementwise_reduction,rsqrt,f64,4,33554432,pytorch-cpu,26.412120,0.122290,ok,analytic unary; input allocation outside timed region
cpu/elementwise_reduction,pow,f64,4,4194304,pytorch-cpu,8.171486,0.082445,ok,binary analytic with tensor exponent; input allocation outside timed region
cpu/elementwise_reduction,expm1,f64,4,4194304,pytorch-cpu,4.356573,0.111811,ok,analytic unary; input allocation outside timed region
cpu/elementwise_reduction,log1p,f64,4,4194304,pytorch-cpu,4.330684,0.097714,ok,analytic unary; input allocation outside timed region
cpu/elementwise_reduction,chain_log1p_exp_mul,f64,4,4194304,pytorch-cpu,14.929791,0.247828,ok,short elementwise chain; input allocation outside timed region
cpu/elementwise_reduction,reduce_sum_all,f64,4,8192x4096,pytorch-cpu,5.033828,0.079449,ok,full reduction; input allocation outside timed region
cpu/elementwise_reduction,reduce_prod_all,f64,4,8192x4096,pytorch-cpu,5.052483,0.087224,ok,full reduction; input allocation outside timed region
cpu/elementwise_reduction,reduce_max_axis0,f64,4,2048x2048,pytorch-cpu,9.010896,0.024326,ok,axis reduction; input allocation outside timed region
cpu/elementwise_reduction,reduce_min_axis1,f64,4,4096x4096,pytorch-cpu,3.500120,0.042570,ok,axis reduction; input allocation outside timed region
cpu/elementwise_reduction,reduce_max_all,f64,4,8192x4096,pytorch-cpu,5.031393,0.079429,ok,full reduction; input allocation outside timed region
cpu/elementwise_reduction,reduce_min_all,f64,4,8192x4096,pytorch-cpu,5.015103,0.077827,ok,full reduction; input allocation outside timed region
cpu/elementwise_reduction,reduce_max_axis1,f64,4,2048x2048,pytorch-cpu,0.891799,0.027913,ok,axis reduction; input allocation outside timed region
cpu/elementwise_reduction,reduce_min_axis0,f64,4,2048x2048,pytorch-cpu,8.851475,0.038934,ok,axis reduction; input allocation outside timed region
cpu/elementwise_reduction,reduce_sum_axis0,f64,4,2048x2048,pytorch-cpu,0.608616,0.011613,ok,axis reduction; input allocation outside timed region
cpu/elementwise_reduction,reduce_sum_axis1,f64,4,2048x2048,pytorch-cpu,0.185389,0.009067,ok,axis reduction; input allocation outside timed region
cpu/elementwise_reduction,reduce_prod_axis0,f64,4,2048x2048,pytorch-cpu,0.609958,0.078228,ok,axis reduction; input allocation outside timed region
cpu/elementwise_reduction,reduce_prod_axis1,f64,4,2048x2048,pytorch-cpu,0.190408,0.008205,ok,axis reduction; input allocation outside timed region
cpu/indexing_layout,gather,f64,4,262144,pytorch-cpu,0.165682,0.005901,ok,1D gather; input allocation outside timed region
cpu/indexing_layout,scatter,f64,4,262144,pytorch-cpu,0.309152,0.003267,ok,1D scatter; input allocation outside timed region
cpu/indexing_layout,slice,f64,4,4194304 -> 2096128,pytorch-cpu,0.633473,0.024936,ok,static slice materialized to owned output; input allocation outside timed region
cpu/indexing_layout,dynamic_slice,f64,4,4194304 -> 2097152,pytorch-cpu,0.180260,0.010921,ok,runtime-start slice materialized to owned output; input allocation outside timed region
cpu/indexing_layout,dynamic_update_slice,f64,4,2097152,pytorch-cpu,0.413629,0.095039,ok,runtime-start update; input allocation outside timed region
cpu/indexing_layout,pad,f64,4,2097152,pytorch-cpu,0.260911,0.007494,ok,edge padding; input allocation outside timed region
cpu/indexing_layout,concatenate,f64,4,1048576+1048576,pytorch-cpu,0.183796,0.013185,ok,concatenate along axis 0; input allocation outside timed region
cpu/indexing_layout,reverse,f64,4,2097152,pytorch-cpu,0.182484,0.025387,ok,reverse axis 0; input allocation outside timed region
cpu/structural_shape,transpose,f64,4,4096x4096,pytorch-cpu,44.138856,0.655184,ok,materialized matrix transpose; input allocation outside timed region
cpu/structural_shape,reshape,f64,4,33554432 -> 8192x4096,pytorch-cpu,21.151816,0.618825,ok,materialized reshape; clone makes PyTorch perform the same output-sized write; input allocation outside timed region
cpu/structural_shape,broadcast_in_dim,f64,4,8192x1 -> 8192x4096,pytorch-cpu,17.229189,1.171155,ok,materialized broadcast; input allocation outside timed region
cpu/structural_shape,cast_f64_f32,f64->f32,4,33554432,pytorch-cpu,13.152474,0.173967,ok,dtype cast; input allocation outside timed region
cpu/structural_shape,extract_diagonal,f64,4,8388608x2x2 -> 8388608x2,pytorch-cpu,13.835130,0.213853,ok,batched matrix diagonal extraction; input allocation outside timed region
cpu/structural_shape,embed_diagonal,f64,4,8192 -> 8192x8192,pytorch-cpu,35.215255,1.071207,ok,embed vector as matrix diagonal; input allocation outside timed region
cpu/structural_shape,tril,f64,4,4096x4096,pytorch-cpu,11.911928,0.135896,ok,lower triangle; input allocation outside timed region
cpu/structural_shape,triu,f64,4,4096x4096,pytorch-cpu,10.673687,0.104597,ok,upper triangle; input allocation outside timed region
cpu/view_metadata,reshape_view,f64,4,33554432 -> 8192x4096,pytorch-cpu,0.001359,0.000055,ok,metadata-only view reshape; no output-sized copy; operations_per_sample=16; median_batch_ms=0.021741; session=not_required; input allocation outside timed region
cpu/view_metadata,transpose_view,f64,4,4096x4096,pytorch-cpu,0.001311,0.000033,ok,metadata-only transpose view; no output-sized copy; operations_per_sample=16; median_batch_ms=0.020980; session=not_required; input allocation outside timed region
cpu/view_metadata,slice_view,f64,4,4194304 -> 2096128,pytorch-cpu,0.001368,0.000032,ok,metadata-only strided slice view; no output-sized copy; operations_per_sample=16; median_batch_ms=0.021891; session=not_required; input allocation outside timed region
cpu/view_metadata,broadcast_in_dim_view,f64,4,8192x1 -> 8192x4096,pytorch-cpu,0.001425,0.000029,ok,metadata-only zero-stride broadcast view; no output-sized copy; operations_per_sample=16; median_batch_ms=0.022803; session=not_required; input allocation outside timed region
cpu/output_reuse,add_into,f64,4,33554432,pytorch-cpu,23.818617,0.093176,ok,torch.add out= caller-owned output; input allocation outside timed region
cpu/output_reuse,sub_into,f64,4,33554432,pytorch-cpu,23.594044,0.079089,ok,torch.sub out= caller-owned output; input allocation outside timed region
cpu/output_reuse,mul_into,f64,4,33554432,pytorch-cpu,23.581981,0.097082,ok,torch.mul out= caller-owned output; input allocation outside timed region
cpu/output_reuse,div_into,f64,4,33554432,pytorch-cpu,23.604613,0.076644,ok,torch.div out= caller-owned output; input allocation outside timed region
cpu/output_reuse,neg_into,f64,4,33554432,pytorch-cpu,17.687263,0.122100,ok,torch.neg out= caller-owned output; input allocation outside timed region
cpu/output_reuse,conj_into,c64,4,16777216,pytorch-cpu,17.505340,0.132128,ok,torch.conj_physical out= caller-owned output; input allocation outside timed region
cpu/output_reuse,copy_read_into,f64,4,33554432,pytorch-cpu,17.753968,0.076574,ok,Tensor.copy_ caller-owned output; input allocation outside timed region
cpu/output_reuse,dot_general_read_into,f64,4,1024x1024,pytorch-cpu,16.377486,0.016200,ok,torch.mm out= caller-owned output; input allocation outside timed region
cpu/output_reuse,dot_general_read_into_accum,f64,4,1024x1024,pytorch-cpu,16.292376,0.021530,ok,torch.addmm out = lhs @ rhs + out; input allocation outside timed region
cpu/einsum_concrete,einsum_ij_jk_ik,f64,4,1024x1024,pytorch-cpu,16.445054,0.037521,ok,torch.einsum allocation-returning API; input allocation outside timed region
cpu/linalg_batched,batched_lu_factor,f64,4,"1024x2x2,rhs=1",pytorch-cpu,0.031469,0.001172,ok,packed LU factorization only (torch.linalg.lu_factor); input allocation outside timed region
cpu/linalg_batched,batched_lu_factor,f64,4,"1024x4x4,rhs=1",pytorch-cpu,0.045676,0.001102,ok,packed LU factorization only (torch.linalg.lu_factor); input allocation outside timed region
cpu/linalg_batched,batched_lu_factor,f64,4,"1024x8x8,rhs=1",pytorch-cpu,0.086924,0.000540,ok,packed LU factorization only (torch.linalg.lu_factor); input allocation outside timed region
cpu/linalg_batched,batched_lu_factor,f64,4,"1024x16x16,rhs=1",pytorch-cpu,0.291018,0.004449,ok,packed LU factorization only (torch.linalg.lu_factor); input allocation outside timed region
cpu/linalg_batched,batched_lu_solve,f64,4,"1024x2x2,rhs=1",pytorch-cpu,0.036910,0.000130,ok,solve with prepared LU factors (torch.linalg.lu_solve); input allocation outside timed region
cpu/linalg_batched,batched_lu_solve,f64,4,"1024x4x4,rhs=1",pytorch-cpu,0.047720,0.000110,ok,solve with prepared LU factors (torch.linalg.lu_solve); input allocation outside timed region
cpu/linalg_batched,batched_lu_solve,f64,4,"1024x8x8,rhs=1",pytorch-cpu,0.177875,0.000560,ok,solve with prepared LU factors (torch.linalg.lu_solve); input allocation outside timed region
cpu/linalg_batched,batched_lu_solve,f64,4,"1024x16x16,rhs=1",pytorch-cpu,0.399782,0.003637,ok,solve with prepared LU factors (torch.linalg.lu_solve); input allocation outside timed region
cpu/linalg_batched,batched_triangular_solve,f64,4,"1024x2x2,rhs=1",pytorch-cpu,0.065092,0.000892,ok,lower-triangular solve (torch.linalg.solve_triangular); input allocation outside timed region
cpu/linalg_batched,batched_triangular_solve,f64,4,"1024x4x4,rhs=1",pytorch-cpu,0.081073,0.001243,ok,lower-triangular solve (torch.linalg.solve_triangular); input allocation outside timed region
cpu/linalg_batched,batched_triangular_solve,f64,4,"1024x8x8,rhs=1",pytorch-cpu,0.120667,0.001313,ok,lower-triangular solve (torch.linalg.solve_triangular); input allocation outside timed region
cpu/linalg_batched,batched_triangular_solve,f64,4,"1024x16x16,rhs=1",pytorch-cpu,0.206609,0.001984,ok,lower-triangular solve (torch.linalg.solve_triangular); input allocation outside timed region
cpu/linalg_batch_families,batched_solve,f64,4,"1x2x2,rhs=1",pytorch-cpu,0.014047,0.000952,ok,"general solve, one rhs column (torch.linalg.solve); input allocation outside timed region"
cpu/linalg_batch_families,batched_solve,f64,4,"3x2x2,rhs=1",pytorch-cpu,0.014037,0.000210,ok,"general solve, one rhs column (torch.linalg.solve); input allocation outside timed region"
cpu/linalg_batch_families,batched_solve,f64,4,"4x2x2,rhs=1",pytorch-cpu,0.013956,0.000100,ok,"general solve, one rhs column (torch.linalg.solve); input allocation outside timed region"
cpu/linalg_batch_families,batched_solve,f64,4,"8x2x2,rhs=1",pytorch-cpu,0.014959,0.000261,ok,"general solve, one rhs column (torch.linalg.solve); input allocation outside timed region"
cpu/linalg_batch_families,batched_solve,f64,4,"1024x2x2,rhs=1",pytorch-cpu,0.065674,0.000341,ok,"general solve, one rhs column (torch.linalg.solve); input allocation outside timed region"
cpu/linalg_batch_families,batched_solve,f64,4,"1x4x4,rhs=1",pytorch-cpu,0.013726,0.000200,ok,"general solve, one rhs column (torch.linalg.solve); input allocation outside timed region"
cpu/linalg_batch_families,batched_solve,f64,4,"3x4x4,rhs=1",pytorch-cpu,0.014056,0.000130,ok,"general solve, one rhs column (torch.linalg.solve); input allocation outside timed region"
cpu/linalg_batch_families,batched_solve,f64,4,"4x4x4,rhs=1",pytorch-cpu,0.014126,0.000080,ok,"general solve, one rhs column (torch.linalg.solve); input allocation outside timed region"
cpu/linalg_batch_families,batched_solve,f64,4,"8x4x4,rhs=1",pytorch-cpu,0.015389,0.000190,ok,"general solve, one rhs column (torch.linalg.solve); input allocation outside timed region"
cpu/linalg_batch_families,batched_solve,f64,4,"1024x4x4,rhs=1",pytorch-cpu,0.090921,0.000371,ok,"general solve, one rhs column (torch.linalg.solve); input allocation outside timed region"
cpu/linalg_batch_families,batched_solve,f64,4,"1x8x8,rhs=1",pytorch-cpu,0.014166,0.000331,ok,"general solve, one rhs column (torch.linalg.solve); input allocation outside timed region"
cpu/linalg_batch_families,batched_solve,f64,4,"3x8x8,rhs=1",pytorch-cpu,0.015730,0.000280,ok,"general solve, one rhs column (torch.linalg.solve); input allocation outside timed region"
cpu/linalg_batch_families,batched_solve,f64,4,"4x8x8,rhs=1",pytorch-cpu,0.015669,0.000100,ok,"general solve, one rhs column (torch.linalg.solve); input allocation outside timed region"
cpu/linalg_batch_families,batched_solve,f64,4,"8x8x8,rhs=1",pytorch-cpu,0.017262,0.000241,ok,"general solve, one rhs column (torch.linalg.solve); input allocation outside timed region"
cpu/linalg_batch_families,batched_solve,f64,4,"1024x8x8,rhs=1",pytorch-cpu,0.260100,0.002144,ok,"general solve, one rhs column (torch.linalg.solve); input allocation outside timed region"
cpu/linalg_batch_families,batched_solve,f64,4,"1x32x32,rhs=1",pytorch-cpu,0.021841,0.000200,ok,"general solve, one rhs column (torch.linalg.solve); input allocation outside timed region"
cpu/linalg_batch_families,batched_solve,f64,4,"8x32x32,rhs=1",pytorch-cpu,0.038432,0.000270,ok,"general solve, one rhs column (torch.linalg.solve); input allocation outside timed region"
cpu/linalg_batch_families,batched_solve,f64,4,"1x128x128,rhs=1",pytorch-cpu,0.140204,0.000802,ok,"general solve, one rhs column (torch.linalg.solve); input allocation outside timed region"
cpu/linalg_batch_families,batched_solve,f64,4,"8x128x128,rhs=1",pytorch-cpu,0.316526,0.004489,ok,"general solve, one rhs column (torch.linalg.solve); input allocation outside timed region"
cpu/linalg_batch_families,batched_cholesky,f64,4,1x2x2,pytorch-cpu,0.004869,0.000170,ok,SPD Cholesky (torch.linalg.cholesky); input allocation outside timed region
cpu/linalg_batch_families,batched_cholesky,f64,4,3x2x2,pytorch-cpu,0.004759,0.000110,ok,SPD Cholesky (torch.linalg.cholesky); input allocation outside timed region
cpu/linalg_batch_families,batched_cholesky,f64,4,4x2x2,pytorch-cpu,0.004870,0.000080,ok,SPD Cholesky (torch.linalg.cholesky); input allocation outside timed region
cpu/linalg_batch_families,batched_cholesky,f64,4,8x2x2,pytorch-cpu,0.004929,0.000161,ok,SPD Cholesky (torch.linalg.cholesky); input allocation outside timed region
cpu/linalg_batch_families,batched_cholesky,f64,4,1024x2x2,pytorch-cpu,0.042269,0.000200,ok,SPD Cholesky (torch.linalg.cholesky); input allocation outside timed region
cpu/linalg_batch_families,batched_cholesky,f64,4,1x4x4,pytorch-cpu,0.004989,0.000101,ok,SPD Cholesky (torch.linalg.cholesky); input allocation outside timed region
cpu/linalg_batch_families,batched_cholesky,f64,4,3x4x4,pytorch-cpu,0.004879,0.000140,ok,SPD Cholesky (torch.linalg.cholesky); input allocation outside timed region
cpu/linalg_batch_families,batched_cholesky,f64,4,4x4x4,pytorch-cpu,0.004939,0.000131,ok,SPD Cholesky (torch.linalg.cholesky); input allocation outside timed region
cpu/linalg_batch_families,batched_cholesky,f64,4,8x4x4,pytorch-cpu,0.005290,0.000120,ok,SPD Cholesky (torch.linalg.cholesky); input allocation outside timed region
cpu/linalg_batch_families,batched_cholesky,f64,4,1024x4x4,pytorch-cpu,0.065163,0.000311,ok,SPD Cholesky (torch.linalg.cholesky); input allocation outside timed region
cpu/linalg_batch_families,batched_cholesky,f64,4,1x8x8,pytorch-cpu,0.005090,0.000179,ok,SPD Cholesky (torch.linalg.cholesky); input allocation outside timed region
cpu/linalg_batch_families,batched_cholesky,f64,4,3x8x8,pytorch-cpu,0.005421,0.000240,ok,SPD Cholesky (torch.linalg.cholesky); input allocation outside timed region
cpu/linalg_batch_families,batched_cholesky,f64,4,4x8x8,pytorch-cpu,0.005691,0.000150,ok,SPD Cholesky (torch.linalg.cholesky); input allocation outside timed region
cpu/linalg_batch_families,batched_cholesky,f64,4,8x8x8,pytorch-cpu,0.006342,0.000160,ok,SPD Cholesky (torch.linalg.cholesky); input allocation outside timed region
cpu/linalg_batch_families,batched_cholesky,f64,4,1024x8x8,pytorch-cpu,0.206689,0.001252,ok,SPD Cholesky (torch.linalg.cholesky); input allocation outside timed region
cpu/linalg_batch_families,batched_cholesky,f64,4,1x32x32,pytorch-cpu,0.008857,0.000180,ok,SPD Cholesky (torch.linalg.cholesky); input allocation outside timed region
cpu/linalg_batch_families,batched_cholesky,f64,4,8x32x32,pytorch-cpu,0.031790,0.000321,ok,SPD Cholesky (torch.linalg.cholesky); input allocation outside timed region
cpu/linalg_batch_families,batched_cholesky,f64,4,1x128x128,pytorch-cpu,0.128713,0.001904,ok,SPD Cholesky (torch.linalg.cholesky); input allocation outside timed region
cpu/linalg_batch_families,batched_cholesky,f64,4,8x128x128,pytorch-cpu,0.944568,0.005029,ok,SPD Cholesky (torch.linalg.cholesky); input allocation outside timed region
cpu/linalg_batch_families,batched_qr,f64,4,1x2x2,pytorch-cpu,0.005340,0.000130,ok,thin QR (torch.linalg.qr); input allocation outside timed region
cpu/linalg_batch_families,batched_qr,f64,4,3x2x2,pytorch-cpu,0.005400,0.000150,ok,thin QR (torch.linalg.qr); input allocation outside timed region
cpu/linalg_batch_families,batched_qr,f64,4,4x2x2,pytorch-cpu,0.005580,0.000191,ok,thin QR (torch.linalg.qr); input allocation outside timed region
cpu/linalg_batch_families,batched_qr,f64,4,8x2x2,pytorch-cpu,0.006282,0.000070,ok,thin QR (torch.linalg.qr); input allocation outside timed region
cpu/linalg_batch_families,batched_qr,f64,4,1024x2x2,pytorch-cpu,0.165021,0.000580,ok,thin QR (torch.linalg.qr); input allocation outside timed region
cpu/linalg_batch_families,batched_qr,f64,4,1x4x4,pytorch-cpu,0.005681,0.000100,ok,thin QR (torch.linalg.qr); input allocation outside timed region
cpu/linalg_batch_families,batched_qr,f64,4,3x4x4,pytorch-cpu,0.006432,0.000071,ok,thin QR (torch.linalg.qr); input allocation outside timed region
cpu/linalg_batch_families,batched_qr,f64,4,4x4x4,pytorch-cpu,0.006913,0.000160,ok,thin QR (torch.linalg.qr); input allocation outside timed region
cpu/linalg_batch_families,batched_qr,f64,4,8x4x4,pytorch-cpu,0.008877,0.000070,ok,thin QR (torch.linalg.qr); input allocation outside timed region
cpu/linalg_batch_families,batched_qr,f64,4,1024x4x4,pytorch-cpu,0.494602,0.003125,ok,thin QR (torch.linalg.qr); input allocation outside timed region
cpu/linalg_batch_families,batched_qr,f64,4,1x8x8,pytorch-cpu,0.006442,0.000381,ok,thin QR (torch.linalg.qr); input allocation outside timed region
cpu/linalg_batch_families,batched_qr,f64,4,3x8x8,pytorch-cpu,0.009047,0.000150,ok,thin QR (torch.linalg.qr); input allocation outside timed region
cpu/linalg_batch_families,batched_qr,f64,4,4x8x8,pytorch-cpu,0.010340,0.000431,ok,thin QR (torch.linalg.qr); input allocation outside timed region
cpu/linalg_batch_families,batched_qr,f64,4,8x8x8,pytorch-cpu,0.015349,0.000110,ok,thin QR (torch.linalg.qr); input allocation outside timed region
cpu/linalg_batch_families,batched_qr,f64,4,1024x8x8,pytorch-cpu,1.307732,0.015338,ok,thin QR (torch.linalg.qr); input allocation outside timed region
cpu/linalg_batch_families,batched_qr,f64,4,1x32x32,pytorch-cpu,0.024806,0.000251,ok,thin QR (torch.linalg.qr); input allocation outside timed region
cpu/linalg_batch_families,batched_qr,f64,4,8x32x32,pytorch-cpu,0.160863,0.000511,ok,thin QR (torch.linalg.qr); input allocation outside timed region
cpu/linalg_batch_families,batched_qr,f64,4,1x128x128,pytorch-cpu,0.379174,0.005600,ok,thin QR (torch.linalg.qr); input allocation outside timed region
cpu/linalg_batch_families,batched_qr,f64,4,8x128x128,pytorch-cpu,2.822484,0.010359,ok,thin QR (torch.linalg.qr); input allocation outside timed region
cpu/linalg_batch_families,batched_qr,f64,4,1x64x24,pytorch-cpu,0.030137,0.000892,ok,thin QR (torch.linalg.qr); input allocation outside timed region
cpu/linalg_batch_families,batched_eigh,f64,4,1x2x2,pytorch-cpu,0.006242,0.000130,ok,symmetric/Hermitian eigendecomposition (torch.linalg.eigh); input allocation outside timed region
cpu/linalg_batch_families,batched_eigh,f64,4,3x2x2,pytorch-cpu,0.007064,0.000121,ok,symmetric/Hermitian eigendecomposition (torch.linalg.eigh); input allocation outside timed region
cpu/linalg_batch_families,batched_eigh,f64,4,4x2x2,pytorch-cpu,0.007504,0.000081,ok,symmetric/Hermitian eigendecomposition (torch.linalg.eigh); input allocation outside timed region
cpu/linalg_batch_families,batched_eigh,f64,4,8x2x2,pytorch-cpu,0.008937,0.000100,ok,symmetric/Hermitian eigendecomposition (torch.linalg.eigh); input allocation outside timed region
cpu/linalg_batch_families,batched_eigh,f64,4,1024x2x2,pytorch-cpu,0.398180,0.002254,ok,symmetric/Hermitian eigendecomposition (torch.linalg.eigh); input allocation outside timed region
cpu/linalg_batch_families,batched_eigh,f64,4,1x4x4,pytorch-cpu,0.007755,0.000140,ok,symmetric/Hermitian eigendecomposition (torch.linalg.eigh); input allocation outside timed region
cpu/linalg_batch_families,batched_eigh,f64,4,3x4x4,pytorch-cpu,0.011662,0.000080,ok,symmetric/Hermitian eigendecomposition (torch.linalg.eigh); input allocation outside timed region
cpu/linalg_batch_families,batched_eigh,f64,4,4x4x4,pytorch-cpu,0.013906,0.000130,ok,symmetric/Hermitian eigendecomposition (torch.linalg.eigh); input allocation outside timed region
cpu/linalg_batch_families,batched_eigh,f64,4,8x4x4,pytorch-cpu,0.021300,0.000160,ok,symmetric/Hermitian eigendecomposition (torch.linalg.eigh); input allocation outside timed region
cpu/linalg_batch_families,batched_eigh,f64,4,1024x4x4,pytorch-cpu,2.034510,0.004348,ok,symmetric/Hermitian eigendecomposition (torch.linalg.eigh); input allocation outside timed region
cpu/linalg_batch_families,batched_eigh,f64,4,1x8x8,pytorch-cpu,0.011612,0.000220,ok,symmetric/Hermitian eigendecomposition (torch.linalg.eigh); input allocation outside timed region
cpu/linalg_batch_families,batched_eigh,f64,4,3x8x8,pytorch-cpu,0.023955,0.000280,ok,symmetric/Hermitian eigendecomposition (torch.linalg.eigh); input allocation outside timed region
cpu/linalg_batch_families,batched_eigh,f64,4,4x8x8,pytorch-cpu,0.029917,0.000190,ok,symmetric/Hermitian eigendecomposition (torch.linalg.eigh); input allocation outside timed region
cpu/linalg_batch_families,batched_eigh,f64,4,8x8x8,pytorch-cpu,0.053381,0.000211,ok,symmetric/Hermitian eigendecomposition (torch.linalg.eigh); input allocation outside timed region
cpu/linalg_batch_families,batched_eigh,f64,4,1024x8x8,pytorch-cpu,6.216715,0.024066,ok,symmetric/Hermitian eigendecomposition (torch.linalg.eigh); input allocation outside timed region
cpu/linalg_batch_families,batched_eigh,f64,4,1x32x32,pytorch-cpu,0.087144,0.000892,ok,symmetric/Hermitian eigendecomposition (torch.linalg.eigh); input allocation outside timed region
cpu/linalg_batch_families,batched_eigh,f64,4,8x32x32,pytorch-cpu,0.657939,0.004869,ok,symmetric/Hermitian eigendecomposition (torch.linalg.eigh); input allocation outside timed region
cpu/linalg_batch_families,batched_eigh,f64,4,1x128x128,pytorch-cpu,0.861842,0.018985,ok,symmetric/Hermitian eigendecomposition (torch.linalg.eigh); input allocation outside timed region
cpu/linalg_batch_families,batched_eigh,f64,4,8x128x128,pytorch-cpu,6.627068,0.027843,ok,symmetric/Hermitian eigendecomposition (torch.linalg.eigh); input allocation outside timed region
cpu/linalg_batch_families,batched_eigh,c64,4,1x2x2,pytorch-cpu,0.006572,0.000081,ok,symmetric/Hermitian eigendecomposition (torch.linalg.eigh); input allocation outside timed region
cpu/linalg_batch_families,batched_eigh,c64,4,3x2x2,pytorch-cpu,0.008125,0.000121,ok,symmetric/Hermitian eigendecomposition (torch.linalg.eigh); input allocation outside timed region
cpu/linalg_batch_families,batched_eigh,c64,4,4x2x2,pytorch-cpu,0.008747,0.000070,ok,symmetric/Hermitian eigendecomposition (torch.linalg.eigh); input allocation outside timed region
cpu/linalg_batch_families,batched_eigh,c64,4,8x2x2,pytorch-cpu,0.011322,0.000050,ok,symmetric/Hermitian eigendecomposition (torch.linalg.eigh); input allocation outside timed region
cpu/linalg_batch_families,batched_eigh,c64,4,1024x2x2,pytorch-cpu,0.678157,0.004879,ok,symmetric/Hermitian eigendecomposition (torch.linalg.eigh); input allocation outside timed region
cpu/linalg_batch_families,batched_eigh,c64,4,1x4x4,pytorch-cpu,0.008166,0.000091,ok,symmetric/Hermitian eigendecomposition (torch.linalg.eigh); input allocation outside timed region
cpu/linalg_batch_families,batched_eigh,c64,4,3x4x4,pytorch-cpu,0.012754,0.000110,ok,symmetric/Hermitian eigendecomposition (torch.linalg.eigh); input allocation outside timed region
cpu/linalg_batch_families,batched_eigh,c64,4,4x4x4,pytorch-cpu,0.015178,0.000050,ok,symmetric/Hermitian eigendecomposition (torch.linalg.eigh); input allocation outside timed region
cpu/linalg_batch_families,batched_eigh,c64,4,8x4x4,pytorch-cpu,0.024456,0.000130,ok,symmetric/Hermitian eigendecomposition (torch.linalg.eigh); input allocation outside timed region
cpu/linalg_batch_families,batched_eigh,c64,4,1024x4x4,pytorch-cpu,2.361977,0.007344,ok,symmetric/Hermitian eigendecomposition (torch.linalg.eigh); input allocation outside timed region
cpu/linalg_batch_families,batched_eigh,c64,4,1x8x8,pytorch-cpu,0.013165,0.000251,ok,symmetric/Hermitian eigendecomposition (torch.linalg.eigh); input allocation outside timed region
cpu/linalg_batch_families,batched_eigh,c64,4,3x8x8,pytorch-cpu,0.027351,0.000170,ok,symmetric/Hermitian eigendecomposition (torch.linalg.eigh); input allocation outside timed region
cpu/linalg_batch_families,batched_eigh,c64,4,4x8x8,pytorch-cpu,0.034344,0.000110,ok,symmetric/Hermitian eigendecomposition (torch.linalg.eigh); input allocation outside timed region
cpu/linalg_batch_families,batched_eigh,c64,4,8x8x8,pytorch-cpu,0.062417,0.000270,ok,symmetric/Hermitian eigendecomposition (torch.linalg.eigh); input allocation outside timed region
cpu/linalg_batch_families,batched_eigh,c64,4,1024x8x8,pytorch-cpu,7.262995,0.005920,ok,symmetric/Hermitian eigendecomposition (torch.linalg.eigh); input allocation outside timed region
cpu/linalg_batch_families,batched_eigh,c64,4,1x32x32,pytorch-cpu,0.122501,0.001043,ok,symmetric/Hermitian eigendecomposition (torch.linalg.eigh); input allocation outside timed region
cpu/linalg_batch_families,batched_eigh,c64,4,8x32x32,pytorch-cpu,0.943316,0.002624,ok,symmetric/Hermitian eigendecomposition (torch.linalg.eigh); input allocation outside timed region
cpu/linalg_batch_families,batched_eigh,c64,4,1x128x128,pytorch-cpu,1.517577,0.016562,ok,symmetric/Hermitian eigendecomposition (torch.linalg.eigh); input allocation outside timed region
cpu/linalg_batch_families,batched_eigh,c64,4,8x128x128,pytorch-cpu,11.775321,0.014257,ok,symmetric/Hermitian eigendecomposition (torch.linalg.eigh); input allocation outside timed region
cpu/linalg_batch_families,batched_eigvalsh,f64,4,1x2x2,pytorch-cpu,0.007184,0.000291,ok,symmetric eigenvalues only (torch.linalg.eigvalsh); input allocation outside timed region
cpu/linalg_batch_families,batched_eigvalsh,f64,4,3x2x2,pytorch-cpu,0.007775,0.000421,ok,symmetric eigenvalues only (torch.linalg.eigvalsh); input allocation outside timed region
cpu/linalg_batch_families,batched_eigvalsh,f64,4,4x2x2,pytorch-cpu,0.007814,0.000180,ok,symmetric eigenvalues only (torch.linalg.eigvalsh); input allocation outside timed region
cpu/linalg_batch_families,batched_eigvalsh,f64,4,8x2x2,pytorch-cpu,0.008656,0.000081,ok,symmetric eigenvalues only (torch.linalg.eigvalsh); input allocation outside timed region
cpu/linalg_batch_families,batched_eigvalsh,f64,4,1024x2x2,pytorch-cpu,0.210126,0.001363,ok,symmetric eigenvalues only (torch.linalg.eigvalsh); input allocation outside timed region
cpu/linalg_batch_families,batched_eigvalsh,f64,4,1x4x4,pytorch-cpu,0.008295,0.000381,ok,symmetric eigenvalues only (torch.linalg.eigvalsh); input allocation outside timed region
cpu/linalg_batch_families,batched_eigvalsh,f64,4,3x4x4,pytorch-cpu,0.010089,0.000250,ok,symmetric eigenvalues only (torch.linalg.eigvalsh); input allocation outside timed region
cpu/linalg_batch_families,batched_eigvalsh,f64,4,4x4x4,pytorch-cpu,0.011051,0.000392,ok,symmetric eigenvalues only (torch.linalg.eigvalsh); input allocation outside timed region
cpu/linalg_batch_families,batched_eigvalsh,f64,4,8x4x4,pytorch-cpu,0.015018,0.000140,ok,symmetric eigenvalues only (torch.linalg.eigvalsh); input allocation outside timed region
cpu/linalg_batch_families,batched_eigvalsh,f64,4,1024x4x4,pytorch-cpu,1.047773,0.001453,ok,symmetric eigenvalues only (torch.linalg.eigvalsh); input allocation outside timed region
cpu/linalg_batch_families,batched_eigvalsh,f64,4,1x8x8,pytorch-cpu,0.009948,0.000250,ok,symmetric eigenvalues only (torch.linalg.eigvalsh); input allocation outside timed region
cpu/linalg_batch_families,batched_eigvalsh,f64,4,3x8x8,pytorch-cpu,0.017062,0.000180,ok,symmetric eigenvalues only (torch.linalg.eigvalsh); input allocation outside timed region
cpu/linalg_batch_families,batched_eigvalsh,f64,4,4x8x8,pytorch-cpu,0.020178,0.000281,ok,symmetric eigenvalues only (torch.linalg.eigvalsh); input allocation outside timed region
cpu/linalg_batch_families,batched_eigvalsh,f64,4,8x8x8,pytorch-cpu,0.032822,0.000241,ok,symmetric eigenvalues only (torch.linalg.eigvalsh); input allocation outside timed region
cpu/linalg_batch_families,batched_eigvalsh,f64,4,1024x8x8,pytorch-cpu,3.289825,0.004379,ok,symmetric eigenvalues only (torch.linalg.eigvalsh); input allocation outside timed region
cpu/linalg_batch_families,batched_eigvalsh,f64,4,1x32x32,pytorch-cpu,0.041238,0.000280,ok,symmetric eigenvalues only (torch.linalg.eigvalsh); input allocation outside timed region
cpu/linalg_batch_families,batched_eigvalsh,f64,4,8x32x32,pytorch-cpu,0.271572,0.003347,ok,symmetric eigenvalues only (torch.linalg.eigvalsh); input allocation outside timed region
cpu/linalg_batch_families,batched_eigvalsh,f64,4,1x128x128,pytorch-cpu,0.585192,0.007024,ok,symmetric eigenvalues only (torch.linalg.eigvalsh); input allocation outside timed region
cpu/linalg_batch_families,batched_eigvalsh,f64,4,8x128x128,pytorch-cpu,4.504301,0.010480,ok,symmetric eigenvalues only (torch.linalg.eigvalsh); input allocation outside timed region
cpu/linalg_batch_families,batched_svd,f64,4,1x2x2,pytorch-cpu,0.008236,0.000170,ok,thin SVD (torch.linalg.svd full_matrices=False); input allocation outside timed region
cpu/linalg_batch_families,batched_svd,f64,4,3x2x2,pytorch-cpu,0.010349,0.000240,ok,thin SVD (torch.linalg.svd full_matrices=False); input allocation outside timed region
cpu/linalg_batch_families,batched_svd,f64,4,4x2x2,pytorch-cpu,0.011271,0.000070,ok,thin SVD (torch.linalg.svd full_matrices=False); input allocation outside timed region
cpu/linalg_batch_families,batched_svd,f64,4,8x2x2,pytorch-cpu,0.015409,0.000160,ok,thin SVD (torch.linalg.svd full_matrices=False); input allocation outside timed region
cpu/linalg_batch_families,batched_svd,f64,4,1024x2x2,pytorch-cpu,1.059956,0.007774,ok,thin SVD (torch.linalg.svd full_matrices=False); input allocation outside timed region
cpu/linalg_batch_families,batched_svd,f64,4,1x4x4,pytorch-cpu,0.011342,0.000291,ok,thin SVD (torch.linalg.svd full_matrices=False); input allocation outside timed region
cpu/linalg_batch_families,batched_svd,f64,4,3x4x4,pytorch-cpu,0.020468,0.000370,ok,thin SVD (torch.linalg.svd full_matrices=False); input allocation outside timed region
cpu/linalg_batch_families,batched_svd,f64,4,4x4x4,pytorch-cpu,0.024847,0.000131,ok,thin SVD (torch.linalg.svd full_matrices=False); input allocation outside timed region
cpu/linalg_batch_families,batched_svd,f64,4,8x4x4,pytorch-cpu,0.042700,0.000150,ok,thin SVD (torch.linalg.svd full_matrices=False); input allocation outside timed region
cpu/linalg_batch_families,batched_svd,f64,4,1024x4x4,pytorch-cpu,4.594530,0.009868,ok,thin SVD (torch.linalg.svd full_matrices=False); input allocation outside timed region
cpu/linalg_batch_families,batched_svd,f64,4,1x8x8,pytorch-cpu,0.021411,0.000301,ok,thin SVD (torch.linalg.svd full_matrices=False); input allocation outside timed region
cpu/linalg_batch_families,batched_svd,f64,4,3x8x8,pytorch-cpu,0.047550,0.000250,ok,thin SVD (torch.linalg.svd full_matrices=False); input allocation outside timed region
cpu/linalg_batch_families,batched_svd,f64,4,4x8x8,pytorch-cpu,0.061657,0.000211,ok,thin SVD (torch.linalg.svd full_matrices=False); input allocation outside timed region
cpu/linalg_batch_families,batched_svd,f64,4,8x8x8,pytorch-cpu,0.119124,0.000681,ok,thin SVD (torch.linalg.svd full_matrices=False); input allocation outside timed region
cpu/linalg_batch_families,batched_svd,f64,4,1024x8x8,pytorch-cpu,15.093108,0.017643,ok,thin SVD (torch.linalg.svd full_matrices=False); input allocation outside timed region
cpu/linalg_batch_families,batched_svd,f64,4,1x32x32,pytorch-cpu,0.164300,0.005461,ok,thin SVD (torch.linalg.svd full_matrices=False); input allocation outside timed region
cpu/linalg_batch_families,batched_svd,f64,4,8x32x32,pytorch-cpu,1.266575,0.002956,ok,thin SVD (torch.linalg.svd full_matrices=False); input allocation outside timed region
cpu/linalg_batch_families,batched_svd,f64,4,1x128x128,pytorch-cpu,2.164486,0.013686,ok,thin SVD (torch.linalg.svd full_matrices=False); input allocation outside timed region
cpu/linalg_batch_families,batched_svd,f64,4,8x128x128,pytorch-cpu,16.849384,0.035157,ok,thin SVD (torch.linalg.svd full_matrices=False); input allocation outside timed region
cpu/linalg_batch_families,batched_svd,f64,4,1x64x24,pytorch-cpu,0.126649,0.001162,ok,thin SVD (torch.linalg.svd full_matrices=False); input allocation outside timed region
cpu/linalg_batch_families,batched_svd,c64,4,1x2x2,pytorch-cpu,0.008286,0.000139,ok,thin SVD (torch.linalg.svd full_matrices=False); input allocation outside timed region
cpu/linalg_batch_families,batched_svd,c64,4,3x2x2,pytorch-cpu,0.011382,0.000210,ok,thin SVD (torch.linalg.svd full_matrices=False); input allocation outside timed region
cpu/linalg_batch_families,batched_svd,c64,4,4x2x2,pytorch-cpu,0.012684,0.000410,ok,thin SVD (torch.linalg.svd full_matrices=False); input allocation outside timed region
cpu/linalg_batch_families,batched_svd,c64,4,8x2x2,pytorch-cpu,0.018695,0.000181,ok,thin SVD (torch.linalg.svd full_matrices=False); input allocation outside timed region
cpu/linalg_batch_families,batched_svd,c64,4,1024x2x2,pytorch-cpu,1.502389,0.006412,ok,thin SVD (torch.linalg.svd full_matrices=False); input allocation outside timed region
cpu/linalg_batch_families,batched_svd,c64,4,1x4x4,pytorch-cpu,0.012233,0.000101,ok,thin SVD (torch.linalg.svd full_matrices=False); input allocation outside timed region
cpu/linalg_batch_families,batched_svd,c64,4,3x4x4,pytorch-cpu,0.022502,0.000271,ok,thin SVD (torch.linalg.svd full_matrices=False); input allocation outside timed region
cpu/linalg_batch_families,batched_svd,c64,4,4x4x4,pytorch-cpu,0.027832,0.000260,ok,thin SVD (torch.linalg.svd full_matrices=False); input allocation outside timed region
cpu/linalg_batch_families,batched_svd,c64,4,8x4x4,pytorch-cpu,0.049613,0.000201,ok,thin SVD (torch.linalg.svd full_matrices=False); input allocation outside timed region
cpu/linalg_batch_families,batched_svd,c64,4,1024x4x4,pytorch-cpu,5.445743,0.012053,ok,thin SVD (torch.linalg.svd full_matrices=False); input allocation outside timed region
cpu/linalg_batch_families,batched_svd,c64,4,1x8x8,pytorch-cpu,0.024066,0.000201,ok,thin SVD (torch.linalg.svd full_matrices=False); input allocation outside timed region
cpu/linalg_batch_families,batched_svd,c64,4,3x8x8,pytorch-cpu,0.057568,0.000221,ok,thin SVD (torch.linalg.svd full_matrices=False); input allocation outside timed region
cpu/linalg_batch_families,batched_svd,c64,4,4x8x8,pytorch-cpu,0.075502,0.000401,ok,thin SVD (torch.linalg.svd full_matrices=False); input allocation outside timed region
cpu/linalg_batch_families,batched_svd,c64,4,8x8x8,pytorch-cpu,0.141055,0.000562,ok,thin SVD (torch.linalg.svd full_matrices=False); input allocation outside timed region
cpu/linalg_batch_families,batched_svd,c64,4,1024x8x8,pytorch-cpu,17.272452,0.031700,ok,thin SVD (torch.linalg.svd full_matrices=False); input allocation outside timed region
cpu/linalg_batch_families,batched_svd,c64,4,1x32x32,pytorch-cpu,0.235824,0.002705,ok,thin SVD (torch.linalg.svd full_matrices=False); input allocation outside timed region
cpu/linalg_batch_families,batched_svd,c64,4,8x32x32,pytorch-cpu,1.829825,0.006554,ok,thin SVD (torch.linalg.svd full_matrices=False); input allocation outside timed region
cpu/linalg_batch_families,batched_svd,c64,4,1x128x128,pytorch-cpu,3.601281,0.024136,ok,thin SVD (torch.linalg.svd full_matrices=False); input allocation outside timed region
cpu/linalg_batch_families,batched_svd,c64,4,8x128x128,pytorch-cpu,28.307228,0.041418,ok,thin SVD (torch.linalg.svd full_matrices=False); input allocation outside timed region
cpu/linalg_batch_families,batched_svd,c64,4,1x64x24,pytorch-cpu,0.206018,0.003416,ok,thin SVD (torch.linalg.svd full_matrices=False); input allocation outside timed region
cpu/linalg_batch_families,batched_svdvals,f64,4,1x2x2,pytorch-cpu,0.006812,0.000161,ok,singular values only (torch.linalg.svdvals); input allocation outside timed region
cpu/linalg_batch_families,batched_svdvals,f64,4,3x2x2,pytorch-cpu,0.007754,0.000310,ok,singular values only (torch.linalg.svdvals); input allocation outside timed region
cpu/linalg_batch_families,batched_svdvals,f64,4,4x2x2,pytorch-cpu,0.007825,0.000070,ok,singular values only (torch.linalg.svdvals); input allocation outside timed region
cpu/linalg_batch_families,batched_svdvals,f64,4,8x2x2,pytorch-cpu,0.009147,0.000100,ok,singular values only (torch.linalg.svdvals); input allocation outside timed region
cpu/linalg_batch_families,batched_svdvals,f64,4,1024x2x2,pytorch-cpu,0.305866,0.005862,ok,singular values only (torch.linalg.svdvals); input allocation outside timed region
cpu/linalg_batch_families,batched_svdvals,f64,4,1x4x4,pytorch-cpu,0.008256,0.000331,ok,singular values only (torch.linalg.svdvals); input allocation outside timed region
cpu/linalg_batch_families,batched_svdvals,f64,4,3x4x4,pytorch-cpu,0.012293,0.000451,ok,singular values only (torch.linalg.svdvals); input allocation outside timed region
cpu/linalg_batch_families,batched_svdvals,f64,4,4x4x4,pytorch-cpu,0.014087,0.000301,ok,singular values only (torch.linalg.svdvals); input allocation outside timed region
cpu/linalg_batch_families,batched_svdvals,f64,4,8x4x4,pytorch-cpu,0.021891,0.000071,ok,singular values only (torch.linalg.svdvals); input allocation outside timed region
cpu/linalg_batch_families,batched_svdvals,f64,4,1024x4x4,pytorch-cpu,2.014573,0.003086,ok,singular values only (torch.linalg.svdvals); input allocation outside timed region
cpu/linalg_batch_families,batched_svdvals,f64,4,1x8x8,pytorch-cpu,0.011341,0.000451,ok,singular values only (torch.linalg.svdvals); input allocation outside timed region
cpu/linalg_batch_families,batched_svdvals,f64,4,3x8x8,pytorch-cpu,0.021952,0.000351,ok,singular values only (torch.linalg.svdvals); input allocation outside timed region
cpu/linalg_batch_families,batched_svdvals,f64,4,4x8x8,pytorch-cpu,0.027572,0.000221,ok,singular values only (torch.linalg.svdvals); input allocation outside timed region
cpu/linalg_batch_families,batched_svdvals,f64,4,8x8x8,pytorch-cpu,0.048131,0.000281,ok,singular values only (torch.linalg.svdvals); input allocation outside timed region
cpu/linalg_batch_families,batched_svdvals,f64,4,1024x8x8,pytorch-cpu,5.451174,0.011542,ok,singular values only (torch.linalg.svdvals); input allocation outside timed region
cpu/linalg_batch_families,batched_svdvals,f64,4,1x32x32,pytorch-cpu,0.058771,0.000431,ok,singular values only (torch.linalg.svdvals); input allocation outside timed region
cpu/linalg_batch_families,batched_svdvals,f64,4,8x32x32,pytorch-cpu,0.427875,0.002785,ok,singular values only (torch.linalg.svdvals); input allocation outside timed region
cpu/linalg_batch_families,batched_svdvals,f64,4,1x128x128,pytorch-cpu,1.155736,0.011761,ok,singular values only (torch.linalg.svdvals); input allocation outside timed region
cpu/linalg_batch_families,batched_svdvals,f64,4,8x128x128,pytorch-cpu,8.961544,0.013154,ok,singular values only (torch.linalg.svdvals); input allocation outside timed region
cpu/linalg_batch_families,batched_svdvals,f64,4,1x64x24,pytorch-cpu,0.049022,0.000320,ok,singular values only (torch.linalg.svdvals); input allocation outside timed region
cpu/linalg_batch_families,batched_lu,f64,4,1x2x2,pytorch-cpu,0.011261,0.000471,ok,"partial-pivot LU, P L U (torch.linalg.lu); input allocation outside timed region"
cpu/linalg_batch_families,batched_lu,f64,4,3x2x2,pytorch-cpu,0.012734,0.000160,ok,"partial-pivot LU, P L U (torch.linalg.lu); input allocation outside timed region"
cpu/linalg_batch_families,batched_lu,f64,4,4x2x2,pytorch-cpu,0.012925,0.000161,ok,"partial-pivot LU, P L U (torch.linalg.lu); input allocation outside timed region"
cpu/linalg_batch_families,batched_lu,f64,4,8x2x2,pytorch-cpu,0.013495,0.000371,ok,"partial-pivot LU, P L U (torch.linalg.lu); input allocation outside timed region"
cpu/linalg_batch_families,batched_lu,f64,4,1024x2x2,pytorch-cpu,0.087806,0.000761,ok,"partial-pivot LU, P L U (torch.linalg.lu); input allocation outside timed region"
cpu/linalg_batch_families,batched_lu,f64,4,1x4x4,pytorch-cpu,0.011181,0.000371,ok,"partial-pivot LU, P L U (torch.linalg.lu); input allocation outside timed region"
cpu/linalg_batch_families,batched_lu,f64,4,3x4x4,pytorch-cpu,0.012944,0.000180,ok,"partial-pivot LU, P L U (torch.linalg.lu); input allocation outside timed region"
cpu/linalg_batch_families,batched_lu,f64,4,4x4x4,pytorch-cpu,0.012924,0.000230,ok,"partial-pivot LU, P L U (torch.linalg.lu); input allocation outside timed region"
cpu/linalg_batch_families,batched_lu,f64,4,8x4x4,pytorch-cpu,0.014377,0.000330,ok,"partial-pivot LU, P L U (torch.linalg.lu); input allocation outside timed region"
cpu/linalg_batch_families,batched_lu,f64,4,1024x4x4,pytorch-cpu,0.129274,0.025859,ok,"partial-pivot LU, P L U (torch.linalg.lu); input allocation outside timed region"
cpu/linalg_batch_families,batched_lu,f64,4,1x8x8,pytorch-cpu,0.011382,0.000341,ok,"partial-pivot LU, P L U (torch.linalg.lu); input allocation outside timed region"
cpu/linalg_batch_families,batched_lu,f64,4,3x8x8,pytorch-cpu,0.014016,0.000260,ok,"partial-pivot LU, P L U (torch.linalg.lu); input allocation outside timed region"
cpu/linalg_batch_families,batched_lu,f64,4,4x8x8,pytorch-cpu,0.014187,0.000140,ok,"partial-pivot LU, P L U (torch.linalg.lu); input allocation outside timed region"
cpu/linalg_batch_families,batched_lu,f64,4,8x8x8,pytorch-cpu,0.015870,0.000170,ok,"partial-pivot LU, P L U (torch.linalg.lu); input allocation outside timed region"
cpu/linalg_batch_families,batched_lu,f64,4,1024x8x8,pytorch-cpu,0.212850,0.001874,ok,"partial-pivot LU, P L U (torch.linalg.lu); input allocation outside timed region"
cpu/linalg_batch_families,batched_lu,f64,4,1x32x32,pytorch-cpu,0.019106,0.000370,ok,"partial-pivot LU, P L U (torch.linalg.lu); input allocation outside timed region"
cpu/linalg_batch_families,batched_lu,f64,4,8x32x32,pytorch-cpu,0.039184,0.000351,ok,"partial-pivot LU, P L U (torch.linalg.lu); input allocation outside timed region"
cpu/linalg_batch_families,batched_lu,f64,4,1x128x128,pytorch-cpu,0.164410,0.001102,ok,"partial-pivot LU, P L U (torch.linalg.lu); input allocation outside timed region"
cpu/linalg_batch_families,batched_lu,f64,4,8x128x128,pytorch-cpu,0.354477,0.005560,ok,"partial-pivot LU, P L U (torch.linalg.lu); input allocation outside timed region"
cpu/linalg_batch_families,batched_lu,f64,4,1x64x24,pytorch-cpu,0.020989,0.000611,ok,"partial-pivot LU, P L U (torch.linalg.lu); input allocation outside timed region"
cpu/linalg_uncovered,cholesky,f64,4,1536x1536,pytorch-cpu,20.531848,0.045104,ok,SPD input; input allocation outside timed region
cpu/linalg_uncovered,eig,f64,4,160x160,pytorch-cpu,7.554444,0.019937,ok,general input; input allocation outside timed region
cpu/linalg_uncovered,eigvals,f64,4,192x192,pytorch-cpu,8.563644,0.016882,ok,general input values only; input allocation outside timed region
cpu/linalg_uncovered,eigvalsh,f64,4,512x512,pytorch-cpu,10.576023,0.043452,ok,SPD input values only; input allocation outside timed region
cpu/linalg_uncovered,triangular_solve,f64,4,"4096x4096,rhs=64",pytorch-cpu,11.609178,0.076685,ok,lower-triangular solve; input allocation outside timed region
cpu/linalg_uncovered,det,f64,4,1024x1024,pytorch-cpu,6.958472,0.076745,ok,well-conditioned input; input allocation outside timed region
cpu/linalg_uncovered,slogdet,f64,4,1024x1024,pytorch-cpu,6.877740,0.013416,ok,well-conditioned input; input allocation outside timed region
cpu/linalg_uncovered,inv,f64,4,768x768,pytorch-cpu,12.082921,0.051597,ok,well-conditioned input; input allocation outside timed region
cpu/linalg_uncovered,pinv,f64,4,512x256,pytorch-cpu,12.952007,0.037220,ok,rectangular input; input allocation outside timed region
cpu/linalg_uncovered,pinv_with_rtol,f64,4,512x256,pytorch-cpu,12.954471,0.036689,ok,rectangular input; rtol=1e-12; input allocation outside timed region
cpu/linalg_uncovered,lu,f64,4,1024x1024,pytorch-cpu,10.180248,0.306246,ok,partial-pivot LU; input allocation outside timed region
cpu/linalg_uncovered,lstsq,f64,4,"768x384,rhs=16",pytorch-cpu,4.020510,0.028994,ok,tall full-column-rank QR least-squares solve; GEL driver; solution output; input allocation outside timed region
cpu/linalg_uncovered,svd_full,f64,4,768x384,pytorch-cpu,26.090905,0.063069,ok,full-matrices SVD; input allocation outside timed region
cpu/linalg_uncovered,norm_fro,f64,4,2048x2048,pytorch-cpu,0.976589,0.041859,ok,Frobenius norm; input allocation outside timed region
cpu/complex,conj,c64,4,16777216,pytorch-cpu,22.321437,1.470318,ok,physical complex conjugate output; input allocation outside timed region
cpu/complex,mul,c64,4,8388608,pytorch-cpu,13.123730,0.222078,ok,complex elementwise; input allocation outside timed region
cpu/complex,div,c64,4,8388608,pytorch-cpu,17.536268,0.164259,ok,complex elementwise; input allocation outside timed region
cpu/complex,exp,c64,4,4194304,pytorch-cpu,25.918521,0.102123,ok,complex analytic; input allocation outside timed region
cpu/complex,log,c64,4,4194304,pytorch-cpu,34.110946,0.127040,ok,complex analytic; input allocation outside timed region
cpu/complex,dot_general,c64,4,640x640,pytorch-cpu,20.939576,0.069039,ok,complex matrix multiply; input allocation outside timed region
cpu/complex,dot_general_with_conj,c64,4,640x640,pytorch-cpu,21.103144,0.044694,ok,conjugated-lhs matrix multiply using PyTorch's lazy conjugate view; input allocation outside timed region
cpu/complex,tensordot,c64,4,640x640,pytorch-cpu,20.938865,0.039575,ok,complex matrix contraction over one axis; input allocation outside timed region
cpu/complex,svd,c64,4,160x160,pytorch-cpu,3.888171,0.022072,ok,complex SVD; input allocation outside timed region
cpu/complex,qr,c64,4,256x256,pytorch-cpu,4.268196,0.012374,ok,complex QR; input allocation outside timed region
cpu/complex,eig,c64,4,112x112,pytorch-cpu,10.663578,0.016892,ok,complex eig; input allocation outside timed region
cpu/complex,solve,c64,4,"384x384,rhs=8",pytorch-cpu,2.148325,0.030748,ok,complex solve; input allocation outside timed region
cpu/complex,cholesky,c64,4,448x448,pytorch-cpu,1.703297,0.007764,ok,Hermitian positive definite; input allocation outside timed region
cpu/complex,norm_fro,c64,4,2048x1536,pytorch-cpu,4.965610,0.032230,ok,complex Frobenius norm; input allocation outside timed region
cpu/elementwise_reduction,add,f64,4,33554432,jax-cpu,28.080782,0.309243,ok,binary elementwise; inputs and XLA compilation outside timed region
cpu/elementwise_reduction,sub,f64,4,33554432,jax-cpu,28.456669,0.247206,ok,binary elementwise; inputs and XLA compilation outside timed region
cpu/elementwise_reduction,mul,f64,4,33554432,jax-cpu,28.523115,0.420381,ok,binary elementwise; inputs and XLA compilation outside timed region
cpu/elementwise_reduction,div,f64,4,33554432,jax-cpu,27.504778,0.193123,ok,binary elementwise; inputs and XLA compilation outside timed region
cpu/elementwise_reduction,neg,f64,4,33554432,jax-cpu,23.101216,0.112553,ok,unary elementwise; inputs and XLA compilation outside timed region
cpu/elementwise_reduction,abs,f64,4,33554432,jax-cpu,22.981020,0.176893,ok,unary elementwise; inputs and XLA compilation outside timed region
cpu/elementwise_reduction,sign,f64,4,33554432,jax-cpu,23.134969,0.717380,ok,unary elementwise; inputs and XLA compilation outside timed region
cpu/elementwise_reduction,maximum,f64,4,33554432,jax-cpu,27.865446,0.166544,ok,binary elementwise; inputs and XLA compilation outside timed region
cpu/elementwise_reduction,minimum,f64,4,33554432,jax-cpu,27.757904,0.468212,ok,binary elementwise; inputs and XLA compilation outside timed region
cpu/elementwise_reduction,compare_lt,f64,4,33554432,jax-cpu,13.137866,0.113844,ok,ordered compare; inputs and XLA compilation outside timed region
cpu/elementwise_reduction,select,f64,4,33554432,jax-cpu,28.888091,0.491625,ok,ternary select; inputs and XLA compilation outside timed region
cpu/elementwise_reduction,sqrt,f64,4,33554432,jax-cpu,22.734426,0.291218,ok,analytic unary; inputs and XLA compilation outside timed region
cpu/elementwise_reduction,rsqrt,f64,4,33554432,jax-cpu,40.330847,0.400473,ok,analytic unary; inputs and XLA compilation outside timed region
cpu/elementwise_reduction,rem,f64,4,8388608,jax-cpu,16.690115,0.545186,ok,binary elementwise; inputs and XLA compilation outside timed region
cpu/elementwise_reduction,clamp,f64,4,8388608,jax-cpu,8.522526,0.260511,ok,clamp with tensor bounds; inputs and XLA compilation outside timed region
cpu/elementwise_reduction,exp,f64,4,8388608,jax-cpu,6.830241,0.283554,ok,analytic unary; inputs and XLA compilation outside timed region
cpu/elementwise_reduction,log,f64,4,8388608,jax-cpu,12.904306,0.312488,ok,analytic unary; inputs and XLA compilation outside timed region
cpu/elementwise_reduction,sin,f64,4,8388608,jax-cpu,30.063284,0.167925,ok,analytic unary; inputs and XLA compilation outside timed region
cpu/elementwise_reduction,cos,f64,4,8388608,jax-cpu,30.583344,0.366220,ok,analytic unary; inputs and XLA compilation outside timed region
cpu/elementwise_reduction,tanh,f64,4,8388608,jax-cpu,6.569719,0.355649,ok,analytic unary; inputs and XLA compilation outside timed region
cpu/elementwise_reduction,pow,f64,4,4194304,jax-cpu,17.148849,0.210707,ok,binary analytic with tensor exponent; inputs and XLA compilation outside timed region
cpu/elementwise_reduction,expm1,f64,4,4194304,jax-cpu,4.489343,0.234011,ok,analytic unary; inputs and XLA compilation outside timed region
cpu/elementwise_reduction,log1p,f64,4,4194304,jax-cpu,7.139873,0.214724,ok,analytic unary; inputs and XLA compilation outside timed region
cpu/elementwise_reduction,chain_log1p_exp_mul,f64,4,4194304,jax-cpu,11.530520,0.403380,ok,short elementwise chain; inputs and XLA compilation outside timed region
cpu/elementwise_reduction,reduce_sum_all,f64,4,8192x4096,jax-cpu,7.125366,0.197071,ok,full reduction; inputs and XLA compilation outside timed region
cpu/elementwise_reduction,reduce_prod_all,f64,4,8192x4096,jax-cpu,9.739999,0.499481,ok,full reduction; inputs and XLA compilation outside timed region
cpu/elementwise_reduction,reduce_max_all,f64,4,8192x4096,jax-cpu,20.344055,0.539045,ok,full reduction; inputs and XLA compilation outside timed region
cpu/elementwise_reduction,reduce_min_all,f64,4,8192x4096,jax-cpu,20.488186,0.641058,ok,full reduction; inputs and XLA compilation outside timed region
cpu/elementwise_reduction,reduce_max_axis0,f64,4,2048x2048,jax-cpu,0.549514,0.029325,ok,axis reduction; inputs and XLA compilation outside timed region
cpu/elementwise_reduction,reduce_min_axis1,f64,4,4096x4096,jax-cpu,5.428030,0.399804,ok,axis reduction; inputs and XLA compilation outside timed region
cpu/elementwise_reduction,reduce_max_axis1,f64,4,2048x2048,jax-cpu,1.463486,0.473311,ok,axis reduction; inputs and XLA compilation outside timed region
cpu/elementwise_reduction,reduce_min_axis0,f64,4,2048x2048,jax-cpu,0.571366,0.065253,ok,axis reduction; inputs and XLA compilation outside timed region
cpu/elementwise_reduction,reduce_sum_axis0,f64,4,2048x2048,jax-cpu,0.496605,0.032351,ok,axis reduction; inputs and XLA compilation outside timed region
cpu/elementwise_reduction,reduce_sum_axis1,f64,4,2048x2048,jax-cpu,0.360268,0.131849,ok,axis reduction; inputs and XLA compilation outside timed region
cpu/elementwise_reduction,reduce_prod_axis0,f64,4,2048x2048,jax-cpu,0.501224,0.190128,ok,axis reduction; inputs and XLA compilation outside timed region
cpu/elementwise_reduction,reduce_prod_axis1,f64,4,2048x2048,jax-cpu,0.382881,0.018576,ok,axis reduction; inputs and XLA compilation outside timed region
cpu/indexing_layout,gather,f64,4,262144,jax-cpu,0.102824,0.092144,ok,1D gather; inputs and XLA compilation outside timed region
cpu/indexing_layout,scatter,f64,4,262144,jax-cpu,0.389593,0.049383,ok,1D scatter; inputs and XLA compilation outside timed region
cpu/indexing_layout,slice,f64,4,4194304 -> 2096128,jax-cpu,0.696942,0.013395,ok,static slice materialized output; inputs and XLA compilation outside timed region
cpu/indexing_layout,dynamic_slice,f64,4,4194304 -> 2097152,jax-cpu,0.334460,0.085090,ok,runtime-start slice; inputs and XLA compilation outside timed region
cpu/indexing_layout,dynamic_update_slice,f64,4,2097152,jax-cpu,0.552721,0.042701,ok,runtime-start update; inputs and XLA compilation outside timed region
cpu/indexing_layout,pad,f64,4,2097152,jax-cpu,0.324852,0.086182,ok,edge padding; inputs and XLA compilation outside timed region
cpu/indexing_layout,concatenate,f64,4,1048576+1048576,jax-cpu,0.663580,0.188315,ok,concatenate along axis 0; inputs and XLA compilation outside timed region
cpu/indexing_layout,reverse,f64,4,2097152,jax-cpu,0.343677,0.190639,ok,reverse axis 0; inputs and XLA compilation outside timed region
cpu/structural_shape,transpose,f64,4,4096x4096,jax-cpu,14.393901,0.454486,ok,materialized matrix transpose; inputs and XLA compilation outside timed region
cpu/structural_shape,reshape,f64,4,33554432 -> 8192x4096,jax-cpu,24.199464,0.816518,ok,materialized reshape; JAX arrays have value semantics and no public strided-view contract; inputs and XLA compilation outside timed region
cpu/structural_shape,broadcast_in_dim,f64,4,8192x1 -> 8192x4096,jax-cpu,19.002038,1.104850,ok,materialized broadcast; inputs and XLA compilation outside timed region
cpu/structural_shape,cast_f64_f32,f64->f32,4,33554432,jax-cpu,15.036973,0.354508,ok,dtype cast; inputs and XLA compilation outside timed region
cpu/structural_shape,extract_diagonal,f64,4,8388608x2x2 -> 8388608x2,jax-cpu,13.449524,0.505211,ok,batched matrix diagonal extraction; inputs and XLA compilation outside timed region
cpu/structural_shape,embed_diagonal,f64,4,8192 -> 8192x8192,jax-cpu,36.441744,2.153584,ok,embed vector as matrix diagonal; inputs and XLA compilation outside timed region
cpu/structural_shape,tril,f64,4,4096x4096,jax-cpu,12.588091,0.313460,ok,lower triangle; inputs and XLA compilation outside timed region
cpu/structural_shape,triu,f64,4,4096x4096,jax-cpu,12.637284,0.398901,ok,upper triangle; inputs and XLA compilation outside timed region
cpu/einsum_concrete,einsum_ij_jk_ik,f64,4,1024x1024,jax-cpu,14.990053,0.210306,ok,jnp.einsum allocation-returning API; inputs and XLA compilation outside timed region
cpu/linalg_uncovered,cholesky,f64,4,1536x1536,jax-cpu,23.680927,2.173272,ok,SPD input; inputs and XLA compilation outside timed region
cpu/linalg_uncovered,eig,f64,4,160x160,jax-cpu,7.616340,0.021841,ok,general input; inputs and XLA compilation outside timed region
cpu/linalg_uncovered,eigvals,f64,4,192x192,jax-cpu,9.604584,0.015199,ok,general input values only; inputs and XLA compilation outside timed region
cpu/linalg_uncovered,eigvalsh,f64,4,512x512,jax-cpu,24.253425,0.809244,ok,SPD input values only; inputs and XLA compilation outside timed region
cpu/linalg_uncovered,triangular_solve,f64,4,"4096x4096,rhs=64",jax-cpu,43.749293,0.584831,ok,lower-triangular solve; inputs and XLA compilation outside timed region
cpu/linalg_uncovered,det,f64,4,1024x1024,jax-cpu,7.962953,0.488099,ok,well-conditioned input; inputs and XLA compilation outside timed region
cpu/linalg_uncovered,slogdet,f64,4,1024x1024,jax-cpu,7.925994,0.401826,ok,well-conditioned input; inputs and XLA compilation outside timed region
cpu/linalg_uncovered,inv,f64,4,768x768,jax-cpu,11.415374,0.276220,ok,well-conditioned input; inputs and XLA compilation outside timed region
cpu/linalg_uncovered,pinv,f64,4,512x256,jax-cpu,14.380516,0.850220,ok,rectangular input; inputs and XLA compilation outside timed region
cpu/linalg_uncovered,pinv_with_rtol,f64,4,512x256,jax-cpu,14.242456,0.394994,ok,rectangular input; rtol=1e-12; inputs and XLA compilation outside timed region
cpu/linalg_uncovered,lu,f64,4,1024x1024,jax-cpu,11.766925,1.151077,ok,partial-pivot LU; inputs and XLA compilation outside timed region
cpu/linalg_uncovered,lstsq,f64,4,"768x384,rhs=16",jax-cpu,27.009575,0.282442,ok,tall full-column-rank least-squares solve; solution output; JAX chooses its native solver; inputs and XLA compilation outside timed region
cpu/linalg_uncovered,svd_full,f64,4,768x384,jax-cpu,36.273127,0.337085,ok,full-matrices SVD; inputs and XLA compilation outside timed region
cpu/linalg_uncovered,norm_fro,f64,4,2048x2048,jax-cpu,2.536606,0.521362,ok,Frobenius norm; inputs and XLA compilation outside timed region
cpu/linalg_batched,batched_lu_factor,f64,4,"1024x2x2,rhs=1",jax-cpu,0.098395,0.002434,ok,packed LU factorization only (jax.scipy.linalg.lu_factor); inputs and XLA compilation outside timed region
cpu/linalg_batched,batched_lu_factor,f64,4,"1024x4x4,rhs=1",jax-cpu,0.175370,0.002824,ok,packed LU factorization only (jax.scipy.linalg.lu_factor); inputs and XLA compilation outside timed region
cpu/linalg_batched,batched_lu_factor,f64,4,"1024x8x8,rhs=1",jax-cpu,0.361531,0.084429,ok,packed LU factorization only (jax.scipy.linalg.lu_factor); inputs and XLA compilation outside timed region
cpu/linalg_batched,batched_lu_factor,f64,4,"1024x16x16,rhs=1",jax-cpu,0.892711,0.250983,ok,packed LU factorization only (jax.scipy.linalg.lu_factor); inputs and XLA compilation outside timed region
cpu/linalg_batched,batched_lu_solve,f64,4,"1024x2x2,rhs=1",jax-cpu,0.170331,0.003908,ok,solve with prepared LU factors (jax.scipy.linalg.lu_solve); inputs and XLA compilation outside timed region
cpu/linalg_batched,batched_lu_solve,f64,4,"1024x4x4,rhs=1",jax-cpu,0.224773,0.008065,ok,solve with prepared LU factors (jax.scipy.linalg.lu_solve); inputs and XLA compilation outside timed region
cpu/linalg_batched,batched_lu_solve,f64,4,"1024x8x8,rhs=1",jax-cpu,0.357342,0.042800,ok,solve with prepared LU factors (jax.scipy.linalg.lu_solve); inputs and XLA compilation outside timed region
cpu/linalg_batched,batched_lu_solve,f64,4,"1024x16x16,rhs=1",jax-cpu,0.684549,0.041458,ok,solve with prepared LU factors (jax.scipy.linalg.lu_solve); inputs and XLA compilation outside timed region
cpu/linalg_batched,batched_triangular_solve,f64,4,"1024x2x2,rhs=1",jax-cpu,0.083257,0.000401,ok,lower-triangular solve (jax.scipy.linalg.solve_triangular); inputs and XLA compilation outside timed region
cpu/linalg_batched,batched_triangular_solve,f64,4,"1024x4x4,rhs=1",jax-cpu,0.108123,0.001372,ok,lower-triangular solve (jax.scipy.linalg.solve_triangular); inputs and XLA compilation outside timed region
cpu/linalg_batched,batched_triangular_solve,f64,4,"1024x8x8,rhs=1",jax-cpu,0.212190,0.138531,ok,lower-triangular solve (jax.scipy.linalg.solve_triangular); inputs and XLA compilation outside timed region
cpu/linalg_batched,batched_triangular_solve,f64,4,"1024x16x16,rhs=1",jax-cpu,0.317278,0.150173,ok,lower-triangular solve (jax.scipy.linalg.solve_triangular); inputs and XLA compilation outside timed region
cpu/linalg_batch_families,batched_solve,f64,4,"1x2x2,rhs=1",jax-cpu,0.008956,0.000622,ok,"general solve, one rhs column (jnp.linalg.solve); inputs and XLA compilation outside timed region"
cpu/linalg_batch_families,batched_solve,f64,4,"3x2x2,rhs=1",jax-cpu,0.009799,0.000611,ok,"general solve, one rhs column (jnp.linalg.solve); inputs and XLA compilation outside timed region"
cpu/linalg_batch_families,batched_solve,f64,4,"4x2x2,rhs=1",jax-cpu,0.010028,0.000811,ok,"general solve, one rhs column (jnp.linalg.solve); inputs and XLA compilation outside timed region"
cpu/linalg_batch_families,batched_solve,f64,4,"8x2x2,rhs=1",jax-cpu,0.011040,0.000611,ok,"general solve, one rhs column (jnp.linalg.solve); inputs and XLA compilation outside timed region"
cpu/linalg_batch_families,batched_solve,f64,4,"1024x2x2,rhs=1",jax-cpu,0.260190,0.016501,ok,"general solve, one rhs column (jnp.linalg.solve); inputs and XLA compilation outside timed region"
cpu/linalg_batch_families,batched_solve,f64,4,"1x4x4,rhs=1",jax-cpu,0.008756,0.000652,ok,"general solve, one rhs column (jnp.linalg.solve); inputs and XLA compilation outside timed region"
cpu/linalg_batch_families,batched_solve,f64,4,"3x4x4,rhs=1",jax-cpu,0.010921,0.000721,ok,"general solve, one rhs column (jnp.linalg.solve); inputs and XLA compilation outside timed region"
cpu/linalg_batch_families,batched_solve,f64,4,"4x4x4,rhs=1",jax-cpu,0.011371,0.000441,ok,"general solve, one rhs column (jnp.linalg.solve); inputs and XLA compilation outside timed region"
cpu/linalg_batch_families,batched_solve,f64,4,"8x4x4,rhs=1",jax-cpu,0.019697,0.012894,ok,"general solve, one rhs column (jnp.linalg.solve); inputs and XLA compilation outside timed region"
cpu/linalg_batch_families,batched_solve,f64,4,"1024x4x4,rhs=1",jax-cpu,0.368484,0.044284,ok,"general solve, one rhs column (jnp.linalg.solve); inputs and XLA compilation outside timed region"
cpu/linalg_batch_families,batched_solve,f64,4,"1x8x8,rhs=1",jax-cpu,0.009318,0.000491,ok,"general solve, one rhs column (jnp.linalg.solve); inputs and XLA compilation outside timed region"
cpu/linalg_batch_families,batched_solve,f64,4,"3x8x8,rhs=1",jax-cpu,0.012604,0.000522,ok,"general solve, one rhs column (jnp.linalg.solve); inputs and XLA compilation outside timed region"
cpu/linalg_batch_families,batched_solve,f64,4,"4x8x8,rhs=1",jax-cpu,0.013766,0.000692,ok,"general solve, one rhs column (jnp.linalg.solve); inputs and XLA compilation outside timed region"
cpu/linalg_batch_families,batched_solve,f64,4,"8x8x8,rhs=1",jax-cpu,0.016542,0.000361,ok,"general solve, one rhs column (jnp.linalg.solve); inputs and XLA compilation outside timed region"
cpu/linalg_batch_families,batched_solve,f64,4,"1024x8x8,rhs=1",jax-cpu,1.017826,0.109246,ok,"general solve, one rhs column (jnp.linalg.solve); inputs and XLA compilation outside timed region"
cpu/linalg_batch_families,batched_solve,f64,4,"1x32x32,rhs=1",jax-cpu,0.018394,0.003436,ok,"general solve, one rhs column (jnp.linalg.solve); inputs and XLA compilation outside timed region"
cpu/linalg_batch_families,batched_solve,f64,4,"8x32x32,rhs=1",jax-cpu,0.089308,0.008305,ok,"general solve, one rhs column (jnp.linalg.solve); inputs and XLA compilation outside timed region"
cpu/linalg_batch_families,batched_solve,f64,4,"1x128x128,rhs=1",jax-cpu,0.179839,0.048332,ok,"general solve, one rhs column (jnp.linalg.solve); inputs and XLA compilation outside timed region"
cpu/linalg_batch_families,batched_solve,f64,4,"8x128x128,rhs=1",jax-cpu,0.720717,0.170381,ok,"general solve, one rhs column (jnp.linalg.solve); inputs and XLA compilation outside timed region"
cpu/linalg_batch_families,batched_cholesky,f64,4,1x2x2,jax-cpu,0.014707,0.001884,ok,SPD Cholesky (jnp.linalg.cholesky); inputs and XLA compilation outside timed region
cpu/linalg_batch_families,batched_cholesky,f64,4,3x2x2,jax-cpu,0.013586,0.000932,ok,SPD Cholesky (jnp.linalg.cholesky); inputs and XLA compilation outside timed region
cpu/linalg_batch_families,batched_cholesky,f64,4,4x2x2,jax-cpu,0.006933,0.000260,ok,SPD Cholesky (jnp.linalg.cholesky); inputs and XLA compilation outside timed region
cpu/linalg_batch_families,batched_cholesky,f64,4,8x2x2,jax-cpu,0.007845,0.007334,ok,SPD Cholesky (jnp.linalg.cholesky); inputs and XLA compilation outside timed region
cpu/linalg_batch_families,batched_cholesky,f64,4,1024x2x2,jax-cpu,0.087034,0.002164,ok,SPD Cholesky (jnp.linalg.cholesky); inputs and XLA compilation outside timed region
cpu/linalg_batch_families,batched_cholesky,f64,4,1x4x4,jax-cpu,0.006983,0.000570,ok,SPD Cholesky (jnp.linalg.cholesky); inputs and XLA compilation outside timed region
cpu/linalg_batch_families,batched_cholesky,f64,4,3x4x4,jax-cpu,0.014006,0.000892,ok,SPD Cholesky (jnp.linalg.cholesky); inputs and XLA compilation outside timed region
cpu/linalg_batch_families,batched_cholesky,f64,4,4x4x4,jax-cpu,0.007404,0.000461,ok,SPD Cholesky (jnp.linalg.cholesky); inputs and XLA compilation outside timed region
cpu/linalg_batch_families,batched_cholesky,f64,4,8x4x4,jax-cpu,0.008025,0.000682,ok,SPD Cholesky (jnp.linalg.cholesky); inputs and XLA compilation outside timed region
cpu/linalg_batch_families,batched_cholesky,f64,4,1024x4x4,jax-cpu,0.133561,0.002896,ok,SPD Cholesky (jnp.linalg.cholesky); inputs and XLA compilation outside timed region
cpu/linalg_batch_families,batched_cholesky,f64,4,1x8x8,jax-cpu,0.007053,0.000440,ok,SPD Cholesky (jnp.linalg.cholesky); inputs and XLA compilation outside timed region
cpu/linalg_batch_families,batched_cholesky,f64,4,3x8x8,jax-cpu,0.007905,0.000460,ok,SPD Cholesky (jnp.linalg.cholesky); inputs and XLA compilation outside timed region
cpu/linalg_batch_families,batched_cholesky,f64,4,4x8x8,jax-cpu,0.012683,0.003577,ok,SPD Cholesky (jnp.linalg.cholesky); inputs and XLA compilation outside timed region
cpu/linalg_batch_families,batched_cholesky,f64,4,8x8x8,jax-cpu,0.014187,0.001603,ok,SPD Cholesky (jnp.linalg.cholesky); inputs and XLA compilation outside timed region
cpu/linalg_batch_families,batched_cholesky,f64,4,1024x8x8,jax-cpu,0.327397,0.022543,ok,SPD Cholesky (jnp.linalg.cholesky); inputs and XLA compilation outside timed region
cpu/linalg_batch_families,batched_cholesky,f64,4,1x32x32,jax-cpu,0.019106,0.008857,ok,SPD Cholesky (jnp.linalg.cholesky); inputs and XLA compilation outside timed region
cpu/linalg_batch_families,batched_cholesky,f64,4,8x32x32,jax-cpu,0.031359,0.024796,ok,SPD Cholesky (jnp.linalg.cholesky); inputs and XLA compilation outside timed region
cpu/linalg_batch_families,batched_cholesky,f64,4,1x128x128,jax-cpu,0.101692,0.004499,ok,SPD Cholesky (jnp.linalg.cholesky); inputs and XLA compilation outside timed region
cpu/linalg_batch_families,batched_cholesky,f64,4,8x128x128,jax-cpu,0.383332,0.080511,ok,SPD Cholesky (jnp.linalg.cholesky); inputs and XLA compilation outside timed region
cpu/linalg_batch_families,batched_qr,f64,4,1x2x2,jax-cpu,0.010560,0.001213,ok,thin QR (jnp.linalg.qr); inputs and XLA compilation outside timed region
cpu/linalg_batch_families,batched_qr,f64,4,3x2x2,jax-cpu,0.010760,0.000662,ok,thin QR (jnp.linalg.qr); inputs and XLA compilation outside timed region
cpu/linalg_batch_families,batched_qr,f64,4,4x2x2,jax-cpu,0.010880,0.000711,ok,thin QR (jnp.linalg.qr); inputs and XLA compilation outside timed region
cpu/linalg_batch_families,batched_qr,f64,4,8x2x2,jax-cpu,0.012333,0.000682,ok,thin QR (jnp.linalg.qr); inputs and XLA compilation outside timed region
cpu/linalg_batch_families,batched_qr,f64,4,1024x2x2,jax-cpu,0.259148,0.003216,ok,thin QR (jnp.linalg.qr); inputs and XLA compilation outside timed region
cpu/linalg_batch_families,batched_qr,f64,4,1x4x4,jax-cpu,0.010470,0.000400,ok,thin QR (jnp.linalg.qr); inputs and XLA compilation outside timed region
cpu/linalg_batch_families,batched_qr,f64,4,3x4x4,jax-cpu,0.011682,0.000490,ok,thin QR (jnp.linalg.qr); inputs and XLA compilation outside timed region
cpu/linalg_batch_families,batched_qr,f64,4,4x4x4,jax-cpu,0.012834,0.000551,ok,thin QR (jnp.linalg.qr); inputs and XLA compilation outside timed region
cpu/linalg_batch_families,batched_qr,f64,4,8x4x4,jax-cpu,0.016071,0.017132,ok,thin QR (jnp.linalg.qr); inputs and XLA compilation outside timed region
cpu/linalg_batch_families,batched_qr,f64,4,1024x4x4,jax-cpu,0.758438,0.002756,ok,thin QR (jnp.linalg.qr); inputs and XLA compilation outside timed region
cpu/linalg_batch_families,batched_qr,f64,4,1x8x8,jax-cpu,0.012434,0.000822,ok,thin QR (jnp.linalg.qr); inputs and XLA compilation outside timed region
cpu/linalg_batch_families,batched_qr,f64,4,3x8x8,jax-cpu,0.017453,0.000650,ok,thin QR (jnp.linalg.qr); inputs and XLA compilation outside timed region
cpu/linalg_batch_families,batched_qr,f64,4,4x8x8,jax-cpu,0.037882,0.020038,ok,thin QR (jnp.linalg.qr); inputs and XLA compilation outside timed region
cpu/linalg_batch_families,batched_qr,f64,4,8x8x8,jax-cpu,0.027151,0.000692,ok,thin QR (jnp.linalg.qr); inputs and XLA compilation outside timed region
cpu/linalg_batch_families,batched_qr,f64,4,1024x8x8,jax-cpu,1.163300,0.128542,ok,thin QR (jnp.linalg.qr); inputs and XLA compilation outside timed region
cpu/linalg_batch_families,batched_qr,f64,4,1x32x32,jax-cpu,0.036419,0.013646,ok,thin QR (jnp.linalg.qr); inputs and XLA compilation outside timed region
cpu/linalg_batch_families,batched_qr,f64,4,8x32x32,jax-cpu,0.134113,0.002896,ok,thin QR (jnp.linalg.qr); inputs and XLA compilation outside timed region
cpu/linalg_batch_families,batched_qr,f64,4,1x128x128,jax-cpu,0.667066,0.051768,ok,thin QR (jnp.linalg.qr); inputs and XLA compilation outside timed region
cpu/linalg_batch_families,batched_qr,f64,4,8x128x128,jax-cpu,3.496884,0.408679,ok,thin QR (jnp.linalg.qr); inputs and XLA compilation outside timed region
cpu/linalg_batch_families,batched_qr,f64,4,1x64x24,jax-cpu,0.048842,0.023855,ok,thin QR (jnp.linalg.qr); inputs and XLA compilation outside timed region
cpu/linalg_batch_families,batched_eigh,f64,4,1x2x2,jax-cpu,0.010279,0.000792,ok,symmetric/Hermitian eigendecomposition (jnp.linalg.eigh); inputs and XLA compilation outside timed region
cpu/linalg_batch_families,batched_eigh,f64,4,3x2x2,jax-cpu,0.010509,0.000542,ok,symmetric/Hermitian eigendecomposition (jnp.linalg.eigh); inputs and XLA compilation outside timed region
cpu/linalg_batch_families,batched_eigh,f64,4,4x2x2,jax-cpu,0.010901,0.010219,ok,symmetric/Hermitian eigendecomposition (jnp.linalg.eigh); inputs and XLA compilation outside timed region
cpu/linalg_batch_families,batched_eigh,f64,4,8x2x2,jax-cpu,0.012584,0.000832,ok,symmetric/Hermitian eigendecomposition (jnp.linalg.eigh); inputs and XLA compilation outside timed region
cpu/linalg_batch_families,batched_eigh,f64,4,1024x2x2,jax-cpu,0.352052,0.007814,ok,symmetric/Hermitian eigendecomposition (jnp.linalg.eigh); inputs and XLA compilation outside timed region
cpu/linalg_batch_families,batched_eigh,f64,4,1x4x4,jax-cpu,0.011832,0.012122,ok,symmetric/Hermitian eigendecomposition (jnp.linalg.eigh); inputs and XLA compilation outside timed region
cpu/linalg_batch_families,batched_eigh,f64,4,3x4x4,jax-cpu,0.029976,0.015230,ok,symmetric/Hermitian eigendecomposition (jnp.linalg.eigh); inputs and XLA compilation outside timed region
cpu/linalg_batch_families,batched_eigh,f64,4,4x4x4,jax-cpu,0.017613,0.000782,ok,symmetric/Hermitian eigendecomposition (jnp.linalg.eigh); inputs and XLA compilation outside timed region
cpu/linalg_batch_families,batched_eigh,f64,4,8x4x4,jax-cpu,0.025779,0.000511,ok,symmetric/Hermitian eigendecomposition (jnp.linalg.eigh); inputs and XLA compilation outside timed region
cpu/linalg_batch_families,batched_eigh,f64,4,1024x4x4,jax-cpu,1.397110,0.050115,ok,symmetric/Hermitian eigendecomposition (jnp.linalg.eigh); inputs and XLA compilation outside timed region
cpu/linalg_batch_families,batched_eigh,f64,4,1x8x8,jax-cpu,0.016121,0.000731,ok,symmetric/Hermitian eigendecomposition (jnp.linalg.eigh); inputs and XLA compilation outside timed region
cpu/linalg_batch_families,batched_eigh,f64,4,3x8x8,jax-cpu,0.030998,0.002044,ok,symmetric/Hermitian eigendecomposition (jnp.linalg.eigh); inputs and XLA compilation outside timed region
cpu/linalg_batch_families,batched_eigh,f64,4,4x8x8,jax-cpu,0.037471,0.000882,ok,symmetric/Hermitian eigendecomposition (jnp.linalg.eigh); inputs and XLA compilation outside timed region
cpu/linalg_batch_families,batched_eigh,f64,4,8x8x8,jax-cpu,0.064922,0.000602,ok,symmetric/Hermitian eigendecomposition (jnp.linalg.eigh); inputs and XLA compilation outside timed region
cpu/linalg_batch_families,batched_eigh,f64,4,1024x8x8,jax-cpu,3.654380,1.005322,ok,symmetric/Hermitian eigendecomposition (jnp.linalg.eigh); inputs and XLA compilation outside timed region
cpu/linalg_batch_families,batched_eigh,f64,4,1x32x32,jax-cpu,0.103775,0.002325,ok,symmetric/Hermitian eigendecomposition (jnp.linalg.eigh); inputs and XLA compilation outside timed region
cpu/linalg_batch_families,batched_eigh,f64,4,8x32x32,jax-cpu,0.277713,0.144542,ok,symmetric/Hermitian eigendecomposition (jnp.linalg.eigh); inputs and XLA compilation outside timed region
cpu/linalg_batch_families,batched_eigh,f64,4,1x128x128,jax-cpu,1.415044,0.026249,ok,symmetric/Hermitian eigendecomposition (jnp.linalg.eigh); inputs and XLA compilation outside timed region
cpu/linalg_batch_families,batched_eigh,f64,4,8x128x128,jax-cpu,5.741831,2.461275,ok,symmetric/Hermitian eigendecomposition (jnp.linalg.eigh); inputs and XLA compilation outside timed region
cpu/linalg_batch_families,batched_eigh,c64,4,1x2x2,jax-cpu,0.010420,0.000600,ok,symmetric/Hermitian eigendecomposition (jnp.linalg.eigh); inputs and XLA compilation outside timed region
cpu/linalg_batch_families,batched_eigh,c64,4,3x2x2,jax-cpu,0.023705,0.013024,ok,symmetric/Hermitian eigendecomposition (jnp.linalg.eigh); inputs and XLA compilation outside timed region
cpu/linalg_batch_families,batched_eigh,c64,4,4x2x2,jax-cpu,0.013505,0.000921,ok,symmetric/Hermitian eigendecomposition (jnp.linalg.eigh); inputs and XLA compilation outside timed region
cpu/linalg_batch_families,batched_eigh,c64,4,8x2x2,jax-cpu,0.016822,0.000461,ok,symmetric/Hermitian eigendecomposition (jnp.linalg.eigh); inputs and XLA compilation outside timed region
cpu/linalg_batch_families,batched_eigh,c64,4,1024x2x2,jax-cpu,0.881790,0.006332,ok,symmetric/Hermitian eigendecomposition (jnp.linalg.eigh); inputs and XLA compilation outside timed region
cpu/linalg_batch_families,batched_eigh,c64,4,1x4x4,jax-cpu,0.012754,0.000741,ok,symmetric/Hermitian eigendecomposition (jnp.linalg.eigh); inputs and XLA compilation outside timed region
cpu/linalg_batch_families,batched_eigh,c64,4,3x4x4,jax-cpu,0.018124,0.000451,ok,symmetric/Hermitian eigendecomposition (jnp.linalg.eigh); inputs and XLA compilation outside timed region
cpu/linalg_batch_families,batched_eigh,c64,4,4x4x4,jax-cpu,0.022322,0.022402,ok,symmetric/Hermitian eigendecomposition (jnp.linalg.eigh); inputs and XLA compilation outside timed region
cpu/linalg_batch_families,batched_eigh,c64,4,8x4x4,jax-cpu,0.033553,0.001222,ok,symmetric/Hermitian eigendecomposition (jnp.linalg.eigh); inputs and XLA compilation outside timed region
cpu/linalg_batch_families,batched_eigh,c64,4,1024x4x4,jax-cpu,2.017769,0.158940,ok,symmetric/Hermitian eigendecomposition (jnp.linalg.eigh); inputs and XLA compilation outside timed region
cpu/linalg_batch_families,batched_eigh,c64,4,1x8x8,jax-cpu,0.019748,0.001442,ok,symmetric/Hermitian eigendecomposition (jnp.linalg.eigh); inputs and XLA compilation outside timed region
cpu/linalg_batch_families,batched_eigh,c64,4,3x8x8,jax-cpu,0.039344,0.004037,ok,symmetric/Hermitian eigendecomposition (jnp.linalg.eigh); inputs and XLA compilation outside timed region
cpu/linalg_batch_families,batched_eigh,c64,4,4x8x8,jax-cpu,0.050695,0.043952,ok,symmetric/Hermitian eigendecomposition (jnp.linalg.eigh); inputs and XLA compilation outside timed region
cpu/linalg_batch_families,batched_eigh,c64,4,8x8x8,jax-cpu,0.090110,0.001633,ok,symmetric/Hermitian eigendecomposition (jnp.linalg.eigh); inputs and XLA compilation outside timed region
cpu/linalg_batch_families,batched_eigh,c64,4,1024x8x8,jax-cpu,6.067484,0.156264,ok,symmetric/Hermitian eigendecomposition (jnp.linalg.eigh); inputs and XLA compilation outside timed region
cpu/linalg_batch_families,batched_eigh,c64,4,1x32x32,jax-cpu,0.140274,0.014207,ok,symmetric/Hermitian eigendecomposition (jnp.linalg.eigh); inputs and XLA compilation outside timed region
cpu/linalg_batch_families,batched_eigh,c64,4,8x32x32,jax-cpu,0.432173,0.024366,ok,symmetric/Hermitian eigendecomposition (jnp.linalg.eigh); inputs and XLA compilation outside timed region
cpu/linalg_batch_families,batched_eigh,c64,4,1x128x128,jax-cpu,3.004568,0.135886,ok,symmetric/Hermitian eigendecomposition (jnp.linalg.eigh); inputs and XLA compilation outside timed region
cpu/linalg_batch_families,batched_eigh,c64,4,8x128x128,jax-cpu,10.978251,0.598827,ok,symmetric/Hermitian eigendecomposition (jnp.linalg.eigh); inputs and XLA compilation outside timed region
cpu/linalg_batch_families,batched_eigvalsh,f64,4,1x2x2,jax-cpu,0.007955,0.000440,ok,symmetric eigenvalues only (jnp.linalg.eigvalsh); inputs and XLA compilation outside timed region
cpu/linalg_batch_families,batched_eigvalsh,f64,4,3x2x2,jax-cpu,0.008196,0.000572,ok,symmetric eigenvalues only (jnp.linalg.eigvalsh); inputs and XLA compilation outside timed region
cpu/linalg_batch_families,batched_eigvalsh,f64,4,4x2x2,jax-cpu,0.008546,0.000361,ok,symmetric eigenvalues only (jnp.linalg.eigvalsh); inputs and XLA compilation outside timed region
cpu/linalg_batch_families,batched_eigvalsh,f64,4,8x2x2,jax-cpu,0.019577,0.001033,ok,symmetric eigenvalues only (jnp.linalg.eigvalsh); inputs and XLA compilation outside timed region
cpu/linalg_batch_families,batched_eigvalsh,f64,4,1024x2x2,jax-cpu,0.376318,0.041288,ok,symmetric eigenvalues only (jnp.linalg.eigvalsh); inputs and XLA compilation outside timed region
cpu/linalg_batch_families,batched_eigvalsh,f64,4,1x4x4,jax-cpu,0.009097,0.000561,ok,symmetric eigenvalues only (jnp.linalg.eigvalsh); inputs and XLA compilation outside timed region
cpu/linalg_batch_families,batched_eigvalsh,f64,4,3x4x4,jax-cpu,0.012895,0.000510,ok,symmetric eigenvalues only (jnp.linalg.eigvalsh); inputs and XLA compilation outside timed region
cpu/linalg_batch_families,batched_eigvalsh,f64,4,4x4x4,jax-cpu,0.015259,0.000380,ok,symmetric eigenvalues only (jnp.linalg.eigvalsh); inputs and XLA compilation outside timed region
cpu/linalg_batch_families,batched_eigvalsh,f64,4,8x4x4,jax-cpu,0.022893,0.000271,ok,symmetric eigenvalues only (jnp.linalg.eigvalsh); inputs and XLA compilation outside timed region
cpu/linalg_batch_families,batched_eigvalsh,f64,4,1024x4x4,jax-cpu,1.314064,0.037912,ok,symmetric eigenvalues only (jnp.linalg.eigvalsh); inputs and XLA compilation outside timed region
cpu/linalg_batch_families,batched_eigvalsh,f64,4,1x8x8,jax-cpu,0.013816,0.000220,ok,symmetric eigenvalues only (jnp.linalg.eigvalsh); inputs and XLA compilation outside timed region
cpu/linalg_batch_families,batched_eigvalsh,f64,4,3x8x8,jax-cpu,0.027793,0.000541,ok,symmetric eigenvalues only (jnp.linalg.eigvalsh); inputs and XLA compilation outside timed region
cpu/linalg_batch_families,batched_eigvalsh,f64,4,4x8x8,jax-cpu,0.034655,0.000390,ok,symmetric eigenvalues only (jnp.linalg.eigvalsh); inputs and XLA compilation outside timed region
cpu/linalg_batch_families,batched_eigvalsh,f64,4,8x8x8,jax-cpu,0.087054,0.057468,ok,symmetric eigenvalues only (jnp.linalg.eigvalsh); inputs and XLA compilation outside timed region
cpu/linalg_batch_families,batched_eigvalsh,f64,4,1024x8x8,jax-cpu,3.646866,1.213395,ok,symmetric eigenvalues only (jnp.linalg.eigvalsh); inputs and XLA compilation outside timed region
cpu/linalg_batch_families,batched_eigvalsh,f64,4,1x32x32,jax-cpu,0.105098,0.101751,ok,symmetric eigenvalues only (jnp.linalg.eigvalsh); inputs and XLA compilation outside timed region
cpu/linalg_batch_families,batched_eigvalsh,f64,4,8x32x32,jax-cpu,0.268796,0.018725,ok,symmetric eigenvalues only (jnp.linalg.eigvalsh); inputs and XLA compilation outside timed region
cpu/linalg_batch_families,batched_eigvalsh,f64,4,1x128x128,jax-cpu,1.378195,0.054131,ok,symmetric eigenvalues only (jnp.linalg.eigvalsh); inputs and XLA compilation outside timed region
cpu/linalg_batch_families,batched_eigvalsh,f64,4,8x128x128,jax-cpu,3.586433,2.124671,ok,symmetric eigenvalues only (jnp.linalg.eigvalsh); inputs and XLA compilation outside timed region
cpu/linalg_batch_families,batched_svd,f64,4,1x2x2,jax-cpu,0.016702,0.014047,ok,thin SVD (jnp.linalg.svd full_matrices=False); inputs and XLA compilation outside timed region
cpu/linalg_batch_families,batched_svd,f64,4,3x2x2,jax-cpu,0.015439,0.000431,ok,thin SVD (jnp.linalg.svd full_matrices=False); inputs and XLA compilation outside timed region
cpu/linalg_batch_families,batched_svd,f64,4,4x2x2,jax-cpu,0.016892,0.010460,ok,thin SVD (jnp.linalg.svd full_matrices=False); inputs and XLA compilation outside timed region
cpu/linalg_batch_families,batched_svd,f64,4,8x2x2,jax-cpu,0.021300,0.001162,ok,thin SVD (jnp.linalg.svd full_matrices=False); inputs and XLA compilation outside timed region
cpu/linalg_batch_families,batched_svd,f64,4,1024x2x2,jax-cpu,1.289468,0.013576,ok,thin SVD (jnp.linalg.svd full_matrices=False); inputs and XLA compilation outside timed region
cpu/linalg_batch_families,batched_svd,f64,4,1x4x4,jax-cpu,0.015790,0.000800,ok,thin SVD (jnp.linalg.svd full_matrices=False); inputs and XLA compilation outside timed region
cpu/linalg_batch_families,batched_svd,f64,4,3x4x4,jax-cpu,0.023575,0.000611,ok,thin SVD (jnp.linalg.svd full_matrices=False); inputs and XLA compilation outside timed region
cpu/linalg_batch_families,batched_svd,f64,4,4x4x4,jax-cpu,0.056607,0.030988,ok,thin SVD (jnp.linalg.svd full_matrices=False); inputs and XLA compilation outside timed region
cpu/linalg_batch_families,batched_svd,f64,4,8x4x4,jax-cpu,0.045596,0.002775,ok,thin SVD (jnp.linalg.svd full_matrices=False); inputs and XLA compilation outside timed region
cpu/linalg_batch_families,batched_svd,f64,4,1024x4x4,jax-cpu,1.311900,0.009688,ok,thin SVD (jnp.linalg.svd full_matrices=False); inputs and XLA compilation outside timed region
cpu/linalg_batch_families,batched_svd,f64,4,1x8x8,jax-cpu,0.025038,0.000982,ok,thin SVD (jnp.linalg.svd full_matrices=False); inputs and XLA compilation outside timed region
cpu/linalg_batch_families,batched_svd,f64,4,3x8x8,jax-cpu,0.049082,0.000811,ok,thin SVD (jnp.linalg.svd full_matrices=False); inputs and XLA compilation outside timed region
cpu/linalg_batch_families,batched_svd,f64,4,4x8x8,jax-cpu,0.061716,0.001031,ok,thin SVD (jnp.linalg.svd full_matrices=False); inputs and XLA compilation outside timed region
cpu/linalg_batch_families,batched_svd,f64,4,8x8x8,jax-cpu,0.111249,0.004688,ok,thin SVD (jnp.linalg.svd full_matrices=False); inputs and XLA compilation outside timed region
cpu/linalg_batch_families,batched_svd,f64,4,1024x8x8,jax-cpu,6.618191,0.073548,ok,thin SVD (jnp.linalg.svd full_matrices=False); inputs and XLA compilation outside timed region
cpu/linalg_batch_families,batched_svd,f64,4,1x32x32,jax-cpu,0.157476,0.001472,ok,thin SVD (jnp.linalg.svd full_matrices=False); inputs and XLA compilation outside timed region
cpu/linalg_batch_families,batched_svd,f64,4,8x32x32,jax-cpu,0.475826,0.006873,ok,thin SVD (jnp.linalg.svd full_matrices=False); inputs and XLA compilation outside timed region
cpu/linalg_batch_families,batched_svd,f64,4,1x128x128,jax-cpu,2.302375,0.380667,ok,thin SVD (jnp.linalg.svd full_matrices=False); inputs and XLA compilation outside timed region
cpu/linalg_batch_families,batched_svd,f64,4,8x128x128,jax-cpu,10.133430,0.296238,ok,thin SVD (jnp.linalg.svd full_matrices=False); inputs and XLA compilation outside timed region
cpu/linalg_batch_families,batched_svd,f64,4,1x64x24,jax-cpu,0.145394,0.020810,ok,thin SVD (jnp.linalg.svd full_matrices=False); inputs and XLA compilation outside timed region
cpu/linalg_batch_families,batched_svd,c64,4,1x2x2,jax-cpu,0.014177,0.000541,ok,thin SVD (jnp.linalg.svd full_matrices=False); inputs and XLA compilation outside timed region
cpu/linalg_batch_families,batched_svd,c64,4,3x2x2,jax-cpu,0.018004,0.000851,ok,thin SVD (jnp.linalg.svd full_matrices=False); inputs and XLA compilation outside timed region
cpu/linalg_batch_families,batched_svd,c64,4,4x2x2,jax-cpu,0.019657,0.000652,ok,thin SVD (jnp.linalg.svd full_matrices=False); inputs and XLA compilation outside timed region
cpu/linalg_batch_families,batched_svd,c64,4,8x2x2,jax-cpu,0.027802,0.000401,ok,thin SVD (jnp.linalg.svd full_matrices=False); inputs and XLA compilation outside timed region
cpu/linalg_batch_families,batched_svd,c64,4,1024x2x2,jax-cpu,2.077442,0.036759,ok,thin SVD (jnp.linalg.svd full_matrices=False); inputs and XLA compilation outside timed region
cpu/linalg_batch_families,batched_svd,c64,4,1x4x4,jax-cpu,0.017052,0.000621,ok,thin SVD (jnp.linalg.svd full_matrices=False); inputs and XLA compilation outside timed region
cpu/linalg_batch_families,batched_svd,c64,4,3x4x4,jax-cpu,0.028062,0.000661,ok,thin SVD (jnp.linalg.svd full_matrices=False); inputs and XLA compilation outside timed region
cpu/linalg_batch_families,batched_svd,c64,4,4x4x4,jax-cpu,0.033634,0.033453,ok,thin SVD (jnp.linalg.svd full_matrices=False); inputs and XLA compilation outside timed region
cpu/linalg_batch_families,batched_svd,c64,4,8x4x4,jax-cpu,0.054503,0.000621,ok,thin SVD (jnp.linalg.svd full_matrices=False); inputs and XLA compilation outside timed region
cpu/linalg_batch_families,batched_svd,c64,4,1024x4x4,jax-cpu,2.154717,0.459245,ok,thin SVD (jnp.linalg.svd full_matrices=False); inputs and XLA compilation outside timed region
cpu/linalg_batch_families,batched_svd,c64,4,1x8x8,jax-cpu,0.028654,0.000621,ok,thin SVD (jnp.linalg.svd full_matrices=False); inputs and XLA compilation outside timed region
cpu/linalg_batch_families,batched_svd,c64,4,3x8x8,jax-cpu,0.060243,0.000751,ok,thin SVD (jnp.linalg.svd full_matrices=False); inputs and XLA compilation outside timed region
cpu/linalg_batch_families,batched_svd,c64,4,4x8x8,jax-cpu,0.076284,0.000671,ok,thin SVD (jnp.linalg.svd full_matrices=False); inputs and XLA compilation outside timed region
cpu/linalg_batch_families,batched_svd,c64,4,8x8x8,jax-cpu,0.140214,0.004499,ok,thin SVD (jnp.linalg.svd full_matrices=False); inputs and XLA compilation outside timed region
cpu/linalg_batch_families,batched_svd,c64,4,1024x8x8,jax-cpu,8.177807,0.191190,ok,thin SVD (jnp.linalg.svd full_matrices=False); inputs and XLA compilation outside timed region
cpu/linalg_batch_families,batched_svd,c64,4,1x32x32,jax-cpu,0.232989,0.041679,ok,thin SVD (jnp.linalg.svd full_matrices=False); inputs and XLA compilation outside timed region
cpu/linalg_batch_families,batched_svd,c64,4,8x32x32,jax-cpu,0.438836,0.012023,ok,thin SVD (jnp.linalg.svd full_matrices=False); inputs and XLA compilation outside timed region
cpu/linalg_batch_families,batched_svd,c64,4,1x128x128,jax-cpu,3.896267,0.232216,ok,thin SVD (jnp.linalg.svd full_matrices=False); inputs and XLA compilation outside timed region
cpu/linalg_batch_families,batched_svd,c64,4,8x128x128,jax-cpu,18.198345,3.072405,ok,thin SVD (jnp.linalg.svd full_matrices=False); inputs and XLA compilation outside timed region
cpu/linalg_batch_families,batched_svd,c64,4,1x64x24,jax-cpu,0.195658,0.002665,ok,thin SVD (jnp.linalg.svd full_matrices=False); inputs and XLA compilation outside timed region
cpu/linalg_batch_families,batched_svdvals,f64,4,1x2x2,jax-cpu,0.008566,0.009057,ok,singular values only (jnp.linalg.svd compute_uv=False); inputs and XLA compilation outside timed region
cpu/linalg_batch_families,batched_svdvals,f64,4,3x2x2,jax-cpu,0.009508,0.000410,ok,singular values only (jnp.linalg.svd compute_uv=False); inputs and XLA compilation outside timed region
cpu/linalg_batch_families,batched_svdvals,f64,4,4x2x2,jax-cpu,0.010430,0.000401,ok,singular values only (jnp.linalg.svd compute_uv=False); inputs and XLA compilation outside timed region
cpu/linalg_batch_families,batched_svdvals,f64,4,8x2x2,jax-cpu,0.012775,0.000530,ok,singular values only (jnp.linalg.svd compute_uv=False); inputs and XLA compilation outside timed region
cpu/linalg_batch_families,batched_svdvals,f64,4,1024x2x2,jax-cpu,0.637981,0.003086,ok,singular values only (jnp.linalg.svd compute_uv=False); inputs and XLA compilation outside timed region
cpu/linalg_batch_families,batched_svdvals,f64,4,1x4x4,jax-cpu,0.010299,0.000511,ok,singular values only (jnp.linalg.svd compute_uv=False); inputs and XLA compilation outside timed region
cpu/linalg_batch_families,batched_svdvals,f64,4,3x4x4,jax-cpu,0.015359,0.000721,ok,singular values only (jnp.linalg.svd compute_uv=False); inputs and XLA compilation outside timed region
cpu/linalg_batch_families,batched_svdvals,f64,4,4x4x4,jax-cpu,0.018495,0.000562,ok,singular values only (jnp.linalg.svd compute_uv=False); inputs and XLA compilation outside timed region
cpu/linalg_batch_families,batched_svdvals,f64,4,8x4x4,jax-cpu,0.027542,0.000522,ok,singular values only (jnp.linalg.svd compute_uv=False); inputs and XLA compilation outside timed region
cpu/linalg_batch_families,batched_svdvals,f64,4,1024x4x4,jax-cpu,1.010984,0.342245,ok,singular values only (jnp.linalg.svd compute_uv=False); inputs and XLA compilation outside timed region
cpu/linalg_batch_families,batched_svdvals,f64,4,1x8x8,jax-cpu,0.013826,0.000371,ok,singular values only (jnp.linalg.svd compute_uv=False); inputs and XLA compilation outside timed region
cpu/linalg_batch_families,batched_svdvals,f64,4,3x8x8,jax-cpu,0.026920,0.000570,ok,singular values only (jnp.linalg.svd compute_uv=False); inputs and XLA compilation outside timed region
cpu/linalg_batch_families,batched_svdvals,f64,4,4x8x8,jax-cpu,0.033803,0.000430,ok,singular values only (jnp.linalg.svd compute_uv=False); inputs and XLA compilation outside timed region
cpu/linalg_batch_families,batched_svdvals,f64,4,8x8x8,jax-cpu,0.059632,0.000472,ok,singular values only (jnp.linalg.svd compute_uv=False); inputs and XLA compilation outside timed region
cpu/linalg_batch_families,batched_svdvals,f64,4,1024x8x8,jax-cpu,3.426672,1.113326,ok,singular values only (jnp.linalg.svd compute_uv=False); inputs and XLA compilation outside timed region
cpu/linalg_batch_families,batched_svdvals,f64,4,1x32x32,jax-cpu,0.067878,0.000892,ok,singular values only (jnp.linalg.svd compute_uv=False); inputs and XLA compilation outside timed region
cpu/linalg_batch_families,batched_svdvals,f64,4,8x32x32,jax-cpu,0.155503,0.065073,ok,singular values only (jnp.linalg.svd compute_uv=False); inputs and XLA compilation outside timed region
cpu/linalg_batch_families,batched_svdvals,f64,4,1x128x128,jax-cpu,1.208676,0.020028,ok,singular values only (jnp.linalg.svd compute_uv=False); inputs and XLA compilation outside timed region
cpu/linalg_batch_families,batched_svdvals,f64,4,8x128x128,jax-cpu,5.286935,0.144061,ok,singular values only (jnp.linalg.svd compute_uv=False); inputs and XLA compilation outside timed region
cpu/linalg_batch_families,batched_svdvals,f64,4,1x64x24,jax-cpu,0.058279,0.000341,ok,singular values only (jnp.linalg.svd compute_uv=False); inputs and XLA compilation outside timed region
cpu/linalg_batch_families,batched_lu,f64,4,1x2x2,jax-cpu,0.011903,0.000512,ok,"partial-pivot LU, P L U (jax.vmap(jax.scipy.linalg.lu); lu is unbatched); inputs and XLA compilation outside timed region"
cpu/linalg_batch_families,batched_lu,f64,4,3x2x2,jax-cpu,0.011451,0.000852,ok,"partial-pivot LU, P L U (jax.vmap(jax.scipy.linalg.lu); lu is unbatched); inputs and XLA compilation outside timed region"
cpu/linalg_batch_families,batched_lu,f64,4,4x2x2,jax-cpu,0.012023,0.000652,ok,"partial-pivot LU, P L U (jax.vmap(jax.scipy.linalg.lu); lu is unbatched); inputs and XLA compilation outside timed region"
cpu/linalg_batch_families,batched_lu,f64,4,8x2x2,jax-cpu,0.012203,0.000631,ok,"partial-pivot LU, P L U (jax.vmap(jax.scipy.linalg.lu); lu is unbatched); inputs and XLA compilation outside timed region"
cpu/linalg_batch_families,batched_lu,f64,4,1024x2x2,jax-cpu,0.103955,0.002083,ok,"partial-pivot LU, P L U (jax.vmap(jax.scipy.linalg.lu); lu is unbatched); inputs and XLA compilation outside timed region"
cpu/linalg_batch_families,batched_lu,f64,4,1x4x4,jax-cpu,0.011672,0.000692,ok,"partial-pivot LU, P L U (jax.vmap(jax.scipy.linalg.lu); lu is unbatched); inputs and XLA compilation outside timed region"
cpu/linalg_batch_families,batched_lu,f64,4,3x4x4,jax-cpu,0.012233,0.000731,ok,"partial-pivot LU, P L U (jax.vmap(jax.scipy.linalg.lu); lu is unbatched); inputs and XLA compilation outside timed region"
cpu/linalg_batch_families,batched_lu,f64,4,4x4x4,jax-cpu,0.012774,0.001133,ok,"partial-pivot LU, P L U (jax.vmap(jax.scipy.linalg.lu); lu is unbatched); inputs and XLA compilation outside timed region"
cpu/linalg_batch_families,batched_lu,f64,4,8x4x4,jax-cpu,0.018966,0.003657,ok,"partial-pivot LU, P L U (jax.vmap(jax.scipy.linalg.lu); lu is unbatched); inputs and XLA compilation outside timed region"
cpu/linalg_batch_families,batched_lu,f64,4,1024x4x4,jax-cpu,0.187884,0.003997,ok,"partial-pivot LU, P L U (jax.vmap(jax.scipy.linalg.lu); lu is unbatched); inputs and XLA compilation outside timed region"
cpu/linalg_batch_families,batched_lu,f64,4,1x8x8,jax-cpu,0.012724,0.001403,ok,"partial-pivot LU, P L U (jax.vmap(jax.scipy.linalg.lu); lu is unbatched); inputs and XLA compilation outside timed region"
cpu/linalg_batch_families,batched_lu,f64,4,3x8x8,jax-cpu,0.013365,0.002715,ok,"partial-pivot LU, P L U (jax.vmap(jax.scipy.linalg.lu); lu is unbatched); inputs and XLA compilation outside timed region"
cpu/linalg_batch_families,batched_lu,f64,4,4x8x8,jax-cpu,0.015539,0.006162,ok,"partial-pivot LU, P L U (jax.vmap(jax.scipy.linalg.lu); lu is unbatched); inputs and XLA compilation outside timed region"
cpu/linalg_batch_families,batched_lu,f64,4,8x8x8,jax-cpu,0.017693,0.005901,ok,"partial-pivot LU, P L U (jax.vmap(jax.scipy.linalg.lu); lu is unbatched); inputs and XLA compilation outside timed region"
cpu/linalg_batch_families,batched_lu,f64,4,1024x8x8,jax-cpu,0.490313,0.058069,ok,"partial-pivot LU, P L U (jax.vmap(jax.scipy.linalg.lu); lu is unbatched); inputs and XLA compilation outside timed region"
cpu/linalg_batch_families,batched_lu,f64,4,1x32x32,jax-cpu,0.030869,0.007083,ok,"partial-pivot LU, P L U (jax.vmap(jax.scipy.linalg.lu); lu is unbatched); inputs and XLA compilation outside timed region"
cpu/linalg_batch_families,batched_lu,f64,4,8x32x32,jax-cpu,0.086533,0.018334,ok,"partial-pivot LU, P L U (jax.vmap(jax.scipy.linalg.lu); lu is unbatched); inputs and XLA compilation outside timed region"
cpu/linalg_batch_families,batched_lu,f64,4,1x128x128,jax-cpu,0.190599,0.010470,ok,"partial-pivot LU, P L U (jax.vmap(jax.scipy.linalg.lu); lu is unbatched); inputs and XLA compilation outside timed region"
cpu/linalg_batch_families,batched_lu,f64,4,8x128x128,jax-cpu,0.687905,0.042009,ok,"partial-pivot LU, P L U (jax.vmap(jax.scipy.linalg.lu); lu is unbatched); inputs and XLA compilation outside timed region"
cpu/linalg_batch_families,batched_lu,f64,4,1x64x24,jax-cpu,0.022031,0.012864,ok,"partial-pivot LU, P L U (jax.vmap(jax.scipy.linalg.lu); lu is unbatched); inputs and XLA compilation outside timed region"
cpu/complex,conj,c64,4,16777216,jax-cpu,22.826809,0.658831,ok,physical complex conjugate output; inputs and XLA compilation outside timed region
cpu/complex,mul,c64,4,8388608,jax-cpu,14.117471,0.588007,ok,complex elementwise; inputs and XLA compilation outside timed region
cpu/complex,div,c64,4,8388608,jax-cpu,18.831917,0.564512,ok,complex elementwise; inputs and XLA compilation outside timed region
cpu/complex,exp,c64,4,4194304,jax-cpu,22.466361,0.393240,ok,complex analytic; inputs and XLA compilation outside timed region
cpu/complex,log,c64,4,4194304,jax-cpu,40.410256,0.366701,ok,complex analytic; inputs and XLA compilation outside timed region
cpu/complex,dot_general,c64,4,640x640,jax-cpu,19.191444,0.131007,ok,complex matrix multiply; inputs and XLA compilation outside timed region
cpu/complex,dot_general_with_conj,c64,4,640x640,jax-cpu,19.950003,0.681975,ok,conjugated-lhs complex matrix multiply; inputs and XLA compilation outside timed region
cpu/complex,tensordot,c64,4,640x640,jax-cpu,19.281374,0.259679,ok,complex matrix contraction over one axis; inputs and XLA compilation outside timed region
cpu/complex,svd,c64,4,160x160,jax-cpu,4.015881,0.498168,ok,complex SVD; inputs and XLA compilation outside timed region
cpu/complex,qr,c64,4,256x256,jax-cpu,5.450212,0.512274,ok,complex QR; inputs and XLA compilation outside timed region
cpu/complex,eig,c64,4,112x112,jax-cpu,12.851157,0.058321,ok,complex eig; inputs and XLA compilation outside timed region
cpu/complex,solve,c64,4,"384x384,rhs=8",jax-cpu,2.242502,0.450679,ok,complex solve; inputs and XLA compilation outside timed region
cpu/complex,cholesky,c64,4,448x448,jax-cpu,1.725228,0.426323,ok,Hermitian positive definite; inputs and XLA compilation outside timed region
cpu/complex,norm_fro,c64,4,2048x1536,jax-cpu,1.844513,0.300646,ok,complex Frobenius norm; inputs and XLA compilation outside timed region
cpu/elementwise_reduction,add,f64,4,33554432,julia-base,73.115505,0.66907,ok,binary elementwise; input allocation outside timed region
cpu/elementwise_reduction,add,f64,4,33554432,strided-jl,46.383723,2.449964,ok,@strided fused broadcast; input allocation outside timed region
cpu/elementwise_reduction,sub,f64,4,33554432,julia-base,73.718841,0.359798,ok,binary elementwise; input allocation outside timed region
cpu/elementwise_reduction,sub,f64,4,33554432,strided-jl,45.827015,0.892029,ok,@strided fused broadcast; input allocation outside timed region
cpu/elementwise_reduction,mul,f64,4,33554432,julia-base,72.764474,0.680462,ok,binary elementwise; input allocation outside timed region
cpu/elementwise_reduction,mul,f64,4,33554432,strided-jl,48.012751,2.401802,ok,@strided fused broadcast; input allocation outside timed region
cpu/elementwise_reduction,div,f64,4,33554432,julia-base,73.144379,0.579802,ok,binary elementwise; input allocation outside timed region
cpu/elementwise_reduction,div,f64,4,33554432,strided-jl,49.796198,0.613445,ok,@strided fused broadcast; input allocation outside timed region
cpu/elementwise_reduction,neg,f64,4,33554432,julia-base,66.871919,0.654883,ok,unary elementwise; input allocation outside timed region
cpu/elementwise_reduction,neg,f64,4,33554432,strided-jl,40.553105,2.210432,ok,@strided fused broadcast; input allocation outside timed region
cpu/elementwise_reduction,abs,f64,4,33554432,julia-base,66.158827,1.567161,ok,unary elementwise; input allocation outside timed region
cpu/elementwise_reduction,abs,f64,4,33554432,strided-jl,42.803723,2.095646,ok,@strided fused broadcast; input allocation outside timed region
cpu/elementwise_reduction,sign,f64,4,33554432,julia-base,68.73161,2.80437,ok,unary elementwise; input allocation outside timed region
cpu/elementwise_reduction,sign,f64,4,33554432,strided-jl,43.823413,0.352464,ok,@strided fused broadcast; input allocation outside timed region
cpu/elementwise_reduction,maximum,f64,4,33554432,julia-base,77.779907,1.264341,ok,binary elementwise; input allocation outside timed region
cpu/elementwise_reduction,maximum,f64,4,33554432,strided-jl,50.950782,0.478661,ok,@strided fused broadcast; input allocation outside timed region
cpu/elementwise_reduction,minimum,f64,4,33554432,julia-base,77.4256,1.301079,ok,binary elementwise; input allocation outside timed region
cpu/elementwise_reduction,minimum,f64,4,33554432,strided-jl,50.522055,0.817989,ok,@strided fused broadcast; input allocation outside timed region
cpu/elementwise_reduction,compare_lt,f64,4,33554432,julia-base,14.053471,0.123923,ok,ordered compare; input allocation outside timed region
cpu/elementwise_reduction,select,f64,4,33554432,julia-base,75.102546,0.550526,ok,ternary select; input allocation outside timed region
cpu/elementwise_reduction,sqrt,f64,4,33554432,julia-base,163.600323,1.459819,ok,analytic unary; input allocation outside timed region
cpu/elementwise_reduction,sqrt,f64,4,33554432,strided-jl,49.951029,0.921144,ok,@strided fused broadcast; input allocation outside timed region
cpu/elementwise_reduction,rsqrt,f64,4,33554432,julia-base,218.422244,3.965556,ok,analytic unary; input allocation outside timed region
cpu/elementwise_reduction,rsqrt,f64,4,33554432,strided-jl,60.923129,0.386818,ok,@strided fused broadcast; input allocation outside timed region
cpu/elementwise_reduction,rem,f64,4,8388608,julia-base,55.746852,4.2652,ok,binary elementwise; input allocation outside timed region
cpu/elementwise_reduction,rem,f64,4,8388608,strided-jl,17.39385,4.412077,ok,@strided fused broadcast; input allocation outside timed region
cpu/elementwise_reduction,clamp,f64,4,8388608,julia-base,17.751824,4.235625,ok,clamp with tensor bounds; input allocation outside timed region
cpu/elementwise_reduction,clamp,f64,4,8388608,strided-jl,10.670641,4.833532,ok,@strided fused broadcast; input allocation outside timed region
cpu/elementwise_reduction,exp,f64,4,8388608,julia-base,46.566908,4.534047,ok,analytic unary; input allocation outside timed region
cpu/elementwise_reduction,exp,f64,4,8388608,strided-jl,16.552646,4.918981,ok,@strided fused broadcast; input allocation outside timed region
cpu/elementwise_reduction,log,f64,4,8388608,julia-base,59.094756,4.326177,ok,analytic unary; input allocation outside timed region
cpu/elementwise_reduction,log,f64,4,8388608,strided-jl,17.138599,7.333808,ok,@strided fused broadcast; input allocation outside timed region
cpu/elementwise_reduction,sin,f64,4,8388608,julia-base,54.180283,5.314416,ok,analytic unary; input allocation outside timed region
cpu/elementwise_reduction,sin,f64,4,8388608,strided-jl,15.000464,6.758596,ok,@strided fused broadcast; input allocation outside timed region
cpu/elementwise_reduction,cos,f64,4,8388608,julia-base,56.824672,4.10592,ok,analytic unary; input allocation outside timed region
cpu/elementwise_reduction,cos,f64,4,8388608,strided-jl,16.11433,5.058334,ok,@strided fused broadcast; input allocation outside timed region
cpu/elementwise_reduction,tanh,f64,4,8388608,julia-base,64.733182,3.979483,ok,analytic unary; input allocation outside timed region
cpu/elementwise_reduction,tanh,f64,4,8388608,strided-jl,19.328081,5.142903,ok,@strided fused broadcast; input allocation outside timed region
cpu/elementwise_reduction,pow,f64,4,4194304,julia-base,148.398641,1.922028,ok,binary analytic with tensor exponent; input allocation outside timed region
cpu/elementwise_reduction,pow,f64,4,4194304,strided-jl,26.487231,5.189721,ok,@strided fused broadcast; input allocation outside timed region
cpu/elementwise_reduction,expm1,f64,4,4194304,julia-base,28.983231,0.279647,ok,analytic unary; input allocation outside timed region
cpu/elementwise_reduction,expm1,f64,4,4194304,strided-jl,8.518559,5.246798,ok,@strided fused broadcast; input allocation outside timed region
cpu/elementwise_reduction,log1p,f64,4,4194304,julia-base,34.637336,0.45717,ok,analytic unary; input allocation outside timed region
cpu/elementwise_reduction,log1p,f64,4,4194304,strided-jl,10.034353,5.037235,ok,@strided fused broadcast; input allocation outside timed region
cpu/elementwise_reduction,chain_log1p_exp_mul,f64,4,4194304,julia-base,65.296663,0.353977,ok,short elementwise chain; input allocation outside timed region
cpu/elementwise_reduction,chain_log1p_exp_mul,f64,4,4194304,strided-jl,18.220235,4.549917,ok,@strided fused broadcast; input allocation outside timed region
cpu/elementwise_reduction,reduce_sum_all,f64,4,8192x4096,julia-base,7.728842,0.523155,ok,full reduction; input allocation outside timed region
cpu/elementwise_reduction,reduce_prod_all,f64,4,8192x4096,julia-base,7.549484,0.071324,ok,full reduction; input allocation outside timed region
cpu/elementwise_reduction,reduce_max_all,f64,4,8192x4096,julia-base,11.274709,0.485534,ok,full reduction; input allocation outside timed region
cpu/elementwise_reduction,reduce_min_all,f64,4,8192x4096,julia-base,12.917141,0.092754,ok,full reduction; input allocation outside timed region
cpu/elementwise_reduction,reduce_max_axis0,f64,4,2048x2048,julia-base,1.334353,0.018975,ok,axis reduction; input allocation outside timed region
cpu/elementwise_reduction,reduce_min_axis1,f64,4,4096x4096,julia-base,4.630919,0.051318,ok,axis reduction; input allocation outside timed region
cpu/elementwise_reduction,reduce_max_axis1,f64,4,2048x2048,julia-base,0.601903,0.042599,ok,axis reduction; input allocation outside timed region
cpu/elementwise_reduction,reduce_min_axis0,f64,4,2048x2048,julia-base,1.273478,0.03166,ok,axis reduction; input allocation outside timed region
cpu/elementwise_reduction,reduce_sum_axis0,f64,4,2048x2048,julia-base,0.66401,0.026971,ok,axis reduction; input allocation outside timed region
cpu/elementwise_reduction,reduce_sum_axis1,f64,4,2048x2048,julia-base,0.600982,0.030618,ok,axis reduction; input allocation outside timed region
cpu/elementwise_reduction,reduce_prod_axis0,f64,4,2048x2048,julia-base,0.718863,0.055203,ok,axis reduction; input allocation outside timed region
cpu/elementwise_reduction,reduce_prod_axis1,f64,4,2048x2048,julia-base,0.639554,0.041168,ok,axis reduction; input allocation outside timed region
cpu/structural_shape,transpose,f64,4,4096x4096,julia-base,174.191445,0.729042,ok,materialized matrix transpose; input allocation outside timed region
cpu/structural_shape,transpose,f64,4,4096x4096,strided-jl,31.664308,0.527744,ok,@strided permutedims; input allocation outside timed region
cpu/structural_shape,reshape,f64,4,33554432 -> 8192x4096,julia-base,79.879811,2.041053,ok,materialized reshape; copy makes Julia perform the same output-sized write; input allocation outside timed region
cpu/structural_shape,broadcast_in_dim,f64,4,8192x1 -> 8192x4096,julia-base,72.601657,0.498739,ok,materialized broadcast; input allocation outside timed region
cpu/structural_shape,cast_f64_f32,f64->f32,4,33554432,julia-base,36.571268,0.868375,ok,dtype cast; input allocation outside timed region
cpu/structural_shape,embed_diagonal,f64,4,8192 -> 8192x8192,julia-base,134.081865,0.798604,ok,embed vector as matrix diagonal; input allocation outside timed region
cpu/structural_shape,tril,f64,4,4096x4096,julia-base,40.421117,0.757136,ok,lower triangle; input allocation outside timed region
cpu/structural_shape,triu,f64,4,4096x4096,julia-base,41.024002,0.563752,ok,upper triangle; input allocation outside timed region
cpu/linalg_uncovered,cholesky,f64,4,1536x1536,julia-base,22.336375,5.581239,ok,SPD input; factor materialized; input allocation outside timed region
cpu/linalg_uncovered,eig,f64,4,160x160,julia-base,7.483771,0.097755,ok,general input; input allocation outside timed region
cpu/linalg_uncovered,eigvals,f64,4,192x192,julia-base,9.44324,0.050425,ok,general input values only; input allocation outside timed region
cpu/linalg_uncovered,eigvalsh,f64,4,512x512,julia-base,9.819178,0.436492,ok,SPD input values only; input allocation outside timed region
cpu/linalg_uncovered,triangular_solve,f64,4,"4096x4096,rhs=64",julia-base,9.524984,0.365498,ok,lower-triangular solve; input allocation outside timed region
cpu/linalg_uncovered,det,f64,4,1024x1024,julia-base,6.993759,1.000695,ok,well-conditioned input; input allocation outside timed region
cpu/linalg_uncovered,slogdet,f64,4,1024x1024,julia-base,7.156434,0.630658,ok,well-conditioned input; input allocation outside timed region
cpu/linalg_uncovered,inv,f64,4,768x768,julia-base,8.440523,0.047179,ok,well-conditioned input; input allocation outside timed region
cpu/linalg_uncovered,pinv,f64,4,512x256,julia-base,13.903899,0.313179,ok,rectangular input; input allocation outside timed region
cpu/linalg_uncovered,pinv_with_rtol,f64,4,512x256,julia-base,13.932132,0.568772,ok,rectangular input; rtol=1e-12; input allocation outside timed region
cpu/linalg_uncovered,lu,f64,4,1024x1024,julia-base,16.056051,6.645283,ok,partial-pivot LU; P/L/U materialized; input allocation outside timed region
cpu/linalg_uncovered,lstsq,f64,4,"768x384,rhs=16",julia-base,3.900444,0.216527,ok,tall full-column-rank QR least-squares solve; unpivoted QR to match the GELS driver; input allocation outside timed region
cpu/linalg_uncovered,svd_full,f64,4,768x384,julia-base,36.604631,1.245606,ok,full-matrices SVD; input allocation outside timed region
cpu/linalg_uncovered,norm_fro,f64,4,2048x2048,julia-base,3.361179,0.017102,ok,Frobenius norm; input allocation outside timed region
cpu/linalg_batched,batched_lu_factor,f64,4,"1024x2x2,rhs=1",julia-base,0.109185,0.007054,ok,packed LU factorization only (LAPACK.getrf! per matrix); input allocation outside timed region
cpu/linalg_batched,batched_lu_factor,f64,4,"1024x4x4,rhs=1",julia-base,0.189246,0.007134,ok,packed LU factorization only (LAPACK.getrf! per matrix); input allocation outside timed region
cpu/linalg_batched,batched_lu_factor,f64,4,"1024x8x8,rhs=1",julia-base,0.608365,0.033292,ok,packed LU factorization only (LAPACK.getrf! per matrix); input allocation outside timed region
cpu/linalg_batched,batched_lu_factor,f64,4,"1024x16x16,rhs=1",julia-base,2.06616,0.597265,ok,packed LU factorization only (LAPACK.getrf! per matrix); input allocation outside timed region
cpu/linalg_batched,batched_lu_solve,f64,4,"1024x2x2,rhs=1",julia-base,0.078387,0.001142,ok,solve with prepared LU factors (LAPACK.getrs! per matrix); input allocation outside timed region
cpu/linalg_batched,batched_lu_solve,f64,4,"1024x4x4,rhs=1",julia-base,0.124614,0.001484,ok,solve with prepared LU factors (LAPACK.getrs! per matrix); input allocation outside timed region
cpu/linalg_batched,batched_lu_solve,f64,4,"1024x8x8,rhs=1",julia-base,0.21221,0.001392,ok,solve with prepared LU factors (LAPACK.getrs! per matrix); input allocation outside timed region
cpu/linalg_batched,batched_lu_solve,f64,4,"1024x16x16,rhs=1",julia-base,0.428257,0.004879,ok,solve with prepared LU factors (LAPACK.getrs! per matrix); input allocation outside timed region
cpu/linalg_batched,batched_triangular_solve,f64,4,"1024x2x2,rhs=1",julia-base,0.063821,0.001263,ok,lower-triangular solve (LAPACK.trtrs! per matrix); input allocation outside timed region
cpu/linalg_batched,batched_triangular_solve,f64,4,"1024x4x4,rhs=1",julia-base,0.088867,0.002235,ok,lower-triangular solve (LAPACK.trtrs! per matrix); input allocation outside timed region
cpu/linalg_batched,batched_triangular_solve,f64,4,"1024x8x8,rhs=1",julia-base,0.143841,0.002685,ok,lower-triangular solve (LAPACK.trtrs! per matrix); input allocation outside timed region
cpu/linalg_batched,batched_triangular_solve,f64,4,"1024x16x16,rhs=1",julia-base,0.27064,0.003205,ok,lower-triangular solve (LAPACK.trtrs! per matrix); input allocation outside timed region
cpu/indexing_layout,gather,f64,4,262144,julia-base,0.779798,0.061175,ok,1D gather; input allocation outside timed region
cpu/indexing_layout,scatter,f64,4,262144,julia-base,0.401706,0.503989,ok,1D scatter; input allocation outside timed region
cpu/indexing_layout,slice,f64,4,4194304 -> 2096128,julia-base,5.463156,2.15168,ok,static slice materialized to owned output; input allocation outside timed region
cpu/indexing_layout,dynamic_slice,f64,4,4194304 -> 2097152,julia-base,0.943818,0.47772,ok,runtime-start slice materialized to owned output; input allocation outside timed region
cpu/indexing_layout,dynamic_update_slice,f64,4,2097152,julia-base,4.206951,1.545029,ok,runtime-start update; input allocation outside timed region
cpu/indexing_layout,concatenate,f64,4,1048576+1048576,julia-base,1.027174,0.251835,ok,concatenate along axis 0; input allocation outside timed region
cpu/indexing_layout,reverse,f64,4,2097152,julia-base,3.674068,3.608343,ok,reverse axis 0; input allocation outside timed region
cpu/view_metadata,reshape_view,f64,4,33554432 -> 8192x4096,julia-base,1.0e-5,1.1e-5,ok,metadata-only view reshape; no output-sized copy; input allocation outside timed region; operations_per_sample=16; median_batch_ms=0.00016; session=not_required
cpu/view_metadata,transpose_view,f64,4,4096x4096,julia-base,7.0e-6,2.0e-6,ok,metadata-only transpose view; no output-sized copy; input allocation outside timed region; operations_per_sample=16; median_batch_ms=0.00011; session=not_required
cpu/view_metadata,slice_view,f64,4,4194304 -> 2096128,julia-base,2.1e-5,2.0e-5,ok,metadata-only strided slice view; no output-sized copy; input allocation outside timed region; operations_per_sample=16; median_batch_ms=0.000341; session=not_required
cpu/output_reuse,add_into,f64,4,33554432,julia-base,23.826482,0.142569,ok,broadcast add into caller-owned output; input allocation outside timed region
cpu/output_reuse,add_into,f64,4,33554432,strided-jl,27.085859,0.096422,ok,@strided fused broadcast into caller-owned output; input allocation outside timed region
cpu/output_reuse,sub_into,f64,4,33554432,julia-base,23.799601,0.08008,ok,broadcast sub into caller-owned output; input allocation outside timed region
cpu/output_reuse,sub_into,f64,4,33554432,strided-jl,27.069414,0.078388,ok,@strided fused broadcast into caller-owned output; input allocation outside timed region
cpu/output_reuse,mul_into,f64,4,33554432,julia-base,23.909453,0.123943,ok,broadcast mul into caller-owned output; input allocation outside timed region
cpu/output_reuse,mul_into,f64,4,33554432,strided-jl,27.182837,0.278744,ok,@strided fused broadcast into caller-owned output; input allocation outside timed region
cpu/output_reuse,div_into,f64,4,33554432,julia-base,23.92389,0.151415,ok,broadcast div into caller-owned output; input allocation outside timed region
cpu/output_reuse,div_into,f64,4,33554432,strided-jl,27.093378,0.152647,ok,@strided fused broadcast into caller-owned output; input allocation outside timed region
cpu/output_reuse,neg_into,f64,4,33554432,julia-base,17.573492,0.139894,ok,broadcast neg into caller-owned output; input allocation outside timed region
cpu/output_reuse,neg_into,f64,4,33554432,strided-jl,20.38736,0.173597,ok,@strided fused broadcast into caller-owned output; input allocation outside timed region
cpu/output_reuse,conj_into,c64,4,16777216,julia-base,17.555298,0.184207,ok,broadcast conj into caller-owned output; input allocation outside timed region
cpu/output_reuse,conj_into,c64,4,16777216,strided-jl,17.573442,0.213772,ok,@strided fused broadcast into caller-owned output; input allocation outside timed region
cpu/output_reuse,copy_read_into,f64,4,33554432,julia-base,14.606545,0.107923,ok,copyto! caller-owned output; input allocation outside timed region
cpu/output_reuse,dot_general_read_into,f64,4,1024x1024,julia-base,8.539039,0.022302,ok,mul! caller-owned output; input allocation outside timed region
cpu/output_reuse,dot_general_read_into_accum,f64,4,1024x1024,julia-base,8.517899,0.024766,ok,mul! accumulate caller-owned output; input allocation outside timed region
cpu/complex,conj,c64,4,16777216,julia-base,70.78384,1.10488,ok,physical complex conjugate output; input allocation outside timed region
cpu/complex,conj,c64,4,16777216,strided-jl,35.757814,1.918032,ok,@strided fused broadcast; input allocation outside timed region
cpu/complex,mul,c64,4,8388608,julia-base,38.680518,0.105469,ok,complex elementwise; input allocation outside timed region
cpu/complex,mul,c64,4,8388608,strided-jl,21.239045,0.947865,ok,@strided fused broadcast; input allocation outside timed region
cpu/complex,div,c64,4,8388608,julia-base,85.164469,0.715056,ok,complex elementwise; input allocation outside timed region
cpu/complex,div,c64,4,8388608,strided-jl,30.322389,0.459195,ok,@strided fused broadcast; input allocation outside timed region
cpu/complex,exp,c64,4,4194304,julia-base,62.216417,0.700338,ok,complex analytic; input allocation outside timed region
cpu/complex,exp,c64,4,4194304,strided-jl,20.50941,4.119647,ok,@strided fused broadcast; input allocation outside timed region
cpu/complex,log,c64,4,4194304,julia-base,116.212485,1.186765,ok,complex analytic; input allocation outside timed region
cpu/complex,log,c64,4,4194304,strided-jl,33.98193,1.084151,ok,@strided fused broadcast; input allocation outside timed region
cpu/complex,dot_general,c64,4,640x640,julia-base,9.371848,0.406235,ok,complex matrix multiply; input allocation outside timed region
cpu/complex,dot_general_with_conj,c64,4,640x640,julia-base,9.618402,0.423717,ok,conjugated-lhs matrix multiply; Julia materializes the conjugate before the contraction; input allocation outside timed region
cpu/complex,tensordot,c64,4,640x640,julia-base,8.996722,0.060744,ok,complex matrix contraction over one axis; input allocation outside timed region
cpu/complex,svd,c64,4,160x160,julia-base,3.819593,0.075283,ok,complex SVD; input allocation outside timed region
cpu/complex,qr,c64,4,256x256,julia-base,5.3796,0.060994,ok,complex QR; Q/R materialized; input allocation outside timed region
cpu/complex,eig,c64,4,112x112,julia-base,15.095175,0.027241,ok,complex eig; input allocation outside timed region
cpu/complex,solve,c64,4,"384x384,rhs=8",julia-base,1.886632,0.036669,ok,complex solve; input allocation outside timed region
cpu/complex,cholesky,c64,4,448x448,julia-base,1.589503,0.080521,ok,Hermitian positive definite; factor materialized; input allocation outside timed region
cpu/complex,norm_fro,c64,4,2048x1536,julia-base,5.030553,0.01603,ok,complex Frobenius norm; input allocation outside timed region
