suite,benchmark,dtype,threads,shape,backend,median_ms,iqr_ms,reference,reference_ms,reference_iqr_ms,ratio,issues,issue_states,issue_match,evidence,source,issue_urls
cpu/view_metadata,reshape_view,f64,1,33554432 -> 8192x4096,tenferro-direct,0.000377,3.8e-05,julia-base,7e-06,3e-06,53.85714285714286,#1719 #1917,#1719:CLOSED #1917:CLOSED,historical cluster; #1917 is related host metadata,sub-500ns absolute difference; metadata-only,data/results/amd-cpu/cpu/public_api/20261008_060822/cpu_public_api_t1_20261008_060822.csv,https://github.com/tensor4all/tenferro-rs/issues/1719 https://github.com/tensor4all/tenferro-rs/issues/1917
cpu/perf_issues,activation_gelu_f32_eager-single-call_1024x64,f32,4,"{'op': 'gelu', 'rows': 1024, 'cols': 64, 'kind': 'activation', 'arm': 'eager-single-call', 'dtype': 'f32'}",eager-single-call,0.65207025,,pytorch-cpu,0.014654546875,,44.49610455799234,#1975 #2030,#1975:CLOSED #2030:OPEN,API feature request plus confirmed focused performance issue #2030,screening only: original PyTorch retention-list growth timed,data/results/amd-cpu/cpu/perf_issues/20261008_063605/samples_t4.jsonl,https://github.com/tensor4all/tenferro-rs/issues/1975 https://github.com/tensor4all/tenferro-rs/issues/2030
cpu/view_metadata,reshape_view,f64,4,33554432 -> 8192x4096,tenferro-direct,0.000396,5e-05,julia-base,1e-05,1.1e-05,39.599999999999994,#1719 #1917,#1719:CLOSED #1917:CLOSED,historical cluster; #1917 is related host metadata,sub-500ns absolute difference; metadata-only,data/results/amd-cpu/cpu/public_api/20261008_060822/cpu_public_api_t4_20261008_060822.csv,https://github.com/tensor4all/tenferro-rs/issues/1719 https://github.com/tensor4all/tenferro-rs/issues/1917
cpu/perf_issues,activation_gelu_f32_eager-single-call_1024x64,f32,1,"{'op': 'gelu', 'rows': 1024, 'cols': 64, 'kind': 'activation', 'arm': 'eager-single-call', 'dtype': 'f32'}",eager-single-call,1.034538,,pytorch-cpu,0.0272553828125,,37.95719939495896,#1975 #2030,#1975:CLOSED #2030:OPEN,API feature request plus confirmed focused performance issue #2030,screening only: original PyTorch retention-list growth timed,data/results/amd-cpu/cpu/perf_issues/20261008_063605/samples_t1.jsonl,https://github.com/tensor4all/tenferro-rs/issues/1975 https://github.com/tensor4all/tenferro-rs/issues/2030
cpu/view_metadata,slice_view,f64,1,4194304 -> 2096128,tenferro-direct,0.000302,2.8e-05,julia-base,8e-06,4e-06,37.75000000000001,#1719 #1917,#1719:CLOSED #1917:CLOSED,historical cluster; #1917 is related host metadata,sub-500ns absolute difference; metadata-only,data/results/amd-cpu/cpu/public_api/20261008_060822/cpu_public_api_t1_20261008_060822.csv,https://github.com/tensor4all/tenferro-rs/issues/1719 https://github.com/tensor4all/tenferro-rs/issues/1917
cpu/view_metadata,transpose_view,f64,1,4096x4096,tenferro-direct,0.000244,4.9e-05,julia-base,7e-06,1e-06,34.857142857142854,#1719 #1917,#1719:CLOSED #1917:CLOSED,historical cluster; #1917 is related host metadata,sub-500ns absolute difference; metadata-only,data/results/amd-cpu/cpu/public_api/20261008_060822/cpu_public_api_t1_20261008_060822.csv,https://github.com/tensor4all/tenferro-rs/issues/1719 https://github.com/tensor4all/tenferro-rs/issues/1917
cpu/view_metadata,transpose_view,f64,4,4096x4096,tenferro-direct,0.000227,3.8e-05,julia-base,7e-06,2e-06,32.42857142857143,#1719 #1917,#1719:CLOSED #1917:CLOSED,historical cluster; #1917 is related host metadata,sub-500ns absolute difference; metadata-only,data/results/amd-cpu/cpu/public_api/20261008_060822/cpu_public_api_t4_20261008_060822.csv,https://github.com/tensor4all/tenferro-rs/issues/1719 https://github.com/tensor4all/tenferro-rs/issues/1917
cpu/perf_issues,conj_dot_f64_dot-general-rank1_len100,f64,1,"{'len': 100, 'kind': 'rank1_dot', 'arm': 'dot-general-rank1', 'dtype': 'f64'}",dot-general-rank1,0.0013183515625,,rust-loop,4.549461364746094e-05,,28.978190093357952,#1615,#1615:OPEN,explicit workload issue IDs,unconfirmed observation,data/results/amd-cpu/cpu/perf_issues/20261008_063605/samples_t1.jsonl,https://github.com/tensor4all/tenferro-rs/issues/1615
cpu/perf_issues,conj_dot_f64_dot-general-rank1_len100,f64,4,"{'len': 100, 'kind': 'rank1_dot', 'arm': 'dot-general-rank1', 'dtype': 'f64'}",dot-general-rank1,0.00129375927734375,,rust-loop,4.563525390625e-05,,28.349996255122456,#1615,#1615:OPEN,explicit workload issue IDs,unconfirmed observation,data/results/amd-cpu/cpu/perf_issues/20261008_063605/samples_t4.jsonl,https://github.com/tensor4all/tenferro-rs/issues/1615
cpu/perf_issues,log_softmax_f32_eager-single-call_len64_b8,f32,4,"{'op': 'log_softmax', 'len': 64, 'batch': 8, 'axis': 0, 'kind': 'softmax', 'arm': 'eager-single-call', 'dtype': 'f32'}",eager-single-call,0.201096125,,pytorch-cpu,0.0083029765625,,24.219763055606,#1976,#1976:OPEN,API feature request; #2021 is related concrete-session materialization,screening only: original PyTorch retention-list growth timed,data/results/amd-cpu/cpu/perf_issues/20261008_063605/samples_t4.jsonl,https://github.com/tensor4all/tenferro-rs/issues/1976
cpu/perf_issues,softmax_f32_eager-single-call_len64_b8,f32,4,"{'op': 'softmax', 'len': 64, 'batch': 8, 'axis': 0, 'kind': 'softmax', 'arm': 'eager-single-call', 'dtype': 'f32'}",eager-single-call,0.202646,,pytorch-cpu,0.0095458671875,,21.228663254958995,#1976 #2031,#1976:OPEN #2031:OPEN,API feature request plus confirmed focused performance issue #2031,screening only: original PyTorch retention-list growth timed,data/results/amd-cpu/cpu/perf_issues/20261008_063605/samples_t4.jsonl,https://github.com/tensor4all/tenferro-rs/issues/1976 https://github.com/tensor4all/tenferro-rs/issues/2031
cpu/perf_issues,activation_sigmoid_f32_eager-single-call_1024x64,f32,4,"{'op': 'sigmoid', 'rows': 1024, 'cols': 64, 'kind': 'activation', 'arm': 'eager-single-call', 'dtype': 'f32'}",eager-single-call,0.254841125,,pytorch-cpu,0.0137888515625,,18.481678756558882,#1975,#1975:CLOSED,API feature request; no focused performance owner verified,screening only: original PyTorch retention-list growth timed,data/results/amd-cpu/cpu/perf_issues/20261008_063605/samples_t4.jsonl,https://github.com/tensor4all/tenferro-rs/issues/1975
cpu/perf_issues,activation_erf_f32_eager-single-call_1024x64,f32,4,"{'op': 'erf', 'rows': 1024, 'cols': 64, 'kind': 'activation', 'arm': 'eager-single-call', 'dtype': 'f32'}",eager-single-call,0.5424665,,pytorch-cpu,0.030035546875,,18.060816480472358,#1975,#1975:CLOSED,API feature request; no focused performance owner verified,screening only: original PyTorch retention-list growth timed,data/results/amd-cpu/cpu/perf_issues/20261008_063605/samples_t4.jsonl,https://github.com/tensor4all/tenferro-rs/issues/1975
cpu/perf_issues,activation_gelu_tanh_f32_eager-single-call_1024x64,f32,4,"{'op': 'gelu_tanh', 'rows': 1024, 'cols': 64, 'kind': 'activation', 'arm': 'eager-single-call', 'dtype': 'f32'}",eager-single-call,0.62600875,,pytorch-cpu,0.035769390625,,17.501241677918575,#1975,#1975:CLOSED,API feature request; no focused performance owner verified,screening only: original PyTorch retention-list growth timed,data/results/amd-cpu/cpu/perf_issues/20261008_063605/samples_t4.jsonl,https://github.com/tensor4all/tenferro-rs/issues/1975
cpu/perf_issues,activation_silu_f32_eager-single-call_1024x64,f32,4,"{'op': 'silu', 'rows': 1024, 'cols': 64, 'kind': 'activation', 'arm': 'eager-single-call', 'dtype': 'f32'}",eager-single-call,0.242372625,,pytorch-cpu,0.0144666875,,16.753843960478168,#1975,#1975:CLOSED,API feature request; no focused performance owner verified,screening only: original PyTorch retention-list growth timed,data/results/amd-cpu/cpu/perf_issues/20261008_063605/samples_t4.jsonl,https://github.com/tensor4all/tenferro-rs/issues/1975
cpu/perf_issues,layer_norm_f32_eager-composed_d1024_len8_b8,f32,4,"{'norm': 'layer_norm', 'd': 1024, 'len': 8, 'batch': 8, 'kind': 'composed_norm', 'arm': 'eager-composed', 'dtype': 'f32'}",eager-composed,0.17770775,,pytorch-cpu,0.01202428125,,14.779074632839281,#2006,#2006:OPEN,explicit workload issue IDs,screening only: original PyTorch retention-list growth timed,data/results/amd-cpu/cpu/perf_issues/20261008_063605/samples_t4.jsonl,https://github.com/tensor4all/tenferro-rs/issues/2006
batched,grad_sum_batched_matmul_backward,f64,1,2x2xbatch1024 (native batch layout),tenferro-trace,0.325342,0.000817,jax-cpu,0.023186,0.002255,14.031829552316054,#1328 #1803,#1328:CLOSED #1803:OPEN,AD cluster; #1803 primarily eager,unconfirmed observation,data/results/amd-cpu/cpu/einsum/20261008_044146/cpu_ops_t1_20261008_044146.csv,https://github.com/tensor4all/tenferro-rs/issues/1328 https://github.com/tensor4all/tenferro-rs/issues/1803
cpu/perf_issues,layer_norm_f32_eager-composed_d1024_len8_b1,f32,4,"{'norm': 'layer_norm', 'd': 1024, 'len': 8, 'batch': 1, 'kind': 'composed_norm', 'arm': 'eager-composed', 'dtype': 'f32'}",eager-composed,0.0712388125,,pytorch-cpu,0.005137193359375,,13.867263214843646,#2006,#2006:OPEN,explicit workload issue IDs,screening only: original PyTorch retention-list growth timed,data/results/amd-cpu/cpu/perf_issues/20261008_063605/samples_t4.jsonl,https://github.com/tensor4all/tenferro-rs/issues/2006
cpu/perf_issues,conj_dot_c64_dot-general-rank1_len100,c64,1,"{'len': 100, 'kind': 'rank1_dot', 'arm': 'dot-general-rank1', 'dtype': 'c64'}",dot-general-rank1,0.00139787646484375,,rust-loop,0.00010280865478515625,,13.596875358061572,#1615,#1615:OPEN,explicit workload issue IDs,unconfirmed observation,data/results/amd-cpu/cpu/perf_issues/20261008_063605/samples_t1.jsonl,https://github.com/tensor4all/tenferro-rs/issues/1615
cpu/perf_issues,conj_dot_c64_dot-general-rank1_len100,c64,4,"{'len': 100, 'kind': 'rank1_dot', 'arm': 'dot-general-rank1', 'dtype': 'c64'}",dot-general-rank1,0.001396599609375,,rust-loop,0.0001027939453125,,13.586399521190184,#1615,#1615:OPEN,explicit workload issue IDs,unconfirmed observation,data/results/amd-cpu/cpu/perf_issues/20261008_063605/samples_t4.jsonl,https://github.com/tensor4all/tenferro-rs/issues/1615
cpu/perf_issues,layer_norm_f32_eager-composed_d1024_len64_b1,f32,4,"{'norm': 'layer_norm', 'd': 1024, 'len': 64, 'batch': 1, 'kind': 'composed_norm', 'arm': 'eager-composed', 'dtype': 'f32'}",eager-composed,0.162407125,,pytorch-cpu,0.0122175390625,,13.292949109406624,#2006,#2006:OPEN,explicit workload issue IDs,screening only: original PyTorch retention-list growth timed,data/results/amd-cpu/cpu/perf_issues/20261008_063605/samples_t4.jsonl,https://github.com/tensor4all/tenferro-rs/issues/2006
cpu/view_metadata,slice_view,f64,4,4194304 -> 2096128,tenferro-direct,0.000278,4.1e-05,julia-base,2.1e-05,2e-05,13.238095238095237,#1719 #1917,#1719:CLOSED #1917:CLOSED,historical cluster; #1917 is related host metadata,sub-500ns absolute difference; metadata-only,data/results/amd-cpu/cpu/public_api/20261008_060822/cpu_public_api_t4_20261008_060822.csv,https://github.com/tensor4all/tenferro-rs/issues/1719 https://github.com/tensor4all/tenferro-rs/issues/1917
cpu/perf_issues,activation_sigmoid_f32_eager-single-call_1024x64,f32,1,"{'op': 'sigmoid', 'rows': 1024, 'cols': 64, 'kind': 'activation', 'arm': 'eager-single-call', 'dtype': 'f32'}",eager-single-call,0.312594875,,pytorch-cpu,0.0243404453125,,12.84261117603577,#1975,#1975:CLOSED,API feature request; no focused performance owner verified,screening only: original PyTorch retention-list growth timed,data/results/amd-cpu/cpu/perf_issues/20261008_063605/samples_t1.jsonl,https://github.com/tensor4all/tenferro-rs/issues/1975
cpu/perf_issues,activation_silu_f32_eager-single-call_1024x64,f32,1,"{'op': 'silu', 'rows': 1024, 'cols': 64, 'kind': 'activation', 'arm': 'eager-single-call', 'dtype': 'f32'}",eager-single-call,0.31476775,,pytorch-cpu,0.02500771875,,12.586823818146147,#1975,#1975:CLOSED,API feature request; no focused performance owner verified,screening only: original PyTorch retention-list growth timed,data/results/amd-cpu/cpu/perf_issues/20261008_063605/samples_t1.jsonl,https://github.com/tensor4all/tenferro-rs/issues/1975
cpu/indexing_layout,dynamic_slice,f64,4,4194304 -> 2097152,tenferro-trace,2.188491,0.77072,pytorch-cpu,0.18026,0.010921,12.140746699212249,#1482 #1719 #1512,#1482:CLOSED #1719:CLOSED #1512:CLOSED,historical indexing cluster,unconfirmed observation,data/results/amd-cpu/cpu/public_api/20261008_060822/cpu_public_api_t4_20261008_060822.csv,https://github.com/tensor4all/tenferro-rs/issues/1482 https://github.com/tensor4all/tenferro-rs/issues/1719 https://github.com/tensor4all/tenferro-rs/issues/1512
cpu/perf_issues,layer_norm_f32_eager-composed_d1024_len8_b1,f32,1,"{'norm': 'layer_norm', 'd': 1024, 'len': 8, 'batch': 1, 'kind': 'composed_norm', 'arm': 'eager-composed', 'dtype': 'f32'}",eager-composed,0.0733243125,,pytorch-cpu,0.006357537109375,,11.533446244753167,#2006,#2006:OPEN,explicit workload issue IDs,screening only: original PyTorch retention-list growth timed,data/results/amd-cpu/cpu/perf_issues/20261008_063605/samples_t1.jsonl,https://github.com/tensor4all/tenferro-rs/issues/2006
cpu/perf_issues,layer_norm_f32_eager-composed_d1024_len64_b8,f32,4,"{'norm': 'layer_norm', 'd': 1024, 'len': 64, 'batch': 8, 'kind': 'composed_norm', 'arm': 'eager-composed', 'dtype': 'f32'}",eager-composed,0.784084,,pytorch-cpu,0.06802840625,,11.525832269516089,#2006,#2006:OPEN,explicit workload issue IDs,screening only: original PyTorch retention-list growth timed,data/results/amd-cpu/cpu/perf_issues/20261008_063605/samples_t4.jsonl,https://github.com/tensor4all/tenferro-rs/issues/2006
cpu/complex,norm_fro,c64,4,2048x1536,tenferro-direct,20.945277,1.058923,jax-cpu,1.844513,0.300646,11.355451005224685,#1505,#1505:CLOSED,focused historical,unconfirmed observation,data/results/amd-cpu/cpu/public_api/20261008_060822/cpu_public_api_t4_20261008_060822.csv,https://github.com/tensor4all/tenferro-rs/issues/1505
batched,grad_sum_batched_matmul_backward,f64,4,2x2xbatch1024 (native batch layout),tenferro-trace,0.230577,0.000522,jax-cpu,0.023619,0.002274,9.762352343452305,#1328 #1803,#1328:CLOSED #1803:OPEN,AD cluster; #1803 primarily eager,unconfirmed observation,data/results/amd-cpu/cpu/einsum/20261008_053424/cpu_ops_t4_20261008_053424.csv,https://github.com/tensor4all/tenferro-rs/issues/1328 https://github.com/tensor4all/tenferro-rs/issues/1803
cpu/perf_issues,activation_erf_f32_eager-single-call_1024x64,f32,1,"{'op': 'erf', 'rows': 1024, 'cols': 64, 'kind': 'activation', 'arm': 'eager-single-call', 'dtype': 'f32'}",eager-single-call,1.0696595,,pytorch-cpu,0.11084746875,,9.649832441482792,#1975,#1975:CLOSED,API feature request; no focused performance owner verified,screening only: original PyTorch retention-list growth timed,data/results/amd-cpu/cpu/perf_issues/20261008_063605/samples_t1.jsonl,https://github.com/tensor4all/tenferro-rs/issues/1975
cpu/perf_issues,log_softmax_f32_eager-single-call_len64_b8,f32,1,"{'op': 'log_softmax', 'len': 64, 'batch': 8, 'axis': 0, 'kind': 'softmax', 'arm': 'eager-single-call', 'dtype': 'f32'}",eager-single-call,0.199419875,,pytorch-cpu,0.0214632265625,,9.291234680829456,#1976,#1976:OPEN,API feature request; #2021 is related concrete-session materialization,screening only: original PyTorch retention-list growth timed,data/results/amd-cpu/cpu/perf_issues/20261008_063605/samples_t1.jsonl,https://github.com/tensor4all/tenferro-rs/issues/1976
small,grad_sum_qr_vjp,f64,1,8x8,tenferro-trace,0.085847,0.000429,jax-cpu,0.010428,0.000514,8.232355197545072,#1328 #1803,#1328:CLOSED #1803:OPEN,AD cluster; #1803 primarily eager,unconfirmed observation,data/results/amd-cpu/cpu/einsum/20261008_044146/cpu_ops_t1_20261008_044146.csv,https://github.com/tensor4all/tenferro-rs/issues/1328 https://github.com/tensor4all/tenferro-rs/issues/1803
cpu/perf_issues,activation_gelu_tanh_f32_eager-single-call_1024x64,f32,1,"{'op': 'gelu_tanh', 'rows': 1024, 'cols': 64, 'kind': 'activation', 'arm': 'eager-single-call', 'dtype': 'f32'}",eager-single-call,1.054125,,pytorch-cpu,0.1294211875,,8.144918311771788,#1975,#1975:CLOSED,API feature request; no focused performance owner verified,screening only: original PyTorch retention-list growth timed,data/results/amd-cpu/cpu/perf_issues/20261008_063605/samples_t1.jsonl,https://github.com/tensor4all/tenferro-rs/issues/1975
small,grad_sum_qr_vjp,f64,1,2x2,tenferro-trace,0.082675,0.00033,jax-cpu,0.010158,6e-05,8.138905296318173,#1328 #1803,#1328:CLOSED #1803:OPEN,AD cluster; #1803 primarily eager,unconfirmed observation,data/results/amd-cpu/cpu/einsum/20261008_044146/cpu_ops_t1_20261008_044146.csv,https://github.com/tensor4all/tenferro-rs/issues/1328 https://github.com/tensor4all/tenferro-rs/issues/1803
small,grad_sum_qr_vjp,f64,4,2x2,tenferro-trace,0.081773,0.000209,jax-cpu,0.010271,7.7e-05,7.961542206211663,#1328 #1803,#1328:CLOSED #1803:OPEN,AD cluster; #1803 primarily eager,unconfirmed observation,data/results/amd-cpu/cpu/einsum/20261008_053424/cpu_ops_t4_20261008_053424.csv,https://github.com/tensor4all/tenferro-rs/issues/1328 https://github.com/tensor4all/tenferro-rs/issues/1803
small,grad_sum_qr_jvp,f64,1,2x2,tenferro-trace,0.081449,0.000277,jax-cpu,0.010566,0.000727,7.708593602120007,#1328 #1803,#1328:CLOSED #1803:OPEN,AD cluster; #1803 primarily eager,unconfirmed observation,data/results/amd-cpu/cpu/einsum/20261008_044146/cpu_ops_t1_20261008_044146.csv,https://github.com/tensor4all/tenferro-rs/issues/1328 https://github.com/tensor4all/tenferro-rs/issues/1803
small,grad_sum_qr_jvp,f64,4,2x2,tenferro-trace,0.080639,0.000303,jax-cpu,0.01067,0.000211,7.557544517338331,#1328 #1803,#1328:CLOSED #1803:OPEN,AD cluster; #1803 primarily eager,unconfirmed observation,data/results/amd-cpu/cpu/einsum/20261008_053424/cpu_ops_t4_20261008_053424.csv,https://github.com/tensor4all/tenferro-rs/issues/1328 https://github.com/tensor4all/tenferro-rs/issues/1803
cpu/perf_issues,activation_softplus_f32_eager-single-call_1024x64,f32,4,"{'op': 'softplus', 'rows': 1024, 'cols': 64, 'kind': 'activation', 'arm': 'eager-single-call', 'dtype': 'f32'}",eager-single-call,0.43968175,,pytorch-cpu,0.058869140625,,7.4687985136525,#1975,#1975:CLOSED,API feature request; no focused performance owner verified,screening only: original PyTorch retention-list growth timed,data/results/amd-cpu/cpu/perf_issues/20261008_063605/samples_t4.jsonl,https://github.com/tensor4all/tenferro-rs/issues/1975
cpu/indexing_layout,reverse,f64,4,2097152,tenferro-trace,1.350703,0.460657,pytorch-cpu,0.182484,0.025387,7.401761250301396,#1482 #1719 #1512,#1482:CLOSED #1719:CLOSED #1512:CLOSED,historical indexing cluster,unconfirmed observation,data/results/amd-cpu/cpu/public_api/20261008_060822/cpu_public_api_t4_20261008_060822.csv,https://github.com/tensor4all/tenferro-rs/issues/1482 https://github.com/tensor4all/tenferro-rs/issues/1719 https://github.com/tensor4all/tenferro-rs/issues/1512
small,grad_sum_qr_vjp,f64,1,4x4,tenferro-trace,0.084044,0.000146,jax-cpu,0.011467,0.000193,7.329205546350396,#1328 #1803,#1328:CLOSED #1803:OPEN,AD cluster; #1803 primarily eager,unconfirmed observation,data/results/amd-cpu/cpu/einsum/20261008_044146/cpu_ops_t1_20261008_044146.csv,https://github.com/tensor4all/tenferro-rs/issues/1328 https://github.com/tensor4all/tenferro-rs/issues/1803
small,grad_sum_qr_jvp,f64,1,4x4,tenferro-trace,0.082029,0.000346,jax-cpu,0.01126,0.00016,7.28499111900533,#1328 #1803,#1328:CLOSED #1803:OPEN,AD cluster; #1803 primarily eager,unconfirmed observation,data/results/amd-cpu/cpu/einsum/20261008_044146/cpu_ops_t1_20261008_044146.csv,https://github.com/tensor4all/tenferro-rs/issues/1328 https://github.com/tensor4all/tenferro-rs/issues/1803
cpu/linalg_batch_families,batched_eigh,f64,4,1x128x128,tenferro-trace,6.241041,3.197871,pytorch-cpu,0.861842,0.018985,7.241514105833784,#1878 #2000,#1878:CLOSED #2000:OPEN,batch-linalg cluster,unconfirmed observation,data/results/amd-cpu/cpu/public_api/20261008_060822/cpu_public_api_t4_20261008_060822.csv,https://github.com/tensor4all/tenferro-rs/issues/1878 https://github.com/tensor4all/tenferro-rs/issues/2000
small,grad_sum_qr_vjp,f64,4,4x4,tenferro-trace,0.084116,0.000455,jax-cpu,0.011893,0.000126,7.072731859076767,#1328 #1803,#1328:CLOSED #1803:OPEN,AD cluster; #1803 primarily eager,unconfirmed observation,data/results/amd-cpu/cpu/einsum/20261008_053424/cpu_ops_t4_20261008_053424.csv,https://github.com/tensor4all/tenferro-rs/issues/1328 https://github.com/tensor4all/tenferro-rs/issues/1803
cpu/complex,norm_fro,c64,1,2048x1536,tenferro-direct,34.277088,0.633995,julia-base,5.023508,0.010138,6.8233369987665995,#1505,#1505:CLOSED,focused historical,unconfirmed observation,data/results/amd-cpu/cpu/public_api/20261008_060822/cpu_public_api_t1_20261008_060822.csv,https://github.com/tensor4all/tenferro-rs/issues/1505
cpu/perf_issues,softmax_f32_eager-single-call_len64_b8,f32,1,"{'op': 'softmax', 'len': 64, 'batch': 8, 'axis': 0, 'kind': 'softmax', 'arm': 'eager-single-call', 'dtype': 'f32'}",eager-single-call,0.203191375,,pytorch-cpu,0.0300599609375,,6.759535563684563,#1976 #2031,#1976:OPEN #2031:OPEN,API feature request plus confirmed focused performance issue #2031,screening only: original PyTorch retention-list growth timed,data/results/amd-cpu/cpu/perf_issues/20261008_063605/samples_t1.jsonl,https://github.com/tensor4all/tenferro-rs/issues/1976 https://github.com/tensor4all/tenferro-rs/issues/2031
small,grad_sum_qr_jvp,f64,4,4x4,tenferro-trace,0.081955,0.000476,jax-cpu,0.012336,0.00013,6.6435635538261995,#1328 #1803,#1328:CLOSED #1803:OPEN,AD cluster; #1803 primarily eager,unconfirmed observation,data/results/amd-cpu/cpu/einsum/20261008_053424/cpu_ops_t4_20261008_053424.csv,https://github.com/tensor4all/tenferro-rs/issues/1328 https://github.com/tensor4all/tenferro-rs/issues/1803
small,grad_sum_qr_vjp,f64,4,16x16,tenferro-trace,0.092808,0.000406,jax-cpu,0.014555,0.000652,6.376365510133975,#1328 #1803,#1328:CLOSED #1803:OPEN,AD cluster; #1803 primarily eager,unconfirmed observation,data/results/amd-cpu/cpu/einsum/20261008_053424/cpu_ops_t4_20261008_053424.csv,https://github.com/tensor4all/tenferro-rs/issues/1328 https://github.com/tensor4all/tenferro-rs/issues/1803
batched,grad_sum_batched_matmul_backward,f64,1,2x2xbatch256 (native batch layout),tenferro-trace,0.106546,0.000292,jax-cpu,0.016809,0.000372,6.338628115890296,#1328 #1803,#1328:CLOSED #1803:OPEN,AD cluster; #1803 primarily eager,unconfirmed observation,data/results/amd-cpu/cpu/einsum/20261008_044146/cpu_ops_t1_20261008_044146.csv,https://github.com/tensor4all/tenferro-rs/issues/1328 https://github.com/tensor4all/tenferro-rs/issues/1803
cpu/indexing_layout,gather,f64,4,262144,tenferro-trace,0.650815,0.140535,jax-cpu,0.102824,0.092144,6.329407531315646,#1482 #1719 #1512,#1482:CLOSED #1719:CLOSED #1512:CLOSED,historical indexing cluster,short isolated-clock diagnostic,data/results/amd-cpu/cpu/public_api/20261008_060822/cpu_public_api_t4_20261008_060822.csv,https://github.com/tensor4all/tenferro-rs/issues/1482 https://github.com/tensor4all/tenferro-rs/issues/1719 https://github.com/tensor4all/tenferro-rs/issues/1512
small,grad_sum_qr_vjp,f64,4,8x8,tenferro-trace,0.085287,0.00027,jax-cpu,0.013711,0.002011,6.220334038363358,#1328 #1803,#1328:CLOSED #1803:OPEN,AD cluster; #1803 primarily eager,unconfirmed observation,data/results/amd-cpu/cpu/einsum/20261008_053424/cpu_ops_t4_20261008_053424.csv,https://github.com/tensor4all/tenferro-rs/issues/1328 https://github.com/tensor4all/tenferro-rs/issues/1803
small,grad_sum_qr_vjp,f64,1,16x16,tenferro-trace,0.093653,0.000331,jax-cpu,0.015135,0.000161,6.18784274859597,#1328 #1803,#1328:CLOSED #1803:OPEN,AD cluster; #1803 primarily eager,unconfirmed observation,data/results/amd-cpu/cpu/einsum/20261008_044146/cpu_ops_t1_20261008_044146.csv,https://github.com/tensor4all/tenferro-rs/issues/1328 https://github.com/tensor4all/tenferro-rs/issues/1803
cpu/perf_issues,decode_proj_f32_eager-shared_in1024_out4096_len8,f32,4,"{'in': 1024, 'out': 4096, 'len': 8, 'kind': 'decode_projection', 'arm': 'eager-shared', 'dtype': 'f32'}",eager-shared,3.351942,,faer-direct,0.55033875,,6.090688689466261,#1992 #2003 #1995,#1992:OPEN #2003:OPEN #1995:OPEN,explicit workload issue IDs,diagnostic: preallocated reference vs allocating tenferro,data/results/amd-cpu/cpu/perf_issues/20261008_063605/samples_t4.jsonl,https://github.com/tensor4all/tenferro-rs/issues/1992 https://github.com/tensor4all/tenferro-rs/issues/2003 https://github.com/tensor4all/tenferro-rs/issues/1995
small,grad_sum_qr_jvp,f64,4,16x16,tenferro-trace,0.090429,0.000343,jax-cpu,0.014924,0.000832,6.059300455641919,#1328 #1803,#1328:CLOSED #1803:OPEN,AD cluster; #1803 primarily eager,unconfirmed observation,data/results/amd-cpu/cpu/einsum/20261008_053424/cpu_ops_t4_20261008_053424.csv,https://github.com/tensor4all/tenferro-rs/issues/1328 https://github.com/tensor4all/tenferro-rs/issues/1803
small,grad_sum_qr_jvp,f64,1,8x8,tenferro-trace,0.083827,0.000855,jax-cpu,0.013894,0.000388,6.033323736864833,#1328 #1803,#1328:CLOSED #1803:OPEN,AD cluster; #1803 primarily eager,unconfirmed observation,data/results/amd-cpu/cpu/einsum/20261008_044146/cpu_ops_t1_20261008_044146.csv,https://github.com/tensor4all/tenferro-rs/issues/1328 https://github.com/tensor4all/tenferro-rs/issues/1803
cpu/linalg_batch_families,batched_svd,f64,1,1x2x2,tenferro-trace,0.048531,0.001473,pytorch-cpu,0.008075,0.0002,6.010030959752322,#1878 #2000,#1878:CLOSED #2000:OPEN,batch-linalg cluster,short isolated-clock diagnostic,data/results/amd-cpu/cpu/public_api/20261008_060822/cpu_public_api_t1_20261008_060822.csv,https://github.com/tensor4all/tenferro-rs/issues/1878 https://github.com/tensor4all/tenferro-rs/issues/2000
cpu/linalg_batch_families,batched_qr,f64,1,3x2x2,tenferro-trace,0.027652,0.000992,pytorch-cpu,0.004709,4e-05,5.872159694202591,#1878 #2000,#1878:CLOSED #2000:OPEN,batch-linalg cluster,short isolated-clock diagnostic,data/results/amd-cpu/cpu/public_api/20261008_060822/cpu_public_api_t1_20261008_060822.csv,https://github.com/tensor4all/tenferro-rs/issues/1878 https://github.com/tensor4all/tenferro-rs/issues/2000
small,grad_sum_qr_jvp,f64,1,16x16,tenferro-trace,0.090896,0.000614,jax-cpu,0.015526,0.000122,5.854437717377303,#1328 #1803,#1328:CLOSED #1803:OPEN,AD cluster; #1803 primarily eager,unconfirmed observation,data/results/amd-cpu/cpu/einsum/20261008_044146/cpu_ops_t1_20261008_044146.csv,https://github.com/tensor4all/tenferro-rs/issues/1328 https://github.com/tensor4all/tenferro-rs/issues/1803
cpu/perf_issues,conj_dot_f64_dot-general-rank1_len1000000,f64,4,"{'len': 1000000, 'kind': 'rank1_dot', 'arm': 'dot-general-rank1', 'dtype': 'f64'}",dot-general-rank1,0.40732575,,pytorch-cpu,0.06969153125,,5.844695082661138,#1615,#1615:OPEN,explicit workload issue IDs,screening only: original PyTorch retention-list growth timed,data/results/amd-cpu/cpu/perf_issues/20261008_063605/samples_t4.jsonl,https://github.com/tensor4all/tenferro-rs/issues/1615
cpu/linalg_batch_families,batched_qr,f64,1,1x2x2,tenferro-trace,0.02679,0.001183,pytorch-cpu,0.004589,0.000241,5.837873174983657,#1878 #2000,#1878:CLOSED #2000:OPEN,batch-linalg cluster,short isolated-clock diagnostic,data/results/amd-cpu/cpu/public_api/20261008_060822/cpu_public_api_t1_20261008_060822.csv,https://github.com/tensor4all/tenferro-rs/issues/1878 https://github.com/tensor4all/tenferro-rs/issues/2000
cpu/indexing_layout,concatenate,f64,4,1048576+1048576,tenferro-trace,1.0623,0.165772,pytorch-cpu,0.183796,0.013185,5.779777579490305,#1482 #1719 #1512,#1482:CLOSED #1719:CLOSED #1512:CLOSED,historical indexing cluster,unconfirmed observation,data/results/amd-cpu/cpu/public_api/20261008_060822/cpu_public_api_t4_20261008_060822.csv,https://github.com/tensor4all/tenferro-rs/issues/1482 https://github.com/tensor4all/tenferro-rs/issues/1719 https://github.com/tensor4all/tenferro-rs/issues/1512
cpu/perf_issues,rms_norm_f32_eager-composed_d1024_len64_b8,f32,4,"{'norm': 'rms_norm', 'd': 1024, 'len': 64, 'batch': 8, 'kind': 'composed_norm', 'arm': 'eager-composed', 'dtype': 'f32'}",eager-composed,0.46305575,,pytorch-cpu,0.081385125,,5.689685307972433,#2006,#2006:OPEN,explicit workload issue IDs,screening only: original PyTorch retention-list growth timed,data/results/amd-cpu/cpu/perf_issues/20261008_063605/samples_t4.jsonl,https://github.com/tensor4all/tenferro-rs/issues/2006
cpu/linalg_batch_families,batched_svd,c64,4,1x2x2,tenferro-trace,0.046968,0.012644,pytorch-cpu,0.008286,0.000139,5.6683562635771185,#1878 #2000,#1878:CLOSED #2000:OPEN,batch-linalg cluster,short isolated-clock diagnostic,data/results/amd-cpu/cpu/public_api/20261008_060822/cpu_public_api_t4_20261008_060822.csv,https://github.com/tensor4all/tenferro-rs/issues/1878 https://github.com/tensor4all/tenferro-rs/issues/2000
cpu/linalg_batch_families,batched_lu,f64,1,1x2x2,tenferro-trace,0.053621,0.014296,pytorch-cpu,0.009598,0.000462,5.58668472598458,#1884 #1878 #2000,#1884:OPEN #1878:CLOSED #2000:OPEN,batch-linalg cluster,short isolated-clock diagnostic,data/results/amd-cpu/cpu/public_api/20261008_060822/cpu_public_api_t1_20261008_060822.csv,https://github.com/tensor4all/tenferro-rs/issues/1884 https://github.com/tensor4all/tenferro-rs/issues/1878 https://github.com/tensor4all/tenferro-rs/issues/2000
cpu/linalg_batch_families,batched_qr,f64,1,4x2x2,tenferro-trace,0.027902,0.000791,pytorch-cpu,0.00501,2.9e-05,5.569261477045909,#1878 #2000,#1878:CLOSED #2000:OPEN,batch-linalg cluster,short isolated-clock diagnostic,data/results/amd-cpu/cpu/public_api/20261008_060822/cpu_public_api_t1_20261008_060822.csv,https://github.com/tensor4all/tenferro-rs/issues/1878 https://github.com/tensor4all/tenferro-rs/issues/2000
cpu/linalg_batch_families,batched_eigh,f64,1,3x2x2,tenferro-trace,0.038863,0.001242,pytorch-cpu,0.007013,0.00011,5.541565663767289,#1878 #2000,#1878:CLOSED #2000:OPEN,batch-linalg cluster,short isolated-clock diagnostic,data/results/amd-cpu/cpu/public_api/20261008_060822/cpu_public_api_t1_20261008_060822.csv,https://github.com/tensor4all/tenferro-rs/issues/1878 https://github.com/tensor4all/tenferro-rs/issues/2000
cpu/perf_issues,layer_norm_f32_eager-composed_d1024_len8_b8,f32,1,"{'norm': 'layer_norm', 'd': 1024, 'len': 8, 'batch': 8, 'kind': 'composed_norm', 'arm': 'eager-composed', 'dtype': 'f32'}",eager-composed,0.1480061875,,pytorch-cpu,0.0269241328125,,5.497157086941924,#2006,#2006:OPEN,explicit workload issue IDs,screening only: original PyTorch retention-list growth timed,data/results/amd-cpu/cpu/perf_issues/20261008_063605/samples_t1.jsonl,https://github.com/tensor4all/tenferro-rs/issues/2006
cpu/perf_issues,decode_proj_f32_eager-shared_in1024_out4096_len8,f32,4,"{'in': 1024, 'out': 4096, 'len': 8, 'kind': 'decode_projection', 'arm': 'eager-shared', 'dtype': 'f32'}",eager-shared,3.351942,,pytorch-cpu,0.61068475,,5.488825453722236,#1992 #2003 #1995,#1992:OPEN #2003:OPEN #1995:OPEN,explicit workload issue IDs,screening only: original PyTorch retention-list growth timed,data/results/amd-cpu/cpu/perf_issues/20261008_063605/samples_t4.jsonl,https://github.com/tensor4all/tenferro-rs/issues/1992 https://github.com/tensor4all/tenferro-rs/issues/2003 https://github.com/tensor4all/tenferro-rs/issues/1995
cpu/elementwise_reduction,tanh,f64,1,8388608,tenferro-direct,112.008574,0.381558,jax-cpu,20.427352,0.078227,5.483264497522733,#1719 #1001,#1719:CLOSED #1001:CLOSED,historical cluster,excluded: timed session entry,data/results/amd-cpu/cpu/public_api/20261008_060822/cpu_public_api_t1_20261008_060822.csv,https://github.com/tensor4all/tenferro-rs/issues/1719 https://github.com/tensor4all/tenferro-rs/issues/1001
cpu/perf_issues,layer_norm_f32_eager-composed_d1024_len64_b1,f32,1,"{'norm': 'layer_norm', 'd': 1024, 'len': 64, 'batch': 1, 'kind': 'composed_norm', 'arm': 'eager-composed', 'dtype': 'f32'}",eager-composed,0.1481345625,,pytorch-cpu,0.0271348515625,,5.459199294265534,#2006,#2006:OPEN,explicit workload issue IDs,screening only: original PyTorch retention-list growth timed,data/results/amd-cpu/cpu/perf_issues/20261008_063605/samples_t1.jsonl,https://github.com/tensor4all/tenferro-rs/issues/2006
cpu/elementwise_reduction,tanh,f64,1,8388608,tenferro-trace,110.713616,0.351061,jax-cpu,20.427352,0.078227,5.41987116098063,#1719 #1001,#1719:CLOSED #1001:CLOSED,historical cluster,unconfirmed observation,data/results/amd-cpu/cpu/public_api/20261008_060822/cpu_public_api_t1_20261008_060822.csv,https://github.com/tensor4all/tenferro-rs/issues/1719 https://github.com/tensor4all/tenferro-rs/issues/1001
cpu/linalg_batch_families,batched_qr,f64,1,1x8x8,tenferro-trace,0.029596,0.001914,pytorch-cpu,0.00547,7e-05,5.410603290676417,#1878 #2000,#1878:CLOSED #2000:OPEN,batch-linalg cluster,short isolated-clock diagnostic,data/results/amd-cpu/cpu/public_api/20261008_060822/cpu_public_api_t1_20261008_060822.csv,https://github.com/tensor4all/tenferro-rs/issues/1878 https://github.com/tensor4all/tenferro-rs/issues/2000
cpu/perf_issues,softmax_f32_eager-single-call_len512_b8,f32,4,"{'op': 'softmax', 'len': 512, 'batch': 8, 'axis': 0, 'kind': 'softmax', 'arm': 'eager-single-call', 'dtype': 'f32'}",eager-single-call,1.992552,,pytorch-cpu,0.37509625,,5.31210855880324,#1976,#1976:OPEN,API feature request; #2021 is related concrete-session materialization,screening only: original PyTorch retention-list growth timed,data/results/amd-cpu/cpu/perf_issues/20261008_063605/samples_t4.jsonl,https://github.com/tensor4all/tenferro-rs/issues/1976
cpu/linalg_batch_families,batched_eigh,f64,4,1x2x2,tenferro-trace,0.033082,0.007705,pytorch-cpu,0.006242,0.00013,5.299903876962512,#1878 #2000,#1878:CLOSED #2000:OPEN,batch-linalg cluster,short isolated-clock diagnostic,data/results/amd-cpu/cpu/public_api/20261008_060822/cpu_public_api_t4_20261008_060822.csv,https://github.com/tensor4all/tenferro-rs/issues/1878 https://github.com/tensor4all/tenferro-rs/issues/2000
cpu/perf_issues,decode_proj_f32_eager-shared_in1024_out1024_len8,f32,4,"{'in': 1024, 'out': 1024, 'len': 8, 'kind': 'decode_projection', 'arm': 'eager-shared', 'dtype': 'f32'}",eager-shared,0.843586,,pytorch-cpu,0.1595554375,,5.2871027977344855,#1992 #2003 #1995,#1992:OPEN #2003:OPEN #1995:OPEN,explicit workload issue IDs,screening only: original PyTorch retention-list growth timed,data/results/amd-cpu/cpu/perf_issues/20261008_063605/samples_t4.jsonl,https://github.com/tensor4all/tenferro-rs/issues/1992 https://github.com/tensor4all/tenferro-rs/issues/2003 https://github.com/tensor4all/tenferro-rs/issues/1995
cpu/linalg_batch_families,batched_qr,f64,4,3x4x4,tenferro-trace,0.033974,0.007294,pytorch-cpu,0.006432,7.1e-05,5.282027363184079,#1878 #2000,#1878:CLOSED #2000:OPEN,batch-linalg cluster,short isolated-clock diagnostic,data/results/amd-cpu/cpu/public_api/20261008_060822/cpu_public_api_t4_20261008_060822.csv,https://github.com/tensor4all/tenferro-rs/issues/1878 https://github.com/tensor4all/tenferro-rs/issues/2000
cpu/linalg_batch_families,batched_qr,f64,4,3x2x2,tenferro-trace,0.028453,0.007324,pytorch-cpu,0.0054,0.00015,5.269074074074074,#1878 #2000,#1878:CLOSED #2000:OPEN,batch-linalg cluster,short isolated-clock diagnostic,data/results/amd-cpu/cpu/public_api/20261008_060822/cpu_public_api_t4_20261008_060822.csv,https://github.com/tensor4all/tenferro-rs/issues/1878 https://github.com/tensor4all/tenferro-rs/issues/2000
cpu/perf_issues,activation_softplus_f32_eager-single-call_1024x64,f32,1,"{'op': 'softplus', 'rows': 1024, 'cols': 64, 'kind': 'activation', 'arm': 'eager-single-call', 'dtype': 'f32'}",eager-single-call,0.6062815,,pytorch-cpu,0.11522540625,,5.261699825857633,#1975,#1975:CLOSED,API feature request; no focused performance owner verified,screening only: original PyTorch retention-list growth timed,data/results/amd-cpu/cpu/perf_issues/20261008_063605/samples_t1.jsonl,https://github.com/tensor4all/tenferro-rs/issues/1975
cpu/linalg_batch_families,batched_eigvalsh,f64,1,1x2x2,tenferro-trace,0.036248,0.001312,pytorch-cpu,0.006893,0.000311,5.258668214130277,#1878 #2000,#1878:CLOSED #2000:OPEN,batch-linalg cluster,short isolated-clock diagnostic,data/results/amd-cpu/cpu/public_api/20261008_060822/cpu_public_api_t1_20261008_060822.csv,https://github.com/tensor4all/tenferro-rs/issues/1878 https://github.com/tensor4all/tenferro-rs/issues/2000
batched,grad_sum_batched_matmul_backward,f64,4,2x2xbatch256 (native batch layout),tenferro-trace,0.086549,0.000222,jax-cpu,0.016539,0.000563,5.233024971280004,#1328 #1803,#1328:CLOSED #1803:OPEN,AD cluster; #1803 primarily eager,unconfirmed observation,data/results/amd-cpu/cpu/einsum/20261008_053424/cpu_ops_t4_20261008_053424.csv,https://github.com/tensor4all/tenferro-rs/issues/1328 https://github.com/tensor4all/tenferro-rs/issues/1803
cpu/linalg_batch_families,batched_svd,c64,4,8x32x32,tenferro-trace,2.293569,0.082104,jax-cpu,0.438836,0.012023,5.226483242031192,#1878 #2000,#1878:CLOSED #2000:OPEN,batch-linalg cluster,unconfirmed observation,data/results/amd-cpu/cpu/public_api/20261008_060822/cpu_public_api_t4_20261008_060822.csv,https://github.com/tensor4all/tenferro-rs/issues/1878 https://github.com/tensor4all/tenferro-rs/issues/2000
cpu/einsum,bin_batched_matmul_b32_m64_n64_k64 / opt_flops,f64 (see instance),4,see instance JSON,tenferro-rs trace mode (ms),0.973,,PyTorch Python (ms),0.187,,5.2032085561497325,#1878 #2000,#1878:CLOSED #2000:OPEN,batch-linalg cluster,short isolated-clock diagnostic,data/results/amd-cpu/cpu/einsum/20261008_053424/einsum_table_t4_20261008_053424.md,https://github.com/tensor4all/tenferro-rs/issues/1878 https://github.com/tensor4all/tenferro-rs/issues/2000
cpu/einsum,bin_batched_matmul_b32_m64_n64_k64 / opt_size,f64 (see instance),4,see instance JSON,tenferro-rs trace mode (ms),0.973,,PyTorch Python (ms),0.187,,5.2032085561497325,#1878 #2000,#1878:CLOSED #2000:OPEN,batch-linalg cluster,short isolated-clock diagnostic,data/results/amd-cpu/cpu/einsum/20261008_053424/einsum_table_t4_20261008_053424.md,https://github.com/tensor4all/tenferro-rs/issues/1878 https://github.com/tensor4all/tenferro-rs/issues/2000
cpu/linalg_batch_families,batched_qr,f64,1,1x4x4,tenferro-trace,0.025699,0.001141,pytorch-cpu,0.004989,0.00021,5.151132491481258,#1878 #2000,#1878:CLOSED #2000:OPEN,batch-linalg cluster,short isolated-clock diagnostic,data/results/amd-cpu/cpu/public_api/20261008_060822/cpu_public_api_t1_20261008_060822.csv,https://github.com/tensor4all/tenferro-rs/issues/1878 https://github.com/tensor4all/tenferro-rs/issues/2000
small,grad_sum_qr_jvp,f64,4,8x8,tenferro-trace,0.083731,0.000394,jax-cpu,0.01629,0.001693,5.140024554941682,#1328 #1803,#1328:CLOSED #1803:OPEN,AD cluster; #1803 primarily eager,unconfirmed observation,data/results/amd-cpu/cpu/einsum/20261008_053424/cpu_ops_t4_20261008_053424.csv,https://github.com/tensor4all/tenferro-rs/issues/1328 https://github.com/tensor4all/tenferro-rs/issues/1803
cpu/linalg_batch_families,batched_qr,f64,4,1x4x4,tenferro-trace,0.029165,0.006683,pytorch-cpu,0.005681,0.0001,5.133779264214047,#1878 #2000,#1878:CLOSED #2000:OPEN,batch-linalg cluster,short isolated-clock diagnostic,data/results/amd-cpu/cpu/public_api/20261008_060822/cpu_public_api_t4_20261008_060822.csv,https://github.com/tensor4all/tenferro-rs/issues/1878 https://github.com/tensor4all/tenferro-rs/issues/2000
cpu/perf_issues,log_softmax_f32_eager-single-call_len512_b8,f32,1,"{'op': 'log_softmax', 'len': 512, 'batch': 8, 'axis': 0, 'kind': 'softmax', 'arm': 'eager-single-call', 'dtype': 'f32'}",eager-single-call,6.268073,,pytorch-cpu,1.223098,,5.1247512464250615,#1976,#1976:OPEN,API feature request; #2021 is related concrete-session materialization,screening only: original PyTorch retention-list growth timed,data/results/amd-cpu/cpu/perf_issues/20261008_063605/samples_t1.jsonl,https://github.com/tensor4all/tenferro-rs/issues/1976
cpu/linalg_batch_families,batched_cholesky,f64,4,3x2x2,tenferro-trace,0.024306,0.003186,pytorch-cpu,0.004759,0.00011,5.107375499054423,#1878 #2000,#1878:CLOSED #2000:OPEN,batch-linalg cluster,short isolated-clock diagnostic,data/results/amd-cpu/cpu/public_api/20261008_060822/cpu_public_api_t4_20261008_060822.csv,https://github.com/tensor4all/tenferro-rs/issues/1878 https://github.com/tensor4all/tenferro-rs/issues/2000
cpu/linalg_batch_families,batched_qr,f64,1,8x2x2,tenferro-trace,0.029295,0.00067,pytorch-cpu,0.005801,6e-05,5.049991380796415,#1878 #2000,#1878:CLOSED #2000:OPEN,batch-linalg cluster,short isolated-clock diagnostic,data/results/amd-cpu/cpu/public_api/20261008_060822/cpu_public_api_t1_20261008_060822.csv,https://github.com/tensor4all/tenferro-rs/issues/1878 https://github.com/tensor4all/tenferro-rs/issues/2000
cpu/linalg_batch_families,batched_cholesky,f64,1,3x2x2,tenferro-trace,0.019878,0.000762,pytorch-cpu,0.004038,0.000111,4.922734026745914,#1878 #2000,#1878:CLOSED #2000:OPEN,batch-linalg cluster,short isolated-clock diagnostic,data/results/amd-cpu/cpu/public_api/20261008_060822/cpu_public_api_t1_20261008_060822.csv,https://github.com/tensor4all/tenferro-rs/issues/1878 https://github.com/tensor4all/tenferro-rs/issues/2000
cpu/linalg_batch_families,batched_eigh,c64,1,3x2x2,tenferro-trace,0.039274,0.000741,pytorch-cpu,0.008065,0.000101,4.869683818970863,#1878 #2000,#1878:CLOSED #2000:OPEN,batch-linalg cluster,short isolated-clock diagnostic,data/results/amd-cpu/cpu/public_api/20261008_060822/cpu_public_api_t1_20261008_060822.csv,https://github.com/tensor4all/tenferro-rs/issues/1878 https://github.com/tensor4all/tenferro-rs/issues/2000
cpu/linalg_batch_families,batched_solve,f64,1,"1x2x2,rhs=1",tenferro-trace,0.043071,0.003116,jax-cpu,0.008907,0.00082,4.835634893903671,#1884 #1878 #2000,#1884:OPEN #1878:CLOSED #2000:OPEN,batch-linalg cluster,short isolated-clock diagnostic,data/results/amd-cpu/cpu/public_api/20261008_060822/cpu_public_api_t1_20261008_060822.csv,https://github.com/tensor4all/tenferro-rs/issues/1884 https://github.com/tensor4all/tenferro-rs/issues/1878 https://github.com/tensor4all/tenferro-rs/issues/2000
small,grad_sum_eigh_jvp,f64,4,2x2,tenferro-trace,0.045668,0.000123,jax-cpu,0.009464,3.9e-05,4.825443786982248,#1328 #1803,#1328:CLOSED #1803:OPEN,AD cluster; #1803 primarily eager,unconfirmed observation,data/results/amd-cpu/cpu/einsum/20261008_053424/cpu_ops_t4_20261008_053424.csv,https://github.com/tensor4all/tenferro-rs/issues/1328 https://github.com/tensor4all/tenferro-rs/issues/1803
cpu/linalg_batch_families,batched_qr,f64,1,3x4x4,tenferro-trace,0.027551,0.001814,pytorch-cpu,0.005711,9e-05,4.824198914375766,#1878 #2000,#1878:CLOSED #2000:OPEN,batch-linalg cluster,short isolated-clock diagnostic,data/results/amd-cpu/cpu/public_api/20261008_060822/cpu_public_api_t1_20261008_060822.csv,https://github.com/tensor4all/tenferro-rs/issues/1878 https://github.com/tensor4all/tenferro-rs/issues/2000
cpu/linalg_batch_families,batched_cholesky,f64,1,3x4x4,tenferro-trace,0.020068,0.001583,pytorch-cpu,0.004168,5e-05,4.814779270633397,#1878 #2000,#1878:CLOSED #2000:OPEN,batch-linalg cluster,short isolated-clock diagnostic,data/results/amd-cpu/cpu/public_api/20261008_060822/cpu_public_api_t1_20261008_060822.csv,https://github.com/tensor4all/tenferro-rs/issues/1878 https://github.com/tensor4all/tenferro-rs/issues/2000
small,grad_sum_eigh_jvp,f64,1,2x2,tenferro-trace,0.045552,0.000105,jax-cpu,0.009465,3.1e-05,4.812678288431062,#1328 #1803,#1328:CLOSED #1803:OPEN,AD cluster; #1803 primarily eager,unconfirmed observation,data/results/amd-cpu/cpu/einsum/20261008_044146/cpu_ops_t1_20261008_044146.csv,https://github.com/tensor4all/tenferro-rs/issues/1328 https://github.com/tensor4all/tenferro-rs/issues/1803
cpu/linalg_batch_families,batched_qr,f64,4,1x2x2,tenferro-trace,0.025688,0.007234,pytorch-cpu,0.00534,0.00013,4.810486891385768,#1878 #2000,#1878:CLOSED #2000:OPEN,batch-linalg cluster,short isolated-clock diagnostic,data/results/amd-cpu/cpu/public_api/20261008_060822/cpu_public_api_t4_20261008_060822.csv,https://github.com/tensor4all/tenferro-rs/issues/1878 https://github.com/tensor4all/tenferro-rs/issues/2000
cpu/linalg_batch_families,batched_cholesky,f64,4,1x8x8,tenferro-trace,0.024366,0.002926,pytorch-cpu,0.00509,0.000179,4.787033398821218,#1878 #2000,#1878:CLOSED #2000:OPEN,batch-linalg cluster,short isolated-clock diagnostic,data/results/amd-cpu/cpu/public_api/20261008_060822/cpu_public_api_t4_20261008_060822.csv,https://github.com/tensor4all/tenferro-rs/issues/1878 https://github.com/tensor4all/tenferro-rs/issues/2000
cpu/linalg_batch_families,batched_qr,f64,4,4x2x2,tenferro-trace,0.02655,0.006393,pytorch-cpu,0.00558,0.000191,4.758064516129033,#1878 #2000,#1878:CLOSED #2000:OPEN,batch-linalg cluster,short isolated-clock diagnostic,data/results/amd-cpu/cpu/public_api/20261008_060822/cpu_public_api_t4_20261008_060822.csv,https://github.com/tensor4all/tenferro-rs/issues/1878 https://github.com/tensor4all/tenferro-rs/issues/2000
small,grad_sum_eigh_vjp,f64,4,2x2,tenferro-trace,0.046511,0.000199,jax-cpu,0.009836,6e-05,4.728649857665718,#1328 #1803,#1328:CLOSED #1803:OPEN,AD cluster; #1803 primarily eager,unconfirmed observation,data/results/amd-cpu/cpu/einsum/20261008_053424/cpu_ops_t4_20261008_053424.csv,https://github.com/tensor4all/tenferro-rs/issues/1328 https://github.com/tensor4all/tenferro-rs/issues/1803
cpu/linalg_batch_families,batched_cholesky,f64,4,1x4x4,tenferro-trace,0.023554,0.002825,pytorch-cpu,0.004989,0.000101,4.721186610543194,#1878 #2000,#1878:CLOSED #2000:OPEN,batch-linalg cluster,short isolated-clock diagnostic,data/results/amd-cpu/cpu/public_api/20261008_060822/cpu_public_api_t4_20261008_060822.csv,https://github.com/tensor4all/tenferro-rs/issues/1878 https://github.com/tensor4all/tenferro-rs/issues/2000
cpu/linalg_batch_families,batched_cholesky,f64,1,8x2x2,tenferro-trace,0.020609,0.003487,pytorch-cpu,0.004378,6.1e-05,4.707400639561444,#1878 #2000,#1878:CLOSED #2000:OPEN,batch-linalg cluster,short isolated-clock diagnostic,data/results/amd-cpu/cpu/public_api/20261008_060822/cpu_public_api_t1_20261008_060822.csv,https://github.com/tensor4all/tenferro-rs/issues/1878 https://github.com/tensor4all/tenferro-rs/issues/2000
cpu/structural_shape,extract_diagonal,f64,4,8388608x2x2 -> 8388608x2,tenferro-trace,63.282501,0.420483,jax-cpu,13.449524,0.505211,4.705185179787776,#1001 #674,#1001:CLOSED #674:CLOSED,historical cluster,unconfirmed observation,data/results/amd-cpu/cpu/public_api/20261008_060822/cpu_public_api_t4_20261008_060822.csv,https://github.com/tensor4all/tenferro-rs/issues/1001 https://github.com/tensor4all/tenferro-rs/issues/674
small,grad_sum_eigh_vjp,f64,1,2x2,tenferro-trace,0.04597,9e-05,jax-cpu,0.009778,5.9e-05,4.701370423399468,#1328 #1803,#1328:CLOSED #1803:OPEN,AD cluster; #1803 primarily eager,unconfirmed observation,data/results/amd-cpu/cpu/einsum/20261008_044146/cpu_ops_t1_20261008_044146.csv,https://github.com/tensor4all/tenferro-rs/issues/1328 https://github.com/tensor4all/tenferro-rs/issues/1803
cpu/perf_issues,conj_dot_c64_dot-general-rank1_len1000000,c64,4,"{'len': 1000000, 'kind': 'rank1_dot', 'arm': 'dot-general-rank1', 'dtype': 'c64'}",dot-general-rank1,0.87694125,,pytorch-cpu,0.1866615,,4.6980295883189624,#1615,#1615:OPEN,explicit workload issue IDs,screening only: original PyTorch retention-list growth timed,data/results/amd-cpu/cpu/perf_issues/20261008_063605/samples_t4.jsonl,https://github.com/tensor4all/tenferro-rs/issues/1615
cpu/linalg_batch_families,batched_svd,c64,4,8x32x32,tenferro-direct,2.055239,0.003737,jax-cpu,0.438836,0.012023,4.683387415799979,#1878 #2000,#1878:CLOSED #2000:OPEN,batch-linalg cluster,unconfirmed observation,data/results/amd-cpu/cpu/public_api/20261008_060822/cpu_public_api_t4_20261008_060822.csv,https://github.com/tensor4all/tenferro-rs/issues/1878 https://github.com/tensor4all/tenferro-rs/issues/2000
small,matmul,f64,4,2x2,tenferro-trace,0.008708,1.7e-05,pytorch-cpu,0.001873,4.7e-05,4.649225840896957,#1904 #1762,#1904:OPEN #1762:CLOSED,small-call cluster,unconfirmed observation,data/results/amd-cpu/cpu/einsum/20261008_053424/cpu_ops_t4_20261008_053424.csv,https://github.com/tensor4all/tenferro-rs/issues/1904 https://github.com/tensor4all/tenferro-rs/issues/1762
cpu/einsum,bin_batched_matmul_b32_m128_n128_k128 / opt_flops,f64 (see instance),4,see instance JSON,tenferro-rs trace mode (ms),5.336,,PyTorch Python (ms),1.156,,4.615916955017302,#1878 #2000,#1878:CLOSED #2000:OPEN,batch-linalg cluster,unconfirmed observation,data/results/amd-cpu/cpu/einsum/20261008_053424/einsum_table_t4_20261008_053424.md,https://github.com/tensor4all/tenferro-rs/issues/1878 https://github.com/tensor4all/tenferro-rs/issues/2000
cpu/einsum,bin_batched_matmul_b32_m128_n128_k128 / opt_size,f64 (see instance),4,see instance JSON,tenferro-rs trace mode (ms),5.336,,PyTorch Python (ms),1.156,,4.615916955017302,#1878 #2000,#1878:CLOSED #2000:OPEN,batch-linalg cluster,unconfirmed observation,data/results/amd-cpu/cpu/einsum/20261008_053424/einsum_table_t4_20261008_053424.md,https://github.com/tensor4all/tenferro-rs/issues/1878 https://github.com/tensor4all/tenferro-rs/issues/2000
cpu/linalg_batch_families,batched_cholesky,f64,1,1x8x8,tenferro-trace,0.019888,0.001522,pytorch-cpu,0.004309,5e-05,4.61545602227895,#1878 #2000,#1878:CLOSED #2000:OPEN,batch-linalg cluster,short isolated-clock diagnostic,data/results/amd-cpu/cpu/public_api/20261008_060822/cpu_public_api_t1_20261008_060822.csv,https://github.com/tensor4all/tenferro-rs/issues/1878 https://github.com/tensor4all/tenferro-rs/issues/2000
cpu/linalg_batch_families,batched_cholesky,f64,1,4x2x2,tenferro-trace,0.019587,0.000421,pytorch-cpu,0.004248,9e-05,4.6108757062146895,#1878 #2000,#1878:CLOSED #2000:OPEN,batch-linalg cluster,short isolated-clock diagnostic,data/results/amd-cpu/cpu/public_api/20261008_060822/cpu_public_api_t1_20261008_060822.csv,https://github.com/tensor4all/tenferro-rs/issues/1878 https://github.com/tensor4all/tenferro-rs/issues/2000
cpu/linalg_batch_families,batched_cholesky,f64,1,1x4x4,tenferro-trace,0.019436,0.000671,pytorch-cpu,0.004217,0.00014,4.608963718283139,#1878 #2000,#1878:CLOSED #2000:OPEN,batch-linalg cluster,short isolated-clock diagnostic,data/results/amd-cpu/cpu/public_api/20261008_060822/cpu_public_api_t1_20261008_060822.csv,https://github.com/tensor4all/tenferro-rs/issues/1878 https://github.com/tensor4all/tenferro-rs/issues/2000
cpu/linalg_batch_families,batched_eigh,f64,1,1x2x2,tenferro-trace,0.027321,0.002766,pytorch-cpu,0.005941,9e-05,4.598720754081804,#1878 #2000,#1878:CLOSED #2000:OPEN,batch-linalg cluster,short isolated-clock diagnostic,data/results/amd-cpu/cpu/public_api/20261008_060822/cpu_public_api_t1_20261008_060822.csv,https://github.com/tensor4all/tenferro-rs/issues/1878 https://github.com/tensor4all/tenferro-rs/issues/2000
cpu/linalg_batch_families,batched_eigh,c64,4,1x2x2,tenferro-trace,0.029976,0.007695,pytorch-cpu,0.006572,8.1e-05,4.561168594035301,#1878 #2000,#1878:CLOSED #2000:OPEN,batch-linalg cluster,short isolated-clock diagnostic,data/results/amd-cpu/cpu/public_api/20261008_060822/cpu_public_api_t4_20261008_060822.csv,https://github.com/tensor4all/tenferro-rs/issues/1878 https://github.com/tensor4all/tenferro-rs/issues/2000
cpu/indexing_layout,dynamic_slice,f64,1,4194304 -> 2097152,tenferro-trace,2.358952,0.07935,pytorch-cpu,0.518666,0.032171,4.548113815056317,#1482 #1719 #1512,#1482:CLOSED #1719:CLOSED #1512:CLOSED,historical indexing cluster,unconfirmed observation,data/results/amd-cpu/cpu/public_api/20261008_060822/cpu_public_api_t1_20261008_060822.csv,https://github.com/tensor4all/tenferro-rs/issues/1482 https://github.com/tensor4all/tenferro-rs/issues/1719 https://github.com/tensor4all/tenferro-rs/issues/1512
small,matmul,f64,1,2x2,tenferro-trace,0.008628,2.5e-05,pytorch-cpu,0.001898,6.9e-05,4.545837723919916,#1904 #1762,#1904:OPEN #1762:CLOSED,small-call cluster,unconfirmed observation,data/results/amd-cpu/cpu/einsum/20261008_044146/cpu_ops_t1_20261008_044146.csv,https://github.com/tensor4all/tenferro-rs/issues/1904 https://github.com/tensor4all/tenferro-rs/issues/1762
small,grad_sum_lu_vjp,f64,1,2x2,tenferro-trace,0.048694,0.000121,jax-cpu,0.010824,5.1e-05,4.498706577974871,#1328 #1803,#1328:CLOSED #1803:OPEN,AD cluster; #1803 primarily eager,unconfirmed observation,data/results/amd-cpu/cpu/einsum/20261008_044146/cpu_ops_t1_20261008_044146.csv,https://github.com/tensor4all/tenferro-rs/issues/1328 https://github.com/tensor4all/tenferro-rs/issues/1803
cpu/linalg_batch_families,batched_svd,f64,4,1x2x2,tenferro-trace,0.03701,0.012915,pytorch-cpu,0.008236,0.00017,4.4936862554638175,#1878 #2000,#1878:CLOSED #2000:OPEN,batch-linalg cluster,short isolated-clock diagnostic,data/results/amd-cpu/cpu/public_api/20261008_060822/cpu_public_api_t4_20261008_060822.csv,https://github.com/tensor4all/tenferro-rs/issues/1878 https://github.com/tensor4all/tenferro-rs/issues/2000
small,grad_sum_lu_vjp,f64,4,2x2,tenferro-trace,0.049184,0.0002,jax-cpu,0.010949,6.2e-05,4.492099735135628,#1328 #1803,#1328:CLOSED #1803:OPEN,AD cluster; #1803 primarily eager,unconfirmed observation,data/results/amd-cpu/cpu/einsum/20261008_053424/cpu_ops_t4_20261008_053424.csv,https://github.com/tensor4all/tenferro-rs/issues/1328 https://github.com/tensor4all/tenferro-rs/issues/1803
cpu/elementwise_reduction,chain_log1p_exp_mul,f64,1,4194304,tenferro-trace,190.613304,13.841531,pytorch-cpu,42.459795,0.372,4.489265763058913,#1990,#1990:OPEN,related fused-kernel issue (different chain),unconfirmed observation,data/results/amd-cpu/cpu/public_api/20261008_060822/cpu_public_api_t1_20261008_060822.csv,https://github.com/tensor4all/tenferro-rs/issues/1990
cpu/linalg_batch_families,batched_cholesky,f64,1,8x4x4,tenferro-trace,0.02127,0.004698,pytorch-cpu,0.004739,9e-05,4.488288668495463,#1878 #2000,#1878:CLOSED #2000:OPEN,batch-linalg cluster,short isolated-clock diagnostic,data/results/amd-cpu/cpu/public_api/20261008_060822/cpu_public_api_t1_20261008_060822.csv,https://github.com/tensor4all/tenferro-rs/issues/1878 https://github.com/tensor4all/tenferro-rs/issues/2000
cpu/linalg_batch_families,batched_svd,c64,1,1x2x2,tenferro-trace,0.036408,0.00541,pytorch-cpu,0.008116,0.000201,4.4859536717594874,#1878 #2000,#1878:CLOSED #2000:OPEN,batch-linalg cluster,short isolated-clock diagnostic,data/results/amd-cpu/cpu/public_api/20261008_060822/cpu_public_api_t1_20261008_060822.csv,https://github.com/tensor4all/tenferro-rs/issues/1878 https://github.com/tensor4all/tenferro-rs/issues/2000
cpu/linalg_batch_families,batched_eigh,f64,4,1x4x4,tenferro-trace,0.034595,0.0106,pytorch-cpu,0.007755,0.00014,4.460992907801419,#1878 #2000,#1878:CLOSED #2000:OPEN,batch-linalg cluster,short isolated-clock diagnostic,data/results/amd-cpu/cpu/public_api/20261008_060822/cpu_public_api_t4_20261008_060822.csv,https://github.com/tensor4all/tenferro-rs/issues/1878 https://github.com/tensor4all/tenferro-rs/issues/2000
small,grad_sum_lu_jvp,f64,1,2x2,tenferro-trace,0.048653,0.000192,jax-cpu,0.010918,2.8e-05,4.4562190877450085,#1328 #1803,#1328:CLOSED #1803:OPEN,AD cluster; #1803 primarily eager,unconfirmed observation,data/results/amd-cpu/cpu/einsum/20261008_044146/cpu_ops_t1_20261008_044146.csv,https://github.com/tensor4all/tenferro-rs/issues/1328 https://github.com/tensor4all/tenferro-rs/issues/1803
cpu/linalg_batch_families,batched_eigh,c64,4,3x2x2,tenferro-trace,0.036088,0.012844,pytorch-cpu,0.008125,0.000121,4.4416,#1878 #2000,#1878:CLOSED #2000:OPEN,batch-linalg cluster,short isolated-clock diagnostic,data/results/amd-cpu/cpu/public_api/20261008_060822/cpu_public_api_t4_20261008_060822.csv,https://github.com/tensor4all/tenferro-rs/issues/1878 https://github.com/tensor4all/tenferro-rs/issues/2000
cpu/linalg_batch_families,batched_qr,f64,1,4x4x4,tenferro-trace,0.028113,0.001171,pytorch-cpu,0.006332,7.1e-05,4.439829437776374,#1878 #2000,#1878:CLOSED #2000:OPEN,batch-linalg cluster,short isolated-clock diagnostic,data/results/amd-cpu/cpu/public_api/20261008_060822/cpu_public_api_t1_20261008_060822.csv,https://github.com/tensor4all/tenferro-rs/issues/1878 https://github.com/tensor4all/tenferro-rs/issues/2000
cpu/linalg_batch_families,batched_cholesky,f64,1,4x4x4,tenferro-trace,0.019346,0.000771,pytorch-cpu,0.004368,0.00012,4.429029304029303,#1878 #2000,#1878:CLOSED #2000:OPEN,batch-linalg cluster,short isolated-clock diagnostic,data/results/amd-cpu/cpu/public_api/20261008_060822/cpu_public_api_t1_20261008_060822.csv,https://github.com/tensor4all/tenferro-rs/issues/1878 https://github.com/tensor4all/tenferro-rs/issues/2000
small,matmul,f64,4,4x4,tenferro-trace,0.008533,3.3e-05,pytorch-cpu,0.001937,0.000143,4.405265875064534,#1904 #1762,#1904:OPEN #1762:CLOSED,small-call cluster,unconfirmed observation,data/results/amd-cpu/cpu/einsum/20261008_053424/cpu_ops_t4_20261008_053424.csv,https://github.com/tensor4all/tenferro-rs/issues/1904 https://github.com/tensor4all/tenferro-rs/issues/1762
cpu/linalg_batch_families,batched_svd,f64,4,1024x4x4,tenferro-trace,5.775545,0.48375,jax-cpu,1.3119,0.009688,4.402427776507356,#1878 #2000,#1878:CLOSED #2000:OPEN,batch-linalg cluster,unconfirmed observation,data/results/amd-cpu/cpu/public_api/20261008_060822/cpu_public_api_t4_20261008_060822.csv,https://github.com/tensor4all/tenferro-rs/issues/1878 https://github.com/tensor4all/tenferro-rs/issues/2000
small,grad_sum_lu_jvp,f64,4,2x2,tenferro-trace,0.048922,0.000116,jax-cpu,0.011115,6e-05,4.401439496176338,#1328 #1803,#1328:CLOSED #1803:OPEN,AD cluster; #1803 primarily eager,unconfirmed observation,data/results/amd-cpu/cpu/einsum/20261008_053424/cpu_ops_t4_20261008_053424.csv,https://github.com/tensor4all/tenferro-rs/issues/1328 https://github.com/tensor4all/tenferro-rs/issues/1803
small,grad_sum_lu_jvp,f64,1,4x4,tenferro-trace,0.049355,9e-05,jax-cpu,0.011263,4.6e-05,4.382047411879606,#1328 #1803,#1328:CLOSED #1803:OPEN,AD cluster; #1803 primarily eager,unconfirmed observation,data/results/amd-cpu/cpu/einsum/20261008_044146/cpu_ops_t1_20261008_044146.csv,https://github.com/tensor4all/tenferro-rs/issues/1328 https://github.com/tensor4all/tenferro-rs/issues/1803
small,matmul,f64,1,4x4,tenferro-trace,0.008483,2.9e-05,pytorch-cpu,0.001944,0.000117,4.363683127572016,#1904 #1762,#1904:OPEN #1762:CLOSED,small-call cluster,unconfirmed observation,data/results/amd-cpu/cpu/einsum/20261008_044146/cpu_ops_t1_20261008_044146.csv,https://github.com/tensor4all/tenferro-rs/issues/1904 https://github.com/tensor4all/tenferro-rs/issues/1762
cpu/perf_issues,softmax_f32_eager-single-call_len512_b8,f32,1,"{'op': 'softmax', 'len': 512, 'batch': 8, 'axis': 0, 'kind': 'softmax', 'arm': 'eager-single-call', 'dtype': 'f32'}",eager-single-call,6.448233,,pytorch-cpu,1.485983,,4.339371984740068,#1976,#1976:OPEN,API feature request; #2021 is related concrete-session materialization,screening only: original PyTorch retention-list growth timed,data/results/amd-cpu/cpu/perf_issues/20261008_063605/samples_t1.jsonl,https://github.com/tensor4all/tenferro-rs/issues/1976
cpu/elementwise_reduction,chain_log1p_exp_mul,f64,4,4194304,tenferro-trace,50.032994,3.175458,jax-cpu,11.53052,0.40338,4.339179325823988,#1990,#1990:OPEN,related fused-kernel issue (different chain),unconfirmed observation,data/results/amd-cpu/cpu/public_api/20261008_060822/cpu_public_api_t4_20261008_060822.csv,https://github.com/tensor4all/tenferro-rs/issues/1990
cpu/elementwise_reduction,tanh,f64,4,8388608,tenferro-direct,28.471828,0.567908,jax-cpu,6.569719,0.355649,4.3337969249521935,#1719 #1001,#1719:CLOSED #1001:CLOSED,historical cluster,excluded: timed session entry,data/results/amd-cpu/cpu/public_api/20261008_060822/cpu_public_api_t4_20261008_060822.csv,https://github.com/tensor4all/tenferro-rs/issues/1719 https://github.com/tensor4all/tenferro-rs/issues/1001
cpu/linalg_batch_families,batched_svd,c64,4,1x4x4,tenferro-trace,0.052899,0.012904,pytorch-cpu,0.012233,0.000101,4.324286765306956,#1878 #2000,#1878:CLOSED #2000:OPEN,batch-linalg cluster,short isolated-clock diagnostic,data/results/amd-cpu/cpu/public_api/20261008_060822/cpu_public_api_t4_20261008_060822.csv,https://github.com/tensor4all/tenferro-rs/issues/1878 https://github.com/tensor4all/tenferro-rs/issues/2000
cpu/elementwise_reduction,tanh,f64,4,8388608,tenferro-trace,28.405844,0.469324,jax-cpu,6.569719,0.355649,4.323753268594897,#1719 #1001,#1719:CLOSED #1001:CLOSED,historical cluster,unconfirmed observation,data/results/amd-cpu/cpu/public_api/20261008_060822/cpu_public_api_t4_20261008_060822.csv,https://github.com/tensor4all/tenferro-rs/issues/1719 https://github.com/tensor4all/tenferro-rs/issues/1001
cpu/linalg_batch_families,batched_qr,f64,4,8x4x4,tenferro-trace,0.038002,0.002133,pytorch-cpu,0.008877,7e-05,4.280950771657092,#1878 #2000,#1878:CLOSED #2000:OPEN,batch-linalg cluster,short isolated-clock diagnostic,data/results/amd-cpu/cpu/public_api/20261008_060822/cpu_public_api_t4_20261008_060822.csv,https://github.com/tensor4all/tenferro-rs/issues/1878 https://github.com/tensor4all/tenferro-rs/issues/2000
cpu/linalg_batch_families,batched_eigh,f64,4,3x2x2,tenferro-trace,0.030186,0.011883,pytorch-cpu,0.007064,0.000121,4.27321630804077,#1878 #2000,#1878:CLOSED #2000:OPEN,batch-linalg cluster,short isolated-clock diagnostic,data/results/amd-cpu/cpu/public_api/20261008_060822/cpu_public_api_t4_20261008_060822.csv,https://github.com/tensor4all/tenferro-rs/issues/1878 https://github.com/tensor4all/tenferro-rs/issues/2000
cpu/indexing_layout,pad,f64,4,2097152,tenferro-trace,1.102346,0.861432,pytorch-cpu,0.260911,0.007494,4.2249885976444075,#1482 #1719 #1512,#1482:CLOSED #1719:CLOSED #1512:CLOSED,historical indexing cluster,unconfirmed observation,data/results/amd-cpu/cpu/public_api/20261008_060822/cpu_public_api_t4_20261008_060822.csv,https://github.com/tensor4all/tenferro-rs/issues/1482 https://github.com/tensor4all/tenferro-rs/issues/1719 https://github.com/tensor4all/tenferro-rs/issues/1512
small,grad_sum_eigh_jvp,f64,1,4x4,tenferro-trace,0.047285,0.000123,jax-cpu,0.011221,8.3e-05,4.213973799126638,#1328 #1803,#1328:CLOSED #1803:OPEN,AD cluster; #1803 primarily eager,unconfirmed observation,data/results/amd-cpu/cpu/einsum/20261008_044146/cpu_ops_t1_20261008_044146.csv,https://github.com/tensor4all/tenferro-rs/issues/1328 https://github.com/tensor4all/tenferro-rs/issues/1803
small,grad_sum_eigh_vjp,f64,1,8x8,tenferro-trace,0.052986,0.00012,jax-cpu,0.012575,0.00016,4.213598409542744,#1328 #1803,#1328:CLOSED #1803:OPEN,AD cluster; #1803 primarily eager,unconfirmed observation,data/results/amd-cpu/cpu/einsum/20261008_044146/cpu_ops_t1_20261008_044146.csv,https://github.com/tensor4all/tenferro-rs/issues/1328 https://github.com/tensor4all/tenferro-rs/issues/1803
cpu/linalg_batch_families,batched_eigvalsh,f64,4,4x2x2,tenferro-trace,0.032872,0.004579,pytorch-cpu,0.007814,0.00018,4.206808292807781,#1878 #2000,#1878:CLOSED #2000:OPEN,batch-linalg cluster,short isolated-clock diagnostic,data/results/amd-cpu/cpu/public_api/20261008_060822/cpu_public_api_t4_20261008_060822.csv,https://github.com/tensor4all/tenferro-rs/issues/1878 https://github.com/tensor4all/tenferro-rs/issues/2000
cpu/linalg_batch_families,batched_cholesky,f64,4,3x4x4,tenferro-trace,0.020509,0.006552,pytorch-cpu,0.004879,0.00014,4.20352531256405,#1878 #2000,#1878:CLOSED #2000:OPEN,batch-linalg cluster,short isolated-clock diagnostic,data/results/amd-cpu/cpu/public_api/20261008_060822/cpu_public_api_t4_20261008_060822.csv,https://github.com/tensor4all/tenferro-rs/issues/1878 https://github.com/tensor4all/tenferro-rs/issues/2000
small,matmul,f64,4,8x8,tenferro-trace,0.008661,1.4e-05,pytorch-cpu,0.002062,0.000158,4.200290979631426,#1904 #1762,#1904:OPEN #1762:CLOSED,small-call cluster,unconfirmed observation,data/results/amd-cpu/cpu/einsum/20261008_053424/cpu_ops_t4_20261008_053424.csv,https://github.com/tensor4all/tenferro-rs/issues/1904 https://github.com/tensor4all/tenferro-rs/issues/1762
batched,grad_sum_batched_matmul_backward,f64,4,2x2xbatch16 (native batch layout),tenferro-trace,0.039695,7.2e-05,jax-cpu,0.009465,3.2e-05,4.193872160591654,#1328 #1803,#1328:CLOSED #1803:OPEN,AD cluster; #1803 primarily eager,unconfirmed observation,data/results/amd-cpu/cpu/einsum/20261008_053424/cpu_ops_t4_20261008_053424.csv,https://github.com/tensor4all/tenferro-rs/issues/1328 https://github.com/tensor4all/tenferro-rs/issues/1803
cpu/linalg_batch_families,batched_cholesky,f64,1,3x8x8,tenferro-trace,0.020449,0.000742,pytorch-cpu,0.004879,7e-05,4.191227710596434,#1878 #2000,#1878:CLOSED #2000:OPEN,batch-linalg cluster,short isolated-clock diagnostic,data/results/amd-cpu/cpu/public_api/20261008_060822/cpu_public_api_t1_20261008_060822.csv,https://github.com/tensor4all/tenferro-rs/issues/1878 https://github.com/tensor4all/tenferro-rs/issues/2000
small,grad_sum_lu_vjp,f64,1,4x4,tenferro-trace,0.049886,7.3e-05,jax-cpu,0.011908,6.6e-05,4.189284514612026,#1328 #1803,#1328:CLOSED #1803:OPEN,AD cluster; #1803 primarily eager,unconfirmed observation,data/results/amd-cpu/cpu/einsum/20261008_044146/cpu_ops_t1_20261008_044146.csv,https://github.com/tensor4all/tenferro-rs/issues/1328 https://github.com/tensor4all/tenferro-rs/issues/1803
cpu/indexing_layout,scatter,f64,4,262144,tenferro-trace,1.292333,0.06342,pytorch-cpu,0.309152,0.003267,4.180251138598489,#1482 #1719 #1512,#1482:CLOSED #1719:CLOSED #1512:CLOSED,historical indexing cluster,unconfirmed observation,data/results/amd-cpu/cpu/public_api/20261008_060822/cpu_public_api_t4_20261008_060822.csv,https://github.com/tensor4all/tenferro-rs/issues/1482 https://github.com/tensor4all/tenferro-rs/issues/1719 https://github.com/tensor4all/tenferro-rs/issues/1512
small,grad_sum_lu_jvp,f64,4,4x4,tenferro-trace,0.049422,0.000215,jax-cpu,0.011869,6.8e-05,4.163956525402309,#1328 #1803,#1328:CLOSED #1803:OPEN,AD cluster; #1803 primarily eager,unconfirmed observation,data/results/amd-cpu/cpu/einsum/20261008_053424/cpu_ops_t4_20261008_053424.csv,https://github.com/tensor4all/tenferro-rs/issues/1328 https://github.com/tensor4all/tenferro-rs/issues/1803
cpu/linalg_batch_families,batched_eigvalsh,f64,4,3x2x2,tenferro-trace,0.032351,0.001212,pytorch-cpu,0.007775,0.000421,4.160900321543409,#1878 #2000,#1878:CLOSED #2000:OPEN,batch-linalg cluster,short isolated-clock diagnostic,data/results/amd-cpu/cpu/public_api/20261008_060822/cpu_public_api_t4_20261008_060822.csv,https://github.com/tensor4all/tenferro-rs/issues/1878 https://github.com/tensor4all/tenferro-rs/issues/2000
small,grad_sum_eigh_jvp,f64,4,8x8,tenferro-trace,0.052131,0.000263,jax-cpu,0.012536,0.000412,4.158503509891512,#1328 #1803,#1328:CLOSED #1803:OPEN,AD cluster; #1803 primarily eager,unconfirmed observation,data/results/amd-cpu/cpu/einsum/20261008_053424/cpu_ops_t4_20261008_053424.csv,https://github.com/tensor4all/tenferro-rs/issues/1328 https://github.com/tensor4all/tenferro-rs/issues/1803
cpu/perf_issues,masked_softmax_f32_eager-single-call_len64_b8,f32,4,"{'op': 'masked_softmax', 'len': 64, 'batch': 8, 'axis': 0, 'kind': 'softmax', 'arm': 'eager-single-call', 'dtype': 'f32'}",eager-single-call,0.25547475,,pytorch-cpu,0.061507375,,4.153562885751505,#1976,#1976:OPEN,API feature request; #2021 is related concrete-session materialization,screening only: original PyTorch retention-list growth timed,data/results/amd-cpu/cpu/perf_issues/20261008_063605/samples_t4.jsonl,https://github.com/tensor4all/tenferro-rs/issues/1976
small,grad_sum_lu_vjp,f64,4,4x4,tenferro-trace,0.049311,0.000132,jax-cpu,0.011923,6.5e-05,4.135787972825631,#1328 #1803,#1328:CLOSED #1803:OPEN,AD cluster; #1803 primarily eager,unconfirmed observation,data/results/amd-cpu/cpu/einsum/20261008_053424/cpu_ops_t4_20261008_053424.csv,https://github.com/tensor4all/tenferro-rs/issues/1328 https://github.com/tensor4all/tenferro-rs/issues/1803
batched,grad_sum_batched_matmul_backward,f64,4,2x2xbatch64 (native batch layout),tenferro-trace,0.049749,5.7e-05,jax-cpu,0.012036,0.000414,4.133349950149552,#1328 #1803,#1328:CLOSED #1803:OPEN,AD cluster; #1803 primarily eager,unconfirmed observation,data/results/amd-cpu/cpu/einsum/20261008_053424/cpu_ops_t4_20261008_053424.csv,https://github.com/tensor4all/tenferro-rs/issues/1328 https://github.com/tensor4all/tenferro-rs/issues/1803
small,matmul,f64,1,8x8,tenferro-trace,0.008699,2.1e-05,pytorch-cpu,0.002111,0.000146,4.120795831359545,#1904 #1762,#1904:OPEN #1762:CLOSED,small-call cluster,unconfirmed observation,data/results/amd-cpu/cpu/einsum/20261008_044146/cpu_ops_t1_20261008_044146.csv,https://github.com/tensor4all/tenferro-rs/issues/1904 https://github.com/tensor4all/tenferro-rs/issues/1762
small,grad_sum_eigh_jvp,f64,1,8x8,tenferro-trace,0.052173,0.000258,jax-cpu,0.012682,0.000133,4.113941018766756,#1328 #1803,#1328:CLOSED #1803:OPEN,AD cluster; #1803 primarily eager,unconfirmed observation,data/results/amd-cpu/cpu/einsum/20261008_044146/cpu_ops_t1_20261008_044146.csv,https://github.com/tensor4all/tenferro-rs/issues/1328 https://github.com/tensor4all/tenferro-rs/issues/1803
small,grad_sum_eigh_vjp,f64,4,8x8,tenferro-trace,0.052391,0.000227,jax-cpu,0.012755,0.000601,4.107487259898079,#1328 #1803,#1328:CLOSED #1803:OPEN,AD cluster; #1803 primarily eager,unconfirmed observation,data/results/amd-cpu/cpu/einsum/20261008_053424/cpu_ops_t4_20261008_053424.csv,https://github.com/tensor4all/tenferro-rs/issues/1328 https://github.com/tensor4all/tenferro-rs/issues/1803
cpu/linalg_batch_families,batched_lu,f64,1,1x4x4,tenferro-trace,0.039785,0.001553,pytorch-cpu,0.009728,0.00019,4.089740953947368,#1884 #1878 #2000,#1884:OPEN #1878:CLOSED #2000:OPEN,batch-linalg cluster,short isolated-clock diagnostic,data/results/amd-cpu/cpu/public_api/20261008_060822/cpu_public_api_t1_20261008_060822.csv,https://github.com/tensor4all/tenferro-rs/issues/1884 https://github.com/tensor4all/tenferro-rs/issues/1878 https://github.com/tensor4all/tenferro-rs/issues/2000
cpu/linalg_batch_families,batched_cholesky,f64,4,4x4x4,tenferro-trace,0.020178,0.006392,pytorch-cpu,0.004939,0.000131,4.085442397246407,#1878 #2000,#1878:CLOSED #2000:OPEN,batch-linalg cluster,short isolated-clock diagnostic,data/results/amd-cpu/cpu/public_api/20261008_060822/cpu_public_api_t4_20261008_060822.csv,https://github.com/tensor4all/tenferro-rs/issues/1878 https://github.com/tensor4all/tenferro-rs/issues/2000
cpu/linalg_batch_families,batched_cholesky,f64,4,8x2x2,tenferro-trace,0.020128,0.006302,pytorch-cpu,0.004929,0.000161,4.083586934469467,#1878 #2000,#1878:CLOSED #2000:OPEN,batch-linalg cluster,short isolated-clock diagnostic,data/results/amd-cpu/cpu/public_api/20261008_060822/cpu_public_api_t4_20261008_060822.csv,https://github.com/tensor4all/tenferro-rs/issues/1878 https://github.com/tensor4all/tenferro-rs/issues/2000
cpu/linalg_batch_families,batched_qr,f64,1,8x4x4,tenferro-trace,0.033964,0.006272,pytorch-cpu,0.008326,5.1e-05,4.0792697573865,#1878 #2000,#1878:CLOSED #2000:OPEN,batch-linalg cluster,short isolated-clock diagnostic,data/results/amd-cpu/cpu/public_api/20261008_060822/cpu_public_api_t1_20261008_060822.csv,https://github.com/tensor4all/tenferro-rs/issues/1878 https://github.com/tensor4all/tenferro-rs/issues/2000
cpu/linalg_batch_families,batched_qr,f64,4,1x8x8,tenferro-trace,0.026189,0.00515,pytorch-cpu,0.006442,0.000381,4.065352375038808,#1878 #2000,#1878:CLOSED #2000:OPEN,batch-linalg cluster,short isolated-clock diagnostic,data/results/amd-cpu/cpu/public_api/20261008_060822/cpu_public_api_t4_20261008_060822.csv,https://github.com/tensor4all/tenferro-rs/issues/1878 https://github.com/tensor4all/tenferro-rs/issues/2000
cpu/linalg_batch_families,batched_svd,c64,4,3x2x2,tenferro-trace,0.046077,0.01056,pytorch-cpu,0.011382,0.00021,4.048234053769109,#1878 #2000,#1878:CLOSED #2000:OPEN,batch-linalg cluster,short isolated-clock diagnostic,data/results/amd-cpu/cpu/public_api/20261008_060822/cpu_public_api_t4_20261008_060822.csv,https://github.com/tensor4all/tenferro-rs/issues/1878 https://github.com/tensor4all/tenferro-rs/issues/2000
cpu/linalg_batch_families,batched_cholesky,f64,1,4x8x8,tenferro-trace,0.0209,0.000832,pytorch-cpu,0.00517,7.1e-05,4.042553191489361,#1878 #2000,#1878:CLOSED #2000:OPEN,batch-linalg cluster,short isolated-clock diagnostic,data/results/amd-cpu/cpu/public_api/20261008_060822/cpu_public_api_t1_20261008_060822.csv,https://github.com/tensor4all/tenferro-rs/issues/1878 https://github.com/tensor4all/tenferro-rs/issues/2000
cpu/linalg_batch_families,batched_cholesky,f64,4,8x4x4,tenferro-trace,0.02135,0.005089,pytorch-cpu,0.00529,0.00012,4.0359168241965975,#1878 #2000,#1878:CLOSED #2000:OPEN,batch-linalg cluster,short isolated-clock diagnostic,data/results/amd-cpu/cpu/public_api/20261008_060822/cpu_public_api_t4_20261008_060822.csv,https://github.com/tensor4all/tenferro-rs/issues/1878 https://github.com/tensor4all/tenferro-rs/issues/2000
small,grad_sum_eigh_vjp,f64,1,4x4,tenferro-trace,0.048487,0.0001,jax-cpu,0.012028,3.2e-05,4.031177253076156,#1328 #1803,#1328:CLOSED #1803:OPEN,AD cluster; #1803 primarily eager,unconfirmed observation,data/results/amd-cpu/cpu/einsum/20261008_044146/cpu_ops_t1_20261008_044146.csv,https://github.com/tensor4all/tenferro-rs/issues/1328 https://github.com/tensor4all/tenferro-rs/issues/1803
cpu/linalg_batch_families,batched_eigh,f64,1,4x2x2,tenferro-trace,0.030357,0.006261,pytorch-cpu,0.007544,0.0002,4.02399257688229,#1878 #2000,#1878:CLOSED #2000:OPEN,batch-linalg cluster,short isolated-clock diagnostic,data/results/amd-cpu/cpu/public_api/20261008_060822/cpu_public_api_t1_20261008_060822.csv,https://github.com/tensor4all/tenferro-rs/issues/1878 https://github.com/tensor4all/tenferro-rs/issues/2000
cpu/linalg_batch_families,batched_lu,f64,1,1x8x8,tenferro-trace,0.038843,0.000892,pytorch-cpu,0.009668,0.0001,4.017687215556475,#1884 #1878 #2000,#1884:OPEN #1878:CLOSED #2000:OPEN,batch-linalg cluster,short isolated-clock diagnostic,data/results/amd-cpu/cpu/public_api/20261008_060822/cpu_public_api_t1_20261008_060822.csv,https://github.com/tensor4all/tenferro-rs/issues/1884 https://github.com/tensor4all/tenferro-rs/issues/1878 https://github.com/tensor4all/tenferro-rs/issues/2000
cpu/linalg_batch_families,batched_svd,f64,4,3x2x2,tenferro-trace,0.041579,0.011271,pytorch-cpu,0.010349,0.00024,4.017682867909943,#1878 #2000,#1878:CLOSED #2000:OPEN,batch-linalg cluster,short isolated-clock diagnostic,data/results/amd-cpu/cpu/public_api/20261008_060822/cpu_public_api_t4_20261008_060822.csv,https://github.com/tensor4all/tenferro-rs/issues/1878 https://github.com/tensor4all/tenferro-rs/issues/2000
small,grad_sum_lu_vjp,f64,1,16x16,tenferro-trace,0.056123,0.000161,jax-cpu,0.014067,0.001273,3.9896921873889246,#1328 #1803,#1328:CLOSED #1803:OPEN,AD cluster; #1803 primarily eager,unconfirmed observation,data/results/amd-cpu/cpu/einsum/20261008_044146/cpu_ops_t1_20261008_044146.csv,https://github.com/tensor4all/tenferro-rs/issues/1328 https://github.com/tensor4all/tenferro-rs/issues/1803
cpu/linalg_batch_families,batched_cholesky,f64,4,1x2x2,tenferro-trace,0.019386,0.00584,pytorch-cpu,0.004869,0.00017,3.981515711645102,#1878 #2000,#1878:CLOSED #2000:OPEN,batch-linalg cluster,short isolated-clock diagnostic,data/results/amd-cpu/cpu/public_api/20261008_060822/cpu_public_api_t4_20261008_060822.csv,https://github.com/tensor4all/tenferro-rs/issues/1878 https://github.com/tensor4all/tenferro-rs/issues/2000
cpu/linalg_batch_families,batched_svd,f64,4,1024x4x4,tenferro-direct,5.218335,1.682458,jax-cpu,1.3119,0.009688,3.977692659501486,#1878 #2000,#1878:CLOSED #2000:OPEN,batch-linalg cluster,unconfirmed observation,data/results/amd-cpu/cpu/public_api/20261008_060822/cpu_public_api_t4_20261008_060822.csv,https://github.com/tensor4all/tenferro-rs/issues/1878 https://github.com/tensor4all/tenferro-rs/issues/2000
cpu/linalg_batch_families,batched_eigh,f64,1,1x4x4,tenferro-trace,0.030227,0.001523,pytorch-cpu,0.007615,0.00023,3.9694024950755087,#1878 #2000,#1878:CLOSED #2000:OPEN,batch-linalg cluster,short isolated-clock diagnostic,data/results/amd-cpu/cpu/public_api/20261008_060822/cpu_public_api_t1_20261008_060822.csv,https://github.com/tensor4all/tenferro-rs/issues/1878 https://github.com/tensor4all/tenferro-rs/issues/2000
small,grad_sum_eigh_jvp,f64,4,4x4,tenferro-trace,0.047589,0.000116,jax-cpu,0.012012,5.8e-05,3.9617882117882117,#1328 #1803,#1328:CLOSED #1803:OPEN,AD cluster; #1803 primarily eager,unconfirmed observation,data/results/amd-cpu/cpu/einsum/20261008_053424/cpu_ops_t4_20261008_053424.csv,https://github.com/tensor4all/tenferro-rs/issues/1328 https://github.com/tensor4all/tenferro-rs/issues/1803
cpu/perf_issues,decode_proj_f32_eager-shared_in1024_out1024_len8,f32,4,"{'in': 1024, 'out': 1024, 'len': 8, 'kind': 'decode_projection', 'arm': 'eager-shared', 'dtype': 'f32'}",eager-shared,0.843586,,faer-direct,0.213299125,,3.9549435563788644,#1992 #2003 #1995,#1992:OPEN #2003:OPEN #1995:OPEN,explicit workload issue IDs,diagnostic: preallocated reference vs allocating tenferro,data/results/amd-cpu/cpu/perf_issues/20261008_063605/samples_t4.jsonl,https://github.com/tensor4all/tenferro-rs/issues/1992 https://github.com/tensor4all/tenferro-rs/issues/2003 https://github.com/tensor4all/tenferro-rs/issues/1995
cpu/linalg_batch_families,batched_cholesky,f64,1,1x2x2,tenferro-trace,0.016151,0.020348,pytorch-cpu,0.004097,0.00012,3.9421527947278494,#1878 #2000,#1878:CLOSED #2000:OPEN,batch-linalg cluster,short isolated-clock diagnostic,data/results/amd-cpu/cpu/public_api/20261008_060822/cpu_public_api_t1_20261008_060822.csv,https://github.com/tensor4all/tenferro-rs/issues/1878 https://github.com/tensor4all/tenferro-rs/issues/2000
cpu/linalg_batch_families,batched_svd,c64,4,4x2x2,tenferro-trace,0.049994,0.008086,pytorch-cpu,0.012684,0.00041,3.941501103752759,#1878 #2000,#1878:CLOSED #2000:OPEN,batch-linalg cluster,short isolated-clock diagnostic,data/results/amd-cpu/cpu/public_api/20261008_060822/cpu_public_api_t4_20261008_060822.csv,https://github.com/tensor4all/tenferro-rs/issues/1878 https://github.com/tensor4all/tenferro-rs/issues/2000
cpu/linalg_batch_families,batched_qr,f64,4,8x2x2,tenferro-trace,0.024726,0.003937,pytorch-cpu,0.006282,7e-05,3.9360076408787013,#1878 #2000,#1878:CLOSED #2000:OPEN,batch-linalg cluster,short isolated-clock diagnostic,data/results/amd-cpu/cpu/public_api/20261008_060822/cpu_public_api_t4_20261008_060822.csv,https://github.com/tensor4all/tenferro-rs/issues/1878 https://github.com/tensor4all/tenferro-rs/issues/2000
cpu/complex,norm_fro,c64,1,2048x1536,tenferro-trace,19.713457,0.064641,julia-base,5.023508,0.010138,3.9242411876322283,#1505,#1505:CLOSED,focused historical,unconfirmed observation,data/results/amd-cpu/cpu/public_api/20261008_060822/cpu_public_api_t1_20261008_060822.csv,https://github.com/tensor4all/tenferro-rs/issues/1505
cpu/perf_issues,decode_proj_f32_eager-shared_in1024_out4096_len64,f32,4,"{'in': 1024, 'out': 4096, 'len': 64, 'kind': 'decode_projection', 'arm': 'eager-shared', 'dtype': 'f32'}",eager-shared,4.857737,,faer-direct,1.248596,,3.890559476403897,#1992 #2003 #1995,#1992:OPEN #2003:OPEN #1995:OPEN,explicit workload issue IDs,diagnostic: preallocated reference vs allocating tenferro,data/results/amd-cpu/cpu/perf_issues/20261008_063605/samples_t4.jsonl,https://github.com/tensor4all/tenferro-rs/issues/1992 https://github.com/tensor4all/tenferro-rs/issues/2003 https://github.com/tensor4all/tenferro-rs/issues/1995
small,grad_sum_eigh_vjp,f64,4,4x4,tenferro-trace,0.04805,0.000244,jax-cpu,0.01243,0.000108,3.8656476267095736,#1328 #1803,#1328:CLOSED #1803:OPEN,AD cluster; #1803 primarily eager,unconfirmed observation,data/results/amd-cpu/cpu/einsum/20261008_053424/cpu_ops_t4_20261008_053424.csv,https://github.com/tensor4all/tenferro-rs/issues/1328 https://github.com/tensor4all/tenferro-rs/issues/1803
cpu/linalg_batch_families,batched_cholesky,f64,4,4x2x2,tenferro-trace,0.018755,0.006452,pytorch-cpu,0.00487,8e-05,3.851129363449692,#1878 #2000,#1878:CLOSED #2000:OPEN,batch-linalg cluster,short isolated-clock diagnostic,data/results/amd-cpu/cpu/public_api/20261008_060822/cpu_public_api_t4_20261008_060822.csv,https://github.com/tensor4all/tenferro-rs/issues/1878 https://github.com/tensor4all/tenferro-rs/issues/2000
small,grad_sum_lu_vjp,f64,1,8x8,tenferro-trace,0.051099,0.000112,jax-cpu,0.013351,0.00056,3.827353756272938,#1328 #1803,#1328:CLOSED #1803:OPEN,AD cluster; #1803 primarily eager,unconfirmed observation,data/results/amd-cpu/cpu/einsum/20261008_044146/cpu_ops_t1_20261008_044146.csv,https://github.com/tensor4all/tenferro-rs/issues/1328 https://github.com/tensor4all/tenferro-rs/issues/1803
cpu/linalg_batch_families,batched_qr,f64,4,4x4x4,tenferro-trace,0.026379,0.002814,pytorch-cpu,0.006913,0.00016,3.815854187762187,#1878 #2000,#1878:CLOSED #2000:OPEN,batch-linalg cluster,short isolated-clock diagnostic,data/results/amd-cpu/cpu/public_api/20261008_060822/cpu_public_api_t4_20261008_060822.csv,https://github.com/tensor4all/tenferro-rs/issues/1878 https://github.com/tensor4all/tenferro-rs/issues/2000
cpu/linalg_batch_families,batched_qr,f64,1,3x8x8,tenferro-trace,0.03142,0.000581,pytorch-cpu,0.008266,5e-05,3.8011129929833043,#1878 #2000,#1878:CLOSED #2000:OPEN,batch-linalg cluster,short isolated-clock diagnostic,data/results/amd-cpu/cpu/public_api/20261008_060822/cpu_public_api_t1_20261008_060822.csv,https://github.com/tensor4all/tenferro-rs/issues/1878 https://github.com/tensor4all/tenferro-rs/issues/2000
cpu/linalg_batch_families,batched_eigvalsh,f64,4,1x8x8,tenferro-trace,0.037691,0.003346,pytorch-cpu,0.009948,0.00025,3.7888017691998392,#1878 #2000,#1878:CLOSED #2000:OPEN,batch-linalg cluster,short isolated-clock diagnostic,data/results/amd-cpu/cpu/public_api/20261008_060822/cpu_public_api_t4_20261008_060822.csv,https://github.com/tensor4all/tenferro-rs/issues/1878 https://github.com/tensor4all/tenferro-rs/issues/2000
batched,grad_sum_batched_matmul_backward,f64,1,2x2xbatch16 (native batch layout),tenferro-trace,0.037328,5.4e-05,jax-cpu,0.009904,0.000389,3.768982229402262,#1328 #1803,#1328:CLOSED #1803:OPEN,AD cluster; #1803 primarily eager,unconfirmed observation,data/results/amd-cpu/cpu/einsum/20261008_044146/cpu_ops_t1_20261008_044146.csv,https://github.com/tensor4all/tenferro-rs/issues/1328 https://github.com/tensor4all/tenferro-rs/issues/1803
cpu/linalg_batch_families,batched_lu,f64,1,3x2x2,tenferro-trace,0.041318,0.000601,pytorch-cpu,0.010981,0.000131,3.7626809944449504,#1884 #1878 #2000,#1884:OPEN #1878:CLOSED #2000:OPEN,batch-linalg cluster,short isolated-clock diagnostic,data/results/amd-cpu/cpu/public_api/20261008_060822/cpu_public_api_t1_20261008_060822.csv,https://github.com/tensor4all/tenferro-rs/issues/1884 https://github.com/tensor4all/tenferro-rs/issues/1878 https://github.com/tensor4all/tenferro-rs/issues/2000
cpu/linalg_batch_families,batched_svd,f64,1,3x2x2,tenferro-trace,0.038823,0.001503,pytorch-cpu,0.01034,0.00019,3.7546421663442944,#1878 #2000,#1878:CLOSED #2000:OPEN,batch-linalg cluster,short isolated-clock diagnostic,data/results/amd-cpu/cpu/public_api/20261008_060822/cpu_public_api_t1_20261008_060822.csv,https://github.com/tensor4all/tenferro-rs/issues/1878 https://github.com/tensor4all/tenferro-rs/issues/2000
cpu/linalg_batch_families,batched_eigh,c64,1,1x8x8,tenferro-trace,0.048501,0.016491,pytorch-cpu,0.012924,0.00016,3.7527855153203347,#1878 #2000,#1878:CLOSED #2000:OPEN,batch-linalg cluster,short isolated-clock diagnostic,data/results/amd-cpu/cpu/public_api/20261008_060822/cpu_public_api_t1_20261008_060822.csv,https://github.com/tensor4all/tenferro-rs/issues/1878 https://github.com/tensor4all/tenferro-rs/issues/2000
cpu/linalg_batch_families,batched_eigvalsh,f64,4,1x2x2,tenferro-trace,0.026911,0.005751,pytorch-cpu,0.007184,0.000291,3.7459632516703785,#1878 #2000,#1878:CLOSED #2000:OPEN,batch-linalg cluster,short isolated-clock diagnostic,data/results/amd-cpu/cpu/public_api/20261008_060822/cpu_public_api_t4_20261008_060822.csv,https://github.com/tensor4all/tenferro-rs/issues/1878 https://github.com/tensor4all/tenferro-rs/issues/2000
cpu/elementwise_reduction,reduce_max_axis1,f64,1,2048x2048,tenferro-trace,2.173983,0.165611,julia-base,0.581525,0.04708,3.7384170929882643,#1719 #1001,#1719:CLOSED #1001:CLOSED,historical cluster,unconfirmed observation,data/results/amd-cpu/cpu/public_api/20261008_060822/cpu_public_api_t1_20261008_060822.csv,https://github.com/tensor4all/tenferro-rs/issues/1719 https://github.com/tensor4all/tenferro-rs/issues/1001
cpu/linalg_batch_families,batched_eigh,f64,4,4x2x2,tenferro-trace,0.027943,0.009608,pytorch-cpu,0.007504,8.1e-05,3.723747334754797,#1878 #2000,#1878:CLOSED #2000:OPEN,batch-linalg cluster,short isolated-clock diagnostic,data/results/amd-cpu/cpu/public_api/20261008_060822/cpu_public_api_t4_20261008_060822.csv,https://github.com/tensor4all/tenferro-rs/issues/1878 https://github.com/tensor4all/tenferro-rs/issues/2000
cpu/linalg_uncovered,triangular_solve,f64,4,"4096x4096,rhs=64",tenferro-trace,35.407256,3.5269,julia-base,9.524984,0.365498,3.717303462137049,#2028,#2028:OPEN,focused,unconfirmed observation,data/results/amd-cpu/cpu/public_api/20261008_060822/cpu_public_api_t4_20261008_060822.csv,https://github.com/tensor4all/tenferro-rs/issues/2028
cpu/linalg_batch_families,batched_cholesky,f64,1,8x8x8,tenferro-trace,0.022182,0.000641,pytorch-cpu,0.006061,9e-05,3.6597921135126215,#1878 #2000,#1878:CLOSED #2000:OPEN,batch-linalg cluster,short isolated-clock diagnostic,data/results/amd-cpu/cpu/public_api/20261008_060822/cpu_public_api_t1_20261008_060822.csv,https://github.com/tensor4all/tenferro-rs/issues/1878 https://github.com/tensor4all/tenferro-rs/issues/2000
cpu/einsum,bin_omeinsum_high_d_12x12_contract_4_batch_4 / opt_flops,f64 (see instance),4,see instance JSON,tenferro-rs trace mode (ms),0.139,,OMEinsum.jl OpenBLAS (ms),0.038,,3.6578947368421058,#1865 #1899 #1904 #975,#1865:OPEN #1899:OPEN #1904:OPEN #975:CLOSED,related contraction/planning cluster,short isolated-clock diagnostic,data/results/amd-cpu/cpu/einsum/20261008_053424/einsum_table_t4_20261008_053424.md,https://github.com/tensor4all/tenferro-rs/issues/1865 https://github.com/tensor4all/tenferro-rs/issues/1899 https://github.com/tensor4all/tenferro-rs/issues/1904 https://github.com/tensor4all/tenferro-rs/issues/975
cpu/einsum,bin_omeinsum_high_d_12x12_contract_4_batch_4 / opt_size,f64 (see instance),4,see instance JSON,tenferro-rs trace mode (ms),0.139,,OMEinsum.jl OpenBLAS (ms),0.038,,3.6578947368421058,#1865 #1899 #1904 #975,#1865:OPEN #1899:OPEN #1904:OPEN #975:CLOSED,related contraction/planning cluster,short isolated-clock diagnostic,data/results/amd-cpu/cpu/einsum/20261008_053424/einsum_table_t4_20261008_053424.md,https://github.com/tensor4all/tenferro-rs/issues/1865 https://github.com/tensor4all/tenferro-rs/issues/1899 https://github.com/tensor4all/tenferro-rs/issues/1904 https://github.com/tensor4all/tenferro-rs/issues/975
cpu/linalg_batch_families,batched_eigh,c64,1,1x2x2,tenferro-trace,0.023805,0.005129,pytorch-cpu,0.006513,0.00016,3.6549976969138647,#1878 #2000,#1878:CLOSED #2000:OPEN,batch-linalg cluster,short isolated-clock diagnostic,data/results/amd-cpu/cpu/public_api/20261008_060822/cpu_public_api_t1_20261008_060822.csv,https://github.com/tensor4all/tenferro-rs/issues/1878 https://github.com/tensor4all/tenferro-rs/issues/2000
cpu/linalg_batch_families,batched_svd,f64,1,4x2x2,tenferro-trace,0.041808,0.004619,pytorch-cpu,0.011441,9.1e-05,3.6542260291932522,#1878 #2000,#1878:CLOSED #2000:OPEN,batch-linalg cluster,short isolated-clock diagnostic,data/results/amd-cpu/cpu/public_api/20261008_060822/cpu_public_api_t1_20261008_060822.csv,https://github.com/tensor4all/tenferro-rs/issues/1878 https://github.com/tensor4all/tenferro-rs/issues/2000
cpu/perf_issues,masked_softmax_f32_eager-single-call_len64_b8,f32,1,"{'op': 'masked_softmax', 'len': 64, 'batch': 8, 'axis': 0, 'kind': 'softmax', 'arm': 'eager-single-call', 'dtype': 'f32'}",eager-single-call,0.25367775,,pytorch-cpu,0.06950465625,,3.6497950452060537,#1976,#1976:OPEN,API feature request; #2021 is related concrete-session materialization,screening only: original PyTorch retention-list growth timed,data/results/amd-cpu/cpu/perf_issues/20261008_063605/samples_t1.jsonl,https://github.com/tensor4all/tenferro-rs/issues/1976
cpu/linalg_batch_families,batched_eigh,c64,1,1x4x4,tenferro-trace,0.029466,0.001021,pytorch-cpu,0.008075,0.00013,3.6490402476780184,#1878 #2000,#1878:CLOSED #2000:OPEN,batch-linalg cluster,short isolated-clock diagnostic,data/results/amd-cpu/cpu/public_api/20261008_060822/cpu_public_api_t1_20261008_060822.csv,https://github.com/tensor4all/tenferro-rs/issues/1878 https://github.com/tensor4all/tenferro-rs/issues/2000
cpu/linalg_batch_families,batched_lu,f64,1,8x2x2,tenferro-trace,0.041969,0.001382,pytorch-cpu,0.011562,0.000101,3.6299083203597995,#1884 #1878 #2000,#1884:OPEN #1878:CLOSED #2000:OPEN,batch-linalg cluster,short isolated-clock diagnostic,data/results/amd-cpu/cpu/public_api/20261008_060822/cpu_public_api_t1_20261008_060822.csv,https://github.com/tensor4all/tenferro-rs/issues/1884 https://github.com/tensor4all/tenferro-rs/issues/1878 https://github.com/tensor4all/tenferro-rs/issues/2000
cpu/linalg_batch_families,batched_lu,f64,1,4x2x2,tenferro-trace,0.041368,0.000772,pytorch-cpu,0.011401,0.000211,3.6284536444171565,#1884 #1878 #2000,#1884:OPEN #1878:CLOSED #2000:OPEN,batch-linalg cluster,short isolated-clock diagnostic,data/results/amd-cpu/cpu/public_api/20261008_060822/cpu_public_api_t1_20261008_060822.csv,https://github.com/tensor4all/tenferro-rs/issues/1884 https://github.com/tensor4all/tenferro-rs/issues/1878 https://github.com/tensor4all/tenferro-rs/issues/2000
batched,grad_sum_batched_matmul_backward,f64,1,2x2xbatch64 (native batch layout),tenferro-trace,0.051588,0.000155,jax-cpu,0.014222,0.000805,3.627337927155112,#1328 #1803,#1328:CLOSED #1803:OPEN,AD cluster; #1803 primarily eager,unconfirmed observation,data/results/amd-cpu/cpu/einsum/20261008_044146/cpu_ops_t1_20261008_044146.csv,https://github.com/tensor4all/tenferro-rs/issues/1328 https://github.com/tensor4all/tenferro-rs/issues/1803
cpu/linalg_batch_families,batched_lu,f64,1,3x4x4,tenferro-trace,0.041117,0.004289,pytorch-cpu,0.011341,0.00016,3.625518031919584,#1884 #1878 #2000,#1884:OPEN #1878:CLOSED #2000:OPEN,batch-linalg cluster,short isolated-clock diagnostic,data/results/amd-cpu/cpu/public_api/20261008_060822/cpu_public_api_t1_20261008_060822.csv,https://github.com/tensor4all/tenferro-rs/issues/1884 https://github.com/tensor4all/tenferro-rs/issues/1878 https://github.com/tensor4all/tenferro-rs/issues/2000
cpu/elementwise_reduction,reduce_max_axis1,f64,1,2048x2048,tenferro-direct,2.101467,0.029195,julia-base,0.581525,0.04708,3.6137173810240317,#1719 #1001,#1719:CLOSED #1001:CLOSED,historical cluster,excluded: timed session entry,data/results/amd-cpu/cpu/public_api/20261008_060822/cpu_public_api_t1_20261008_060822.csv,https://github.com/tensor4all/tenferro-rs/issues/1719 https://github.com/tensor4all/tenferro-rs/issues/1001
batched,batched_svd,f64,4,8x8xbatch256 (native batch layout),tenferro-trace,3.850012,0.008085,jax-cpu,1.069316,0.097564,3.600443648089059,#1878 #2000,#1878:CLOSED #2000:OPEN,batch-linalg cluster,unconfirmed observation,data/results/amd-cpu/cpu/einsum/20261008_053424/cpu_ops_t4_20261008_053424.csv,https://github.com/tensor4all/tenferro-rs/issues/1878 https://github.com/tensor4all/tenferro-rs/issues/2000
small,grad_sum_lu_vjp,f64,4,16x16,tenferro-trace,0.055409,0.000163,jax-cpu,0.015411,0.000556,3.5954188566608267,#1328 #1803,#1328:CLOSED #1803:OPEN,AD cluster; #1803 primarily eager,unconfirmed observation,data/results/amd-cpu/cpu/einsum/20261008_053424/cpu_ops_t4_20261008_053424.csv,https://github.com/tensor4all/tenferro-rs/issues/1328 https://github.com/tensor4all/tenferro-rs/issues/1803
small,grad_sum_lu_jvp,f64,1,16x16,tenferro-trace,0.055337,0.000203,jax-cpu,0.01544,0.001729,3.584002590673575,#1328 #1803,#1328:CLOSED #1803:OPEN,AD cluster; #1803 primarily eager,unconfirmed observation,data/results/amd-cpu/cpu/einsum/20261008_044146/cpu_ops_t1_20261008_044146.csv,https://github.com/tensor4all/tenferro-rs/issues/1328 https://github.com/tensor4all/tenferro-rs/issues/1803
cpu/einsum,bin_omeinsum_batched_matmul_8x8_batch_4 / opt_flops,f64 (see instance),4,see instance JSON,tenferro-rs trace mode (ms),0.043,,OMEinsum.jl OpenBLAS (ms),0.012,,3.583333333333333,#1878 #2000,#1878:CLOSED #2000:OPEN,batch-linalg cluster,short isolated-clock diagnostic,data/results/amd-cpu/cpu/einsum/20261008_053424/einsum_table_t4_20261008_053424.md,https://github.com/tensor4all/tenferro-rs/issues/1878 https://github.com/tensor4all/tenferro-rs/issues/2000
cpu/einsum,bin_omeinsum_batched_matmul_8x8_batch_4 / opt_size,f64 (see instance),4,see instance JSON,tenferro-rs trace mode (ms),0.043,,OMEinsum.jl OpenBLAS (ms),0.012,,3.583333333333333,#1878 #2000,#1878:CLOSED #2000:OPEN,batch-linalg cluster,short isolated-clock diagnostic,data/results/amd-cpu/cpu/einsum/20261008_053424/einsum_table_t4_20261008_053424.md,https://github.com/tensor4all/tenferro-rs/issues/1878 https://github.com/tensor4all/tenferro-rs/issues/2000
cpu/indexing_layout,scatter,f64,1,262144,tenferro-trace,1.082769,0.061595,jax-cpu,0.302901,0.01621,3.5746630087058153,#1482 #1719 #1512,#1482:CLOSED #1719:CLOSED #1512:CLOSED,historical indexing cluster,unconfirmed observation,data/results/amd-cpu/cpu/public_api/20261008_060822/cpu_public_api_t1_20261008_060822.csv,https://github.com/tensor4all/tenferro-rs/issues/1482 https://github.com/tensor4all/tenferro-rs/issues/1719 https://github.com/tensor4all/tenferro-rs/issues/1512
batched,batched_svd,f64,4,8x8xbatch256 (native batch layout),tenferro-eager,3.819129,0.005335,jax-cpu,1.069316,0.097564,3.571562568969323,#1878 #2000,#1878:CLOSED #2000:OPEN,batch-linalg cluster,unconfirmed observation,data/results/amd-cpu/cpu/einsum/20261008_053424/cpu_ops_t4_20261008_053424.csv,https://github.com/tensor4all/tenferro-rs/issues/1878 https://github.com/tensor4all/tenferro-rs/issues/2000
cpu/linalg_batch_families,batched_eigh,f64,1,8x2x2,tenferro-trace,0.031499,0.001363,pytorch-cpu,0.008897,5.9e-05,3.540406878723165,#1878 #2000,#1878:CLOSED #2000:OPEN,batch-linalg cluster,short isolated-clock diagnostic,data/results/amd-cpu/cpu/public_api/20261008_060822/cpu_public_api_t1_20261008_060822.csv,https://github.com/tensor4all/tenferro-rs/issues/1878 https://github.com/tensor4all/tenferro-rs/issues/2000
cpu/structural_shape,cast_f64_f32,f64->f32,4,33554432,tenferro-trace,46.01529,1.414442,pytorch-cpu,13.152474,0.173967,3.498603380626337,#1001 #674,#1001:CLOSED #674:CLOSED,historical cluster,unconfirmed observation,data/results/amd-cpu/cpu/public_api/20261008_060822/cpu_public_api_t4_20261008_060822.csv,https://github.com/tensor4all/tenferro-rs/issues/1001 https://github.com/tensor4all/tenferro-rs/issues/674
cpu/linalg_batch_families,batched_cholesky,f64,4,3x8x8,tenferro-trace,0.018965,0.003216,pytorch-cpu,0.005421,0.00024,3.4984320236118798,#1878 #2000,#1878:CLOSED #2000:OPEN,batch-linalg cluster,short isolated-clock diagnostic,data/results/amd-cpu/cpu/public_api/20261008_060822/cpu_public_api_t4_20261008_060822.csv,https://github.com/tensor4all/tenferro-rs/issues/1878 https://github.com/tensor4all/tenferro-rs/issues/2000
cpu/linalg_batch_families,batched_eigh,c64,1,4x2x2,tenferro-trace,0.030317,0.000822,pytorch-cpu,0.008706,0.000131,3.4823110498506775,#1878 #2000,#1878:CLOSED #2000:OPEN,batch-linalg cluster,short isolated-clock diagnostic,data/results/amd-cpu/cpu/public_api/20261008_060822/cpu_public_api_t1_20261008_060822.csv,https://github.com/tensor4all/tenferro-rs/issues/1878 https://github.com/tensor4all/tenferro-rs/issues/2000
cpu/linalg_batch_families,batched_svd,f64,4,4x2x2,tenferro-trace,0.039204,0.005962,pytorch-cpu,0.011271,7e-05,3.4783071599680597,#1878 #2000,#1878:CLOSED #2000:OPEN,batch-linalg cluster,short isolated-clock diagnostic,data/results/amd-cpu/cpu/public_api/20261008_060822/cpu_public_api_t4_20261008_060822.csv,https://github.com/tensor4all/tenferro-rs/issues/1878 https://github.com/tensor4all/tenferro-rs/issues/2000
cpu/linalg_batched,batched_lu_factor,f64,4,"1024x16x16,rhs=1",tenferro-direct,1.002257,0.039804,pytorch-cpu,0.291018,0.004449,3.4439691015676006,#1884 #1878 #2000,#1884:OPEN #1878:CLOSED #2000:OPEN,batch-linalg cluster,unconfirmed observation,data/results/amd-cpu/cpu/public_api/20261008_060822/cpu_public_api_t4_20261008_060822.csv,https://github.com/tensor4all/tenferro-rs/issues/1884 https://github.com/tensor4all/tenferro-rs/issues/1878 https://github.com/tensor4all/tenferro-rs/issues/2000
cpu/linalg_batch_families,batched_lu,f64,1,4x4x4,tenferro-trace,0.039814,0.001643,pytorch-cpu,0.011562,0.000161,3.4435218820273312,#1884 #1878 #2000,#1884:OPEN #1878:CLOSED #2000:OPEN,batch-linalg cluster,short isolated-clock diagnostic,data/results/amd-cpu/cpu/public_api/20261008_060822/cpu_public_api_t1_20261008_060822.csv,https://github.com/tensor4all/tenferro-rs/issues/1884 https://github.com/tensor4all/tenferro-rs/issues/1878 https://github.com/tensor4all/tenferro-rs/issues/2000
cpu/linalg_batch_families,batched_eigh,f64,4,1x8x8,tenferro-trace,0.039975,0.004439,pytorch-cpu,0.011612,0.00022,3.4425594212883217,#1878 #2000,#1878:CLOSED #2000:OPEN,batch-linalg cluster,short isolated-clock diagnostic,data/results/amd-cpu/cpu/public_api/20261008_060822/cpu_public_api_t4_20261008_060822.csv,https://github.com/tensor4all/tenferro-rs/issues/1878 https://github.com/tensor4all/tenferro-rs/issues/2000
cpu/linalg_batch_families,batched_eigh,c64,4,4x2x2,tenferro-trace,0.030016,0.005571,pytorch-cpu,0.008747,7e-05,3.4315765405281815,#1878 #2000,#1878:CLOSED #2000:OPEN,batch-linalg cluster,short isolated-clock diagnostic,data/results/amd-cpu/cpu/public_api/20261008_060822/cpu_public_api_t4_20261008_060822.csv,https://github.com/tensor4all/tenferro-rs/issues/1878 https://github.com/tensor4all/tenferro-rs/issues/2000
cpu/linalg_batch_families,batched_eigh,f64,4,8x2x2,tenferro-trace,0.030548,0.00544,pytorch-cpu,0.008937,0.0001,3.4181492670918647,#1878 #2000,#1878:CLOSED #2000:OPEN,batch-linalg cluster,short isolated-clock diagnostic,data/results/amd-cpu/cpu/public_api/20261008_060822/cpu_public_api_t4_20261008_060822.csv,https://github.com/tensor4all/tenferro-rs/issues/1878 https://github.com/tensor4all/tenferro-rs/issues/2000
cpu/linalg_batch_families,batched_svd,c64,1,3x2x2,tenferro-trace,0.038803,0.001673,pytorch-cpu,0.011362,0.000169,3.4151557824326697,#1878 #2000,#1878:CLOSED #2000:OPEN,batch-linalg cluster,short isolated-clock diagnostic,data/results/amd-cpu/cpu/public_api/20261008_060822/cpu_public_api_t1_20261008_060822.csv,https://github.com/tensor4all/tenferro-rs/issues/1878 https://github.com/tensor4all/tenferro-rs/issues/2000
cpu/linalg_batch_families,batched_svd,c64,4,1x8x8,tenferro-trace,0.081824,0.030598,pytorch-cpu,0.024066,0.000201,3.3999833790409704,#1878 #2000,#1878:CLOSED #2000:OPEN,batch-linalg cluster,short isolated-clock diagnostic,data/results/amd-cpu/cpu/public_api/20261008_060822/cpu_public_api_t4_20261008_060822.csv,https://github.com/tensor4all/tenferro-rs/issues/1878 https://github.com/tensor4all/tenferro-rs/issues/2000
cpu/structural_shape,reshape,f64,4,33554432 -> 8192x4096,tenferro-direct,71.870732,0.806649,pytorch-cpu,21.151816,0.618825,3.3978516076350136,#2029,#2029:OPEN,focused,excluded: timed session entry,data/results/amd-cpu/cpu/public_api/20261008_060822/cpu_public_api_t4_20261008_060822.csv,https://github.com/tensor4all/tenferro-rs/issues/2029
cpu/linalg_batch_families,batched_svd,f64,4,8x32x32,tenferro-trace,1.61488,0.085241,jax-cpu,0.475826,0.006873,3.3938456494600966,#1878 #2000,#1878:CLOSED #2000:OPEN,batch-linalg cluster,unconfirmed observation,data/results/amd-cpu/cpu/public_api/20261008_060822/cpu_public_api_t4_20261008_060822.csv,https://github.com/tensor4all/tenferro-rs/issues/1878 https://github.com/tensor4all/tenferro-rs/issues/2000
cpu/einsum,bin_batched_outer_product_noncompact_j16_k16_o64_t64 / opt_flops,f64 (see instance),4,see instance JSON,tenferro-rs trace mode (ms),0.193,,PyTorch Python (ms),0.057,,3.3859649122807016,#1878 #2000,#1878:CLOSED #2000:OPEN,batch-linalg cluster,short isolated-clock diagnostic,data/results/amd-cpu/cpu/einsum/20261008_053424/einsum_table_t4_20261008_053424.md,https://github.com/tensor4all/tenferro-rs/issues/1878 https://github.com/tensor4all/tenferro-rs/issues/2000
cpu/einsum,bin_batched_outer_product_noncompact_j16_k16_o64_t64 / opt_size,f64 (see instance),4,see instance JSON,tenferro-rs trace mode (ms),0.193,,PyTorch Python (ms),0.057,,3.3859649122807016,#1878 #2000,#1878:CLOSED #2000:OPEN,batch-linalg cluster,short isolated-clock diagnostic,data/results/amd-cpu/cpu/einsum/20261008_053424/einsum_table_t4_20261008_053424.md,https://github.com/tensor4all/tenferro-rs/issues/1878 https://github.com/tensor4all/tenferro-rs/issues/2000
cpu/linalg_batch_families,batched_eigh,c64,4,1x4x4,tenferro-trace,0.027602,0.007023,pytorch-cpu,0.008166,9.1e-05,3.380112662258144,#1878 #2000,#1878:CLOSED #2000:OPEN,batch-linalg cluster,short isolated-clock diagnostic,data/results/amd-cpu/cpu/public_api/20261008_060822/cpu_public_api_t4_20261008_060822.csv,https://github.com/tensor4all/tenferro-rs/issues/1878 https://github.com/tensor4all/tenferro-rs/issues/2000
cpu/perf_issues,log_softmax_f32_eager-single-call_len512_b8,f32,4,"{'op': 'log_softmax', 'len': 512, 'batch': 8, 'axis': 0, 'kind': 'softmax', 'arm': 'eager-single-call', 'dtype': 'f32'}",eager-single-call,1.967345,,pytorch-cpu,0.582975375,,3.3746622659662084,#1976,#1976:OPEN,API feature request; #2021 is related concrete-session materialization,screening only: original PyTorch retention-list growth timed,data/results/amd-cpu/cpu/perf_issues/20261008_063605/samples_t4.jsonl,https://github.com/tensor4all/tenferro-rs/issues/1976
cpu/linalg_batch_families,batched_qr,f64,1,4x8x8,tenferro-trace,0.032271,0.001554,pytorch-cpu,0.009588,7e-05,3.3657697121401755,#1878 #2000,#1878:CLOSED #2000:OPEN,batch-linalg cluster,short isolated-clock diagnostic,data/results/amd-cpu/cpu/public_api/20261008_060822/cpu_public_api_t1_20261008_060822.csv,https://github.com/tensor4all/tenferro-rs/issues/1878 https://github.com/tensor4all/tenferro-rs/issues/2000
small,matmul,f64,4,16x16,tenferro-trace,0.009274,1.8e-05,pytorch-cpu,0.002772,0.000237,3.345598845598845,#1904 #1762,#1904:OPEN #1762:CLOSED,small-call cluster,unconfirmed observation,data/results/amd-cpu/cpu/einsum/20261008_053424/cpu_ops_t4_20261008_053424.csv,https://github.com/tensor4all/tenferro-rs/issues/1904 https://github.com/tensor4all/tenferro-rs/issues/1762
cpu/linalg_batch_families,batched_cholesky,f64,4,4x8x8,tenferro-trace,0.018926,0.001863,pytorch-cpu,0.005691,0.00015,3.3256018274468455,#1878 #2000,#1878:CLOSED #2000:OPEN,batch-linalg cluster,short isolated-clock diagnostic,data/results/amd-cpu/cpu/public_api/20261008_060822/cpu_public_api_t4_20261008_060822.csv,https://github.com/tensor4all/tenferro-rs/issues/1878 https://github.com/tensor4all/tenferro-rs/issues/2000
cpu/linalg_batch_families,batched_svd,f64,4,8x32x32,tenferro-direct,1.582399,0.005169,jax-cpu,0.475826,0.006873,3.3255833014589364,#1878 #2000,#1878:CLOSED #2000:OPEN,batch-linalg cluster,unconfirmed observation,data/results/amd-cpu/cpu/public_api/20261008_060822/cpu_public_api_t4_20261008_060822.csv,https://github.com/tensor4all/tenferro-rs/issues/1878 https://github.com/tensor4all/tenferro-rs/issues/2000
small,matmul,f64,1,16x16,tenferro-trace,0.00928,2.6e-05,pytorch-cpu,0.0028,0.000213,3.3142857142857145,#1904 #1762,#1904:OPEN #1762:CLOSED,small-call cluster,unconfirmed observation,data/results/amd-cpu/cpu/einsum/20261008_044146/cpu_ops_t1_20261008_044146.csv,https://github.com/tensor4all/tenferro-rs/issues/1904 https://github.com/tensor4all/tenferro-rs/issues/1762
cpu/linalg_batch_families,batched_lu,f64,1,4x8x8,tenferro-trace,0.042831,0.001583,pytorch-cpu,0.012935,0.00016,3.3112485504445304,#1884 #1878 #2000,#1884:OPEN #1878:CLOSED #2000:OPEN,batch-linalg cluster,short isolated-clock diagnostic,data/results/amd-cpu/cpu/public_api/20261008_060822/cpu_public_api_t1_20261008_060822.csv,https://github.com/tensor4all/tenferro-rs/issues/1884 https://github.com/tensor4all/tenferro-rs/issues/1878 https://github.com/tensor4all/tenferro-rs/issues/2000
cpu/linalg_batch_families,batched_eigh,f64,4,8x32x32,tenferro-trace,0.91858,0.06891,jax-cpu,0.277713,0.144542,3.3076593461595243,#1878 #2000,#1878:CLOSED #2000:OPEN,batch-linalg cluster,short isolated-clock diagnostic,data/results/amd-cpu/cpu/public_api/20261008_060822/cpu_public_api_t4_20261008_060822.csv,https://github.com/tensor4all/tenferro-rs/issues/1878 https://github.com/tensor4all/tenferro-rs/issues/2000
cpu/linalg_batch_families,batched_lu,f64,1,3x8x8,tenferro-trace,0.041288,0.003768,pytorch-cpu,0.012494,0.00018,3.304626220585881,#1884 #1878 #2000,#1884:OPEN #1878:CLOSED #2000:OPEN,batch-linalg cluster,short isolated-clock diagnostic,data/results/amd-cpu/cpu/public_api/20261008_060822/cpu_public_api_t1_20261008_060822.csv,https://github.com/tensor4all/tenferro-rs/issues/1884 https://github.com/tensor4all/tenferro-rs/issues/1878 https://github.com/tensor4all/tenferro-rs/issues/2000
cpu/structural_shape,extract_diagonal,f64,1,8388608x2x2 -> 8388608x2,tenferro-trace,102.793925,2.410629,jax-cpu,31.140142,0.677145,3.3010101559588265,#1001 #674,#1001:CLOSED #674:CLOSED,historical cluster,unconfirmed observation,data/results/amd-cpu/cpu/public_api/20261008_060822/cpu_public_api_t1_20261008_060822.csv,https://github.com/tensor4all/tenferro-rs/issues/1001 https://github.com/tensor4all/tenferro-rs/issues/674
small,grad_sum_lu_jvp,f64,4,16x16,tenferro-trace,0.054973,0.000109,jax-cpu,0.016656,0.000593,3.300492315081652,#1328 #1803,#1328:CLOSED #1803:OPEN,AD cluster; #1803 primarily eager,unconfirmed observation,data/results/amd-cpu/cpu/einsum/20261008_053424/cpu_ops_t4_20261008_053424.csv,https://github.com/tensor4all/tenferro-rs/issues/1328 https://github.com/tensor4all/tenferro-rs/issues/1803
cpu/linalg_batch_families,batched_lu,f64,1,8x4x4,tenferro-trace,0.041147,0.003977,pytorch-cpu,0.012484,0.000149,3.2959788529317526,#1884 #1878 #2000,#1884:OPEN #1878:CLOSED #2000:OPEN,batch-linalg cluster,short isolated-clock diagnostic,data/results/amd-cpu/cpu/public_api/20261008_060822/cpu_public_api_t1_20261008_060822.csv,https://github.com/tensor4all/tenferro-rs/issues/1884 https://github.com/tensor4all/tenferro-rs/issues/1878 https://github.com/tensor4all/tenferro-rs/issues/2000
cpu/linalg_uncovered,triangular_solve,f64,1,"4096x4096,rhs=64",tenferro-trace,75.267998,1.17918,julia-base,22.861074,0.347915,3.2924086593656976,#2028,#2028:OPEN,focused,unconfirmed observation,data/results/amd-cpu/cpu/public_api/20261008_060822/cpu_public_api_t1_20261008_060822.csv,https://github.com/tensor4all/tenferro-rs/issues/2028
cpu/linalg_batch_families,batched_svd,c64,4,8x2x2,tenferro-trace,0.061445,0.008486,pytorch-cpu,0.018695,0.000181,3.2867076758491574,#1878 #2000,#1878:CLOSED #2000:OPEN,batch-linalg cluster,short isolated-clock diagnostic,data/results/amd-cpu/cpu/public_api/20261008_060822/cpu_public_api_t4_20261008_060822.csv,https://github.com/tensor4all/tenferro-rs/issues/1878 https://github.com/tensor4all/tenferro-rs/issues/2000
cpu/linalg_batch_families,batched_svd,f64,4,1x4x4,tenferro-trace,0.03716,0.003588,pytorch-cpu,0.011342,0.000291,3.2763181096808323,#1878 #2000,#1878:CLOSED #2000:OPEN,batch-linalg cluster,short isolated-clock diagnostic,data/results/amd-cpu/cpu/public_api/20261008_060822/cpu_public_api_t4_20261008_060822.csv,https://github.com/tensor4all/tenferro-rs/issues/1878 https://github.com/tensor4all/tenferro-rs/issues/2000
cpu/linalg_batch_families,batched_eigvalsh,f64,4,1x4x4,tenferro-trace,0.027141,0.001572,pytorch-cpu,0.008295,0.000381,3.2719710669077755,#1878 #2000,#1878:CLOSED #2000:OPEN,batch-linalg cluster,short isolated-clock diagnostic,data/results/amd-cpu/cpu/public_api/20261008_060822/cpu_public_api_t4_20261008_060822.csv,https://github.com/tensor4all/tenferro-rs/issues/1878 https://github.com/tensor4all/tenferro-rs/issues/2000
cpu/linalg_batch_families,batched_svd,c64,1,1x4x4,tenferro-trace,0.040507,0.001533,pytorch-cpu,0.012423,0.00026,3.2606455767527973,#1878 #2000,#1878:CLOSED #2000:OPEN,batch-linalg cluster,short isolated-clock diagnostic,data/results/amd-cpu/cpu/public_api/20261008_060822/cpu_public_api_t1_20261008_060822.csv,https://github.com/tensor4all/tenferro-rs/issues/1878 https://github.com/tensor4all/tenferro-rs/issues/2000
cpu/linalg_batch_families,batched_lu,f64,4,1x32x32,tenferro-trace,0.062167,0.004448,pytorch-cpu,0.019106,0.00037,3.2537946194912593,#1884 #1878 #2000,#1884:OPEN #1878:CLOSED #2000:OPEN,batch-linalg cluster,short isolated-clock diagnostic,data/results/amd-cpu/cpu/public_api/20261008_060822/cpu_public_api_t4_20261008_060822.csv,https://github.com/tensor4all/tenferro-rs/issues/1884 https://github.com/tensor4all/tenferro-rs/issues/1878 https://github.com/tensor4all/tenferro-rs/issues/2000
cpu/structural_shape,cast_f64_f32,f64->f32,1,33554432,tenferro-trace,106.232309,1.76258,pytorch-cpu,32.727861,1.197153,3.245928873872937,#1001 #674,#1001:CLOSED #674:CLOSED,historical cluster,unconfirmed observation,data/results/amd-cpu/cpu/public_api/20261008_060822/cpu_public_api_t1_20261008_060822.csv,https://github.com/tensor4all/tenferro-rs/issues/1001 https://github.com/tensor4all/tenferro-rs/issues/674
cpu/linalg_batch_families,batched_solve,f64,4,"1x4x4,rhs=1",tenferro-trace,0.028343,0.007204,jax-cpu,0.008756,0.000652,3.23698035632709,#1884 #1878 #2000,#1884:OPEN #1878:CLOSED #2000:OPEN,batch-linalg cluster,short isolated-clock diagnostic,data/results/amd-cpu/cpu/public_api/20261008_060822/cpu_public_api_t4_20261008_060822.csv,https://github.com/tensor4all/tenferro-rs/issues/1884 https://github.com/tensor4all/tenferro-rs/issues/1878 https://github.com/tensor4all/tenferro-rs/issues/2000
cpu/linalg_uncovered,lstsq,f64,1,"768x384,rhs=16",tenferro-eager,19.272317,0.159249,julia-base,5.978477,0.036629,3.2236164829270066,#2027,#2027:OPEN,focused,excluded: timed session entry,data/results/amd-cpu/cpu/public_api/20261008_060822/cpu_public_api_t1_20261008_060822.csv,https://github.com/tensor4all/tenferro-rs/issues/2027
cpu/linalg_batch_families,batched_eigvalsh,f64,4,8x2x2,tenferro-trace,0.027843,0.000912,pytorch-cpu,0.008656,8.1e-05,3.2166127541589646,#1878 #2000,#1878:CLOSED #2000:OPEN,batch-linalg cluster,short isolated-clock diagnostic,data/results/amd-cpu/cpu/public_api/20261008_060822/cpu_public_api_t4_20261008_060822.csv,https://github.com/tensor4all/tenferro-rs/issues/1878 https://github.com/tensor4all/tenferro-rs/issues/2000
cpu/linalg_batch_families,batched_svd,c64,4,1024x4x4,tenferro-trace,6.924087,0.434419,jax-cpu,2.154717,0.459245,3.2134554096895322,#1878 #2000,#1878:CLOSED #2000:OPEN,batch-linalg cluster,unconfirmed observation,data/results/amd-cpu/cpu/public_api/20261008_060822/cpu_public_api_t4_20261008_060822.csv,https://github.com/tensor4all/tenferro-rs/issues/1878 https://github.com/tensor4all/tenferro-rs/issues/2000
cpu/linalg_uncovered,lstsq,f64,1,"768x384,rhs=16",tenferro-trace,19.173921,0.021921,julia-base,5.978477,0.036629,3.2071581106693228,#2027,#2027:OPEN,focused,unconfirmed observation,data/results/amd-cpu/cpu/public_api/20261008_060822/cpu_public_api_t1_20261008_060822.csv,https://github.com/tensor4all/tenferro-rs/issues/2027
cpu/linalg_batch_families,batched_eigvalsh,f64,1,1x4x4,tenferro-trace,0.02631,0.002875,pytorch-cpu,0.008246,0.000471,3.1906378850351684,#1878 #2000,#1878:CLOSED #2000:OPEN,batch-linalg cluster,short isolated-clock diagnostic,data/results/amd-cpu/cpu/public_api/20261008_060822/cpu_public_api_t1_20261008_060822.csv,https://github.com/tensor4all/tenferro-rs/issues/1878 https://github.com/tensor4all/tenferro-rs/issues/2000
cpu/linalg_batch_families,batched_svd,f64,1,1x4x4,tenferro-trace,0.035738,0.014637,pytorch-cpu,0.011271,0.00023,3.1707922988199804,#1878 #2000,#1878:CLOSED #2000:OPEN,batch-linalg cluster,short isolated-clock diagnostic,data/results/amd-cpu/cpu/public_api/20261008_060822/cpu_public_api_t1_20261008_060822.csv,https://github.com/tensor4all/tenferro-rs/issues/1878 https://github.com/tensor4all/tenferro-rs/issues/2000
small,grad_sum_qr_vjp,f64,1,32x32,tenferro-trace,0.125082,0.000392,jax-cpu,0.039481,0.000318,3.1681568349332587,#1328 #1803,#1328:CLOSED #1803:OPEN,AD cluster; #1803 primarily eager,unconfirmed observation,data/results/amd-cpu/cpu/einsum/20261008_044146/cpu_ops_t1_20261008_044146.csv,https://github.com/tensor4all/tenferro-rs/issues/1328 https://github.com/tensor4all/tenferro-rs/issues/1803
cpu/linalg_batch_families,batched_solve,f64,1,"1x4x4,rhs=1",tenferro-trace,0.027942,0.001031,jax-cpu,0.008847,0.000431,3.1583587656832823,#1884 #1878 #2000,#1884:OPEN #1878:CLOSED #2000:OPEN,batch-linalg cluster,short isolated-clock diagnostic,data/results/amd-cpu/cpu/public_api/20261008_060822/cpu_public_api_t1_20261008_060822.csv,https://github.com/tensor4all/tenferro-rs/issues/1884 https://github.com/tensor4all/tenferro-rs/issues/1878 https://github.com/tensor4all/tenferro-rs/issues/2000
small,grad_sum_lu_vjp,f64,4,32x32,tenferro-trace,0.094068,0.000426,jax-cpu,0.029791,0.004981,3.157597932261421,#1328 #1803,#1328:CLOSED #1803:OPEN,AD cluster; #1803 primarily eager,unconfirmed observation,data/results/amd-cpu/cpu/einsum/20261008_053424/cpu_ops_t4_20261008_053424.csv,https://github.com/tensor4all/tenferro-rs/issues/1328 https://github.com/tensor4all/tenferro-rs/issues/1803
batched,batched_matmul_ikb_kjb_ijb,f64,1,2x2xbatch1024 (native batch layout),tenferro-trace,0.105897,0.000123,pytorch-cpu,0.033671,0.000259,3.145050637046717,#1878 #2000,#1878:CLOSED #2000:OPEN,batch-linalg cluster,unconfirmed observation,data/results/amd-cpu/cpu/einsum/20261008_044146/cpu_ops_t1_20261008_044146.csv,https://github.com/tensor4all/tenferro-rs/issues/1878 https://github.com/tensor4all/tenferro-rs/issues/2000
cpu/linalg_batch_families,batched_lu,f64,4,8x32x32,tenferro-trace,0.123051,0.020709,pytorch-cpu,0.039184,0.000351,3.1403378930175583,#1884 #1878 #2000,#1884:OPEN #1878:CLOSED #2000:OPEN,batch-linalg cluster,short isolated-clock diagnostic,data/results/amd-cpu/cpu/public_api/20261008_060822/cpu_public_api_t4_20261008_060822.csv,https://github.com/tensor4all/tenferro-rs/issues/1884 https://github.com/tensor4all/tenferro-rs/issues/1878 https://github.com/tensor4all/tenferro-rs/issues/2000
cpu/linalg_batch_families,batched_cholesky,f64,4,8x8x8,tenferro-trace,0.019887,0.000811,pytorch-cpu,0.006342,0.00016,3.135761589403973,#1878 #2000,#1878:CLOSED #2000:OPEN,batch-linalg cluster,short isolated-clock diagnostic,data/results/amd-cpu/cpu/public_api/20261008_060822/cpu_public_api_t4_20261008_060822.csv,https://github.com/tensor4all/tenferro-rs/issues/1878 https://github.com/tensor4all/tenferro-rs/issues/2000
cpu/indexing_layout,slice,f64,4,4194304 -> 2096128,tenferro-trace,1.982233,0.671114,pytorch-cpu,0.633473,0.024936,3.1291515186914043,#1482 #1719 #1512,#1482:CLOSED #1719:CLOSED #1512:CLOSED,historical indexing cluster,unconfirmed observation,data/results/amd-cpu/cpu/public_api/20261008_060822/cpu_public_api_t4_20261008_060822.csv,https://github.com/tensor4all/tenferro-rs/issues/1482 https://github.com/tensor4all/tenferro-rs/issues/1719 https://github.com/tensor4all/tenferro-rs/issues/1512
cpu/linalg_batch_families,batched_svd,c64,1,4x2x2,tenferro-trace,0.040196,0.002034,pytorch-cpu,0.012854,0.00013,3.1271199626575386,#1878 #2000,#1878:CLOSED #2000:OPEN,batch-linalg cluster,short isolated-clock diagnostic,data/results/amd-cpu/cpu/public_api/20261008_060822/cpu_public_api_t1_20261008_060822.csv,https://github.com/tensor4all/tenferro-rs/issues/1878 https://github.com/tensor4all/tenferro-rs/issues/2000
cpu/linalg_batch_families,batched_qr,f64,4,3x8x8,tenferro-trace,0.028284,0.004087,pytorch-cpu,0.009047,0.00015,3.126340223278435,#1878 #2000,#1878:CLOSED #2000:OPEN,batch-linalg cluster,short isolated-clock diagnostic,data/results/amd-cpu/cpu/public_api/20261008_060822/cpu_public_api_t4_20261008_060822.csv,https://github.com/tensor4all/tenferro-rs/issues/1878 https://github.com/tensor4all/tenferro-rs/issues/2000
small,grad_sum_matmul_backward,f64,1,2x2,tenferro-trace,0.029723,0.000115,jax-cpu,0.009518,0.000242,3.1228199201512923,#1328 #1803,#1328:CLOSED #1803:OPEN,AD cluster; #1803 primarily eager,unconfirmed observation,data/results/amd-cpu/cpu/einsum/20261008_044146/cpu_ops_t1_20261008_044146.csv,https://github.com/tensor4all/tenferro-rs/issues/1328 https://github.com/tensor4all/tenferro-rs/issues/1803
small,grad_sum_matmul_backward,f64,4,2x2,tenferro-trace,0.029541,4.7e-05,jax-cpu,0.009476,0.000189,3.1174546222034616,#1328 #1803,#1328:CLOSED #1803:OPEN,AD cluster; #1803 primarily eager,unconfirmed observation,data/results/amd-cpu/cpu/einsum/20261008_053424/cpu_ops_t4_20261008_053424.csv,https://github.com/tensor4all/tenferro-rs/issues/1328 https://github.com/tensor4all/tenferro-rs/issues/1803
cpu/einsum,bin_batched_outer_product_noncompact_j16_k16_o64_t64 / opt_flops,f64 (see instance),1,see instance JSON,tenferro-rs trace mode (ms),0.447,,PyTorch Python (ms),0.144,,3.104166666666667,#1878 #2000,#1878:CLOSED #2000:OPEN,batch-linalg cluster,short isolated-clock diagnostic,data/results/amd-cpu/cpu/einsum/20261008_044146/einsum_table_t1_20261008_044146.md,https://github.com/tensor4all/tenferro-rs/issues/1878 https://github.com/tensor4all/tenferro-rs/issues/2000
cpu/einsum,bin_batched_outer_product_noncompact_j16_k16_o64_t64 / opt_size,f64 (see instance),1,see instance JSON,tenferro-rs trace mode (ms),0.447,,PyTorch Python (ms),0.144,,3.104166666666667,#1878 #2000,#1878:CLOSED #2000:OPEN,batch-linalg cluster,short isolated-clock diagnostic,data/results/amd-cpu/cpu/einsum/20261008_044146/einsum_table_t1_20261008_044146.md,https://github.com/tensor4all/tenferro-rs/issues/1878 https://github.com/tensor4all/tenferro-rs/issues/2000
cpu/linalg_batch_families,batched_eigvalsh,f64,4,3x8x8,tenferro-trace,0.05293,0.015308,pytorch-cpu,0.017062,0.00018,3.1022154495369825,#1878 #2000,#1878:CLOSED #2000:OPEN,batch-linalg cluster,short isolated-clock diagnostic,data/results/amd-cpu/cpu/public_api/20261008_060822/cpu_public_api_t4_20261008_060822.csv,https://github.com/tensor4all/tenferro-rs/issues/1878 https://github.com/tensor4all/tenferro-rs/issues/2000
cpu/linalg_batch_families,batched_qr,f64,4,4x8x8,tenferro-trace,0.03202,0.002645,pytorch-cpu,0.01034,0.000431,3.096711798839458,#1878 #2000,#1878:CLOSED #2000:OPEN,batch-linalg cluster,short isolated-clock diagnostic,data/results/amd-cpu/cpu/public_api/20261008_060822/cpu_public_api_t4_20261008_060822.csv,https://github.com/tensor4all/tenferro-rs/issues/1878 https://github.com/tensor4all/tenferro-rs/issues/2000
cpu/einsum,bin_omeinsum_batched_matmul_8x8_batch_4 / opt_flops,f64 (see instance),1,see instance JSON,tenferro-rs trace mode (ms),0.037,,OMEinsum.jl OpenBLAS (ms),0.012,,3.083333333333333,#1878 #2000,#1878:CLOSED #2000:OPEN,batch-linalg cluster,short isolated-clock diagnostic,data/results/amd-cpu/cpu/einsum/20261008_044146/einsum_table_t1_20261008_044146.md,https://github.com/tensor4all/tenferro-rs/issues/1878 https://github.com/tensor4all/tenferro-rs/issues/2000
cpu/einsum,bin_omeinsum_batched_matmul_8x8_batch_4 / opt_size,f64 (see instance),1,see instance JSON,tenferro-rs trace mode (ms),0.037,,OMEinsum.jl OpenBLAS (ms),0.012,,3.083333333333333,#1878 #2000,#1878:CLOSED #2000:OPEN,batch-linalg cluster,short isolated-clock diagnostic,data/results/amd-cpu/cpu/einsum/20261008_044146/einsum_table_t1_20261008_044146.md,https://github.com/tensor4all/tenferro-rs/issues/1878 https://github.com/tensor4all/tenferro-rs/issues/2000
cpu/linalg_batch_families,batched_svdvals,f64,4,1024x4x4,tenferro-direct,3.108623,0.003476,jax-cpu,1.010984,0.342245,3.074848860120437,#1878 #2000,#1878:CLOSED #2000:OPEN,batch-linalg cluster,unconfirmed observation,data/results/amd-cpu/cpu/public_api/20261008_060822/cpu_public_api_t4_20261008_060822.csv,https://github.com/tensor4all/tenferro-rs/issues/1878 https://github.com/tensor4all/tenferro-rs/issues/2000
small,grad_sum_lu_vjp,f64,4,8x8,tenferro-trace,0.050319,0.00012,jax-cpu,0.016365,0.000325,3.0747937671860677,#1328 #1803,#1328:CLOSED #1803:OPEN,AD cluster; #1803 primarily eager,unconfirmed observation,data/results/amd-cpu/cpu/einsum/20261008_053424/cpu_ops_t4_20261008_053424.csv,https://github.com/tensor4all/tenferro-rs/issues/1328 https://github.com/tensor4all/tenferro-rs/issues/1803
cpu/linalg_batch_families,batched_lu,f64,1,8x8x8,tenferro-trace,0.044404,0.003576,pytorch-cpu,0.014608,0.00014,3.0397042716319826,#1884 #1878 #2000,#1884:OPEN #1878:CLOSED #2000:OPEN,batch-linalg cluster,short isolated-clock diagnostic,data/results/amd-cpu/cpu/public_api/20261008_060822/cpu_public_api_t1_20261008_060822.csv,https://github.com/tensor4all/tenferro-rs/issues/1884 https://github.com/tensor4all/tenferro-rs/issues/1878 https://github.com/tensor4all/tenferro-rs/issues/2000
cpu/indexing_layout,dynamic_slice,f64,4,4194304 -> 2097152,tenferro-direct,0.547861,0.497778,pytorch-cpu,0.18026,0.010921,3.0392821480084327,#1482 #1719 #1512,#1482:CLOSED #1719:CLOSED #1512:CLOSED,historical indexing cluster,excluded: timed session entry,data/results/amd-cpu/cpu/public_api/20261008_060822/cpu_public_api_t4_20261008_060822.csv,https://github.com/tensor4all/tenferro-rs/issues/1482 https://github.com/tensor4all/tenferro-rs/issues/1719 https://github.com/tensor4all/tenferro-rs/issues/1512
small,grad_sum_qr_vjp,f64,4,32x32,tenferro-trace,0.123064,0.000242,jax-cpu,0.040525,0.002007,3.0367427513880325,#1328 #1803,#1328:CLOSED #1803:OPEN,AD cluster; #1803 primarily eager,unconfirmed observation,data/results/amd-cpu/cpu/einsum/20261008_053424/cpu_ops_t4_20261008_053424.csv,https://github.com/tensor4all/tenferro-rs/issues/1328 https://github.com/tensor4all/tenferro-rs/issues/1803
small,grad_sum_qr_jvp,f64,1,32x32,tenferro-trace,0.119125,0.000532,jax-cpu,0.039345,0.001277,3.0277036472232814,#1328 #1803,#1328:CLOSED #1803:OPEN,AD cluster; #1803 primarily eager,unconfirmed observation,data/results/amd-cpu/cpu/einsum/20261008_044146/cpu_ops_t1_20261008_044146.csv,https://github.com/tensor4all/tenferro-rs/issues/1328 https://github.com/tensor4all/tenferro-rs/issues/1803
cpu/einsum,bin_batched_outer_product_compact_j16_k16_o64_t64 / opt_flops,f64 (see instance),4,see instance JSON,tenferro-rs trace mode (ms),0.172,,PyTorch Python (ms),0.057,,3.0175438596491224,#1878 #2000,#1878:CLOSED #2000:OPEN,batch-linalg cluster,short isolated-clock diagnostic,data/results/amd-cpu/cpu/einsum/20261008_053424/einsum_table_t4_20261008_053424.md,https://github.com/tensor4all/tenferro-rs/issues/1878 https://github.com/tensor4all/tenferro-rs/issues/2000
cpu/einsum,bin_batched_outer_product_compact_j16_k16_o64_t64 / opt_size,f64 (see instance),4,see instance JSON,tenferro-rs trace mode (ms),0.172,,PyTorch Python (ms),0.057,,3.0175438596491224,#1878 #2000,#1878:CLOSED #2000:OPEN,batch-linalg cluster,short isolated-clock diagnostic,data/results/amd-cpu/cpu/einsum/20261008_053424/einsum_table_t4_20261008_053424.md,https://github.com/tensor4all/tenferro-rs/issues/1878 https://github.com/tensor4all/tenferro-rs/issues/2000
batched,batched_svd,f64,4,8x8xbatch1024 (native batch layout),tenferro-eager,15.292435,0.018866,jax-cpu,5.078502,1.443457,3.0112098016304807,#1878 #2000,#1878:CLOSED #2000:OPEN,batch-linalg cluster,unconfirmed observation,data/results/amd-cpu/cpu/einsum/20261008_053424/cpu_ops_t4_20261008_053424.csv,https://github.com/tensor4all/tenferro-rs/issues/1878 https://github.com/tensor4all/tenferro-rs/issues/2000
batched,batched_svd,f64,4,8x8xbatch1024 (native batch layout),tenferro-trace,15.292365,0.054894,jax-cpu,5.078502,1.443457,3.01119601803839,#1878 #2000,#1878:CLOSED #2000:OPEN,batch-linalg cluster,unconfirmed observation,data/results/amd-cpu/cpu/einsum/20261008_053424/cpu_ops_t4_20261008_053424.csv,https://github.com/tensor4all/tenferro-rs/issues/1878 https://github.com/tensor4all/tenferro-rs/issues/2000
cpu/perf_issues,decode_proj_f32_eager-shared_in1024_out4096_len512,f32,4,"{'in': 1024, 'out': 4096, 'len': 512, 'kind': 'decode_projection', 'arm': 'eager-shared', 'dtype': 'f32'}",eager-shared,22.567937,,faer-direct,7.508909,,3.0054881474792143,#1992 #2003 #1995,#1992:OPEN #2003:OPEN #1995:OPEN,explicit workload issue IDs,diagnostic: preallocated reference vs allocating tenferro,data/results/amd-cpu/cpu/perf_issues/20261008_063605/samples_t4.jsonl,https://github.com/tensor4all/tenferro-rs/issues/1992 https://github.com/tensor4all/tenferro-rs/issues/2003 https://github.com/tensor4all/tenferro-rs/issues/1995
cpu/linalg_batch_families,batched_eigh,f64,1,3x4x4,tenferro-trace,0.035166,0.004539,pytorch-cpu,0.011712,7e-05,3.0025614754098364,#1878 #2000,#1878:CLOSED #2000:OPEN,batch-linalg cluster,short isolated-clock diagnostic,data/results/amd-cpu/cpu/public_api/20261008_060822/cpu_public_api_t1_20261008_060822.csv,https://github.com/tensor4all/tenferro-rs/issues/1878 https://github.com/tensor4all/tenferro-rs/issues/2000
cpu/linalg_batch_families,batched_lu,f64,4,1x64x24,tenferro-trace,0.062989,0.004068,pytorch-cpu,0.020989,0.000611,3.001048168088046,#1884 #1878 #2000,#1884:OPEN #1878:CLOSED #2000:OPEN,batch-linalg cluster,short isolated-clock diagnostic,data/results/amd-cpu/cpu/public_api/20261008_060822/cpu_public_api_t4_20261008_060822.csv,https://github.com/tensor4all/tenferro-rs/issues/1884 https://github.com/tensor4all/tenferro-rs/issues/1878 https://github.com/tensor4all/tenferro-rs/issues/2000
cpu/linalg_batch_families,batched_solve,f64,1,"1x8x8,rhs=1",tenferro-trace,0.028524,0.000881,jax-cpu,0.009508,0.00059,3.0,#1884 #1878 #2000,#1884:OPEN #1878:CLOSED #2000:OPEN,batch-linalg cluster,short isolated-clock diagnostic,data/results/amd-cpu/cpu/public_api/20261008_060822/cpu_public_api_t1_20261008_060822.csv,https://github.com/tensor4all/tenferro-rs/issues/1884 https://github.com/tensor4all/tenferro-rs/issues/1878 https://github.com/tensor4all/tenferro-rs/issues/2000
cpu/complex,norm_fro,c64,4,2048x1536,tenferro-trace,5.524061,0.545036,jax-cpu,1.844513,0.300646,2.994861516291834,#1505,#1505:CLOSED,focused historical,unconfirmed observation,data/results/amd-cpu/cpu/public_api/20261008_060822/cpu_public_api_t4_20261008_060822.csv,https://github.com/tensor4all/tenferro-rs/issues/1505
cpu/indexing_layout,slice,f64,1,4194304 -> 2096128,tenferro-trace,2.795183,0.145284,jax-cpu,0.93489,0.117802,2.989852282086663,#1482 #1719 #1512,#1482:CLOSED #1719:CLOSED #1512:CLOSED,historical indexing cluster,unconfirmed observation,data/results/amd-cpu/cpu/public_api/20261008_060822/cpu_public_api_t1_20261008_060822.csv,https://github.com/tensor4all/tenferro-rs/issues/1482 https://github.com/tensor4all/tenferro-rs/issues/1719 https://github.com/tensor4all/tenferro-rs/issues/1512
cpu/linalg_batch_families,batched_svd,c64,4,1024x4x4,tenferro-direct,6.433623,2.276126,jax-cpu,2.154717,0.459245,2.9858320141345707,#1878 #2000,#1878:CLOSED #2000:OPEN,batch-linalg cluster,unconfirmed observation,data/results/amd-cpu/cpu/public_api/20261008_060822/cpu_public_api_t4_20261008_060822.csv,https://github.com/tensor4all/tenferro-rs/issues/1878 https://github.com/tensor4all/tenferro-rs/issues/2000
small,grad_sum_solve_backward,f64,1,"2x2,rhs=1",tenferro-trace,0.037418,8.1e-05,jax-cpu,0.012533,7.6e-05,2.985558126545919,#1328 #1803,#1328:CLOSED #1803:OPEN,AD cluster; #1803 primarily eager,unconfirmed observation,data/results/amd-cpu/cpu/einsum/20261008_044146/cpu_ops_t1_20261008_044146.csv,https://github.com/tensor4all/tenferro-rs/issues/1328 https://github.com/tensor4all/tenferro-rs/issues/1803
cpu/einsum,bin_batched_matmul_b32_m64_n64_k64 / opt_flops,f64 (see instance),4,see instance JSON,tenferro-rs eager mode (ms),0.558,,PyTorch Python (ms),0.187,,2.9839572192513373,#1878 #2000,#1878:CLOSED #2000:OPEN,batch-linalg cluster,short isolated-clock diagnostic,data/results/amd-cpu/cpu/einsum/20261008_053424/einsum_table_t4_20261008_053424.md,https://github.com/tensor4all/tenferro-rs/issues/1878 https://github.com/tensor4all/tenferro-rs/issues/2000
cpu/einsum,bin_batched_matmul_b32_m64_n64_k64 / opt_size,f64 (see instance),4,see instance JSON,tenferro-rs eager mode (ms),0.558,,PyTorch Python (ms),0.187,,2.9839572192513373,#1878 #2000,#1878:CLOSED #2000:OPEN,batch-linalg cluster,short isolated-clock diagnostic,data/results/amd-cpu/cpu/einsum/20261008_053424/einsum_table_t4_20261008_053424.md,https://github.com/tensor4all/tenferro-rs/issues/1878 https://github.com/tensor4all/tenferro-rs/issues/2000
batched,batched_svd,f64,4,16x16xbatch64 (native batch layout),tenferro-trace,2.734838,0.003712,jax-cpu,0.919087,0.158336,2.9756029625051816,#1878 #2000,#1878:CLOSED #2000:OPEN,batch-linalg cluster,unconfirmed observation,data/results/amd-cpu/cpu/einsum/20261008_053424/cpu_ops_t4_20261008_053424.csv,https://github.com/tensor4all/tenferro-rs/issues/1878 https://github.com/tensor4all/tenferro-rs/issues/2000
batched,batched_matmul_ikb_kjb_ijb,f64,1,2x2xbatch1024 (native batch layout),tenferro-eager,0.100146,0.000326,pytorch-cpu,0.033671,0.000259,2.974250839000921,#1878 #2000,#1878:CLOSED #2000:OPEN,batch-linalg cluster,unconfirmed observation,data/results/amd-cpu/cpu/einsum/20261008_044146/cpu_ops_t1_20261008_044146.csv,https://github.com/tensor4all/tenferro-rs/issues/1878 https://github.com/tensor4all/tenferro-rs/issues/2000
batched,batched_svd,f64,4,16x16xbatch64 (native batch layout),tenferro-eager,2.730916,0.003923,jax-cpu,0.919087,0.158336,2.971335684217055,#1878 #2000,#1878:CLOSED #2000:OPEN,batch-linalg cluster,unconfirmed observation,data/results/amd-cpu/cpu/einsum/20261008_053424/cpu_ops_t4_20261008_053424.csv,https://github.com/tensor4all/tenferro-rs/issues/1878 https://github.com/tensor4all/tenferro-rs/issues/2000
small,grad_sum_solve_backward,f64,4,"2x2,rhs=1",tenferro-trace,0.036934,9e-05,jax-cpu,0.012464,0.00032,2.9632541720154046,#1328 #1803,#1328:CLOSED #1803:OPEN,AD cluster; #1803 primarily eager,unconfirmed observation,data/results/amd-cpu/cpu/einsum/20261008_053424/cpu_ops_t4_20261008_053424.csv,https://github.com/tensor4all/tenferro-rs/issues/1328 https://github.com/tensor4all/tenferro-rs/issues/1803
cpu/linalg_batch_families,batched_eigh,f64,4,3x4x4,tenferro-trace,0.034515,0.011431,pytorch-cpu,0.011662,8e-05,2.959612416395129,#1878 #2000,#1878:CLOSED #2000:OPEN,batch-linalg cluster,short isolated-clock diagnostic,data/results/amd-cpu/cpu/public_api/20261008_060822/cpu_public_api_t4_20261008_060822.csv,https://github.com/tensor4all/tenferro-rs/issues/1878 https://github.com/tensor4all/tenferro-rs/issues/2000
small,grad_sum_lu_jvp,f64,4,32x32,tenferro-trace,0.087743,0.000663,jax-cpu,0.02969,0.004641,2.9553048164365108,#1328 #1803,#1328:CLOSED #1803:OPEN,AD cluster; #1803 primarily eager,unconfirmed observation,data/results/amd-cpu/cpu/einsum/20261008_053424/cpu_ops_t4_20261008_053424.csv,https://github.com/tensor4all/tenferro-rs/issues/1328 https://github.com/tensor4all/tenferro-rs/issues/1803
cpu/perf_issues,rms_norm_f32_eager-composed_d1024_len64_b1,f32,4,"{'norm': 'rms_norm', 'd': 1024, 'len': 64, 'batch': 1, 'kind': 'composed_norm', 'arm': 'eager-composed', 'dtype': 'f32'}",eager-composed,0.10336996875,,pytorch-cpu,0.03499590625,,2.953773164539781,#2006,#2006:OPEN,explicit workload issue IDs,screening only: original PyTorch retention-list growth timed,data/results/amd-cpu/cpu/perf_issues/20261008_063605/samples_t4.jsonl,https://github.com/tensor4all/tenferro-rs/issues/2006
cpu/perf_issues,rms_norm_f32_eager-composed_d1024_len64_b1,f32,1,"{'norm': 'rms_norm', 'd': 1024, 'len': 64, 'batch': 1, 'kind': 'composed_norm', 'arm': 'eager-composed', 'dtype': 'f32'}",eager-composed,0.09586396875,,pytorch-cpu,0.032561625,,2.9440781518121413,#2006,#2006:OPEN,explicit workload issue IDs,screening only: original PyTorch retention-list growth timed,data/results/amd-cpu/cpu/perf_issues/20261008_063605/samples_t1.jsonl,https://github.com/tensor4all/tenferro-rs/issues/2006
cpu/linalg_batch_families,batched_svd,f64,1,8x2x2,tenferro-trace,0.046468,0.001043,pytorch-cpu,0.0158,0.000159,2.941012658227848,#1878 #2000,#1878:CLOSED #2000:OPEN,batch-linalg cluster,short isolated-clock diagnostic,data/results/amd-cpu/cpu/public_api/20261008_060822/cpu_public_api_t1_20261008_060822.csv,https://github.com/tensor4all/tenferro-rs/issues/1878 https://github.com/tensor4all/tenferro-rs/issues/2000
cpu/einsum,lm_batch_likelihood_brackets_4_4d / opt_flops,f64 (see instance),1,see instance JSON,tenferro-rs eager mode (ms),41.36,,JAX Python (XLA CPU dot) (ms),14.072,,2.939169982944855,#1865 #1899 #1904 #975,#1865:OPEN #1899:OPEN #1904:OPEN #975:CLOSED,related contraction/planning cluster,unconfirmed observation,data/results/amd-cpu/cpu/einsum/20261008_044146/einsum_table_t1_20261008_044146.md,https://github.com/tensor4all/tenferro-rs/issues/1865 https://github.com/tensor4all/tenferro-rs/issues/1899 https://github.com/tensor4all/tenferro-rs/issues/1904 https://github.com/tensor4all/tenferro-rs/issues/975
small,grad_sum_qr_jvp,f64,4,32x32,tenferro-trace,0.121018,0.000663,jax-cpu,0.041179,0.001454,2.93882804342019,#1328 #1803,#1328:CLOSED #1803:OPEN,AD cluster; #1803 primarily eager,unconfirmed observation,data/results/amd-cpu/cpu/einsum/20261008_053424/cpu_ops_t4_20261008_053424.csv,https://github.com/tensor4all/tenferro-rs/issues/1328 https://github.com/tensor4all/tenferro-rs/issues/1803
cpu/linalg_batch_families,batched_eigvalsh,f64,4,3x4x4,tenferro-trace,0.029606,0.001523,pytorch-cpu,0.010089,0.00025,2.934483100406383,#1878 #2000,#1878:CLOSED #2000:OPEN,batch-linalg cluster,short isolated-clock diagnostic,data/results/amd-cpu/cpu/public_api/20261008_060822/cpu_public_api_t4_20261008_060822.csv,https://github.com/tensor4all/tenferro-rs/issues/1878 https://github.com/tensor4all/tenferro-rs/issues/2000
cpu/linalg_batch_families,batched_solve,f64,4,"1x2x2,rhs=1",tenferro-trace,0.026219,0.012454,jax-cpu,0.008956,0.000622,2.927534613666815,#1884 #1878 #2000,#1884:OPEN #1878:CLOSED #2000:OPEN,batch-linalg cluster,short isolated-clock diagnostic,data/results/amd-cpu/cpu/public_api/20261008_060822/cpu_public_api_t4_20261008_060822.csv,https://github.com/tensor4all/tenferro-rs/issues/1884 https://github.com/tensor4all/tenferro-rs/issues/1878 https://github.com/tensor4all/tenferro-rs/issues/2000
cpu/linalg_batch_families,batched_lu,f64,1,1x32x32,tenferro-trace,0.052298,0.001743,pytorch-cpu,0.017904,0.000151,2.921023235031278,#1884 #1878 #2000,#1884:OPEN #1878:CLOSED #2000:OPEN,batch-linalg cluster,short isolated-clock diagnostic,data/results/amd-cpu/cpu/public_api/20261008_060822/cpu_public_api_t1_20261008_060822.csv,https://github.com/tensor4all/tenferro-rs/issues/1884 https://github.com/tensor4all/tenferro-rs/issues/1878 https://github.com/tensor4all/tenferro-rs/issues/2000
cpu/linalg_batch_families,batched_solve,f64,4,"3x2x2,rhs=1",tenferro-trace,0.028604,0.002915,jax-cpu,0.009799,0.000611,2.919073374834167,#1884 #1878 #2000,#1884:OPEN #1878:CLOSED #2000:OPEN,batch-linalg cluster,short isolated-clock diagnostic,data/results/amd-cpu/cpu/public_api/20261008_060822/cpu_public_api_t4_20261008_060822.csv,https://github.com/tensor4all/tenferro-rs/issues/1884 https://github.com/tensor4all/tenferro-rs/issues/1878 https://github.com/tensor4all/tenferro-rs/issues/2000
cpu/linalg_batch_families,batched_eigh,c64,4,8x2x2,tenferro-trace,0.032972,0.002705,pytorch-cpu,0.011322,5e-05,2.91220632397103,#1878 #2000,#1878:CLOSED #2000:OPEN,batch-linalg cluster,short isolated-clock diagnostic,data/results/amd-cpu/cpu/public_api/20261008_060822/cpu_public_api_t4_20261008_060822.csv,https://github.com/tensor4all/tenferro-rs/issues/1878 https://github.com/tensor4all/tenferro-rs/issues/2000
small,grad_sum_lu_jvp,f64,1,8x8,tenferro-trace,0.050652,0.000174,jax-cpu,0.01743,0.000233,2.906024096385542,#1328 #1803,#1328:CLOSED #1803:OPEN,AD cluster; #1803 primarily eager,unconfirmed observation,data/results/amd-cpu/cpu/einsum/20261008_044146/cpu_ops_t1_20261008_044146.csv,https://github.com/tensor4all/tenferro-rs/issues/1328 https://github.com/tensor4all/tenferro-rs/issues/1803
cpu/linalg_batch_families,batched_eigh,f64,1,1x8x8,tenferro-trace,0.033393,0.001593,pytorch-cpu,0.011492,0.00012,2.9057605290636963,#1878 #2000,#1878:CLOSED #2000:OPEN,batch-linalg cluster,short isolated-clock diagnostic,data/results/amd-cpu/cpu/public_api/20261008_060822/cpu_public_api_t1_20261008_060822.csv,https://github.com/tensor4all/tenferro-rs/issues/1878 https://github.com/tensor4all/tenferro-rs/issues/2000
cpu/linalg_batch_families,batched_solve,f64,4,"8x128x128,rhs=1",tenferro-trace,0.917768,0.0047,pytorch-cpu,0.316526,0.004489,2.899502726474287,#1884 #1878 #2000,#1884:OPEN #1878:CLOSED #2000:OPEN,batch-linalg cluster,short isolated-clock diagnostic,data/results/amd-cpu/cpu/public_api/20261008_060822/cpu_public_api_t4_20261008_060822.csv,https://github.com/tensor4all/tenferro-rs/issues/1884 https://github.com/tensor4all/tenferro-rs/issues/1878 https://github.com/tensor4all/tenferro-rs/issues/2000
cpu/linalg_batch_families,batched_svd,c64,4,3x4x4,tenferro-trace,0.065132,0.008266,pytorch-cpu,0.022502,0.000271,2.894498266820727,#1878 #2000,#1878:CLOSED #2000:OPEN,batch-linalg cluster,short isolated-clock diagnostic,data/results/amd-cpu/cpu/public_api/20261008_060822/cpu_public_api_t4_20261008_060822.csv,https://github.com/tensor4all/tenferro-rs/issues/1878 https://github.com/tensor4all/tenferro-rs/issues/2000
small,grad_sum_solve_backward,f64,4,"4x4,rhs=1",tenferro-trace,0.037401,0.000103,jax-cpu,0.01297,0.000384,2.8836545875096373,#1328 #1803,#1328:CLOSED #1803:OPEN,AD cluster; #1803 primarily eager,unconfirmed observation,data/results/amd-cpu/cpu/einsum/20261008_053424/cpu_ops_t4_20261008_053424.csv,https://github.com/tensor4all/tenferro-rs/issues/1328 https://github.com/tensor4all/tenferro-rs/issues/1803
cpu/perf_issues,rms_norm_f32_eager-composed_d1024_len8_b8,f32,1,"{'norm': 'rms_norm', 'd': 1024, 'len': 8, 'batch': 8, 'kind': 'composed_norm', 'arm': 'eager-composed', 'dtype': 'f32'}",eager-composed,0.09367515625,,pytorch-cpu,0.03251984375,,2.880553700384861,#2006,#2006:OPEN,explicit workload issue IDs,screening only: original PyTorch retention-list growth timed,data/results/amd-cpu/cpu/perf_issues/20261008_063605/samples_t1.jsonl,https://github.com/tensor4all/tenferro-rs/issues/2006
cpu/linalg_batch_families,batched_solve,f64,1,"3x2x2,rhs=1",tenferro-trace,0.028364,0.000781,jax-cpu,0.009879,0.000652,2.871140803725073,#1884 #1878 #2000,#1884:OPEN #1878:CLOSED #2000:OPEN,batch-linalg cluster,short isolated-clock diagnostic,data/results/amd-cpu/cpu/public_api/20261008_060822/cpu_public_api_t1_20261008_060822.csv,https://github.com/tensor4all/tenferro-rs/issues/1884 https://github.com/tensor4all/tenferro-rs/issues/1878 https://github.com/tensor4all/tenferro-rs/issues/2000
cpu/linalg_batch_families,batched_cholesky,f64,1,1x32x32,tenferro-trace,0.023154,0.003867,pytorch-cpu,0.008065,9e-05,2.8709237445753257,#1878 #2000,#1878:CLOSED #2000:OPEN,batch-linalg cluster,short isolated-clock diagnostic,data/results/amd-cpu/cpu/public_api/20261008_060822/cpu_public_api_t1_20261008_060822.csv,https://github.com/tensor4all/tenferro-rs/issues/1878 https://github.com/tensor4all/tenferro-rs/issues/2000
cpu/perf_issues,small_solve_f64_triangular-solve-loop_k64_b64,f64,4,"{'k': 64, 'batch': 64, 'kind': 'small_solves', 'arm': 'triangular-solve-loop', 'dtype': 'f64'}",triangular-solve-loop,1.2589955,,pytorch-cpu,0.439387375,,2.865342910683312,#2007,#2007:OPEN,explicit workload issue IDs,screening only: original PyTorch retention-list growth timed,data/results/amd-cpu/cpu/perf_issues/20261008_063605/samples_t4.jsonl,https://github.com/tensor4all/tenferro-rs/issues/2007
small,grad_sum_solve_backward,f64,1,"4x4,rhs=1",tenferro-trace,0.037644,6.3e-05,jax-cpu,0.013142,0.000277,2.8644042002739307,#1328 #1803,#1328:CLOSED #1803:OPEN,AD cluster; #1803 primarily eager,unconfirmed observation,data/results/amd-cpu/cpu/einsum/20261008_044146/cpu_ops_t1_20261008_044146.csv,https://github.com/tensor4all/tenferro-rs/issues/1328 https://github.com/tensor4all/tenferro-rs/issues/1803
cpu/indexing_layout,scatter,f64,1,262144,tenferro-direct,0.867433,0.006452,jax-cpu,0.302901,0.01621,2.863750862493026,#1482 #1719 #1512,#1482:CLOSED #1719:CLOSED #1512:CLOSED,historical indexing cluster,excluded: timed session entry,data/results/amd-cpu/cpu/public_api/20261008_060822/cpu_public_api_t1_20261008_060822.csv,https://github.com/tensor4all/tenferro-rs/issues/1482 https://github.com/tensor4all/tenferro-rs/issues/1719 https://github.com/tensor4all/tenferro-rs/issues/1512
small,grad_sum_solve_backward,f64,4,"8x8,rhs=1",tenferro-trace,0.038881,7.8e-05,jax-cpu,0.013606,0.000348,2.8576363369101867,#1328 #1803,#1328:CLOSED #1803:OPEN,AD cluster; #1803 primarily eager,unconfirmed observation,data/results/amd-cpu/cpu/einsum/20261008_053424/cpu_ops_t4_20261008_053424.csv,https://github.com/tensor4all/tenferro-rs/issues/1328 https://github.com/tensor4all/tenferro-rs/issues/1803
cpu/indexing_layout,scatter,f64,4,262144,tenferro-direct,0.881841,0.009928,pytorch-cpu,0.309152,0.003267,2.852451221405652,#1482 #1719 #1512,#1482:CLOSED #1719:CLOSED #1512:CLOSED,historical indexing cluster,excluded: timed session entry,data/results/amd-cpu/cpu/public_api/20261008_060822/cpu_public_api_t4_20261008_060822.csv,https://github.com/tensor4all/tenferro-rs/issues/1482 https://github.com/tensor4all/tenferro-rs/issues/1719 https://github.com/tensor4all/tenferro-rs/issues/1512
small,grad_sum_matmul_backward,f64,1,4x4,tenferro-trace,0.029567,7.1e-05,jax-cpu,0.010374,0.000232,2.8501060343165605,#1328 #1803,#1328:CLOSED #1803:OPEN,AD cluster; #1803 primarily eager,unconfirmed observation,data/results/amd-cpu/cpu/einsum/20261008_044146/cpu_ops_t1_20261008_044146.csv,https://github.com/tensor4all/tenferro-rs/issues/1328 https://github.com/tensor4all/tenferro-rs/issues/1803
small,grad_sum_lu_jvp,f64,4,8x8,tenferro-trace,0.050359,0.000182,jax-cpu,0.017684,0.004226,2.8477154489934406,#1328 #1803,#1328:CLOSED #1803:OPEN,AD cluster; #1803 primarily eager,unconfirmed observation,data/results/amd-cpu/cpu/einsum/20261008_053424/cpu_ops_t4_20261008_053424.csv,https://github.com/tensor4all/tenferro-rs/issues/1328 https://github.com/tensor4all/tenferro-rs/issues/1803
cpu/perf_issues,reduce_mean_f32_eager-single-call_1024x64_axis0,f32,4,"{'rows': 1024, 'cols': 64, 'axis': 0, 'kind': 'reduce_mean', 'arm': 'eager-single-call', 'dtype': 'f32'}",eager-single-call,0.0175102421875,,pytorch-cpu,0.00618530078125,,2.830944331855325,#1976,#1976:OPEN,API feature request; #2021 is related concrete-session materialization,screening only: original PyTorch retention-list growth timed,data/results/amd-cpu/cpu/perf_issues/20261008_063605/samples_t4.jsonl,https://github.com/tensor4all/tenferro-rs/issues/1976
cpu/linalg_batch_families,batched_svd,f64,4,8x2x2,tenferro-trace,0.043622,0.008856,pytorch-cpu,0.015409,0.00016,2.830942955415666,#1878 #2000,#1878:CLOSED #2000:OPEN,batch-linalg cluster,short isolated-clock diagnostic,data/results/amd-cpu/cpu/public_api/20261008_060822/cpu_public_api_t4_20261008_060822.csv,https://github.com/tensor4all/tenferro-rs/issues/1878 https://github.com/tensor4all/tenferro-rs/issues/2000
small,grad_sum_matmul_backward,f64,4,4x4,tenferro-trace,0.029574,6.2e-05,jax-cpu,0.010453,0.000211,2.8292356261360374,#1328 #1803,#1328:CLOSED #1803:OPEN,AD cluster; #1803 primarily eager,unconfirmed observation,data/results/amd-cpu/cpu/einsum/20261008_053424/cpu_ops_t4_20261008_053424.csv,https://github.com/tensor4all/tenferro-rs/issues/1328 https://github.com/tensor4all/tenferro-rs/issues/1803
cpu/indexing_layout,gather,f64,4,262144,tenferro-direct,0.290708,0.16462,jax-cpu,0.102824,0.092144,2.8272387769392364,#1482 #1719 #1512,#1482:CLOSED #1719:CLOSED #1512:CLOSED,historical indexing cluster,excluded: timed session entry,data/results/amd-cpu/cpu/public_api/20261008_060822/cpu_public_api_t4_20261008_060822.csv,https://github.com/tensor4all/tenferro-rs/issues/1482 https://github.com/tensor4all/tenferro-rs/issues/1719 https://github.com/tensor4all/tenferro-rs/issues/1512
small,grad_sum_solve_backward,f64,1,"8x8,rhs=1",tenferro-trace,0.038817,0.000132,jax-cpu,0.013801,0.000196,2.812622273748279,#1328 #1803,#1328:CLOSED #1803:OPEN,AD cluster; #1803 primarily eager,unconfirmed observation,data/results/amd-cpu/cpu/einsum/20261008_044146/cpu_ops_t1_20261008_044146.csv,https://github.com/tensor4all/tenferro-rs/issues/1328 https://github.com/tensor4all/tenferro-rs/issues/1803
cpu/linalg_batch_families,batched_solve,f64,4,"1x8x8,rhs=1",tenferro-trace,0.026139,0.008586,jax-cpu,0.009318,0.000491,2.8052157115260785,#1884 #1878 #2000,#1884:OPEN #1878:CLOSED #2000:OPEN,batch-linalg cluster,short isolated-clock diagnostic,data/results/amd-cpu/cpu/public_api/20261008_060822/cpu_public_api_t4_20261008_060822.csv,https://github.com/tensor4all/tenferro-rs/issues/1884 https://github.com/tensor4all/tenferro-rs/issues/1878 https://github.com/tensor4all/tenferro-rs/issues/2000
cpu/linalg_batch_families,batched_lu,f64,1,1x64x24,tenferro-trace,0.054252,0.005821,pytorch-cpu,0.019357,0.000181,2.8027070310482,#1884 #1878 #2000,#1884:OPEN #1878:CLOSED #2000:OPEN,batch-linalg cluster,short isolated-clock diagnostic,data/results/amd-cpu/cpu/public_api/20261008_060822/cpu_public_api_t1_20261008_060822.csv,https://github.com/tensor4all/tenferro-rs/issues/1884 https://github.com/tensor4all/tenferro-rs/issues/1878 https://github.com/tensor4all/tenferro-rs/issues/2000
cpu/linalg_batch_families,batched_lu,f64,4,1x2x2,tenferro-trace,0.03154,0.004198,pytorch-cpu,0.011261,0.000471,2.8008169789539115,#1884 #1878 #2000,#1884:OPEN #1878:CLOSED #2000:OPEN,batch-linalg cluster,short isolated-clock diagnostic,data/results/amd-cpu/cpu/public_api/20261008_060822/cpu_public_api_t4_20261008_060822.csv,https://github.com/tensor4all/tenferro-rs/issues/1884 https://github.com/tensor4all/tenferro-rs/issues/1878 https://github.com/tensor4all/tenferro-rs/issues/2000
cpu/einsum,bin_omeinsum_matmul_10x10 / opt_flops,f64 (see instance),4,see instance JSON,tenferro-rs trace mode (ms),0.056,,OMEinsum.jl OpenBLAS (ms),0.02,,2.8,#1865 #1899 #1904 #975,#1865:OPEN #1899:OPEN #1904:OPEN #975:CLOSED,related contraction/planning cluster,short isolated-clock diagnostic,data/results/amd-cpu/cpu/einsum/20261008_053424/einsum_table_t4_20261008_053424.md,https://github.com/tensor4all/tenferro-rs/issues/1865 https://github.com/tensor4all/tenferro-rs/issues/1899 https://github.com/tensor4all/tenferro-rs/issues/1904 https://github.com/tensor4all/tenferro-rs/issues/975
cpu/einsum,bin_omeinsum_matmul_10x10 / opt_size,f64 (see instance),4,see instance JSON,tenferro-rs trace mode (ms),0.056,,OMEinsum.jl OpenBLAS (ms),0.02,,2.8,#1865 #1899 #1904 #975,#1865:OPEN #1899:OPEN #1904:OPEN #975:CLOSED,related contraction/planning cluster,short isolated-clock diagnostic,data/results/amd-cpu/cpu/einsum/20261008_053424/einsum_table_t4_20261008_053424.md,https://github.com/tensor4all/tenferro-rs/issues/1865 https://github.com/tensor4all/tenferro-rs/issues/1899 https://github.com/tensor4all/tenferro-rs/issues/1904 https://github.com/tensor4all/tenferro-rs/issues/975
cpu/linalg_batch_families,batched_lu,f64,4,1x4x4,tenferro-trace,0.031299,0.001512,pytorch-cpu,0.011181,0.000371,2.7993023879796084,#1884 #1878 #2000,#1884:OPEN #1878:CLOSED #2000:OPEN,batch-linalg cluster,short isolated-clock diagnostic,data/results/amd-cpu/cpu/public_api/20261008_060822/cpu_public_api_t4_20261008_060822.csv,https://github.com/tensor4all/tenferro-rs/issues/1884 https://github.com/tensor4all/tenferro-rs/issues/1878 https://github.com/tensor4all/tenferro-rs/issues/2000
small,grad_sum_matmul_backward,f64,4,32x32,tenferro-trace,0.045663,0.000111,jax-cpu,0.016316,0.001097,2.7986638882078942,#1328 #1803,#1328:CLOSED #1803:OPEN,AD cluster; #1803 primarily eager,unconfirmed observation,data/results/amd-cpu/cpu/einsum/20261008_053424/cpu_ops_t4_20261008_053424.csv,https://github.com/tensor4all/tenferro-rs/issues/1328 https://github.com/tensor4all/tenferro-rs/issues/1803
cpu/perf_issues,decode_proj_f32_eager-shared_in1024_out1024_len512,f32,4,"{'in': 1024, 'out': 1024, 'len': 512, 'kind': 'decode_projection', 'arm': 'eager-shared', 'dtype': 'f32'}",eager-shared,5.617698,,faer-direct,2.016226,,2.7862442007989183,#1992 #2003 #1995,#1992:OPEN #2003:OPEN #1995:OPEN,explicit workload issue IDs,diagnostic: preallocated reference vs allocating tenferro,data/results/amd-cpu/cpu/perf_issues/20261008_063605/samples_t4.jsonl,https://github.com/tensor4all/tenferro-rs/issues/1992 https://github.com/tensor4all/tenferro-rs/issues/2003 https://github.com/tensor4all/tenferro-rs/issues/1995
cpu/linalg_batch_families,batched_lu,f64,4,3x2x2,tenferro-trace,0.03179,0.00529,jax-cpu,0.011451,0.000852,2.776176753121998,#1884 #1878 #2000,#1884:OPEN #1878:CLOSED #2000:OPEN,batch-linalg cluster,short isolated-clock diagnostic,data/results/amd-cpu/cpu/public_api/20261008_060822/cpu_public_api_t4_20261008_060822.csv,https://github.com/tensor4all/tenferro-rs/issues/1884 https://github.com/tensor4all/tenferro-rs/issues/1878 https://github.com/tensor4all/tenferro-rs/issues/2000
cpu/linalg_batch_families,batched_eigvalsh,f64,4,4x4x4,tenferro-trace,0.030577,0.001473,pytorch-cpu,0.011051,0.000392,2.7668989231743732,#1878 #2000,#1878:CLOSED #2000:OPEN,batch-linalg cluster,short isolated-clock diagnostic,data/results/amd-cpu/cpu/public_api/20261008_060822/cpu_public_api_t4_20261008_060822.csv,https://github.com/tensor4all/tenferro-rs/issues/1878 https://github.com/tensor4all/tenferro-rs/issues/2000
cpu/linalg_batch_families,batched_qr,f64,4,8x8x8,tenferro-trace,0.04245,0.012725,pytorch-cpu,0.015349,0.00011,2.7656524855039417,#1878 #2000,#1878:CLOSED #2000:OPEN,batch-linalg cluster,short isolated-clock diagnostic,data/results/amd-cpu/cpu/public_api/20261008_060822/cpu_public_api_t4_20261008_060822.csv,https://github.com/tensor4all/tenferro-rs/issues/1878 https://github.com/tensor4all/tenferro-rs/issues/2000
cpu/perf_issues,rms_norm_f32_eager-composed_d1024_len8_b8,f32,4,"{'norm': 'rms_norm', 'd': 1024, 'len': 8, 'batch': 8, 'kind': 'composed_norm', 'arm': 'eager-composed', 'dtype': 'f32'}",eager-composed,0.09855684375,,pytorch-cpu,0.035688921875,,2.7615528453113294,#2006,#2006:OPEN,explicit workload issue IDs,screening only: original PyTorch retention-list growth timed,data/results/amd-cpu/cpu/perf_issues/20261008_063605/samples_t4.jsonl,https://github.com/tensor4all/tenferro-rs/issues/2006
cpu/linalg_batch_families,batched_cholesky,f64,4,1x32x32,tenferro-trace,0.024346,0.007273,pytorch-cpu,0.008857,0.00018,2.748786270746302,#1878 #2000,#1878:CLOSED #2000:OPEN,batch-linalg cluster,short isolated-clock diagnostic,data/results/amd-cpu/cpu/public_api/20261008_060822/cpu_public_api_t4_20261008_060822.csv,https://github.com/tensor4all/tenferro-rs/issues/1878 https://github.com/tensor4all/tenferro-rs/issues/2000
cpu/linalg_batch_families,batched_eigh,c64,1,8x2x2,tenferro-trace,0.03165,0.001112,pytorch-cpu,0.011541,6e-05,2.742396672731999,#1878 #2000,#1878:CLOSED #2000:OPEN,batch-linalg cluster,short isolated-clock diagnostic,data/results/amd-cpu/cpu/public_api/20261008_060822/cpu_public_api_t1_20261008_060822.csv,https://github.com/tensor4all/tenferro-rs/issues/1878 https://github.com/tensor4all/tenferro-rs/issues/2000
cpu/linalg_batch_families,batched_solve,f64,1,"4x2x2,rhs=1",tenferro-trace,0.027652,0.001473,jax-cpu,0.010119,0.000532,2.7326810949698586,#1884 #1878 #2000,#1884:OPEN #1878:CLOSED #2000:OPEN,batch-linalg cluster,short isolated-clock diagnostic,data/results/amd-cpu/cpu/public_api/20261008_060822/cpu_public_api_t1_20261008_060822.csv,https://github.com/tensor4all/tenferro-rs/issues/1884 https://github.com/tensor4all/tenferro-rs/issues/1878 https://github.com/tensor4all/tenferro-rs/issues/2000
cpu/linalg_batch_families,batched_solve,f64,1,"3x4x4,rhs=1",tenferro-trace,0.029355,0.001072,jax-cpu,0.010781,0.000501,2.7228457471477596,#1884 #1878 #2000,#1884:OPEN #1878:CLOSED #2000:OPEN,batch-linalg cluster,short isolated-clock diagnostic,data/results/amd-cpu/cpu/public_api/20261008_060822/cpu_public_api_t1_20261008_060822.csv,https://github.com/tensor4all/tenferro-rs/issues/1884 https://github.com/tensor4all/tenferro-rs/issues/1878 https://github.com/tensor4all/tenferro-rs/issues/2000
cpu/linalg_batch_families,batched_lu,f64,4,1x8x8,tenferro-trace,0.030988,0.003566,pytorch-cpu,0.011382,0.000341,2.722544368300826,#1884 #1878 #2000,#1884:OPEN #1878:CLOSED #2000:OPEN,batch-linalg cluster,short isolated-clock diagnostic,data/results/amd-cpu/cpu/public_api/20261008_060822/cpu_public_api_t4_20261008_060822.csv,https://github.com/tensor4all/tenferro-rs/issues/1884 https://github.com/tensor4all/tenferro-rs/issues/1878 https://github.com/tensor4all/tenferro-rs/issues/2000
batched,batched_svd,f64,4,4x4xbatch1024 (native batch layout),tenferro-trace,4.721782,0.011061,jax-cpu,1.735195,0.244846,2.7211823455000737,#1878 #2000,#1878:CLOSED #2000:OPEN,batch-linalg cluster,unconfirmed observation,data/results/amd-cpu/cpu/einsum/20261008_053424/cpu_ops_t4_20261008_053424.csv,https://github.com/tensor4all/tenferro-rs/issues/1878 https://github.com/tensor4all/tenferro-rs/issues/2000
cpu/linalg_batch_families,batched_lu,f64,4,8x128x128,tenferro-trace,0.962502,0.033343,pytorch-cpu,0.354477,0.00556,2.715273487419494,#1884 #1878 #2000,#1884:OPEN #1878:CLOSED #2000:OPEN,batch-linalg cluster,short isolated-clock diagnostic,data/results/amd-cpu/cpu/public_api/20261008_060822/cpu_public_api_t4_20261008_060822.csv,https://github.com/tensor4all/tenferro-rs/issues/1884 https://github.com/tensor4all/tenferro-rs/issues/1878 https://github.com/tensor4all/tenferro-rs/issues/2000
cpu/einsum,lm_batch_likelihood_brackets_4_4d / opt_flops,f64 (see instance),4,see instance JSON,tenferro-rs eager mode (ms),21.766,,PyTorch Python (ms),8.017,,2.7149806660845703,#1865 #1899 #1904 #975,#1865:OPEN #1899:OPEN #1904:OPEN #975:CLOSED,related contraction/planning cluster,unconfirmed observation,data/results/amd-cpu/cpu/einsum/20261008_053424/einsum_table_t4_20261008_053424.md,https://github.com/tensor4all/tenferro-rs/issues/1865 https://github.com/tensor4all/tenferro-rs/issues/1899 https://github.com/tensor4all/tenferro-rs/issues/1904 https://github.com/tensor4all/tenferro-rs/issues/975
batched,batched_svd,f64,4,4x4xbatch1024 (native batch layout),tenferro-eager,4.698614,0.0107,jax-cpu,1.735195,0.244846,2.7078305320151337,#1878 #2000,#1878:CLOSED #2000:OPEN,batch-linalg cluster,unconfirmed observation,data/results/amd-cpu/cpu/einsum/20261008_053424/cpu_ops_t4_20261008_053424.csv,https://github.com/tensor4all/tenferro-rs/issues/1878 https://github.com/tensor4all/tenferro-rs/issues/2000
small,grad_sum_lu_vjp,f64,1,32x32,tenferro-trace,0.08259,0.000143,jax-cpu,0.030542,0.000167,2.704145111649532,#1328 #1803,#1328:CLOSED #1803:OPEN,AD cluster; #1803 primarily eager,unconfirmed observation,data/results/amd-cpu/cpu/einsum/20261008_044146/cpu_ops_t1_20261008_044146.csv,https://github.com/tensor4all/tenferro-rs/issues/1328 https://github.com/tensor4all/tenferro-rs/issues/1803
batched,grad_sum_batched_matmul_backward,f64,1,8x8xbatch16 (native batch layout),tenferro-trace,0.045889,0.000163,jax-cpu,0.017098,0.000438,2.6838811556907243,#1328 #1803,#1328:CLOSED #1803:OPEN,AD cluster; #1803 primarily eager,unconfirmed observation,data/results/amd-cpu/cpu/einsum/20261008_044146/cpu_ops_t1_20261008_044146.csv,https://github.com/tensor4all/tenferro-rs/issues/1328 https://github.com/tensor4all/tenferro-rs/issues/1803
cpu/fft,ifft,c32,4,1d_n1048576,tenferro-fft-trace,5.649728,0.444016,pytorch-cpu,2.105434,0.034455,2.6834030418431545,#1765 #1484,#1765:CLOSED #1484:CLOSED,related historical; no focused large single-lane issue,unconfirmed observation,data/results/amd-cpu/cpu/fft/20261008_060740/cpu_fft_t4_20261008_060740.csv,https://github.com/tensor4all/tenferro-rs/issues/1765 https://github.com/tensor4all/tenferro-rs/issues/1484
cpu/linalg_batch_families,batched_eigh,f64,1,4x4x4,tenferro-trace,0.037381,0.000872,pytorch-cpu,0.013976,0.00012,2.67465655409273,#1878 #2000,#1878:CLOSED #2000:OPEN,batch-linalg cluster,short isolated-clock diagnostic,data/results/amd-cpu/cpu/public_api/20261008_060822/cpu_public_api_t1_20261008_060822.csv,https://github.com/tensor4all/tenferro-rs/issues/1878 https://github.com/tensor4all/tenferro-rs/issues/2000
small,grad_sum_solve_jvp,f64,1,"2x2,rhs=1",tenferro-trace,0.02846,4.4e-05,jax-cpu,0.01066,4.9e-05,2.6697936210131332,#1328 #1803,#1328:CLOSED #1803:OPEN,AD cluster; #1803 primarily eager,unconfirmed observation,data/results/amd-cpu/cpu/einsum/20261008_044146/cpu_ops_t1_20261008_044146.csv,https://github.com/tensor4all/tenferro-rs/issues/1328 https://github.com/tensor4all/tenferro-rs/issues/1803
cpu/linalg_batch_families,batched_solve,f64,4,"3x4x4,rhs=1",tenferro-trace,0.029075,0.006091,jax-cpu,0.010921,0.000721,2.6623019869975275,#1884 #1878 #2000,#1884:OPEN #1878:CLOSED #2000:OPEN,batch-linalg cluster,short isolated-clock diagnostic,data/results/amd-cpu/cpu/public_api/20261008_060822/cpu_public_api_t4_20261008_060822.csv,https://github.com/tensor4all/tenferro-rs/issues/1884 https://github.com/tensor4all/tenferro-rs/issues/1878 https://github.com/tensor4all/tenferro-rs/issues/2000
small,grad_sum_lu_jvp,f64,1,32x32,tenferro-trace,0.079023,0.00028,jax-cpu,0.029844,0.000191,2.647868918375553,#1328 #1803,#1328:CLOSED #1803:OPEN,AD cluster; #1803 primarily eager,unconfirmed observation,data/results/amd-cpu/cpu/einsum/20261008_044146/cpu_ops_t1_20261008_044146.csv,https://github.com/tensor4all/tenferro-rs/issues/1328 https://github.com/tensor4all/tenferro-rs/issues/1803
cpu/linalg_batch_families,batched_solve,f64,4,"8x128x128,rhs=1",tenferro-direct,0.835383,0.003938,pytorch-cpu,0.316526,0.004489,2.6392239500072665,#1884 #1878 #2000,#1884:OPEN #1878:CLOSED #2000:OPEN,batch-linalg cluster,short isolated-clock diagnostic,data/results/amd-cpu/cpu/public_api/20261008_060822/cpu_public_api_t4_20261008_060822.csv,https://github.com/tensor4all/tenferro-rs/issues/1884 https://github.com/tensor4all/tenferro-rs/issues/1878 https://github.com/tensor4all/tenferro-rs/issues/2000
cpu/elementwise_reduction,log1p,f64,1,4194304,tenferro-trace,41.462187,0.59487,pytorch-cpu,15.718165,0.230864,2.6378516194479444,#1719 #1001,#1719:CLOSED #1001:CLOSED,historical cluster,unconfirmed observation,data/results/amd-cpu/cpu/public_api/20261008_060822/cpu_public_api_t1_20261008_060822.csv,https://github.com/tensor4all/tenferro-rs/issues/1719 https://github.com/tensor4all/tenferro-rs/issues/1001
small,grad_sum_solve_jvp,f64,4,"2x2,rhs=1",tenferro-trace,0.028634,0.000109,jax-cpu,0.010856,9.6e-05,2.6376197494473104,#1328 #1803,#1328:CLOSED #1803:OPEN,AD cluster; #1803 primarily eager,unconfirmed observation,data/results/amd-cpu/cpu/einsum/20261008_053424/cpu_ops_t4_20261008_053424.csv,https://github.com/tensor4all/tenferro-rs/issues/1328 https://github.com/tensor4all/tenferro-rs/issues/1803
cpu/linalg_batched,batched_lu_factor,f64,4,"1024x8x8,rhs=1",tenferro-direct,0.227969,0.001422,pytorch-cpu,0.086924,0.00054,2.622624361511205,#1884 #1878 #2000,#1884:OPEN #1878:CLOSED #2000:OPEN,batch-linalg cluster,short isolated-clock diagnostic,data/results/amd-cpu/cpu/public_api/20261008_060822/cpu_public_api_t4_20261008_060822.csv,https://github.com/tensor4all/tenferro-rs/issues/1884 https://github.com/tensor4all/tenferro-rs/issues/1878 https://github.com/tensor4all/tenferro-rs/issues/2000
cpu/indexing_layout,concatenate,f64,4,1048576+1048576,tenferro-direct,0.481676,0.517394,pytorch-cpu,0.183796,0.013185,2.6207099175172477,#1482 #1719 #1512,#1482:CLOSED #1719:CLOSED #1512:CLOSED,historical indexing cluster,excluded: timed session entry,data/results/amd-cpu/cpu/public_api/20261008_060822/cpu_public_api_t4_20261008_060822.csv,https://github.com/tensor4all/tenferro-rs/issues/1482 https://github.com/tensor4all/tenferro-rs/issues/1719 https://github.com/tensor4all/tenferro-rs/issues/1512
batched,grad_sum_batched_matmul_backward,f64,4,4x4xbatch16 (native batch layout),tenferro-trace,0.040951,0.000166,jax-cpu,0.015649,0.001533,2.6168445268068248,#1328 #1803,#1328:CLOSED #1803:OPEN,AD cluster; #1803 primarily eager,unconfirmed observation,data/results/amd-cpu/cpu/einsum/20261008_053424/cpu_ops_t4_20261008_053424.csv,https://github.com/tensor4all/tenferro-rs/issues/1328 https://github.com/tensor4all/tenferro-rs/issues/1803
small,grad_sum_solve_jvp,f64,1,"4x4,rhs=1",tenferro-trace,0.028569,6.8e-05,jax-cpu,0.01092,5e-05,2.6162087912087917,#1328 #1803,#1328:CLOSED #1803:OPEN,AD cluster; #1803 primarily eager,unconfirmed observation,data/results/amd-cpu/cpu/einsum/20261008_044146/cpu_ops_t1_20261008_044146.csv,https://github.com/tensor4all/tenferro-rs/issues/1328 https://github.com/tensor4all/tenferro-rs/issues/1803
cpu/linalg_batch_families,batched_eigh,f64,4,4x4x4,tenferro-trace,0.036369,0.018836,pytorch-cpu,0.013906,0.00013,2.6153458938587657,#1878 #2000,#1878:CLOSED #2000:OPEN,batch-linalg cluster,short isolated-clock diagnostic,data/results/amd-cpu/cpu/public_api/20261008_060822/cpu_public_api_t4_20261008_060822.csv,https://github.com/tensor4all/tenferro-rs/issues/1878 https://github.com/tensor4all/tenferro-rs/issues/2000
cpu/linalg_batch_families,batched_eigh,c64,1,3x4x4,tenferro-trace,0.033563,0.00068,pytorch-cpu,0.012834,0.00015,2.6151628486831857,#1878 #2000,#1878:CLOSED #2000:OPEN,batch-linalg cluster,short isolated-clock diagnostic,data/results/amd-cpu/cpu/public_api/20261008_060822/cpu_public_api_t1_20261008_060822.csv,https://github.com/tensor4all/tenferro-rs/issues/1878 https://github.com/tensor4all/tenferro-rs/issues/2000
cpu/perf_issues,rms_norm_f32_eager-composed_d1024_len8_b1,f32,4,"{'norm': 'rms_norm', 'd': 1024, 'len': 8, 'batch': 1, 'kind': 'composed_norm', 'arm': 'eager-composed', 'dtype': 'f32'}",eager-composed,0.037657,,pytorch-cpu,0.01442153125,,2.6111651631999897,#2006,#2006:OPEN,explicit workload issue IDs,screening only: original PyTorch retention-list growth timed,data/results/amd-cpu/cpu/perf_issues/20261008_063605/samples_t4.jsonl,https://github.com/tensor4all/tenferro-rs/issues/2006
batched,grad_sum_batched_matmul_backward,f64,1,4x4xbatch16 (native batch layout),tenferro-trace,0.039303,0.00012,jax-cpu,0.015058,0.000768,2.6101075840085004,#1328 #1803,#1328:CLOSED #1803:OPEN,AD cluster; #1803 primarily eager,unconfirmed observation,data/results/amd-cpu/cpu/einsum/20261008_044146/cpu_ops_t1_20261008_044146.csv,https://github.com/tensor4all/tenferro-rs/issues/1328 https://github.com/tensor4all/tenferro-rs/issues/1803
small,grad_sum_solve_jvp,f64,4,"4x4,rhs=1",tenferro-trace,0.028483,9.9e-05,jax-cpu,0.010963,4.1e-05,2.598102709112469,#1328 #1803,#1328:CLOSED #1803:OPEN,AD cluster; #1803 primarily eager,unconfirmed observation,data/results/amd-cpu/cpu/einsum/20261008_053424/cpu_ops_t4_20261008_053424.csv,https://github.com/tensor4all/tenferro-rs/issues/1328 https://github.com/tensor4all/tenferro-rs/issues/1803
cpu/einsum,lm_batch_likelihood_sentence_4_4d / opt_flops,f64 (see instance),4,see instance JSON,tenferro-rs eager mode (ms),22.535,,PyTorch Python (ms),8.701,,2.589932191702103,#1865 #1899 #1904 #975,#1865:OPEN #1899:OPEN #1904:OPEN #975:CLOSED,related contraction/planning cluster,unconfirmed observation,data/results/amd-cpu/cpu/einsum/20261008_053424/einsum_table_t4_20261008_053424.md,https://github.com/tensor4all/tenferro-rs/issues/1865 https://github.com/tensor4all/tenferro-rs/issues/1899 https://github.com/tensor4all/tenferro-rs/issues/1904 https://github.com/tensor4all/tenferro-rs/issues/975
cpu/linalg_batch_families,batched_svdvals,f64,4,8x32x32,tenferro-direct,0.402037,0.002775,jax-cpu,0.155503,0.065073,2.585397066294541,#1878 #2000,#1878:CLOSED #2000:OPEN,batch-linalg cluster,short isolated-clock diagnostic,data/results/amd-cpu/cpu/public_api/20261008_060822/cpu_public_api_t4_20261008_060822.csv,https://github.com/tensor4all/tenferro-rs/issues/1878 https://github.com/tensor4all/tenferro-rs/issues/2000
cpu/elementwise_reduction,log1p,f64,1,4194304,tenferro-direct,40.605384,0.203503,pytorch-cpu,15.718165,0.230864,2.583341248803534,#1719 #1001,#1719:CLOSED #1001:CLOSED,historical cluster,excluded: timed session entry,data/results/amd-cpu/cpu/public_api/20261008_060822/cpu_public_api_t1_20261008_060822.csv,https://github.com/tensor4all/tenferro-rs/issues/1719 https://github.com/tensor4all/tenferro-rs/issues/1001
cpu/perf_issues,rms_norm_f32_eager-composed_d1024_len8_b1,f32,1,"{'norm': 'rms_norm', 'd': 1024, 'len': 8, 'batch': 1, 'kind': 'composed_norm', 'arm': 'eager-composed', 'dtype': 'f32'}",eager-composed,0.03709046875,,pytorch-cpu,0.0143787578125,,2.579532198376403,#2006,#2006:OPEN,explicit workload issue IDs,screening only: original PyTorch retention-list growth timed,data/results/amd-cpu/cpu/perf_issues/20261008_063605/samples_t1.jsonl,https://github.com/tensor4all/tenferro-rs/issues/2006
cpu/linalg_batch_families,batched_svd,c64,4,4x4x4,tenferro-trace,0.071776,0.012283,pytorch-cpu,0.027832,0.00026,2.578901983328543,#1878 #2000,#1878:CLOSED #2000:OPEN,batch-linalg cluster,short isolated-clock diagnostic,data/results/amd-cpu/cpu/public_api/20261008_060822/cpu_public_api_t4_20261008_060822.csv,https://github.com/tensor4all/tenferro-rs/issues/1878 https://github.com/tensor4all/tenferro-rs/issues/2000
small,grad_sum_matmul_backward,f64,4,8x8,tenferro-trace,0.030366,8.7e-05,jax-cpu,0.011779,0.000723,2.5779777570252147,#1328 #1803,#1328:CLOSED #1803:OPEN,AD cluster; #1803 primarily eager,unconfirmed observation,data/results/amd-cpu/cpu/einsum/20261008_053424/cpu_ops_t4_20261008_053424.csv,https://github.com/tensor4all/tenferro-rs/issues/1328 https://github.com/tensor4all/tenferro-rs/issues/1803
cpu/linalg_batch_families,batched_qr,f64,4,1x32x32,tenferro-trace,0.06383,0.034184,pytorch-cpu,0.024806,0.000251,2.5731677819882286,#1878 #2000,#1878:CLOSED #2000:OPEN,batch-linalg cluster,short isolated-clock diagnostic,data/results/amd-cpu/cpu/public_api/20261008_060822/cpu_public_api_t4_20261008_060822.csv,https://github.com/tensor4all/tenferro-rs/issues/1878 https://github.com/tensor4all/tenferro-rs/issues/2000
cpu/linalg_batch_families,batched_solve,f64,1,"4x4x4,rhs=1",tenferro-trace,0.028885,0.000731,jax-cpu,0.011231,0.011131,2.57189920755053,#1884 #1878 #2000,#1884:OPEN #1878:CLOSED #2000:OPEN,batch-linalg cluster,short isolated-clock diagnostic,data/results/amd-cpu/cpu/public_api/20261008_060822/cpu_public_api_t1_20261008_060822.csv,https://github.com/tensor4all/tenferro-rs/issues/1884 https://github.com/tensor4all/tenferro-rs/issues/1878 https://github.com/tensor4all/tenferro-rs/issues/2000
small,grad_sum_matmul_backward,f64,1,32x32,tenferro-trace,0.043522,0.000208,jax-cpu,0.016958,0.000539,2.5664583087628254,#1328 #1803,#1328:CLOSED #1803:OPEN,AD cluster; #1803 primarily eager,unconfirmed observation,data/results/amd-cpu/cpu/einsum/20261008_044146/cpu_ops_t1_20261008_044146.csv,https://github.com/tensor4all/tenferro-rs/issues/1328 https://github.com/tensor4all/tenferro-rs/issues/1803
cpu/perf_issues,conj_dot_c64_dot-general-rank1_len10000,c64,4,"{'len': 10000, 'kind': 'rank1_dot', 'arm': 'dot-general-rank1', 'dtype': 'c64'}",dot-general-rank1,0.009342359375,,pytorch-cpu,0.003644,,2.563764921789242,#1615,#1615:OPEN,explicit workload issue IDs,screening only: original PyTorch retention-list growth timed,data/results/amd-cpu/cpu/perf_issues/20261008_063605/samples_t4.jsonl,https://github.com/tensor4all/tenferro-rs/issues/1615
cpu/linalg_batch_families,batched_lu,f64,4,4x2x2,tenferro-trace,0.030758,0.002084,jax-cpu,0.012023,0.000652,2.5582633286201446,#1884 #1878 #2000,#1884:OPEN #1878:CLOSED #2000:OPEN,batch-linalg cluster,short isolated-clock diagnostic,data/results/amd-cpu/cpu/public_api/20261008_060822/cpu_public_api_t4_20261008_060822.csv,https://github.com/tensor4all/tenferro-rs/issues/1884 https://github.com/tensor4all/tenferro-rs/issues/1878 https://github.com/tensor4all/tenferro-rs/issues/2000
cpu/linalg_batch_families,batched_eigvalsh,f64,1,3x2x2,tenferro-trace,0.019146,0.002224,pytorch-cpu,0.007484,0.000201,2.5582576162479955,#1878 #2000,#1878:CLOSED #2000:OPEN,batch-linalg cluster,short isolated-clock diagnostic,data/results/amd-cpu/cpu/public_api/20261008_060822/cpu_public_api_t1_20261008_060822.csv,https://github.com/tensor4all/tenferro-rs/issues/1878 https://github.com/tensor4all/tenferro-rs/issues/2000
cpu/permutation,reverse_15d_3,f64,1,"[3, 3, 3, 3, 3, 3, 3, 3, 3, 3, 3, 3, 3, 3, 3]",tenferro-rs,174.644967,,strided-rs,68.357161,,2.5548891212728977,#1393,#1393:CLOSED,focused historical,unconfirmed observation,data/results/amd-cpu/cpu/permutation/20261008_062910/rust_output_t1.jsonl,https://github.com/tensor4all/tenferro-rs/issues/1393
cpu/linalg_batch_families,batched_lu,f64,4,3x4x4,tenferro-trace,0.031089,0.006152,jax-cpu,0.012233,0.000731,2.5414043979399983,#1884 #1878 #2000,#1884:OPEN #1878:CLOSED #2000:OPEN,batch-linalg cluster,short isolated-clock diagnostic,data/results/amd-cpu/cpu/public_api/20261008_060822/cpu_public_api_t4_20261008_060822.csv,https://github.com/tensor4all/tenferro-rs/issues/1884 https://github.com/tensor4all/tenferro-rs/issues/1878 https://github.com/tensor4all/tenferro-rs/issues/2000
small,grad_sum_solve_jvp,f64,1,"32x32,rhs=1",tenferro-trace,0.038013,4.3e-05,jax-cpu,0.014967,0.000468,2.5397875325716575,#1328 #1803,#1328:CLOSED #1803:OPEN,AD cluster; #1803 primarily eager,unconfirmed observation,data/results/amd-cpu/cpu/einsum/20261008_044146/cpu_ops_t1_20261008_044146.csv,https://github.com/tensor4all/tenferro-rs/issues/1328 https://github.com/tensor4all/tenferro-rs/issues/1803
cpu/fft,ifft,c32,4,1d_n1048576,tenferro-fft-eager,5.334985,0.062878,pytorch-cpu,2.105434,0.034455,2.533912248021073,#1765 #1484,#1765:CLOSED #1484:CLOSED,related historical; no focused large single-lane issue,excluded: timed eager session entry,data/results/amd-cpu/cpu/fft/20261008_060740/cpu_fft_t4_20261008_060740.csv,https://github.com/tensor4all/tenferro-rs/issues/1765 https://github.com/tensor4all/tenferro-rs/issues/1484
cpu/linalg_batch_families,batched_lu,f64,4,3x8x8,tenferro-trace,0.033703,0.01027,jax-cpu,0.013365,0.002715,2.5217358772914324,#1884 #1878 #2000,#1884:OPEN #1878:CLOSED #2000:OPEN,batch-linalg cluster,short isolated-clock diagnostic,data/results/amd-cpu/cpu/public_api/20261008_060822/cpu_public_api_t4_20261008_060822.csv,https://github.com/tensor4all/tenferro-rs/issues/1884 https://github.com/tensor4all/tenferro-rs/issues/1878 https://github.com/tensor4all/tenferro-rs/issues/2000
cpu/linalg_batch_families,batched_svd,f64,4,1024x8x8,tenferro-trace,16.673854,0.528165,jax-cpu,6.618191,0.073548,2.5193975211655264,#1878 #2000,#1878:CLOSED #2000:OPEN,batch-linalg cluster,unconfirmed observation,data/results/amd-cpu/cpu/public_api/20261008_060822/cpu_public_api_t4_20261008_060822.csv,https://github.com/tensor4all/tenferro-rs/issues/1878 https://github.com/tensor4all/tenferro-rs/issues/2000
cpu/linalg_batch_families,batched_solve,f64,4,"4x2x2,rhs=1",tenferro-trace,0.025258,0.008156,jax-cpu,0.010028,0.000811,2.5187475069804544,#1884 #1878 #2000,#1884:OPEN #1878:CLOSED #2000:OPEN,batch-linalg cluster,short isolated-clock diagnostic,data/results/amd-cpu/cpu/public_api/20261008_060822/cpu_public_api_t4_20261008_060822.csv,https://github.com/tensor4all/tenferro-rs/issues/1884 https://github.com/tensor4all/tenferro-rs/issues/1878 https://github.com/tensor4all/tenferro-rs/issues/2000
small,grad_sum_svd_s_backward,f64,4,2x2,tenferro-trace,0.025751,6.7e-05,jax-cpu,0.010231,8.4e-05,2.516958264099306,#1328 #1803,#1328:CLOSED #1803:OPEN,AD cluster; #1803 primarily eager,unconfirmed observation,data/results/amd-cpu/cpu/einsum/20261008_053424/cpu_ops_t4_20261008_053424.csv,https://github.com/tensor4all/tenferro-rs/issues/1328 https://github.com/tensor4all/tenferro-rs/issues/1803
cpu/complex,tensordot,c64,4,640x640,tenferro-trace,22.638475,0.516112,julia-base,8.996722,0.060744,2.5163026044374828,#1900 #1660,#1900:OPEN #1660:OPEN,related provider issues; #1900 is Apple-specific,unconfirmed observation,data/results/amd-cpu/cpu/public_api/20261008_060822/cpu_public_api_t4_20261008_060822.csv,https://github.com/tensor4all/tenferro-rs/issues/1900 https://github.com/tensor4all/tenferro-rs/issues/1660
small,grad_sum_svd_s_backward,f64,1,2x2,tenferro-trace,0.025894,9.6e-05,jax-cpu,0.010296,8.8e-05,2.514957264957265,#1328 #1803,#1328:CLOSED #1803:OPEN,AD cluster; #1803 primarily eager,unconfirmed observation,data/results/amd-cpu/cpu/einsum/20261008_044146/cpu_ops_t1_20261008_044146.csv,https://github.com/tensor4all/tenferro-rs/issues/1328 https://github.com/tensor4all/tenferro-rs/issues/1803
small,grad_sum_solve_jvp,f64,1,"8x8,rhs=1",tenferro-trace,0.029168,9.6e-05,jax-cpu,0.011604,6.3e-05,2.5136159944846606,#1328 #1803,#1328:CLOSED #1803:OPEN,AD cluster; #1803 primarily eager,unconfirmed observation,data/results/amd-cpu/cpu/einsum/20261008_044146/cpu_ops_t1_20261008_044146.csv,https://github.com/tensor4all/tenferro-rs/issues/1328 https://github.com/tensor4all/tenferro-rs/issues/1803
small,grad_sum_solve_backward,f64,1,"32x32,rhs=1",tenferro-trace,0.048314,0.000222,jax-cpu,0.019276,0.001069,2.5064328698900185,#1328 #1803,#1328:CLOSED #1803:OPEN,AD cluster; #1803 primarily eager,unconfirmed observation,data/results/amd-cpu/cpu/einsum/20261008_044146/cpu_ops_t1_20261008_044146.csv,https://github.com/tensor4all/tenferro-rs/issues/1328 https://github.com/tensor4all/tenferro-rs/issues/1803
cpu/linalg_batch_families,batched_eigh,f64,4,8x32x32,tenferro-direct,0.69554,0.077916,jax-cpu,0.277713,0.144542,2.504528055942646,#1878 #2000,#1878:CLOSED #2000:OPEN,batch-linalg cluster,short isolated-clock diagnostic,data/results/amd-cpu/cpu/public_api/20261008_060822/cpu_public_api_t4_20261008_060822.csv,https://github.com/tensor4all/tenferro-rs/issues/1878 https://github.com/tensor4all/tenferro-rs/issues/2000
cpu/einsum,lm_batch_likelihood_sentence_3_12d / opt_flops,f64 (see instance),4,see instance JSON,tenferro-rs eager mode (ms),49.351,,PyTorch Python (ms),19.719,,2.5027131193265375,#1865 #1899 #1904 #975,#1865:OPEN #1899:OPEN #1904:OPEN #975:CLOSED,related contraction/planning cluster,unconfirmed observation,data/results/amd-cpu/cpu/einsum/20261008_053424/einsum_table_t4_20261008_053424.md,https://github.com/tensor4all/tenferro-rs/issues/1865 https://github.com/tensor4all/tenferro-rs/issues/1899 https://github.com/tensor4all/tenferro-rs/issues/1904 https://github.com/tensor4all/tenferro-rs/issues/975
cpu/linalg_batch_families,batched_qr,f64,1,8x8x8,tenferro-trace,0.037231,0.001523,pytorch-cpu,0.014888,6e-05,2.5007388500806016,#1878 #2000,#1878:CLOSED #2000:OPEN,batch-linalg cluster,short isolated-clock diagnostic,data/results/amd-cpu/cpu/public_api/20261008_060822/cpu_public_api_t1_20261008_060822.csv,https://github.com/tensor4all/tenferro-rs/issues/1878 https://github.com/tensor4all/tenferro-rs/issues/2000
cpu/linalg_batch_families,batched_svd,f64,4,1x8x8,tenferro-trace,0.053471,0.013195,pytorch-cpu,0.021411,0.000301,2.497361169492317,#1878 #2000,#1878:CLOSED #2000:OPEN,batch-linalg cluster,short isolated-clock diagnostic,data/results/amd-cpu/cpu/public_api/20261008_060822/cpu_public_api_t4_20261008_060822.csv,https://github.com/tensor4all/tenferro-rs/issues/1878 https://github.com/tensor4all/tenferro-rs/issues/2000
cpu/elementwise_reduction,cos,f64,1,8388608,tenferro-trace,117.897553,0.413449,pytorch-cpu,47.227171,0.161333,2.496392447474781,#1719 #1001,#1719:CLOSED #1001:CLOSED,historical cluster,unconfirmed observation,data/results/amd-cpu/cpu/public_api/20261008_060822/cpu_public_api_t1_20261008_060822.csv,https://github.com/tensor4all/tenferro-rs/issues/1719 https://github.com/tensor4all/tenferro-rs/issues/1001
cpu/einsum,lm_batch_likelihood_sentence_4_4d / opt_size,f64 (see instance),1,see instance JSON,tenferro-rs eager mode (ms),37.568,,JAX Python (XLA CPU dot) (ms),15.049,,2.4963784969100935,#1865 #1899 #1904 #975,#1865:OPEN #1899:OPEN #1904:OPEN #975:CLOSED,related contraction/planning cluster,unconfirmed observation,data/results/amd-cpu/cpu/einsum/20261008_044146/einsum_table_t1_20261008_044146.md,https://github.com/tensor4all/tenferro-rs/issues/1865 https://github.com/tensor4all/tenferro-rs/issues/1899 https://github.com/tensor4all/tenferro-rs/issues/1904 https://github.com/tensor4all/tenferro-rs/issues/975
cpu/linalg_uncovered,lstsq,f64,4,"768x384,rhs=16",tenferro-eager,9.711175,0.147157,julia-base,3.900444,0.216527,2.4897614220329793,#2027,#2027:OPEN,focused,excluded: timed session entry,data/results/amd-cpu/cpu/public_api/20261008_060822/cpu_public_api_t4_20261008_060822.csv,https://github.com/tensor4all/tenferro-rs/issues/2027
cpu/elementwise_reduction,cos,f64,1,8388608,tenferro-direct,117.353017,0.698786,pytorch-cpu,47.227171,0.161333,2.4848623052183245,#1719 #1001,#1719:CLOSED #1001:CLOSED,historical cluster,excluded: timed session entry,data/results/amd-cpu/cpu/public_api/20261008_060822/cpu_public_api_t1_20261008_060822.csv,https://github.com/tensor4all/tenferro-rs/issues/1719 https://github.com/tensor4all/tenferro-rs/issues/1001
small,grad_sum_svd_s_jvp,f64,1,2x2,tenferro-trace,0.026728,4.6e-05,jax-cpu,0.010764,6.3e-05,2.4830917874396135,#1328 #1803,#1328:CLOSED #1803:OPEN,AD cluster; #1803 primarily eager,unconfirmed observation,data/results/amd-cpu/cpu/einsum/20261008_044146/cpu_ops_t1_20261008_044146.csv,https://github.com/tensor4all/tenferro-rs/issues/1328 https://github.com/tensor4all/tenferro-rs/issues/1803
small,grad_sum_svd_s_jvp,f64,4,2x2,tenferro-trace,0.026564,3.8e-05,jax-cpu,0.010705,7.2e-05,2.4814572629612335,#1328 #1803,#1328:CLOSED #1803:OPEN,AD cluster; #1803 primarily eager,unconfirmed observation,data/results/amd-cpu/cpu/einsum/20261008_053424/cpu_ops_t4_20261008_053424.csv,https://github.com/tensor4all/tenferro-rs/issues/1328 https://github.com/tensor4all/tenferro-rs/issues/1803
cpu/linalg_batch_families,batched_eigvalsh,f64,1,4x2x2,tenferro-trace,0.019537,0.000752,pytorch-cpu,0.007875,0.000331,2.480888888888889,#1878 #2000,#1878:CLOSED #2000:OPEN,batch-linalg cluster,short isolated-clock diagnostic,data/results/amd-cpu/cpu/public_api/20261008_060822/cpu_public_api_t1_20261008_060822.csv,https://github.com/tensor4all/tenferro-rs/issues/1878 https://github.com/tensor4all/tenferro-rs/issues/2000
cpu/linalg_batch_families,batched_lu,f64,4,4x4x4,tenferro-trace,0.03155,0.001653,jax-cpu,0.012774,0.001133,2.4698606544543606,#1884 #1878 #2000,#1884:OPEN #1878:CLOSED #2000:OPEN,batch-linalg cluster,short isolated-clock diagnostic,data/results/amd-cpu/cpu/public_api/20261008_060822/cpu_public_api_t4_20261008_060822.csv,https://github.com/tensor4all/tenferro-rs/issues/1884 https://github.com/tensor4all/tenferro-rs/issues/1878 https://github.com/tensor4all/tenferro-rs/issues/2000
cpu/linalg_batch_families,batched_lu,f64,4,8x128x128,tenferro-direct,0.875037,0.004468,pytorch-cpu,0.354477,0.00556,2.468529693040733,#1884 #1878 #2000,#1884:OPEN #1878:CLOSED #2000:OPEN,batch-linalg cluster,short isolated-clock diagnostic,data/results/amd-cpu/cpu/public_api/20261008_060822/cpu_public_api_t4_20261008_060822.csv,https://github.com/tensor4all/tenferro-rs/issues/1884 https://github.com/tensor4all/tenferro-rs/issues/1878 https://github.com/tensor4all/tenferro-rs/issues/2000
cpu/linalg_batch_families,batched_svd,c64,1,8x2x2,tenferro-trace,0.047329,0.001423,pytorch-cpu,0.019186,0.000291,2.4668508287292816,#1878 #2000,#1878:CLOSED #2000:OPEN,batch-linalg cluster,short isolated-clock diagnostic,data/results/amd-cpu/cpu/public_api/20261008_060822/cpu_public_api_t1_20261008_060822.csv,https://github.com/tensor4all/tenferro-rs/issues/1878 https://github.com/tensor4all/tenferro-rs/issues/2000
cpu/structural_shape,triu,f64,4,4096x4096,tenferro-trace,26.31658,0.570543,pytorch-cpu,10.673687,0.104597,2.465556653478784,#1001 #1512 #1480,#1001:CLOSED #1512:CLOSED #1480:CLOSED,related structural cluster,unconfirmed observation,data/results/amd-cpu/cpu/public_api/20261008_060822/cpu_public_api_t4_20261008_060822.csv,https://github.com/tensor4all/tenferro-rs/issues/1001 https://github.com/tensor4all/tenferro-rs/issues/1512 https://github.com/tensor4all/tenferro-rs/issues/1480
small,grad_sum_solve_jvp,f64,4,"8x8,rhs=1",tenferro-trace,0.029021,6.3e-05,jax-cpu,0.011776,5.4e-05,2.464419157608696,#1328 #1803,#1328:CLOSED #1803:OPEN,AD cluster; #1803 primarily eager,unconfirmed observation,data/results/amd-cpu/cpu/einsum/20261008_053424/cpu_ops_t4_20261008_053424.csv,https://github.com/tensor4all/tenferro-rs/issues/1328 https://github.com/tensor4all/tenferro-rs/issues/1803
cpu/linalg_batch_families,batched_svd,f64,1,3x4x4,tenferro-trace,0.050305,0.001653,pytorch-cpu,0.020448,0.000461,2.460142801251956,#1878 #2000,#1878:CLOSED #2000:OPEN,batch-linalg cluster,short isolated-clock diagnostic,data/results/amd-cpu/cpu/public_api/20261008_060822/cpu_public_api_t1_20261008_060822.csv,https://github.com/tensor4all/tenferro-rs/issues/1878 https://github.com/tensor4all/tenferro-rs/issues/2000
cpu/fft,ifft,c32,4,1d_n1048576,tenferro-fft-executor-cached,5.176226,0.079099,pytorch-cpu,2.105434,0.034455,2.458507842088615,#1765 #1484,#1765:CLOSED #1484:CLOSED,related historical; no focused large single-lane issue,unconfirmed observation,data/results/amd-cpu/cpu/fft/20261008_060740/cpu_fft_t4_20261008_060740.csv,https://github.com/tensor4all/tenferro-rs/issues/1765 https://github.com/tensor4all/tenferro-rs/issues/1484
cpu/einsum,bin_batched_outer_product_compact_j16_k16_o64_t64 / opt_flops,f64 (see instance),4,see instance JSON,tenferro-rs eager mode (ms),0.139,,PyTorch Python (ms),0.057,,2.43859649122807,#1878 #2000,#1878:CLOSED #2000:OPEN,batch-linalg cluster,short isolated-clock diagnostic,data/results/amd-cpu/cpu/einsum/20261008_053424/einsum_table_t4_20261008_053424.md,https://github.com/tensor4all/tenferro-rs/issues/1878 https://github.com/tensor4all/tenferro-rs/issues/2000
cpu/einsum,bin_batched_outer_product_compact_j16_k16_o64_t64 / opt_size,f64 (see instance),4,see instance JSON,tenferro-rs eager mode (ms),0.139,,PyTorch Python (ms),0.057,,2.43859649122807,#1878 #2000,#1878:CLOSED #2000:OPEN,batch-linalg cluster,short isolated-clock diagnostic,data/results/amd-cpu/cpu/einsum/20261008_053424/einsum_table_t4_20261008_053424.md,https://github.com/tensor4all/tenferro-rs/issues/1878 https://github.com/tensor4all/tenferro-rs/issues/2000
cpu/elementwise_reduction,log1p,f64,4,4194304,tenferro-direct,10.528614,0.468271,pytorch-cpu,4.330684,0.097714,2.4311665316610496,#1719 #1001,#1719:CLOSED #1001:CLOSED,historical cluster,excluded: timed session entry,data/results/amd-cpu/cpu/public_api/20261008_060822/cpu_public_api_t4_20261008_060822.csv,https://github.com/tensor4all/tenferro-rs/issues/1719 https://github.com/tensor4all/tenferro-rs/issues/1001
cpu/linalg_batch_families,batched_svd,f64,1,1x8x8,tenferro-trace,0.052138,0.0055,pytorch-cpu,0.02145,0.00027,2.4306759906759905,#1878 #2000,#1878:CLOSED #2000:OPEN,batch-linalg cluster,short isolated-clock diagnostic,data/results/amd-cpu/cpu/public_api/20261008_060822/cpu_public_api_t1_20261008_060822.csv,https://github.com/tensor4all/tenferro-rs/issues/1878 https://github.com/tensor4all/tenferro-rs/issues/2000
cpu/linalg_batch_families,batched_svd,c64,1,1x8x8,tenferro-trace,0.058591,0.004959,pytorch-cpu,0.024225,0.00025,2.4186171310629514,#1878 #2000,#1878:CLOSED #2000:OPEN,batch-linalg cluster,short isolated-clock diagnostic,data/results/amd-cpu/cpu/public_api/20261008_060822/cpu_public_api_t1_20261008_060822.csv,https://github.com/tensor4all/tenferro-rs/issues/1878 https://github.com/tensor4all/tenferro-rs/issues/2000
cpu/linalg_batch_families,batched_svd,f64,4,1024x8x8,tenferro-direct,15.986771,0.062378,jax-cpu,6.618191,0.073548,2.4155801789340923,#1878 #2000,#1878:CLOSED #2000:OPEN,batch-linalg cluster,unconfirmed observation,data/results/amd-cpu/cpu/public_api/20261008_060822/cpu_public_api_t4_20261008_060822.csv,https://github.com/tensor4all/tenferro-rs/issues/1878 https://github.com/tensor4all/tenferro-rs/issues/2000
small,grad_sum_solve_backward,f64,1,"16x16,rhs=1",tenferro-trace,0.040313,8e-05,jax-cpu,0.016698,0.000478,2.414241226494191,#1328 #1803,#1328:CLOSED #1803:OPEN,AD cluster; #1803 primarily eager,unconfirmed observation,data/results/amd-cpu/cpu/einsum/20261008_044146/cpu_ops_t1_20261008_044146.csv,https://github.com/tensor4all/tenferro-rs/issues/1328 https://github.com/tensor4all/tenferro-rs/issues/1803
small,grad_sum_solve_backward,f64,4,"32x32,rhs=1",tenferro-trace,0.047775,0.000134,jax-cpu,0.019873,0.00187,2.404015498414935,#1328 #1803,#1328:CLOSED #1803:OPEN,AD cluster; #1803 primarily eager,unconfirmed observation,data/results/amd-cpu/cpu/einsum/20261008_053424/cpu_ops_t4_20261008_053424.csv,https://github.com/tensor4all/tenferro-rs/issues/1328 https://github.com/tensor4all/tenferro-rs/issues/1803
small,grad_sum_solve_vjp,f64,1,"2x2,rhs=1",tenferro-trace,0.027875,6.3e-05,jax-cpu,0.011628,7.5e-05,2.397230822153423,#1328 #1803,#1328:CLOSED #1803:OPEN,AD cluster; #1803 primarily eager,unconfirmed observation,data/results/amd-cpu/cpu/einsum/20261008_044146/cpu_ops_t1_20261008_044146.csv,https://github.com/tensor4all/tenferro-rs/issues/1328 https://github.com/tensor4all/tenferro-rs/issues/1803
cpu/linalg_batch_families,batched_lu,f64,4,8x2x2,tenferro-trace,0.029225,0.002775,jax-cpu,0.012203,0.000631,2.3949028927312956,#1884 #1878 #2000,#1884:OPEN #1878:CLOSED #2000:OPEN,batch-linalg cluster,short isolated-clock diagnostic,data/results/amd-cpu/cpu/public_api/20261008_060822/cpu_public_api_t4_20261008_060822.csv,https://github.com/tensor4all/tenferro-rs/issues/1884 https://github.com/tensor4all/tenferro-rs/issues/1878 https://github.com/tensor4all/tenferro-rs/issues/2000
cpu/complex,dot_general,c64,4,640x640,tenferro-trace,22.443948,0.734894,julia-base,9.371848,0.406235,2.394826292530566,#1900 #1660,#1900:OPEN #1660:OPEN,related provider issues; #1900 is Apple-specific,unconfirmed observation,data/results/amd-cpu/cpu/public_api/20261008_060822/cpu_public_api_t4_20261008_060822.csv,https://github.com/tensor4all/tenferro-rs/issues/1900 https://github.com/tensor4all/tenferro-rs/issues/1660
small,grad_sum_solve_vjp,f64,4,"2x2,rhs=1",tenferro-trace,0.027907,0.000273,jax-cpu,0.011662,9.8e-05,2.392985765734865,#1328 #1803,#1328:CLOSED #1803:OPEN,AD cluster; #1803 primarily eager,unconfirmed observation,data/results/amd-cpu/cpu/einsum/20261008_053424/cpu_ops_t4_20261008_053424.csv,https://github.com/tensor4all/tenferro-rs/issues/1328 https://github.com/tensor4all/tenferro-rs/issues/1803
cpu/einsum,lm_batch_likelihood_brackets_4_4d / opt_size,f64 (see instance),4,see instance JSON,tenferro-rs eager mode (ms),21.135,,PyTorch Python (ms),8.843,,2.3900260092728716,#1865 #1899 #1904 #975,#1865:OPEN #1899:OPEN #1904:OPEN #975:CLOSED,related contraction/planning cluster,unconfirmed observation,data/results/amd-cpu/cpu/einsum/20261008_053424/einsum_table_t4_20261008_053424.md,https://github.com/tensor4all/tenferro-rs/issues/1865 https://github.com/tensor4all/tenferro-rs/issues/1899 https://github.com/tensor4all/tenferro-rs/issues/1904 https://github.com/tensor4all/tenferro-rs/issues/975
cpu/perf_issues,decode_proj_f32_eager-shared_in1024_out4096_len64,f32,1,"{'in': 1024, 'out': 4096, 'len': 64, 'kind': 'decode_projection', 'arm': 'eager-shared', 'dtype': 'f32'}",eager-shared,8.418793,,faer-direct,3.522804,,2.3897988647679522,#1992 #2003 #1995,#1992:OPEN #2003:OPEN #1995:OPEN,explicit workload issue IDs,diagnostic: preallocated reference vs allocating tenferro,data/results/amd-cpu/cpu/perf_issues/20261008_063605/samples_t1.jsonl,https://github.com/tensor4all/tenferro-rs/issues/1992 https://github.com/tensor4all/tenferro-rs/issues/2003 https://github.com/tensor4all/tenferro-rs/issues/1995
cpu/elementwise_reduction,log1p,f64,4,4194304,tenferro-trace,10.342483,0.426713,pytorch-cpu,4.330684,0.097714,2.3881869469118504,#1719 #1001,#1719:CLOSED #1001:CLOSED,historical cluster,unconfirmed observation,data/results/amd-cpu/cpu/public_api/20261008_060822/cpu_public_api_t4_20261008_060822.csv,https://github.com/tensor4all/tenferro-rs/issues/1719 https://github.com/tensor4all/tenferro-rs/issues/1001
cpu/perf_issues,decode_proj_f32_eager-shared_in1024_out1024_len64,f32,1,"{'in': 1024, 'out': 1024, 'len': 64, 'kind': 'decode_projection', 'arm': 'eager-shared', 'dtype': 'f32'}",eager-shared,2.107138,,faer-direct,0.8829925,,2.3863600200454704,#1992 #2003 #1995,#1992:OPEN #2003:OPEN #1995:OPEN,explicit workload issue IDs,diagnostic: preallocated reference vs allocating tenferro,data/results/amd-cpu/cpu/perf_issues/20261008_063605/samples_t1.jsonl,https://github.com/tensor4all/tenferro-rs/issues/1992 https://github.com/tensor4all/tenferro-rs/issues/2003 https://github.com/tensor4all/tenferro-rs/issues/1995
small,grad_sum_solve_backward,f64,4,"16x16,rhs=1",tenferro-trace,0.040024,7.8e-05,jax-cpu,0.01679,0.0005,2.383799880881477,#1328 #1803,#1328:CLOSED #1803:OPEN,AD cluster; #1803 primarily eager,unconfirmed observation,data/results/amd-cpu/cpu/einsum/20261008_053424/cpu_ops_t4_20261008_053424.csv,https://github.com/tensor4all/tenferro-rs/issues/1328 https://github.com/tensor4all/tenferro-rs/issues/1803
cpu/linalg_batch_families,batched_eigh,f64,4,8x4x4,tenferro-trace,0.050705,0.002424,pytorch-cpu,0.0213,0.00016,2.3805164319248826,#1878 #2000,#1878:CLOSED #2000:OPEN,batch-linalg cluster,short isolated-clock diagnostic,data/results/amd-cpu/cpu/public_api/20261008_060822/cpu_public_api_t4_20261008_060822.csv,https://github.com/tensor4all/tenferro-rs/issues/1878 https://github.com/tensor4all/tenferro-rs/issues/2000
cpu/elementwise_reduction,sin,f64,1,8388608,tenferro-trace,116.416324,0.985054,pytorch-cpu,48.932542,0.183465,2.3791186650389022,#1719 #1001,#1719:CLOSED #1001:CLOSED,historical cluster,unconfirmed observation,data/results/amd-cpu/cpu/public_api/20261008_060822/cpu_public_api_t1_20261008_060822.csv,https://github.com/tensor4all/tenferro-rs/issues/1719 https://github.com/tensor4all/tenferro-rs/issues/1001
cpu/linalg_batch_families,batched_solve,f64,4,"8x32x32,rhs=1",tenferro-trace,0.091332,0.008947,pytorch-cpu,0.038432,0.00027,2.3764571190674437,#1884 #1878 #2000,#1884:OPEN #1878:CLOSED #2000:OPEN,batch-linalg cluster,short isolated-clock diagnostic,data/results/amd-cpu/cpu/public_api/20261008_060822/cpu_public_api_t4_20261008_060822.csv,https://github.com/tensor4all/tenferro-rs/issues/1884 https://github.com/tensor4all/tenferro-rs/issues/1878 https://github.com/tensor4all/tenferro-rs/issues/2000
cpu/elementwise_reduction,sin,f64,1,8388608,tenferro-direct,116.183425,0.506654,pytorch-cpu,48.932542,0.183465,2.374359071719593,#1719 #1001,#1719:CLOSED #1001:CLOSED,historical cluster,excluded: timed session entry,data/results/amd-cpu/cpu/public_api/20261008_060822/cpu_public_api_t1_20261008_060822.csv,https://github.com/tensor4all/tenferro-rs/issues/1719 https://github.com/tensor4all/tenferro-rs/issues/1001
cpu/complex,tensordot,c64,4,640x640,tenferro-direct,21.323528,0.125527,julia-base,8.996722,0.060744,2.370144148057481,#1900 #1660,#1900:OPEN #1660:OPEN,related provider issues; #1900 is Apple-specific,excluded: timed session entry,data/results/amd-cpu/cpu/public_api/20261008_060822/cpu_public_api_t4_20261008_060822.csv,https://github.com/tensor4all/tenferro-rs/issues/1900 https://github.com/tensor4all/tenferro-rs/issues/1660
cpu/linalg_uncovered,lstsq,f64,4,"768x384,rhs=16",tenferro-trace,9.236901,0.383422,julia-base,3.900444,0.216527,2.3681665471930886,#2027,#2027:OPEN,focused,unconfirmed observation,data/results/amd-cpu/cpu/public_api/20261008_060822/cpu_public_api_t4_20261008_060822.csv,https://github.com/tensor4all/tenferro-rs/issues/2027
cpu/linalg_batch_families,batched_eigvalsh,f64,1,8x2x2,tenferro-trace,0.020108,0.001112,pytorch-cpu,0.008526,0.00011,2.358433028383767,#1878 #2000,#1878:CLOSED #2000:OPEN,batch-linalg cluster,short isolated-clock diagnostic,data/results/amd-cpu/cpu/public_api/20261008_060822/cpu_public_api_t1_20261008_060822.csv,https://github.com/tensor4all/tenferro-rs/issues/1878 https://github.com/tensor4all/tenferro-rs/issues/2000
cpu/linalg_batch_families,batched_eigh,c64,4,1x8x8,tenferro-trace,0.030968,0.002225,pytorch-cpu,0.013165,0.000251,2.3522977592100265,#1878 #2000,#1878:CLOSED #2000:OPEN,batch-linalg cluster,short isolated-clock diagnostic,data/results/amd-cpu/cpu/public_api/20261008_060822/cpu_public_api_t4_20261008_060822.csv,https://github.com/tensor4all/tenferro-rs/issues/1878 https://github.com/tensor4all/tenferro-rs/issues/2000
small,grad_sum_svd_s_vjp,f64,1,2x2,tenferro-trace,0.026157,3.3e-05,jax-cpu,0.011122,2.7e-05,2.3518252112929328,#1328 #1803,#1328:CLOSED #1803:OPEN,AD cluster; #1803 primarily eager,unconfirmed observation,data/results/amd-cpu/cpu/einsum/20261008_044146/cpu_ops_t1_20261008_044146.csv,https://github.com/tensor4all/tenferro-rs/issues/1328 https://github.com/tensor4all/tenferro-rs/issues/1803
cpu/elementwise_reduction,exp,f64,1,8388608,tenferro-direct,50.544147,0.419259,jax-cpu,21.533685,0.283344,2.34721307569977,#1719 #1001,#1719:CLOSED #1001:CLOSED,historical cluster,excluded: timed session entry,data/results/amd-cpu/cpu/public_api/20261008_060822/cpu_public_api_t1_20261008_060822.csv,https://github.com/tensor4all/tenferro-rs/issues/1719 https://github.com/tensor4all/tenferro-rs/issues/1001
small,grad_sum_svd_s_vjp,f64,4,2x2,tenferro-trace,0.026223,6.4e-05,jax-cpu,0.011199,7.7e-05,2.341548352531476,#1328 #1803,#1328:CLOSED #1803:OPEN,AD cluster; #1803 primarily eager,unconfirmed observation,data/results/amd-cpu/cpu/einsum/20261008_053424/cpu_ops_t4_20261008_053424.csv,https://github.com/tensor4all/tenferro-rs/issues/1328 https://github.com/tensor4all/tenferro-rs/issues/1803
cpu/perf_issues,take_along_axis_rows_f64_eager-single-call_n64_b256,f64,4,"{'n': 64, 'batch': 256, 'axis': 0, 'kind': 'take_along_axis', 'arm': 'eager-single-call', 'dtype': 'f64'}",eager-single-call,2.326882,,pytorch-cpu,0.9937515,,2.341512943628261,#2008,#2008:OPEN,explicit workload issue IDs,screening only: original PyTorch retention-list growth timed,data/results/amd-cpu/cpu/perf_issues/20261008_063605/samples_t4.jsonl,https://github.com/tensor4all/tenferro-rs/issues/2008
cpu/elementwise_reduction,cos,f64,4,8388608,tenferro-trace,29.664344,0.243228,pytorch-cpu,12.671688,0.166182,2.34099387548052,#1719 #1001,#1719:CLOSED #1001:CLOSED,historical cluster,unconfirmed observation,data/results/amd-cpu/cpu/public_api/20261008_060822/cpu_public_api_t4_20261008_060822.csv,https://github.com/tensor4all/tenferro-rs/issues/1719 https://github.com/tensor4all/tenferro-rs/issues/1001
cpu/elementwise_reduction,cos,f64,4,8388608,tenferro-direct,29.578982,0.14846,pytorch-cpu,12.671688,0.166182,2.334257440681936,#1719 #1001,#1719:CLOSED #1001:CLOSED,historical cluster,excluded: timed session entry,data/results/amd-cpu/cpu/public_api/20261008_060822/cpu_public_api_t4_20261008_060822.csv,https://github.com/tensor4all/tenferro-rs/issues/1719 https://github.com/tensor4all/tenferro-rs/issues/1001
cpu/einsum,lm_batch_likelihood_sentence_4_4d / opt_size,f64 (see instance),4,see instance JSON,tenferro-rs eager mode (ms),22.272,,PyTorch Python (ms),9.557,,2.3304384220989847,#1865 #1899 #1904 #975,#1865:OPEN #1899:OPEN #1904:OPEN #975:CLOSED,related contraction/planning cluster,unconfirmed observation,data/results/amd-cpu/cpu/einsum/20261008_053424/einsum_table_t4_20261008_053424.md,https://github.com/tensor4all/tenferro-rs/issues/1865 https://github.com/tensor4all/tenferro-rs/issues/1899 https://github.com/tensor4all/tenferro-rs/issues/1904 https://github.com/tensor4all/tenferro-rs/issues/975
cpu/linalg_batch_families,batched_lu,f64,4,4x8x8,tenferro-trace,0.033052,0.002154,pytorch-cpu,0.014187,0.00014,2.329738492986537,#1884 #1878 #2000,#1884:OPEN #1878:CLOSED #2000:OPEN,batch-linalg cluster,short isolated-clock diagnostic,data/results/amd-cpu/cpu/public_api/20261008_060822/cpu_public_api_t4_20261008_060822.csv,https://github.com/tensor4all/tenferro-rs/issues/1884 https://github.com/tensor4all/tenferro-rs/issues/1878 https://github.com/tensor4all/tenferro-rs/issues/2000
cpu/complex,dot_general_with_conj,c64,4,640x640,tenferro-direct,22.3863,0.639314,julia-base,9.618402,0.423717,2.3274448291930403,#1900 #1660,#1900:OPEN #1660:OPEN,related provider issues; #1900 is Apple-specific,excluded: timed session entry,data/results/amd-cpu/cpu/public_api/20261008_060822/cpu_public_api_t4_20261008_060822.csv,https://github.com/tensor4all/tenferro-rs/issues/1900 https://github.com/tensor4all/tenferro-rs/issues/1660
small,grad_sum_svd_s_jvp,f64,1,8x8,tenferro-trace,0.041013,0.000122,jax-cpu,0.017635,0.000111,2.3256592004536434,#1328 #1803,#1328:CLOSED #1803:OPEN,AD cluster; #1803 primarily eager,unconfirmed observation,data/results/amd-cpu/cpu/einsum/20261008_044146/cpu_ops_t1_20261008_044146.csv,https://github.com/tensor4all/tenferro-rs/issues/1328 https://github.com/tensor4all/tenferro-rs/issues/1803
cpu/linalg_batch_families,batched_lu,f64,4,1024x8x8,tenferro-trace,0.494602,0.013586,pytorch-cpu,0.21285,0.001874,2.323711533944092,#1884 #1878 #2000,#1884:OPEN #1878:CLOSED #2000:OPEN,batch-linalg cluster,short isolated-clock diagnostic,data/results/amd-cpu/cpu/public_api/20261008_060822/cpu_public_api_t4_20261008_060822.csv,https://github.com/tensor4all/tenferro-rs/issues/1884 https://github.com/tensor4all/tenferro-rs/issues/1878 https://github.com/tensor4all/tenferro-rs/issues/2000
small,grad_sum_solve_vjp,f64,1,"4x4,rhs=1",tenferro-trace,0.02797,5e-05,jax-cpu,0.012057,5.1e-05,2.319814215808244,#1328 #1803,#1328:CLOSED #1803:OPEN,AD cluster; #1803 primarily eager,unconfirmed observation,data/results/amd-cpu/cpu/einsum/20261008_044146/cpu_ops_t1_20261008_044146.csv,https://github.com/tensor4all/tenferro-rs/issues/1328 https://github.com/tensor4all/tenferro-rs/issues/1803
cpu/elementwise_reduction,exp,f64,1,8388608,tenferro-trace,49.948285,0.767585,jax-cpu,21.533685,0.283344,2.3195419176977836,#1719 #1001,#1719:CLOSED #1001:CLOSED,historical cluster,unconfirmed observation,data/results/amd-cpu/cpu/public_api/20261008_060822/cpu_public_api_t1_20261008_060822.csv,https://github.com/tensor4all/tenferro-rs/issues/1719 https://github.com/tensor4all/tenferro-rs/issues/1001
cpu/indexing_layout,concatenate,f64,1,1048576+1048576,tenferro-trace,1.217462,0.134052,pytorch-cpu,0.52539,0.136296,2.317253849521308,#1482 #1719 #1512,#1482:CLOSED #1719:CLOSED #1512:CLOSED,historical indexing cluster,unconfirmed observation,data/results/amd-cpu/cpu/public_api/20261008_060822/cpu_public_api_t1_20261008_060822.csv,https://github.com/tensor4all/tenferro-rs/issues/1482 https://github.com/tensor4all/tenferro-rs/issues/1719 https://github.com/tensor4all/tenferro-rs/issues/1512
cpu/linalg_batch_families,batched_svd,c64,4,1024x8x8,tenferro-trace,18.943057,0.819363,jax-cpu,8.177807,0.19119,2.316398149283787,#1878 #2000,#1878:CLOSED #2000:OPEN,batch-linalg cluster,unconfirmed observation,data/results/amd-cpu/cpu/public_api/20261008_060822/cpu_public_api_t4_20261008_060822.csv,https://github.com/tensor4all/tenferro-rs/issues/1878 https://github.com/tensor4all/tenferro-rs/issues/2000
cpu/linalg_batch_families,batched_eigvalsh,f64,4,8x4x4,tenferro-trace,0.034776,0.002916,pytorch-cpu,0.015018,0.00014,2.3156212544946064,#1878 #2000,#1878:CLOSED #2000:OPEN,batch-linalg cluster,short isolated-clock diagnostic,data/results/amd-cpu/cpu/public_api/20261008_060822/cpu_public_api_t4_20261008_060822.csv,https://github.com/tensor4all/tenferro-rs/issues/1878 https://github.com/tensor4all/tenferro-rs/issues/2000
small,grad_sum_solve_vjp,f64,4,"4x4,rhs=1",tenferro-trace,0.027824,2.9e-05,jax-cpu,0.01204,0.000116,2.3109634551495017,#1328 #1803,#1328:CLOSED #1803:OPEN,AD cluster; #1803 primarily eager,unconfirmed observation,data/results/amd-cpu/cpu/einsum/20261008_053424/cpu_ops_t4_20261008_053424.csv,https://github.com/tensor4all/tenferro-rs/issues/1328 https://github.com/tensor4all/tenferro-rs/issues/1803
cpu/structural_shape,extract_diagonal,f64,4,8388608x2x2 -> 8388608x2,tenferro-direct,31.057366,0.229933,jax-cpu,13.449524,0.505211,2.309179566503617,#1001 #674,#1001:CLOSED #674:CLOSED,historical cluster,excluded: timed session entry,data/results/amd-cpu/cpu/public_api/20261008_060822/cpu_public_api_t4_20261008_060822.csv,https://github.com/tensor4all/tenferro-rs/issues/1001 https://github.com/tensor4all/tenferro-rs/issues/674
cpu/linalg_batch_families,batched_svd,c64,4,8x4x4,tenferro-trace,0.114265,0.015309,pytorch-cpu,0.049613,0.000201,2.3031261967629453,#1878 #2000,#1878:CLOSED #2000:OPEN,batch-linalg cluster,short isolated-clock diagnostic,data/results/amd-cpu/cpu/public_api/20261008_060822/cpu_public_api_t4_20261008_060822.csv,https://github.com/tensor4all/tenferro-rs/issues/1878 https://github.com/tensor4all/tenferro-rs/issues/2000
cpu/linalg_batch_families,batched_svd,c64,4,1024x8x8,tenferro-direct,18.831437,0.032452,jax-cpu,8.177807,0.19119,2.302749013274586,#1878 #2000,#1878:CLOSED #2000:OPEN,batch-linalg cluster,unconfirmed observation,data/results/amd-cpu/cpu/public_api/20261008_060822/cpu_public_api_t4_20261008_060822.csv,https://github.com/tensor4all/tenferro-rs/issues/1878 https://github.com/tensor4all/tenferro-rs/issues/2000
cpu/einsum,lm_batch_likelihood_sentence_4_4d / opt_flops,f64 (see instance),1,see instance JSON,tenferro-rs eager mode (ms),36.808,,JAX Python (XLA CPU dot) (ms),16.019,,2.297771396466696,#1865 #1899 #1904 #975,#1865:OPEN #1899:OPEN #1904:OPEN #975:CLOSED,related contraction/planning cluster,unconfirmed observation,data/results/amd-cpu/cpu/einsum/20261008_044146/einsum_table_t1_20261008_044146.md,https://github.com/tensor4all/tenferro-rs/issues/1865 https://github.com/tensor4all/tenferro-rs/issues/1899 https://github.com/tensor4all/tenferro-rs/issues/1904 https://github.com/tensor4all/tenferro-rs/issues/975
small,grad_sum_matmul_backward,f64,1,16x16,tenferro-trace,0.032775,7.9e-05,jax-cpu,0.014276,0.000462,2.2958111515830764,#1328 #1803,#1328:CLOSED #1803:OPEN,AD cluster; #1803 primarily eager,unconfirmed observation,data/results/amd-cpu/cpu/einsum/20261008_044146/cpu_ops_t1_20261008_044146.csv,https://github.com/tensor4all/tenferro-rs/issues/1328 https://github.com/tensor4all/tenferro-rs/issues/1803
cpu/linalg_batch_families,batched_eigh,c64,4,1x128x128,tenferro-trace,3.465174,0.524547,pytorch-cpu,1.517577,0.016562,2.2833595922974586,#1878 #2000,#1878:CLOSED #2000:OPEN,batch-linalg cluster,unconfirmed observation,data/results/amd-cpu/cpu/public_api/20261008_060822/cpu_public_api_t4_20261008_060822.csv,https://github.com/tensor4all/tenferro-rs/issues/1878 https://github.com/tensor4all/tenferro-rs/issues/2000
cpu/linalg_batch_families,batched_eigh,c64,4,8x128x128,tenferro-trace,25.058281,1.882645,jax-cpu,10.978251,0.598827,2.282538539153459,#1878 #2000,#1878:CLOSED #2000:OPEN,batch-linalg cluster,unconfirmed observation,data/results/amd-cpu/cpu/public_api/20261008_060822/cpu_public_api_t4_20261008_060822.csv,https://github.com/tensor4all/tenferro-rs/issues/1878 https://github.com/tensor4all/tenferro-rs/issues/2000
cpu/complex,dot_general,c64,4,640x640,tenferro-direct,21.376188,0.5314,julia-base,9.371848,0.406235,2.2808935868358087,#1900 #1660,#1900:OPEN #1660:OPEN,related provider issues; #1900 is Apple-specific,excluded: timed session entry,data/results/amd-cpu/cpu/public_api/20261008_060822/cpu_public_api_t4_20261008_060822.csv,https://github.com/tensor4all/tenferro-rs/issues/1900 https://github.com/tensor4all/tenferro-rs/issues/1660
cpu/linalg_batch_families,batched_eigvalsh,f64,1,3x4x4,tenferro-trace,0.022743,0.000893,pytorch-cpu,0.009978,0.00027,2.2793144918821406,#1878 #2000,#1878:CLOSED #2000:OPEN,batch-linalg cluster,short isolated-clock diagnostic,data/results/amd-cpu/cpu/public_api/20261008_060822/cpu_public_api_t1_20261008_060822.csv,https://github.com/tensor4all/tenferro-rs/issues/1878 https://github.com/tensor4all/tenferro-rs/issues/2000
small,grad_sum_svd_s_vjp,f64,1,8x8,tenferro-trace,0.040597,4.4e-05,jax-cpu,0.017832,0.00017,2.276637505607896,#1328 #1803,#1328:CLOSED #1803:OPEN,AD cluster; #1803 primarily eager,unconfirmed observation,data/results/amd-cpu/cpu/einsum/20261008_044146/cpu_ops_t1_20261008_044146.csv,https://github.com/tensor4all/tenferro-rs/issues/1328 https://github.com/tensor4all/tenferro-rs/issues/1803
cpu/structural_shape,tril,f64,4,4096x4096,tenferro-trace,27.11856,0.543994,pytorch-cpu,11.911928,0.135896,2.276588642913221,#1001 #1512 #1480,#1001:CLOSED #1512:CLOSED #1480:CLOSED,related structural cluster,unconfirmed observation,data/results/amd-cpu/cpu/public_api/20261008_060822/cpu_public_api_t4_20261008_060822.csv,https://github.com/tensor4all/tenferro-rs/issues/1001 https://github.com/tensor4all/tenferro-rs/issues/1512 https://github.com/tensor4all/tenferro-rs/issues/1480
cpu/linalg_batch_families,batched_solve,f64,1,"8x2x2,rhs=1",tenferro-trace,0.028063,0.000771,jax-cpu,0.012343,0.012845,2.27359637041238,#1884 #1878 #2000,#1884:OPEN #1878:CLOSED #2000:OPEN,batch-linalg cluster,short isolated-clock diagnostic,data/results/amd-cpu/cpu/public_api/20261008_060822/cpu_public_api_t1_20261008_060822.csv,https://github.com/tensor4all/tenferro-rs/issues/1884 https://github.com/tensor4all/tenferro-rs/issues/1878 https://github.com/tensor4all/tenferro-rs/issues/2000
cpu/perf_issues,reduce_mean_f32_eager-single-call_1024x64_axis0,f32,1,"{'rows': 1024, 'cols': 64, 'axis': 0, 'kind': 'reduce_mean', 'arm': 'eager-single-call', 'dtype': 'f32'}",eager-single-call,0.015358453125,,pytorch-cpu,0.006756296875,,2.273205782568576,#1976,#1976:OPEN,API feature request; #2021 is related concrete-session materialization,screening only: original PyTorch retention-list growth timed,data/results/amd-cpu/cpu/perf_issues/20261008_063605/samples_t1.jsonl,https://github.com/tensor4all/tenferro-rs/issues/1976
cpu/perf_issues,layer_norm_f32_eager-composed_d1024_len64_b8,f32,1,"{'norm': 'layer_norm', 'd': 1024, 'len': 64, 'batch': 8, 'kind': 'composed_norm', 'arm': 'eager-composed', 'dtype': 'f32'}",eager-composed,0.44280625,,pytorch-cpu,0.1948519375,,2.272526799996536,#2006,#2006:OPEN,explicit workload issue IDs,screening only: original PyTorch retention-list growth timed,data/results/amd-cpu/cpu/perf_issues/20261008_063605/samples_t1.jsonl,https://github.com/tensor4all/tenferro-rs/issues/2006
small,grad_sum_svd_s_jvp,f64,1,4x4,tenferro-trace,0.029981,5.1e-05,jax-cpu,0.013204,4.7e-05,2.270599818236898,#1328 #1803,#1328:CLOSED #1803:OPEN,AD cluster; #1803 primarily eager,unconfirmed observation,data/results/amd-cpu/cpu/einsum/20261008_044146/cpu_ops_t1_20261008_044146.csv,https://github.com/tensor4all/tenferro-rs/issues/1328 https://github.com/tensor4all/tenferro-rs/issues/1803
small,grad_sum_svd_s_vjp,f64,4,8x8,tenferro-trace,0.040521,0.000122,jax-cpu,0.017854,0.002096,2.2695754452783694,#1328 #1803,#1328:CLOSED #1803:OPEN,AD cluster; #1803 primarily eager,unconfirmed observation,data/results/amd-cpu/cpu/einsum/20261008_053424/cpu_ops_t4_20261008_053424.csv,https://github.com/tensor4all/tenferro-rs/issues/1328 https://github.com/tensor4all/tenferro-rs/issues/1803
small,grad_sum_svd_s_backward,f64,1,4x4,tenferro-trace,0.029481,0.0001,jax-cpu,0.012995,0.000199,2.2686417853020395,#1328 #1803,#1328:CLOSED #1803:OPEN,AD cluster; #1803 primarily eager,unconfirmed observation,data/results/amd-cpu/cpu/einsum/20261008_044146/cpu_ops_t1_20261008_044146.csv,https://github.com/tensor4all/tenferro-rs/issues/1328 https://github.com/tensor4all/tenferro-rs/issues/1803
cpu/elementwise_reduction,sin,f64,4,8388608,tenferro-direct,29.542484,0.315814,pytorch-cpu,13.053257,0.110719,2.263227024488984,#1719 #1001,#1719:CLOSED #1001:CLOSED,historical cluster,excluded: timed session entry,data/results/amd-cpu/cpu/public_api/20261008_060822/cpu_public_api_t4_20261008_060822.csv,https://github.com/tensor4all/tenferro-rs/issues/1719 https://github.com/tensor4all/tenferro-rs/issues/1001
cpu/elementwise_reduction,sin,f64,4,8388608,tenferro-trace,29.535922,0.257395,pytorch-cpu,13.053257,0.110719,2.2627243147055176,#1719 #1001,#1719:CLOSED #1001:CLOSED,historical cluster,unconfirmed observation,data/results/amd-cpu/cpu/public_api/20261008_060822/cpu_public_api_t4_20261008_060822.csv,https://github.com/tensor4all/tenferro-rs/issues/1719 https://github.com/tensor4all/tenferro-rs/issues/1001
cpu/perf_issues,decode_proj_f32_eager-shared_in1024_out4096_len512,f32,1,"{'in': 1024, 'out': 4096, 'len': 512, 'kind': 'decode_projection', 'arm': 'eager-shared', 'dtype': 'f32'}",eager-shared,63.454859,,faer-direct,28.08189,,2.259636335018761,#1992 #2003 #1995,#1992:OPEN #2003:OPEN #1995:OPEN,explicit workload issue IDs,diagnostic: preallocated reference vs allocating tenferro,data/results/amd-cpu/cpu/perf_issues/20261008_063605/samples_t1.jsonl,https://github.com/tensor4all/tenferro-rs/issues/1992 https://github.com/tensor4all/tenferro-rs/issues/2003 https://github.com/tensor4all/tenferro-rs/issues/1995
cpu/linalg_batch_families,batched_svd,c64,1,4x4x4,tenferro-trace,0.064181,0.00582,pytorch-cpu,0.028423,0.00026,2.2580656510572426,#1878 #2000,#1878:CLOSED #2000:OPEN,batch-linalg cluster,short isolated-clock diagnostic,data/results/amd-cpu/cpu/public_api/20261008_060822/cpu_public_api_t1_20261008_060822.csv,https://github.com/tensor4all/tenferro-rs/issues/1878 https://github.com/tensor4all/tenferro-rs/issues/2000
cpu/linalg_batch_families,batched_eigh,c64,4,8x32x32,tenferro-trace,0.974936,0.018806,jax-cpu,0.432173,0.024366,2.2558928947435404,#1878 #2000,#1878:CLOSED #2000:OPEN,batch-linalg cluster,short isolated-clock diagnostic,data/results/amd-cpu/cpu/public_api/20261008_060822/cpu_public_api_t4_20261008_060822.csv,https://github.com/tensor4all/tenferro-rs/issues/1878 https://github.com/tensor4all/tenferro-rs/issues/2000
cpu/linalg_batch_families,batched_eigh,c64,1,4x4x4,tenferro-trace,0.034706,0.001613,pytorch-cpu,0.015399,9e-05,2.2537827131631927,#1878 #2000,#1878:CLOSED #2000:OPEN,batch-linalg cluster,short isolated-clock diagnostic,data/results/amd-cpu/cpu/public_api/20261008_060822/cpu_public_api_t1_20261008_060822.csv,https://github.com/tensor4all/tenferro-rs/issues/1878 https://github.com/tensor4all/tenferro-rs/issues/2000
cpu/linalg_batch_families,batched_solve,f64,1,"3x8x8,rhs=1",tenferro-trace,0.029074,0.000422,jax-cpu,0.012904,0.00055,2.253099814011159,#1884 #1878 #2000,#1884:OPEN #1878:CLOSED #2000:OPEN,batch-linalg cluster,short isolated-clock diagnostic,data/results/amd-cpu/cpu/public_api/20261008_060822/cpu_public_api_t1_20261008_060822.csv,https://github.com/tensor4all/tenferro-rs/issues/1884 https://github.com/tensor4all/tenferro-rs/issues/1878 https://github.com/tensor4all/tenferro-rs/issues/2000
cpu/perf_issues,decode_proj_f32_eager-shared_in1024_out1024_len512,f32,1,"{'in': 1024, 'out': 1024, 'len': 512, 'kind': 'decode_projection', 'arm': 'eager-shared', 'dtype': 'f32'}",eager-shared,15.829257,,faer-direct,7.028776,,2.2520645130816517,#1992 #2003 #1995,#1992:OPEN #2003:OPEN #1995:OPEN,explicit workload issue IDs,diagnostic: preallocated reference vs allocating tenferro,data/results/amd-cpu/cpu/perf_issues/20261008_063605/samples_t1.jsonl,https://github.com/tensor4all/tenferro-rs/issues/1992 https://github.com/tensor4all/tenferro-rs/issues/2003 https://github.com/tensor4all/tenferro-rs/issues/1995
cpu/linalg_batch_families,batched_svd,f64,1,4x4x4,tenferro-trace,0.056246,0.001803,pytorch-cpu,0.024977,0.000231,2.2519117588181126,#1878 #2000,#1878:CLOSED #2000:OPEN,batch-linalg cluster,short isolated-clock diagnostic,data/results/amd-cpu/cpu/public_api/20261008_060822/cpu_public_api_t1_20261008_060822.csv,https://github.com/tensor4all/tenferro-rs/issues/1878 https://github.com/tensor4all/tenferro-rs/issues/2000
cpu/perf_issues,masked_softmax_f32_eager-single-call_len512_b8,f32,1,"{'op': 'masked_softmax', 'len': 512, 'batch': 8, 'axis': 0, 'kind': 'softmax', 'arm': 'eager-single-call', 'dtype': 'f32'}",eager-single-call,7.777114,,pytorch-cpu,3.470645,,2.240826705122535,#1976,#1976:OPEN,API feature request; #2021 is related concrete-session materialization,screening only: original PyTorch retention-list growth timed,data/results/amd-cpu/cpu/perf_issues/20261008_063605/samples_t1.jsonl,https://github.com/tensor4all/tenferro-rs/issues/1976
cpu/linalg_batch_families,batched_svd,f64,4,3x4x4,tenferro-trace,0.045776,0.002515,pytorch-cpu,0.020468,0.00037,2.2364666796951336,#1878 #2000,#1878:CLOSED #2000:OPEN,batch-linalg cluster,short isolated-clock diagnostic,data/results/amd-cpu/cpu/public_api/20261008_060822/cpu_public_api_t4_20261008_060822.csv,https://github.com/tensor4all/tenferro-rs/issues/1878 https://github.com/tensor4all/tenferro-rs/issues/2000
cpu/elementwise_reduction,expm1,f64,1,4194304,tenferro-trace,31.082734,0.320042,jax-cpu,13.905031,0.159721,2.2353588424218542,#1719 #1001,#1719:CLOSED #1001:CLOSED,historical cluster,unconfirmed observation,data/results/amd-cpu/cpu/public_api/20261008_060822/cpu_public_api_t1_20261008_060822.csv,https://github.com/tensor4all/tenferro-rs/issues/1719 https://github.com/tensor4all/tenferro-rs/issues/1001
cpu/elementwise_reduction,expm1,f64,1,4194304,tenferro-direct,31.029745,0.269327,jax-cpu,13.905031,0.159721,2.231548063431142,#1719 #1001,#1719:CLOSED #1001:CLOSED,historical cluster,excluded: timed session entry,data/results/amd-cpu/cpu/public_api/20261008_060822/cpu_public_api_t1_20261008_060822.csv,https://github.com/tensor4all/tenferro-rs/issues/1719 https://github.com/tensor4all/tenferro-rs/issues/1001
small,grad_sum_svd_s_jvp,f64,4,8x8,tenferro-trace,0.040983,0.000112,jax-cpu,0.018385,0.00126,2.2291542017949415,#1328 #1803,#1328:CLOSED #1803:OPEN,AD cluster; #1803 primarily eager,unconfirmed observation,data/results/amd-cpu/cpu/einsum/20261008_053424/cpu_ops_t4_20261008_053424.csv,https://github.com/tensor4all/tenferro-rs/issues/1328 https://github.com/tensor4all/tenferro-rs/issues/1803
cpu/linalg_batch_families,batched_eigvalsh,f64,1,1x8x8,tenferro-trace,0.021831,0.001061,pytorch-cpu,0.009808,0.00038,2.2258360522022835,#1878 #2000,#1878:CLOSED #2000:OPEN,batch-linalg cluster,short isolated-clock diagnostic,data/results/amd-cpu/cpu/public_api/20261008_060822/cpu_public_api_t1_20261008_060822.csv,https://github.com/tensor4all/tenferro-rs/issues/1878 https://github.com/tensor4all/tenferro-rs/issues/2000
small,grad_sum_matmul_backward,f64,1,8x8,tenferro-trace,0.030273,7.1e-05,jax-cpu,0.013602,0.000528,2.2256285840317602,#1328 #1803,#1328:CLOSED #1803:OPEN,AD cluster; #1803 primarily eager,unconfirmed observation,data/results/amd-cpu/cpu/einsum/20261008_044146/cpu_ops_t1_20261008_044146.csv,https://github.com/tensor4all/tenferro-rs/issues/1328 https://github.com/tensor4all/tenferro-rs/issues/1803
cpu/linalg_batch_families,batched_lu,f64,4,8x8x8,tenferro-trace,0.035236,0.002095,pytorch-cpu,0.01587,0.00017,2.220289855072464,#1884 #1878 #2000,#1884:OPEN #1878:CLOSED #2000:OPEN,batch-linalg cluster,short isolated-clock diagnostic,data/results/amd-cpu/cpu/public_api/20261008_060822/cpu_public_api_t4_20261008_060822.csv,https://github.com/tensor4all/tenferro-rs/issues/1884 https://github.com/tensor4all/tenferro-rs/issues/1878 https://github.com/tensor4all/tenferro-rs/issues/2000
small,grad_sum_solve_vjp,f64,1,"8x8,rhs=1",tenferro-trace,0.028537,7.1e-05,jax-cpu,0.012876,7e-05,2.2162938800869836,#1328 #1803,#1328:CLOSED #1803:OPEN,AD cluster; #1803 primarily eager,unconfirmed observation,data/results/amd-cpu/cpu/einsum/20261008_044146/cpu_ops_t1_20261008_044146.csv,https://github.com/tensor4all/tenferro-rs/issues/1328 https://github.com/tensor4all/tenferro-rs/issues/1803
small,grad_sum_solve_vjp,f64,4,"8x8,rhs=1",tenferro-trace,0.028403,6.7e-05,jax-cpu,0.012839,2.8e-05,2.212243944232417,#1328 #1803,#1328:CLOSED #1803:OPEN,AD cluster; #1803 primarily eager,unconfirmed observation,data/results/amd-cpu/cpu/einsum/20261008_053424/cpu_ops_t4_20261008_053424.csv,https://github.com/tensor4all/tenferro-rs/issues/1328 https://github.com/tensor4all/tenferro-rs/issues/1803
cpu/perf_issues,masked_softmax_f32_eager-single-call_len512_b8,f32,4,"{'op': 'masked_softmax', 'len': 512, 'batch': 8, 'axis': 0, 'kind': 'softmax', 'arm': 'eager-single-call', 'dtype': 'f32'}",eager-single-call,2.194562,,pytorch-cpu,0.992083,,2.212074997757244,#1976,#1976:OPEN,API feature request; #2021 is related concrete-session materialization,screening only: original PyTorch retention-list growth timed,data/results/amd-cpu/cpu/perf_issues/20261008_063605/samples_t4.jsonl,https://github.com/tensor4all/tenferro-rs/issues/1976
cpu/linalg_batch_families,batched_solve,f64,4,"4x4x4,rhs=1",tenferro-trace,0.025097,0.025899,jax-cpu,0.011371,0.000441,2.2071057954445523,#1884 #1878 #2000,#1884:OPEN #1878:CLOSED #2000:OPEN,batch-linalg cluster,short isolated-clock diagnostic,data/results/amd-cpu/cpu/public_api/20261008_060822/cpu_public_api_t4_20261008_060822.csv,https://github.com/tensor4all/tenferro-rs/issues/1884 https://github.com/tensor4all/tenferro-rs/issues/1878 https://github.com/tensor4all/tenferro-rs/issues/2000
cpu/linalg_batch_families,batched_solve,f64,1,"8x4x4,rhs=1",tenferro-trace,0.028624,0.001152,jax-cpu,0.012975,0.014617,2.206088631984586,#1884 #1878 #2000,#1884:OPEN #1878:CLOSED #2000:OPEN,batch-linalg cluster,short isolated-clock diagnostic,data/results/amd-cpu/cpu/public_api/20261008_060822/cpu_public_api_t1_20261008_060822.csv,https://github.com/tensor4all/tenferro-rs/issues/1884 https://github.com/tensor4all/tenferro-rs/issues/1878 https://github.com/tensor4all/tenferro-rs/issues/2000
small,grad_sum_matmul_backward,f64,4,16x16,tenferro-trace,0.032901,7.7e-05,jax-cpu,0.014924,0.000586,2.204569820423479,#1328 #1803,#1328:CLOSED #1803:OPEN,AD cluster; #1803 primarily eager,unconfirmed observation,data/results/amd-cpu/cpu/einsum/20261008_053424/cpu_ops_t4_20261008_053424.csv,https://github.com/tensor4all/tenferro-rs/issues/1328 https://github.com/tensor4all/tenferro-rs/issues/1803
cpu/linalg_batch_families,batched_eigh,c64,4,4x4x4,tenferro-trace,0.033393,0.001102,pytorch-cpu,0.015178,5e-05,2.200092238766636,#1878 #2000,#1878:CLOSED #2000:OPEN,batch-linalg cluster,short isolated-clock diagnostic,data/results/amd-cpu/cpu/public_api/20261008_060822/cpu_public_api_t4_20261008_060822.csv,https://github.com/tensor4all/tenferro-rs/issues/1878 https://github.com/tensor4all/tenferro-rs/issues/2000
small,grad_sum_solve_vjp,f64,4,"32x32,rhs=1",tenferro-trace,0.037136,0.000127,jax-cpu,0.016914,0.001154,2.1955776280004735,#1328 #1803,#1328:CLOSED #1803:OPEN,AD cluster; #1803 primarily eager,unconfirmed observation,data/results/amd-cpu/cpu/einsum/20261008_053424/cpu_ops_t4_20261008_053424.csv,https://github.com/tensor4all/tenferro-rs/issues/1328 https://github.com/tensor4all/tenferro-rs/issues/1803
cpu/linalg_batch_families,batched_svdvals,f64,4,1024x8x8,tenferro-direct,7.519909,0.015738,jax-cpu,3.426672,1.113326,2.194522557163335,#1878 #2000,#1878:CLOSED #2000:OPEN,batch-linalg cluster,unconfirmed observation,data/results/amd-cpu/cpu/public_api/20261008_060822/cpu_public_api_t4_20261008_060822.csv,https://github.com/tensor4all/tenferro-rs/issues/1878 https://github.com/tensor4all/tenferro-rs/issues/2000
cpu/einsum,bin_elementwise_mul_512x512 / opt_flops,f64 (see instance),4,see instance JSON,tenferro-rs trace mode (ms),0.092,,PyTorch Python (ms),0.042,,2.1904761904761902,#1865 #1899 #1904 #975,#1865:OPEN #1899:OPEN #1904:OPEN #975:CLOSED,related contraction/planning cluster,short isolated-clock diagnostic,data/results/amd-cpu/cpu/einsum/20261008_053424/einsum_table_t4_20261008_053424.md,https://github.com/tensor4all/tenferro-rs/issues/1865 https://github.com/tensor4all/tenferro-rs/issues/1899 https://github.com/tensor4all/tenferro-rs/issues/1904 https://github.com/tensor4all/tenferro-rs/issues/975
cpu/einsum,bin_elementwise_mul_512x512 / opt_size,f64 (see instance),4,see instance JSON,tenferro-rs trace mode (ms),0.092,,PyTorch Python (ms),0.042,,2.1904761904761902,#1865 #1899 #1904 #975,#1865:OPEN #1899:OPEN #1904:OPEN #975:CLOSED,related contraction/planning cluster,short isolated-clock diagnostic,data/results/amd-cpu/cpu/einsum/20261008_053424/einsum_table_t4_20261008_053424.md,https://github.com/tensor4all/tenferro-rs/issues/1865 https://github.com/tensor4all/tenferro-rs/issues/1899 https://github.com/tensor4all/tenferro-rs/issues/1904 https://github.com/tensor4all/tenferro-rs/issues/975
cpu/linalg_batch_families,batched_solve,f64,1,"4x8x8,rhs=1",tenferro-trace,0.029886,0.001542,jax-cpu,0.013656,0.00075,2.1884885764499122,#1884 #1878 #2000,#1884:OPEN #1878:CLOSED #2000:OPEN,batch-linalg cluster,short isolated-clock diagnostic,data/results/amd-cpu/cpu/public_api/20261008_060822/cpu_public_api_t1_20261008_060822.csv,https://github.com/tensor4all/tenferro-rs/issues/1884 https://github.com/tensor4all/tenferro-rs/issues/1878 https://github.com/tensor4all/tenferro-rs/issues/2000
cpu/einsum,lm_batch_likelihood_sentence_3_12d / opt_size,f64 (see instance),4,see instance JSON,tenferro-rs eager mode (ms),44.406,,PyTorch Python (ms),20.311,,2.1863029885283836,#1865 #1899 #1904 #975,#1865:OPEN #1899:OPEN #1904:OPEN #975:CLOSED,related contraction/planning cluster,unconfirmed observation,data/results/amd-cpu/cpu/einsum/20261008_053424/einsum_table_t4_20261008_053424.md,https://github.com/tensor4all/tenferro-rs/issues/1865 https://github.com/tensor4all/tenferro-rs/issues/1899 https://github.com/tensor4all/tenferro-rs/issues/1904 https://github.com/tensor4all/tenferro-rs/issues/975
batched,batched_matmul_ikb_kjb_ijb,f64,4,2x2xbatch1024 (native batch layout),tenferro-trace,0.074508,0.000858,pytorch-cpu,0.03416,0.000413,2.1811475409836065,#1878 #2000,#1878:CLOSED #2000:OPEN,batch-linalg cluster,unconfirmed observation,data/results/amd-cpu/cpu/einsum/20261008_053424/cpu_ops_t4_20261008_053424.csv,https://github.com/tensor4all/tenferro-rs/issues/1878 https://github.com/tensor4all/tenferro-rs/issues/2000
cpu/linalg_batch_families,batched_eigh,c64,4,3x4x4,tenferro-trace,0.027813,0.002886,pytorch-cpu,0.012754,0.00011,2.1807276148659245,#1878 #2000,#1878:CLOSED #2000:OPEN,batch-linalg cluster,short isolated-clock diagnostic,data/results/amd-cpu/cpu/public_api/20261008_060822/cpu_public_api_t4_20261008_060822.csv,https://github.com/tensor4all/tenferro-rs/issues/1878 https://github.com/tensor4all/tenferro-rs/issues/2000
small,grad_sum_solve_jvp,f64,4,"32x32,rhs=1",tenferro-trace,0.037587,6.5e-05,jax-cpu,0.017245,0.003326,2.1795882864598437,#1328 #1803,#1328:CLOSED #1803:OPEN,AD cluster; #1803 primarily eager,unconfirmed observation,data/results/amd-cpu/cpu/einsum/20261008_053424/cpu_ops_t4_20261008_053424.csv,https://github.com/tensor4all/tenferro-rs/issues/1328 https://github.com/tensor4all/tenferro-rs/issues/1803
small,grad_sum_solve_vjp,f64,1,"32x32,rhs=1",tenferro-trace,0.037403,5.2e-05,jax-cpu,0.017178,0.00118,2.1773780416812203,#1328 #1803,#1328:CLOSED #1803:OPEN,AD cluster; #1803 primarily eager,unconfirmed observation,data/results/amd-cpu/cpu/einsum/20261008_044146/cpu_ops_t1_20261008_044146.csv,https://github.com/tensor4all/tenferro-rs/issues/1328 https://github.com/tensor4all/tenferro-rs/issues/1803
small,grad_sum_solve_jvp,f64,1,"16x16,rhs=1",tenferro-trace,0.030302,8e-05,jax-cpu,0.013955,5.4e-05,2.171408097456109,#1328 #1803,#1328:CLOSED #1803:OPEN,AD cluster; #1803 primarily eager,unconfirmed observation,data/results/amd-cpu/cpu/einsum/20261008_044146/cpu_ops_t1_20261008_044146.csv,https://github.com/tensor4all/tenferro-rs/issues/1328 https://github.com/tensor4all/tenferro-rs/issues/1803
cpu/linalg_batch_families,batched_lu,f64,4,8x4x4,tenferro-trace,0.031209,0.002414,pytorch-cpu,0.014377,0.00033,2.1707588509424776,#1884 #1878 #2000,#1884:OPEN #1878:CLOSED #2000:OPEN,batch-linalg cluster,short isolated-clock diagnostic,data/results/amd-cpu/cpu/public_api/20261008_060822/cpu_public_api_t4_20261008_060822.csv,https://github.com/tensor4all/tenferro-rs/issues/1884 https://github.com/tensor4all/tenferro-rs/issues/1878 https://github.com/tensor4all/tenferro-rs/issues/2000
small,grad_sum_svd_s_vjp,f64,1,4x4,tenferro-trace,0.029792,7e-05,jax-cpu,0.013775,4.2e-05,2.162758620689655,#1328 #1803,#1328:CLOSED #1803:OPEN,AD cluster; #1803 primarily eager,unconfirmed observation,data/results/amd-cpu/cpu/einsum/20261008_044146/cpu_ops_t1_20261008_044146.csv,https://github.com/tensor4all/tenferro-rs/issues/1328 https://github.com/tensor4all/tenferro-rs/issues/1803
batched,batched_svd,f64,4,16x16xbatch256 (native batch layout),tenferro-trace,11.014191,0.024166,jax-cpu,5.096471,0.626314,2.161140718744402,#1878 #2000,#1878:CLOSED #2000:OPEN,batch-linalg cluster,unconfirmed observation,data/results/amd-cpu/cpu/einsum/20261008_053424/cpu_ops_t4_20261008_053424.csv,https://github.com/tensor4all/tenferro-rs/issues/1878 https://github.com/tensor4all/tenferro-rs/issues/2000
cpu/linalg_batch_families,batched_eigh,c64,4,8x32x32,tenferro-direct,0.933888,0.00575,jax-cpu,0.432173,0.024366,2.1609124123904087,#1878 #2000,#1878:CLOSED #2000:OPEN,batch-linalg cluster,short isolated-clock diagnostic,data/results/amd-cpu/cpu/public_api/20261008_060822/cpu_public_api_t4_20261008_060822.csv,https://github.com/tensor4all/tenferro-rs/issues/1878 https://github.com/tensor4all/tenferro-rs/issues/2000
cpu/linalg_batch_families,batched_eigvalsh,f64,1,4x4x4,tenferro-trace,0.024256,0.000662,pytorch-cpu,0.011241,0.00026,2.1578151410016906,#1878 #2000,#1878:CLOSED #2000:OPEN,batch-linalg cluster,short isolated-clock diagnostic,data/results/amd-cpu/cpu/public_api/20261008_060822/cpu_public_api_t1_20261008_060822.csv,https://github.com/tensor4all/tenferro-rs/issues/1878 https://github.com/tensor4all/tenferro-rs/issues/2000
cpu/indexing_layout,reverse,f64,1,2097152,tenferro-trace,1.15817,0.012653,pytorch-cpu,0.537182,0.117841,2.156010439664769,#1482 #1719 #1512,#1482:CLOSED #1719:CLOSED #1512:CLOSED,historical indexing cluster,unconfirmed observation,data/results/amd-cpu/cpu/public_api/20261008_060822/cpu_public_api_t1_20261008_060822.csv,https://github.com/tensor4all/tenferro-rs/issues/1482 https://github.com/tensor4all/tenferro-rs/issues/1719 https://github.com/tensor4all/tenferro-rs/issues/1512
small,grad_sum_solve_jvp,f64,4,"16x16,rhs=1",tenferro-trace,0.030223,6.4e-05,jax-cpu,0.01404,7.4e-05,2.1526353276353274,#1328 #1803,#1328:CLOSED #1803:OPEN,AD cluster; #1803 primarily eager,unconfirmed observation,data/results/amd-cpu/cpu/einsum/20261008_053424/cpu_ops_t4_20261008_053424.csv,https://github.com/tensor4all/tenferro-rs/issues/1328 https://github.com/tensor4all/tenferro-rs/issues/1803
small,grad_sum_svd_s_backward,f64,4,4x4,tenferro-trace,0.029228,7.5e-05,jax-cpu,0.013607,0.000223,2.148012052619975,#1328 #1803,#1328:CLOSED #1803:OPEN,AD cluster; #1803 primarily eager,unconfirmed observation,data/results/amd-cpu/cpu/einsum/20261008_053424/cpu_ops_t4_20261008_053424.csv,https://github.com/tensor4all/tenferro-rs/issues/1328 https://github.com/tensor4all/tenferro-rs/issues/1803
cpu/linalg_batch_families,batched_eigh,f64,4,3x8x8,tenferro-trace,0.051417,0.004629,pytorch-cpu,0.023955,0.00028,2.1463994990607387,#1878 #2000,#1878:CLOSED #2000:OPEN,batch-linalg cluster,short isolated-clock diagnostic,data/results/amd-cpu/cpu/public_api/20261008_060822/cpu_public_api_t4_20261008_060822.csv,https://github.com/tensor4all/tenferro-rs/issues/1878 https://github.com/tensor4all/tenferro-rs/issues/2000
batched,batched_svd,f64,4,16x16xbatch256 (native batch layout),tenferro-eager,10.934582,0.008366,jax-cpu,5.096471,0.626314,2.145520302185571,#1878 #2000,#1878:CLOSED #2000:OPEN,batch-linalg cluster,unconfirmed observation,data/results/amd-cpu/cpu/einsum/20261008_053424/cpu_ops_t4_20261008_053424.csv,https://github.com/tensor4all/tenferro-rs/issues/1878 https://github.com/tensor4all/tenferro-rs/issues/2000
cpu/elementwise_reduction,chain_log1p_exp_mul,f64,4,4194304,tenferro-direct,24.706218,1.541421,jax-cpu,11.53052,0.40338,2.142680295424664,#1990,#1990:OPEN,related fused-kernel issue (different chain),excluded: timed session entry,data/results/amd-cpu/cpu/public_api/20261008_060822/cpu_public_api_t4_20261008_060822.csv,https://github.com/tensor4all/tenferro-rs/issues/1990
small,grad_sum_svd_s_jvp,f64,4,4x4,tenferro-trace,0.029977,0.00013,jax-cpu,0.013991,8.8e-05,2.142591666071046,#1328 #1803,#1328:CLOSED #1803:OPEN,AD cluster; #1803 primarily eager,unconfirmed observation,data/results/amd-cpu/cpu/einsum/20261008_053424/cpu_ops_t4_20261008_053424.csv,https://github.com/tensor4all/tenferro-rs/issues/1328 https://github.com/tensor4all/tenferro-rs/issues/1803
cpu/linalg_batch_families,batched_qr,f64,4,1x128x128,tenferro-trace,0.811247,0.163348,pytorch-cpu,0.379174,0.0056,2.1395111479162603,#1878 #2000,#1878:CLOSED #2000:OPEN,batch-linalg cluster,short isolated-clock diagnostic,data/results/amd-cpu/cpu/public_api/20261008_060822/cpu_public_api_t4_20261008_060822.csv,https://github.com/tensor4all/tenferro-rs/issues/1878 https://github.com/tensor4all/tenferro-rs/issues/2000
cpu/einsum,lm_batch_likelihood_brackets_4_4d / opt_size,f64 (see instance),1,see instance JSON,tenferro-rs eager mode (ms),31.902,,JAX Python (XLA CPU dot) (ms),15.014,,2.1248168376182233,#1865 #1899 #1904 #975,#1865:OPEN #1899:OPEN #1904:OPEN #975:CLOSED,related contraction/planning cluster,unconfirmed observation,data/results/amd-cpu/cpu/einsum/20261008_044146/einsum_table_t1_20261008_044146.md,https://github.com/tensor4all/tenferro-rs/issues/1865 https://github.com/tensor4all/tenferro-rs/issues/1899 https://github.com/tensor4all/tenferro-rs/issues/1904 https://github.com/tensor4all/tenferro-rs/issues/975
small,matmul,f64,1,32x32,tenferro-trace,0.012444,3.7e-05,pytorch-cpu,0.005878,0.000307,2.117046614494726,#1904 #1762,#1904:OPEN #1762:CLOSED,small-call cluster,unconfirmed observation,data/results/amd-cpu/cpu/einsum/20261008_044146/cpu_ops_t1_20261008_044146.csv,https://github.com/tensor4all/tenferro-rs/issues/1904 https://github.com/tensor4all/tenferro-rs/issues/1762
cpu/einsum,lm_batch_likelihood_brackets_4_4d / opt_flops,f64 (see instance),1,see instance JSON,tenferro-rs trace mode (ms),29.651,,JAX Python (XLA CPU dot) (ms),14.072,,2.1070920977828314,#1865 #1899 #1904 #975,#1865:OPEN #1899:OPEN #1904:OPEN #975:CLOSED,related contraction/planning cluster,unconfirmed observation,data/results/amd-cpu/cpu/einsum/20261008_044146/einsum_table_t1_20261008_044146.md,https://github.com/tensor4all/tenferro-rs/issues/1865 https://github.com/tensor4all/tenferro-rs/issues/1899 https://github.com/tensor4all/tenferro-rs/issues/1904 https://github.com/tensor4all/tenferro-rs/issues/975
cpu/perf_issues,small_solve_f64_solve-loop_k16_b64,f64,4,"{'k': 16, 'batch': 64, 'kind': 'small_solves', 'arm': 'solve-loop', 'dtype': 'f64'}",solve-loop,0.30156775,,pytorch-cpu,0.143132625,,2.1069113348546495,#2007,#2007:OPEN,explicit workload issue IDs,screening only: original PyTorch retention-list growth timed,data/results/amd-cpu/cpu/perf_issues/20261008_063605/samples_t4.jsonl,https://github.com/tensor4all/tenferro-rs/issues/2007
cpu/linalg_batch_families,batched_svd,f64,4,1x32x32,tenferro-trace,0.331224,0.213983,jax-cpu,0.157476,0.001472,2.103330031242856,#1878 #2000,#1878:CLOSED #2000:OPEN,batch-linalg cluster,short isolated-clock diagnostic,data/results/amd-cpu/cpu/public_api/20261008_060822/cpu_public_api_t4_20261008_060822.csv,https://github.com/tensor4all/tenferro-rs/issues/1878 https://github.com/tensor4all/tenferro-rs/issues/2000
cpu/linalg_batch_families,batched_qr,f64,4,8x128x128,tenferro-direct,5.930286,0.517323,pytorch-cpu,2.822484,0.010359,2.1010875526663746,#1878 #2000,#1878:CLOSED #2000:OPEN,batch-linalg cluster,unconfirmed observation,data/results/amd-cpu/cpu/public_api/20261008_060822/cpu_public_api_t4_20261008_060822.csv,https://github.com/tensor4all/tenferro-rs/issues/1878 https://github.com/tensor4all/tenferro-rs/issues/2000
batched,grad_sum_batched_solve_backward,f64,4,"2x2xbatch16 (native batch layout),rhs=1",tenferro-trace,0.044408,4.9e-05,jax-cpu,0.021145,8.2e-05,2.1001655237644834,#1328 #1803,#1328:CLOSED #1803:OPEN,AD cluster; #1803 primarily eager,unconfirmed observation,data/results/amd-cpu/cpu/einsum/20261008_053424/cpu_ops_t4_20261008_053424.csv,https://github.com/tensor4all/tenferro-rs/issues/1328 https://github.com/tensor4all/tenferro-rs/issues/1803
batched,grad_sum_batched_solve_backward,f64,1,"2x2xbatch16 (native batch layout),rhs=1",tenferro-trace,0.04364,6.8e-05,jax-cpu,0.020872,7.9e-05,2.0908394020697583,#1328 #1803,#1328:CLOSED #1803:OPEN,AD cluster; #1803 primarily eager,unconfirmed observation,data/results/amd-cpu/cpu/einsum/20261008_044146/cpu_ops_t1_20261008_044146.csv,https://github.com/tensor4all/tenferro-rs/issues/1328 https://github.com/tensor4all/tenferro-rs/issues/1803
batched,grad_sum_batched_solve_backward,f64,1,"4x4xbatch16 (native batch layout),rhs=1",tenferro-trace,0.045374,6.5e-05,jax-cpu,0.02171,0.001006,2.0900046061722706,#1328 #1803,#1328:CLOSED #1803:OPEN,AD cluster; #1803 primarily eager,unconfirmed observation,data/results/amd-cpu/cpu/einsum/20261008_044146/cpu_ops_t1_20261008_044146.csv,https://github.com/tensor4all/tenferro-rs/issues/1328 https://github.com/tensor4all/tenferro-rs/issues/1803
cpu/einsum,lm_batch_likelihood_sentence_4_4d / opt_size,f64 (see instance),1,see instance JSON,tenferro-rs trace mode (ms),31.381,,JAX Python (XLA CPU dot) (ms),15.049,,2.085254834208253,#1865 #1899 #1904 #975,#1865:OPEN #1899:OPEN #1904:OPEN #975:CLOSED,related contraction/planning cluster,unconfirmed observation,data/results/amd-cpu/cpu/einsum/20261008_044146/einsum_table_t1_20261008_044146.md,https://github.com/tensor4all/tenferro-rs/issues/1865 https://github.com/tensor4all/tenferro-rs/issues/1899 https://github.com/tensor4all/tenferro-rs/issues/1904 https://github.com/tensor4all/tenferro-rs/issues/975
cpu/linalg_batch_families,batched_solve,f64,1,"1x32x32,rhs=1",tenferro-trace,0.045125,0.030087,pytorch-cpu,0.021641,0.000311,2.085162423178226,#1884 #1878 #2000,#1884:OPEN #1878:CLOSED #2000:OPEN,batch-linalg cluster,short isolated-clock diagnostic,data/results/amd-cpu/cpu/public_api/20261008_060822/cpu_public_api_t1_20261008_060822.csv,https://github.com/tensor4all/tenferro-rs/issues/1884 https://github.com/tensor4all/tenferro-rs/issues/1878 https://github.com/tensor4all/tenferro-rs/issues/2000
cpu/einsum,bin_omeinsum_batched_matmul_8x8_batch_4 / opt_flops,f64 (see instance),1,see instance JSON,tenferro-rs eager mode (ms),0.025,,OMEinsum.jl OpenBLAS (ms),0.012,,2.0833333333333335,#1878 #2000,#1878:CLOSED #2000:OPEN,batch-linalg cluster,short isolated-clock diagnostic,data/results/amd-cpu/cpu/einsum/20261008_044146/einsum_table_t1_20261008_044146.md,https://github.com/tensor4all/tenferro-rs/issues/1878 https://github.com/tensor4all/tenferro-rs/issues/2000
cpu/einsum,bin_omeinsum_batched_matmul_8x8_batch_4 / opt_size,f64 (see instance),1,see instance JSON,tenferro-rs eager mode (ms),0.025,,OMEinsum.jl OpenBLAS (ms),0.012,,2.0833333333333335,#1878 #2000,#1878:CLOSED #2000:OPEN,batch-linalg cluster,short isolated-clock diagnostic,data/results/amd-cpu/cpu/einsum/20261008_044146/einsum_table_t1_20261008_044146.md,https://github.com/tensor4all/tenferro-rs/issues/1878 https://github.com/tensor4all/tenferro-rs/issues/2000
cpu/linalg_batch_families,batched_eigh,f64,1,8x4x4,tenferro-trace,0.044293,0.000982,pytorch-cpu,0.02128,0.00012,2.081437969924812,#1878 #2000,#1878:CLOSED #2000:OPEN,batch-linalg cluster,short isolated-clock diagnostic,data/results/amd-cpu/cpu/public_api/20261008_060822/cpu_public_api_t1_20261008_060822.csv,https://github.com/tensor4all/tenferro-rs/issues/1878 https://github.com/tensor4all/tenferro-rs/issues/2000
cpu/perf_issues,decode_proj_f32_eager-shared_in1024_out1024_len64,f32,4,"{'in': 1024, 'out': 1024, 'len': 64, 'kind': 'decode_projection', 'arm': 'eager-shared', 'dtype': 'f32'}",eager-shared,1.1441345,,faer-direct,0.54995075,,2.080430838579636,#1992 #2003 #1995,#1992:OPEN #2003:OPEN #1995:OPEN,explicit workload issue IDs,diagnostic: preallocated reference vs allocating tenferro,data/results/amd-cpu/cpu/perf_issues/20261008_063605/samples_t4.jsonl,https://github.com/tensor4all/tenferro-rs/issues/1992 https://github.com/tensor4all/tenferro-rs/issues/2003 https://github.com/tensor4all/tenferro-rs/issues/1995
batched,grad_sum_batched_matmul_backward,f64,1,16x16xbatch16 (native batch layout),tenferro-trace,0.078755,0.000143,jax-cpu,0.037946,0.002768,2.0754493227217625,#1328 #1803,#1328:CLOSED #1803:OPEN,AD cluster; #1803 primarily eager,unconfirmed observation,data/results/amd-cpu/cpu/einsum/20261008_044146/cpu_ops_t1_20261008_044146.csv,https://github.com/tensor4all/tenferro-rs/issues/1328 https://github.com/tensor4all/tenferro-rs/issues/1803
cpu/linalg_batch_families,batched_solve,f64,4,"8x2x2,rhs=1",tenferro-trace,0.022893,0.004598,jax-cpu,0.01104,0.000611,2.0736413043478263,#1884 #1878 #2000,#1884:OPEN #1878:CLOSED #2000:OPEN,batch-linalg cluster,short isolated-clock diagnostic,data/results/amd-cpu/cpu/public_api/20261008_060822/cpu_public_api_t4_20261008_060822.csv,https://github.com/tensor4all/tenferro-rs/issues/1884 https://github.com/tensor4all/tenferro-rs/issues/1878 https://github.com/tensor4all/tenferro-rs/issues/2000
small,grad_sum_eigh_vjp,f64,1,16x16,tenferro-trace,0.067509,0.000157,jax-cpu,0.032595,0.000348,2.0711458812701333,#1328 #1803,#1328:CLOSED #1803:OPEN,AD cluster; #1803 primarily eager,unconfirmed observation,data/results/amd-cpu/cpu/einsum/20261008_044146/cpu_ops_t1_20261008_044146.csv,https://github.com/tensor4all/tenferro-rs/issues/1328 https://github.com/tensor4all/tenferro-rs/issues/1803
cpu/elementwise_reduction,pow,f64,1,4194304,tenferro-trace,65.632045,0.353596,pytorch-cpu,31.702451,0.260931,2.070251445227374,#1719 #1001,#1719:CLOSED #1001:CLOSED,historical cluster,unconfirmed observation,data/results/amd-cpu/cpu/public_api/20261008_060822/cpu_public_api_t1_20261008_060822.csv,https://github.com/tensor4all/tenferro-rs/issues/1719 https://github.com/tensor4all/tenferro-rs/issues/1001
cpu/indexing_layout,pad,f64,1,2097152,tenferro-trace,1.555749,0.372212,pytorch-cpu,0.752898,0.022922,2.0663476327470653,#1482 #1719 #1512,#1482:CLOSED #1719:CLOSED #1512:CLOSED,historical indexing cluster,unconfirmed observation,data/results/amd-cpu/cpu/public_api/20261008_060822/cpu_public_api_t1_20261008_060822.csv,https://github.com/tensor4all/tenferro-rs/issues/1482 https://github.com/tensor4all/tenferro-rs/issues/1719 https://github.com/tensor4all/tenferro-rs/issues/1512
cpu/elementwise_reduction,exp,f64,4,8388608,tenferro-trace,14.066455,0.512965,jax-cpu,6.830241,0.283554,2.059437580606599,#1719 #1001,#1719:CLOSED #1001:CLOSED,historical cluster,unconfirmed observation,data/results/amd-cpu/cpu/public_api/20261008_060822/cpu_public_api_t4_20261008_060822.csv,https://github.com/tensor4all/tenferro-rs/issues/1719 https://github.com/tensor4all/tenferro-rs/issues/1001
small,grad_sum_eigh_jvp,f64,1,16x16,tenferro-trace,0.065965,0.000315,jax-cpu,0.03207,0.00025,2.0569067664483938,#1328 #1803,#1328:CLOSED #1803:OPEN,AD cluster; #1803 primarily eager,unconfirmed observation,data/results/amd-cpu/cpu/einsum/20261008_044146/cpu_ops_t1_20261008_044146.csv,https://github.com/tensor4all/tenferro-rs/issues/1328 https://github.com/tensor4all/tenferro-rs/issues/1803
cpu/elementwise_reduction,pow,f64,1,4194304,tenferro-direct,65.14617,0.450287,pytorch-cpu,31.702451,0.260931,2.0549253431540673,#1719 #1001,#1719:CLOSED #1001:CLOSED,historical cluster,excluded: timed session entry,data/results/amd-cpu/cpu/public_api/20261008_060822/cpu_public_api_t1_20261008_060822.csv,https://github.com/tensor4all/tenferro-rs/issues/1719 https://github.com/tensor4all/tenferro-rs/issues/1001
small,grad_sum_svd_s_vjp,f64,4,4x4,tenferro-trace,0.029659,8.3e-05,jax-cpu,0.014585,0.000104,2.0335275968460746,#1328 #1803,#1328:CLOSED #1803:OPEN,AD cluster; #1803 primarily eager,unconfirmed observation,data/results/amd-cpu/cpu/einsum/20261008_053424/cpu_ops_t4_20261008_053424.csv,https://github.com/tensor4all/tenferro-rs/issues/1328 https://github.com/tensor4all/tenferro-rs/issues/1803
cpu/perf_issues,decode_proj_f32_eager-shared_in1024_out4096_len8,f32,1,"{'in': 1024, 'out': 4096, 'len': 8, 'kind': 'decode_projection', 'arm': 'eager-shared', 'dtype': 'f32'}",eager-shared,3.340741,,pytorch-cpu,1.6486145,,2.026393071272878,#1992 #2003 #1995,#1992:OPEN #2003:OPEN #1995:OPEN,explicit workload issue IDs,screening only: original PyTorch retention-list growth timed,data/results/amd-cpu/cpu/perf_issues/20261008_063605/samples_t1.jsonl,https://github.com/tensor4all/tenferro-rs/issues/1992 https://github.com/tensor4all/tenferro-rs/issues/2003 https://github.com/tensor4all/tenferro-rs/issues/1995
cpu/linalg_batch_families,batched_svd,f64,4,4x4x4,tenferro-trace,0.050344,0.001983,pytorch-cpu,0.024847,0.000131,2.026160099810842,#1878 #2000,#1878:CLOSED #2000:OPEN,batch-linalg cluster,short isolated-clock diagnostic,data/results/amd-cpu/cpu/public_api/20261008_060822/cpu_public_api_t4_20261008_060822.csv,https://github.com/tensor4all/tenferro-rs/issues/1878 https://github.com/tensor4all/tenferro-rs/issues/2000
batched,batched_solve,f64,4,"16x16xbatch1024 (native batch layout),rhs=1",tenferro-trace,1.397581,0.008175,pytorch-cpu,0.690771,0.005541,2.023218982846703,#1884 #1878 #2000,#1884:OPEN #1878:CLOSED #2000:OPEN,batch-linalg cluster,unconfirmed observation,data/results/amd-cpu/cpu/einsum/20261008_053424/cpu_ops_t4_20261008_053424.csv,https://github.com/tensor4all/tenferro-rs/issues/1884 https://github.com/tensor4all/tenferro-rs/issues/1878 https://github.com/tensor4all/tenferro-rs/issues/2000
batched,grad_sum_batched_solve_backward,f64,4,"4x4xbatch16 (native batch layout),rhs=1",tenferro-trace,0.045801,0.000104,jax-cpu,0.022708,0.002657,2.0169543773119605,#1328 #1803,#1328:CLOSED #1803:OPEN,AD cluster; #1803 primarily eager,unconfirmed observation,data/results/amd-cpu/cpu/einsum/20261008_053424/cpu_ops_t4_20261008_053424.csv,https://github.com/tensor4all/tenferro-rs/issues/1328 https://github.com/tensor4all/tenferro-rs/issues/1803
cpu/linalg_batch_families,batched_svdvals,f64,4,1024x2x2,tenferro-direct,0.616852,0.011011,pytorch-cpu,0.305866,0.005862,2.01673935645021,#1878 #2000,#1878:CLOSED #2000:OPEN,batch-linalg cluster,short isolated-clock diagnostic,data/results/amd-cpu/cpu/public_api/20261008_060822/cpu_public_api_t4_20261008_060822.csv,https://github.com/tensor4all/tenferro-rs/issues/1878 https://github.com/tensor4all/tenferro-rs/issues/2000
cpu/elementwise_reduction,pow,f64,4,4194304,tenferro-trace,16.447839,0.176593,pytorch-cpu,8.171486,0.082445,2.0128332839339134,#1719 #1001,#1719:CLOSED #1001:CLOSED,historical cluster,unconfirmed observation,data/results/amd-cpu/cpu/public_api/20261008_060822/cpu_public_api_t4_20261008_060822.csv,https://github.com/tensor4all/tenferro-rs/issues/1719 https://github.com/tensor4all/tenferro-rs/issues/1001
cpu/elementwise_reduction,pow,f64,4,4194304,tenferro-direct,16.447037,0.23372,pytorch-cpu,8.171486,0.082445,2.0127351377705356,#1719 #1001,#1719:CLOSED #1001:CLOSED,historical cluster,excluded: timed session entry,data/results/amd-cpu/cpu/public_api/20261008_060822/cpu_public_api_t4_20261008_060822.csv,https://github.com/tensor4all/tenferro-rs/issues/1719 https://github.com/tensor4all/tenferro-rs/issues/1001
small,grad_sum_svd_s_backward,f64,1,8x8,tenferro-trace,0.040211,7.2e-05,jax-cpu,0.020026,0.002777,2.0079396784180563,#1328 #1803,#1328:CLOSED #1803:OPEN,AD cluster; #1803 primarily eager,unconfirmed observation,data/results/amd-cpu/cpu/einsum/20261008_044146/cpu_ops_t1_20261008_044146.csv,https://github.com/tensor4all/tenferro-rs/issues/1328 https://github.com/tensor4all/tenferro-rs/issues/1803
batched,batched_svd,f64,4,16x16xbatch16 (native batch layout),tenferro-trace,0.681837,0.00274,jax-cpu,0.340463,0.052169,2.0026757679982845,#1878 #2000,#1878:CLOSED #2000:OPEN,batch-linalg cluster,unconfirmed observation,data/results/amd-cpu/cpu/einsum/20261008_053424/cpu_ops_t4_20261008_053424.csv,https://github.com/tensor4all/tenferro-rs/issues/1878 https://github.com/tensor4all/tenferro-rs/issues/2000
cpu/indexing_layout,gather,f64,1,262144,tenferro-trace,0.622983,0.094949,jax-cpu,0.311467,0.007484,2.0001573200371148,#1482 #1719 #1512,#1482:CLOSED #1719:CLOSED #1512:CLOSED,historical indexing cluster,short isolated-clock diagnostic,data/results/amd-cpu/cpu/public_api/20261008_060822/cpu_public_api_t1_20261008_060822.csv,https://github.com/tensor4all/tenferro-rs/issues/1482 https://github.com/tensor4all/tenferro-rs/issues/1719 https://github.com/tensor4all/tenferro-rs/issues/1512
cpu/linalg_batch_families,batched_cholesky,f64,4,1024x4x4,tenferro-trace,0.130265,0.014027,pytorch-cpu,0.065163,0.000311,1.999063885947547,#1878 #2000,#1878:CLOSED #2000:OPEN,batch-linalg cluster,short isolated-clock diagnostic,data/results/amd-cpu/cpu/public_api/20261008_060822/cpu_public_api_t4_20261008_060822.csv,https://github.com/tensor4all/tenferro-rs/issues/1878 https://github.com/tensor4all/tenferro-rs/issues/2000
small,matmul,f64,4,32x32,tenferro-trace,0.013263,2.2e-05,pytorch-cpu,0.00664,0.000291,1.9974397590361446,#1904 #1762,#1904:OPEN #1762:CLOSED,small-call cluster,unconfirmed observation,data/results/amd-cpu/cpu/einsum/20261008_053424/cpu_ops_t4_20261008_053424.csv,https://github.com/tensor4all/tenferro-rs/issues/1904 https://github.com/tensor4all/tenferro-rs/issues/1762
batched,batched_svd,f64,4,16x16xbatch16 (native batch layout),tenferro-eager,0.674877,0.002481,jax-cpu,0.340463,0.052169,1.9822330179784584,#1878 #2000,#1878:CLOSED #2000:OPEN,batch-linalg cluster,unconfirmed observation,data/results/amd-cpu/cpu/einsum/20261008_053424/cpu_ops_t4_20261008_053424.csv,https://github.com/tensor4all/tenferro-rs/issues/1878 https://github.com/tensor4all/tenferro-rs/issues/2000
cpu/perf_issues,small_solve_f64_solve-loop_k64_b64,f64,4,"{'k': 64, 'batch': 64, 'kind': 'small_solves', 'arm': 'solve-loop', 'dtype': 'f64'}",solve-loop,3.525018,,pytorch-cpu,1.7792455,,1.9811869694204651,#2007,#2007:OPEN,explicit workload issue IDs,screening only: original PyTorch retention-list growth timed,data/results/amd-cpu/cpu/perf_issues/20261008_063605/samples_t4.jsonl,https://github.com/tensor4all/tenferro-rs/issues/2007
cpu/perf_issues,take_along_axis_rows_f64_eager-single-call_n64_b256,f64,1,"{'n': 64, 'batch': 256, 'axis': 0, 'kind': 'take_along_axis', 'arm': 'eager-single-call', 'dtype': 'f64'}",eager-single-call,7.082637,,pytorch-cpu,3.583067,,1.9766967796025028,#2008,#2008:OPEN,explicit workload issue IDs,screening only: original PyTorch retention-list growth timed,data/results/amd-cpu/cpu/perf_issues/20261008_063605/samples_t1.jsonl,https://github.com/tensor4all/tenferro-rs/issues/2008
cpu/linalg_batch_families,batched_svd,f64,1,8x4x4,tenferro-direct,0.084589,0.005672,pytorch-cpu,0.04282,0.000291,1.9754553946753854,#1878 #2000,#1878:CLOSED #2000:OPEN,batch-linalg cluster,short isolated-clock diagnostic,data/results/amd-cpu/cpu/public_api/20261008_060822/cpu_public_api_t1_20261008_060822.csv,https://github.com/tensor4all/tenferro-rs/issues/1878 https://github.com/tensor4all/tenferro-rs/issues/2000
cpu/perf_issues,decode_proj_f32_eager-shared_in1024_out1024_len8,f32,1,"{'in': 1024, 'out': 1024, 'len': 8, 'kind': 'decode_projection', 'arm': 'eager-shared', 'dtype': 'f32'}",eager-shared,0.84681725,,faer-direct,0.42893275,,1.974242465747836,#1992 #2003 #1995,#1992:OPEN #2003:OPEN #1995:OPEN,explicit workload issue IDs,diagnostic: preallocated reference vs allocating tenferro,data/results/amd-cpu/cpu/perf_issues/20261008_063605/samples_t1.jsonl,https://github.com/tensor4all/tenferro-rs/issues/1992 https://github.com/tensor4all/tenferro-rs/issues/2003 https://github.com/tensor4all/tenferro-rs/issues/1995
batched,batched_matmul_ikb_kjb_ijb,f64,1,2x2xbatch256 (native batch layout),tenferro-trace,0.034013,9.6e-05,pytorch-cpu,0.017234,0.000125,1.9735987002437045,#1878 #2000,#1878:CLOSED #2000:OPEN,batch-linalg cluster,unconfirmed observation,data/results/amd-cpu/cpu/einsum/20261008_044146/cpu_ops_t1_20261008_044146.csv,https://github.com/tensor4all/tenferro-rs/issues/1878 https://github.com/tensor4all/tenferro-rs/issues/2000
small,grad_sum_eigh_vjp,f64,4,16x16,tenferro-trace,0.066636,0.000148,jax-cpu,0.033781,0.000577,1.97258814126284,#1328 #1803,#1328:CLOSED #1803:OPEN,AD cluster; #1803 primarily eager,unconfirmed observation,data/results/amd-cpu/cpu/einsum/20261008_053424/cpu_ops_t4_20261008_053424.csv,https://github.com/tensor4all/tenferro-rs/issues/1328 https://github.com/tensor4all/tenferro-rs/issues/1803
cpu/linalg_batch_families,batched_eigvalsh,f64,4,4x8x8,tenferro-trace,0.039755,0.001964,pytorch-cpu,0.020178,0.000281,1.970215085736941,#1878 #2000,#1878:CLOSED #2000:OPEN,batch-linalg cluster,short isolated-clock diagnostic,data/results/amd-cpu/cpu/public_api/20261008_060822/cpu_public_api_t4_20261008_060822.csv,https://github.com/tensor4all/tenferro-rs/issues/1878 https://github.com/tensor4all/tenferro-rs/issues/2000
cpu/elementwise_reduction,chain_log1p_exp_mul,f64,1,4194304,tenferro-direct,83.530014,2.596798,pytorch-cpu,42.459795,0.372,1.9672731345028867,#1990,#1990:OPEN,related fused-kernel issue (different chain),excluded: timed session entry,data/results/amd-cpu/cpu/public_api/20261008_060822/cpu_public_api_t1_20261008_060822.csv,https://github.com/tensor4all/tenferro-rs/issues/1990
cpu/linalg_batch_families,batched_svd,f64,4,8x128x128,tenferro-trace,19.869841,0.852385,jax-cpu,10.13343,0.296238,1.9608208671693592,#1878 #2000,#1878:CLOSED #2000:OPEN,batch-linalg cluster,unconfirmed observation,data/results/amd-cpu/cpu/public_api/20261008_060822/cpu_public_api_t4_20261008_060822.csv,https://github.com/tensor4all/tenferro-rs/issues/1878 https://github.com/tensor4all/tenferro-rs/issues/2000
cpu/linalg_batch_families,batched_lu,f64,4,1024x8x8,tenferro-direct,0.416885,0.005481,pytorch-cpu,0.21285,0.001874,1.9585858585858584,#1884 #1878 #2000,#1884:OPEN #1878:CLOSED #2000:OPEN,batch-linalg cluster,short isolated-clock diagnostic,data/results/amd-cpu/cpu/public_api/20261008_060822/cpu_public_api_t4_20261008_060822.csv,https://github.com/tensor4all/tenferro-rs/issues/1884 https://github.com/tensor4all/tenferro-rs/issues/1878 https://github.com/tensor4all/tenferro-rs/issues/2000
small,grad_sum_eigh_jvp,f64,4,16x16,tenferro-trace,0.065795,0.000121,jax-cpu,0.033639,0.000708,1.9559142661791373,#1328 #1803,#1328:CLOSED #1803:OPEN,AD cluster; #1803 primarily eager,unconfirmed observation,data/results/amd-cpu/cpu/einsum/20261008_053424/cpu_ops_t4_20261008_053424.csv,https://github.com/tensor4all/tenferro-rs/issues/1328 https://github.com/tensor4all/tenferro-rs/issues/1803
small,grad_sum_svd_s_backward,f64,4,8x8,tenferro-trace,0.040089,0.000137,jax-cpu,0.020579,0.002398,1.9480538412945234,#1328 #1803,#1328:CLOSED #1803:OPEN,AD cluster; #1803 primarily eager,unconfirmed observation,data/results/amd-cpu/cpu/einsum/20261008_053424/cpu_ops_t4_20261008_053424.csv,https://github.com/tensor4all/tenferro-rs/issues/1328 https://github.com/tensor4all/tenferro-rs/issues/1803
cpu/perf_issues,decode_proj_f32_eager-shared_in1024_out4096_len8,f32,1,"{'in': 1024, 'out': 4096, 'len': 8, 'kind': 'decode_projection', 'arm': 'eager-shared', 'dtype': 'f32'}",eager-shared,3.340741,,faer-direct,1.7182555,,1.944263236753789,#1992 #2003 #1995,#1992:OPEN #2003:OPEN #1995:OPEN,explicit workload issue IDs,diagnostic: preallocated reference vs allocating tenferro,data/results/amd-cpu/cpu/perf_issues/20261008_063605/samples_t1.jsonl,https://github.com/tensor4all/tenferro-rs/issues/1992 https://github.com/tensor4all/tenferro-rs/issues/2003 https://github.com/tensor4all/tenferro-rs/issues/1995
batched,batched_solve,f64,4,"16x16xbatch1024 (native batch layout),rhs=1",tenferro-eager,1.342918,0.004659,pytorch-cpu,0.690771,0.005541,1.9440856665957313,#1884 #1878 #2000,#1884:OPEN #1878:CLOSED #2000:OPEN,batch-linalg cluster,unconfirmed observation,data/results/amd-cpu/cpu/einsum/20261008_053424/cpu_ops_t4_20261008_053424.csv,https://github.com/tensor4all/tenferro-rs/issues/1884 https://github.com/tensor4all/tenferro-rs/issues/1878 https://github.com/tensor4all/tenferro-rs/issues/2000
cpu/perf_issues,decode_proj_f32_eager-shared_in1024_out1024_len8,f32,1,"{'in': 1024, 'out': 1024, 'len': 8, 'kind': 'decode_projection', 'arm': 'eager-shared', 'dtype': 'f32'}",eager-shared,0.84681725,,pytorch-cpu,0.43586575,,1.9428396243568116,#1992 #2003 #1995,#1992:OPEN #2003:OPEN #1995:OPEN,explicit workload issue IDs,screening only: original PyTorch retention-list growth timed,data/results/amd-cpu/cpu/perf_issues/20261008_063605/samples_t1.jsonl,https://github.com/tensor4all/tenferro-rs/issues/1992 https://github.com/tensor4all/tenferro-rs/issues/2003 https://github.com/tensor4all/tenferro-rs/issues/1995
cpu/linalg_batch_families,batched_eigh,f64,4,1024x8x8,tenferro-trace,7.097584,0.38221,jax-cpu,3.65438,1.005322,1.942212906156448,#1878 #2000,#1878:CLOSED #2000:OPEN,batch-linalg cluster,unconfirmed observation,data/results/amd-cpu/cpu/public_api/20261008_060822/cpu_public_api_t4_20261008_060822.csv,https://github.com/tensor4all/tenferro-rs/issues/1878 https://github.com/tensor4all/tenferro-rs/issues/2000
cpu/elementwise_reduction,exp,f64,4,8388608,tenferro-direct,13.245158,0.167996,jax-cpu,6.830241,0.283554,1.9391933608199183,#1719 #1001,#1719:CLOSED #1001:CLOSED,historical cluster,excluded: timed session entry,data/results/amd-cpu/cpu/public_api/20261008_060822/cpu_public_api_t4_20261008_060822.csv,https://github.com/tensor4all/tenferro-rs/issues/1719 https://github.com/tensor4all/tenferro-rs/issues/1001
batched,batched_matmul_ikb_kjb_ijb,f64,4,2x2xbatch1024 (native batch layout),tenferro-eager,0.066191,0.000922,pytorch-cpu,0.03416,0.000413,1.9376756440281029,#1878 #2000,#1878:CLOSED #2000:OPEN,batch-linalg cluster,unconfirmed observation,data/results/amd-cpu/cpu/einsum/20261008_053424/cpu_ops_t4_20261008_053424.csv,https://github.com/tensor4all/tenferro-rs/issues/1878 https://github.com/tensor4all/tenferro-rs/issues/2000
cpu/linalg_batch_families,batched_eigvalsh,f64,1,8x4x4,tenferro-trace,0.028754,0.000481,pytorch-cpu,0.014858,0.000341,1.9352537353614214,#1878 #2000,#1878:CLOSED #2000:OPEN,batch-linalg cluster,short isolated-clock diagnostic,data/results/amd-cpu/cpu/public_api/20261008_060822/cpu_public_api_t1_20261008_060822.csv,https://github.com/tensor4all/tenferro-rs/issues/1878 https://github.com/tensor4all/tenferro-rs/issues/2000
cpu/linalg_batch_families,batched_eigh,f64,4,4x8x8,tenferro-trace,0.057869,0.004738,pytorch-cpu,0.029917,0.00019,1.9343182805762609,#1878 #2000,#1878:CLOSED #2000:OPEN,batch-linalg cluster,short isolated-clock diagnostic,data/results/amd-cpu/cpu/public_api/20261008_060822/cpu_public_api_t4_20261008_060822.csv,https://github.com/tensor4all/tenferro-rs/issues/1878 https://github.com/tensor4all/tenferro-rs/issues/2000
cpu/elementwise_reduction,expm1,f64,4,4194304,tenferro-trace,8.409153,0.28157,pytorch-cpu,4.356573,0.111811,1.9302219887053425,#1719 #1001,#1719:CLOSED #1001:CLOSED,historical cluster,unconfirmed observation,data/results/amd-cpu/cpu/public_api/20261008_060822/cpu_public_api_t4_20261008_060822.csv,https://github.com/tensor4all/tenferro-rs/issues/1719 https://github.com/tensor4all/tenferro-rs/issues/1001
cpu/perf_issues,conj_dot_f64_dot-general-rank1_len10000,f64,4,"{'len': 10000, 'kind': 'rank1_dot', 'arm': 'dot-general-rank1', 'dtype': 'f64'}",dot-general-rank1,0.005274580078125,,pytorch-cpu,0.0027350810546875,,1.9284913217051451,#1615,#1615:OPEN,explicit workload issue IDs,screening only: original PyTorch retention-list growth timed,data/results/amd-cpu/cpu/perf_issues/20261008_063605/samples_t4.jsonl,https://github.com/tensor4all/tenferro-rs/issues/1615
cpu/linalg_batch_families,batched_qr,f64,1,1x64x24,tenferro-trace,0.05334,0.018085,pytorch-cpu,0.027812,0.000141,1.9178771753200057,#1878 #2000,#1878:CLOSED #2000:OPEN,batch-linalg cluster,short isolated-clock diagnostic,data/results/amd-cpu/cpu/public_api/20261008_060822/cpu_public_api_t1_20261008_060822.csv,https://github.com/tensor4all/tenferro-rs/issues/1878 https://github.com/tensor4all/tenferro-rs/issues/2000
cpu/perf_issues,small_solve_f64_triangular-solve-loop_k16_b64,f64,4,"{'k': 16, 'batch': 64, 'kind': 'small_solves', 'arm': 'triangular-solve-loop', 'dtype': 'f64'}",triangular-solve-loop,0.141776375,,pytorch-cpu,0.07409390625,,1.9134687611371552,#2007,#2007:OPEN,explicit workload issue IDs,screening only: original PyTorch retention-list growth timed,data/results/amd-cpu/cpu/perf_issues/20261008_063605/samples_t4.jsonl,https://github.com/tensor4all/tenferro-rs/issues/2007
cpu/linalg_uncovered,inv,f64,1,768x768,tenferro-trace,44.618279,0.120357,julia-base,23.326019,0.094378,1.912811568917954,#1956 #1660,#1956:OPEN #1660:OPEN,related provider/extraction issues; no focused gap issue verified,unconfirmed observation,data/results/amd-cpu/cpu/public_api/20261008_060822/cpu_public_api_t1_20261008_060822.csv,https://github.com/tensor4all/tenferro-rs/issues/1956 https://github.com/tensor4all/tenferro-rs/issues/1660
cpu/linalg_batch_families,batched_eigh,c64,4,1x128x128,tenferro-direct,2.902144,0.017192,pytorch-cpu,1.517577,0.016562,1.9123537059404563,#1878 #2000,#1878:CLOSED #2000:OPEN,batch-linalg cluster,unconfirmed observation,data/results/amd-cpu/cpu/public_api/20261008_060822/cpu_public_api_t4_20261008_060822.csv,https://github.com/tensor4all/tenferro-rs/issues/1878 https://github.com/tensor4all/tenferro-rs/issues/2000
batched,batched_eigh,f64,4,16x16xbatch64 (native batch layout),tenferro-trace,1.244225,0.001663,jax-cpu,0.652871,0.118093,1.905774647671592,#1878 #2000,#1878:CLOSED #2000:OPEN,batch-linalg cluster,unconfirmed observation,data/results/amd-cpu/cpu/einsum/20261008_053424/cpu_ops_t4_20261008_053424.csv,https://github.com/tensor4all/tenferro-rs/issues/1878 https://github.com/tensor4all/tenferro-rs/issues/2000
cpu/einsum,bin_omeinsum_matmul_10x10 / opt_flops,f64 (see instance),1,see instance JSON,tenferro-rs trace mode (ms),0.04,,OMEinsum.jl OpenBLAS (ms),0.021,,1.9047619047619047,#1865 #1899 #1904 #975,#1865:OPEN #1899:OPEN #1904:OPEN #975:CLOSED,related contraction/planning cluster,short isolated-clock diagnostic,data/results/amd-cpu/cpu/einsum/20261008_044146/einsum_table_t1_20261008_044146.md,https://github.com/tensor4all/tenferro-rs/issues/1865 https://github.com/tensor4all/tenferro-rs/issues/1899 https://github.com/tensor4all/tenferro-rs/issues/1904 https://github.com/tensor4all/tenferro-rs/issues/975
cpu/einsum,bin_omeinsum_matmul_10x10 / opt_size,f64 (see instance),1,see instance JSON,tenferro-rs trace mode (ms),0.04,,OMEinsum.jl OpenBLAS (ms),0.021,,1.9047619047619047,#1865 #1899 #1904 #975,#1865:OPEN #1899:OPEN #1904:OPEN #975:CLOSED,related contraction/planning cluster,short isolated-clock diagnostic,data/results/amd-cpu/cpu/einsum/20261008_044146/einsum_table_t1_20261008_044146.md,https://github.com/tensor4all/tenferro-rs/issues/1865 https://github.com/tensor4all/tenferro-rs/issues/1899 https://github.com/tensor4all/tenferro-rs/issues/1904 https://github.com/tensor4all/tenferro-rs/issues/975
batched,batched_eigh,f64,4,16x16xbatch64 (native batch layout),tenferro-eager,1.242161,0.001621,jax-cpu,0.652871,0.118093,1.9026132268089717,#1878 #2000,#1878:CLOSED #2000:OPEN,batch-linalg cluster,unconfirmed observation,data/results/amd-cpu/cpu/einsum/20261008_053424/cpu_ops_t4_20261008_053424.csv,https://github.com/tensor4all/tenferro-rs/issues/1878 https://github.com/tensor4all/tenferro-rs/issues/2000
small,grad_sum_solve_vjp,f64,1,"16x16,rhs=1",tenferro-trace,0.029878,6.6e-05,jax-cpu,0.015721,0.000202,1.9005152343998473,#1328 #1803,#1328:CLOSED #1803:OPEN,AD cluster; #1803 primarily eager,unconfirmed observation,data/results/amd-cpu/cpu/einsum/20261008_044146/cpu_ops_t1_20261008_044146.csv,https://github.com/tensor4all/tenferro-rs/issues/1328 https://github.com/tensor4all/tenferro-rs/issues/1803
cpu/linalg_batch_families,batched_eigh,f64,1,3x8x8,tenferro-trace,0.045395,0.001102,pytorch-cpu,0.023915,0.00011,1.8981810579134435,#1878 #2000,#1878:CLOSED #2000:OPEN,batch-linalg cluster,short isolated-clock diagnostic,data/results/amd-cpu/cpu/public_api/20261008_060822/cpu_public_api_t1_20261008_060822.csv,https://github.com/tensor4all/tenferro-rs/issues/1878 https://github.com/tensor4all/tenferro-rs/issues/2000
cpu/perf_issues,decode_proj_f32_eager-shared_in1024_out4096_len512,f32,4,"{'in': 1024, 'out': 4096, 'len': 512, 'kind': 'decode_projection', 'arm': 'eager-shared', 'dtype': 'f32'}",eager-shared,22.567937,,matrixmultiply-sgemm,11.909446,,1.8949611090221996,#1992 #2003 #1995,#1992:OPEN #2003:OPEN #1995:OPEN,explicit workload issue IDs,diagnostic: preallocated reference vs allocating tenferro,data/results/amd-cpu/cpu/perf_issues/20261008_063605/samples_t4.jsonl,https://github.com/tensor4all/tenferro-rs/issues/1992 https://github.com/tensor4all/tenferro-rs/issues/2003 https://github.com/tensor4all/tenferro-rs/issues/1995
cpu/linalg_uncovered,inv,f64,1,768x768,tenferro-direct,44.182018,0.181822,julia-base,23.326019,0.094378,1.8941088061361864,#1956 #1660,#1956:OPEN #1660:OPEN,related provider/extraction issues; no focused gap issue verified,unconfirmed observation,data/results/amd-cpu/cpu/public_api/20261008_060822/cpu_public_api_t1_20261008_060822.csv,https://github.com/tensor4all/tenferro-rs/issues/1956 https://github.com/tensor4all/tenferro-rs/issues/1660
cpu/perf_issues,small_solve_f64_triangular-solve-loop_k16_b64,f64,1,"{'k': 16, 'batch': 64, 'kind': 'small_solves', 'arm': 'triangular-solve-loop', 'dtype': 'f64'}",triangular-solve-loop,0.139261625,,pytorch-cpu,0.0737516875,,1.8882500146183097,#2007,#2007:OPEN,explicit workload issue IDs,screening only: original PyTorch retention-list growth timed,data/results/amd-cpu/cpu/perf_issues/20261008_063605/samples_t1.jsonl,https://github.com/tensor4all/tenferro-rs/issues/2007
small,grad_sum_solve_vjp,f64,4,"16x16,rhs=1",tenferro-trace,0.029559,3.6e-05,jax-cpu,0.015708,9.6e-05,1.8817799847211611,#1328 #1803,#1328:CLOSED #1803:OPEN,AD cluster; #1803 primarily eager,unconfirmed observation,data/results/amd-cpu/cpu/einsum/20261008_053424/cpu_ops_t4_20261008_053424.csv,https://github.com/tensor4all/tenferro-rs/issues/1328 https://github.com/tensor4all/tenferro-rs/issues/1803
cpu/linalg_batch_families,batched_svd,f64,1,3x8x8,tenferro-direct,0.088737,0.044974,pytorch-cpu,0.047209,0.000591,1.8796627761655615,#1878 #2000,#1878:CLOSED #2000:OPEN,batch-linalg cluster,short isolated-clock diagnostic,data/results/amd-cpu/cpu/public_api/20261008_060822/cpu_public_api_t1_20261008_060822.csv,https://github.com/tensor4all/tenferro-rs/issues/1878 https://github.com/tensor4all/tenferro-rs/issues/2000
cpu/einsum,lm_batch_likelihood_sentence_4_4d / opt_flops,f64 (see instance),1,see instance JSON,tenferro-rs trace mode (ms),30.104,,JAX Python (XLA CPU dot) (ms),16.019,,1.879268368812036,#1865 #1899 #1904 #975,#1865:OPEN #1899:OPEN #1904:OPEN #975:CLOSED,related contraction/planning cluster,unconfirmed observation,data/results/amd-cpu/cpu/einsum/20261008_044146/einsum_table_t1_20261008_044146.md,https://github.com/tensor4all/tenferro-rs/issues/1865 https://github.com/tensor4all/tenferro-rs/issues/1899 https://github.com/tensor4all/tenferro-rs/issues/1904 https://github.com/tensor4all/tenferro-rs/issues/975
cpu/linalg_batch_families,batched_solve,f64,1,"8x8x8,rhs=1",tenferro-trace,0.031719,0.000883,jax-cpu,0.016882,0.000922,1.8788650633811157,#1884 #1878 #2000,#1884:OPEN #1878:CLOSED #2000:OPEN,batch-linalg cluster,short isolated-clock diagnostic,data/results/amd-cpu/cpu/public_api/20261008_060822/cpu_public_api_t1_20261008_060822.csv,https://github.com/tensor4all/tenferro-rs/issues/1884 https://github.com/tensor4all/tenferro-rs/issues/1878 https://github.com/tensor4all/tenferro-rs/issues/2000
batched,grad_sum_batched_matmul_backward,f64,4,8x8xbatch16 (native batch layout),tenferro-trace,0.044363,0.000249,jax-cpu,0.023648,0.00375,1.8759725981055482,#1328 #1803,#1328:CLOSED #1803:OPEN,AD cluster; #1803 primarily eager,unconfirmed observation,data/results/amd-cpu/cpu/einsum/20261008_053424/cpu_ops_t4_20261008_053424.csv,https://github.com/tensor4all/tenferro-rs/issues/1328 https://github.com/tensor4all/tenferro-rs/issues/1803
cpu/linalg_batch_families,batched_solve,f64,4,"3x8x8,rhs=1",tenferro-trace,0.023634,0.003697,jax-cpu,0.012604,0.000522,1.8751190098381465,#1884 #1878 #2000,#1884:OPEN #1878:CLOSED #2000:OPEN,batch-linalg cluster,short isolated-clock diagnostic,data/results/amd-cpu/cpu/public_api/20261008_060822/cpu_public_api_t4_20261008_060822.csv,https://github.com/tensor4all/tenferro-rs/issues/1884 https://github.com/tensor4all/tenferro-rs/issues/1878 https://github.com/tensor4all/tenferro-rs/issues/2000
cpu/linalg_batch_families,batched_eigh,f64,1,1024x2x2,tenferro-trace,0.668428,0.009296,jax-cpu,0.356481,0.005952,1.8750732858132693,#1878 #2000,#1878:CLOSED #2000:OPEN,batch-linalg cluster,short isolated-clock diagnostic,data/results/amd-cpu/cpu/public_api/20261008_060822/cpu_public_api_t1_20261008_060822.csv,https://github.com/tensor4all/tenferro-rs/issues/1878 https://github.com/tensor4all/tenferro-rs/issues/2000
batched,batched_eigh,f64,4,8x8xbatch256 (native batch layout),tenferro-eager,1.564114,0.005147,jax-cpu,0.834271,0.161424,1.8748272443846186,#1878 #2000,#1878:CLOSED #2000:OPEN,batch-linalg cluster,unconfirmed observation,data/results/amd-cpu/cpu/einsum/20261008_053424/cpu_ops_t4_20261008_053424.csv,https://github.com/tensor4all/tenferro-rs/issues/1878 https://github.com/tensor4all/tenferro-rs/issues/2000
cpu/elementwise_reduction,reduce_sum_axis1,f64,1,2048x2048,tenferro-trace,1.055728,0.14354,pytorch-cpu,0.564313,0.008216,1.8708199173153908,#1719 #1001,#1719:CLOSED #1001:CLOSED,historical cluster,unconfirmed observation,data/results/amd-cpu/cpu/public_api/20261008_060822/cpu_public_api_t1_20261008_060822.csv,https://github.com/tensor4all/tenferro-rs/issues/1719 https://github.com/tensor4all/tenferro-rs/issues/1001
batched,batched_eigh,f64,4,8x8xbatch256 (native batch layout),tenferro-trace,1.559273,0.004686,jax-cpu,0.834271,0.161424,1.8690245735498416,#1878 #2000,#1878:CLOSED #2000:OPEN,batch-linalg cluster,unconfirmed observation,data/results/amd-cpu/cpu/einsum/20261008_053424/cpu_ops_t4_20261008_053424.csv,https://github.com/tensor4all/tenferro-rs/issues/1878 https://github.com/tensor4all/tenferro-rs/issues/2000
cpu/linalg_batch_families,batched_svd,f64,4,1x64x24,tenferro-trace,0.236475,0.078708,pytorch-cpu,0.126649,0.001162,1.8671683155808572,#1878 #2000,#1878:CLOSED #2000:OPEN,batch-linalg cluster,short isolated-clock diagnostic,data/results/amd-cpu/cpu/public_api/20261008_060822/cpu_public_api_t4_20261008_060822.csv,https://github.com/tensor4all/tenferro-rs/issues/1878 https://github.com/tensor4all/tenferro-rs/issues/2000
cpu/perf_issues,decode_proj_f32_eager-shared_in1024_out4096_len512,f32,1,"{'in': 1024, 'out': 4096, 'len': 512, 'kind': 'decode_projection', 'arm': 'eager-shared', 'dtype': 'f32'}",eager-shared,63.454859,,matrixmultiply-sgemm,34.289008,,1.8505889409224086,#1992 #2003 #1995,#1992:OPEN #2003:OPEN #1995:OPEN,explicit workload issue IDs,diagnostic: preallocated reference vs allocating tenferro,data/results/amd-cpu/cpu/perf_issues/20261008_063605/samples_t1.jsonl,https://github.com/tensor4all/tenferro-rs/issues/1992 https://github.com/tensor4all/tenferro-rs/issues/2003 https://github.com/tensor4all/tenferro-rs/issues/1995
cpu/perf_issues,decode_proj_f32_eager-shared_in1024_out1024_len512,f32,4,"{'in': 1024, 'out': 1024, 'len': 512, 'kind': 'decode_projection', 'arm': 'eager-shared', 'dtype': 'f32'}",eager-shared,5.617698,,matrixmultiply-sgemm,3.038311,,1.8489542380618704,#1992 #2003 #1995,#1992:OPEN #2003:OPEN #1995:OPEN,explicit workload issue IDs,diagnostic: preallocated reference vs allocating tenferro,data/results/amd-cpu/cpu/perf_issues/20261008_063605/samples_t4.jsonl,https://github.com/tensor4all/tenferro-rs/issues/1992 https://github.com/tensor4all/tenferro-rs/issues/2003 https://github.com/tensor4all/tenferro-rs/issues/1995
batched,batched_svd,f64,4,16x16xbatch1024 (native batch layout),tenferro-trace,43.839649,0.126648,jax-cpu,23.766429,10.673498,1.8446039579610385,#1878 #2000,#1878:CLOSED #2000:OPEN,batch-linalg cluster,unconfirmed observation,data/results/amd-cpu/cpu/einsum/20261008_053424/cpu_ops_t4_20261008_053424.csv,https://github.com/tensor4all/tenferro-rs/issues/1878 https://github.com/tensor4all/tenferro-rs/issues/2000
batched,batched_svd,f64,4,16x16xbatch1024 (native batch layout),tenferro-eager,43.819621,0.031008,jax-cpu,23.766429,10.673498,1.8437612566869006,#1878 #2000,#1878:CLOSED #2000:OPEN,batch-linalg cluster,unconfirmed observation,data/results/amd-cpu/cpu/einsum/20261008_053424/cpu_ops_t4_20261008_053424.csv,https://github.com/tensor4all/tenferro-rs/issues/1878 https://github.com/tensor4all/tenferro-rs/issues/2000
cpu/elementwise_reduction,reduce_prod_axis1,f64,4,2048x2048,tenferro-trace,0.350199,0.063158,pytorch-cpu,0.190408,0.008205,1.8392031847401369,#1719 #1001,#1719:CLOSED #1001:CLOSED,historical cluster,short isolated-clock diagnostic,data/results/amd-cpu/cpu/public_api/20261008_060822/cpu_public_api_t4_20261008_060822.csv,https://github.com/tensor4all/tenferro-rs/issues/1719 https://github.com/tensor4all/tenferro-rs/issues/1001
cpu/perf_issues,decode_proj_f32_eager-shared_in1024_out1024_len512,f32,1,"{'in': 1024, 'out': 1024, 'len': 512, 'kind': 'decode_projection', 'arm': 'eager-shared', 'dtype': 'f32'}",eager-shared,15.829257,,matrixmultiply-sgemm,8.623969,,1.8354955821385721,#1992 #2003 #1995,#1992:OPEN #2003:OPEN #1995:OPEN,explicit workload issue IDs,diagnostic: preallocated reference vs allocating tenferro,data/results/amd-cpu/cpu/perf_issues/20261008_063605/samples_t1.jsonl,https://github.com/tensor4all/tenferro-rs/issues/1992 https://github.com/tensor4all/tenferro-rs/issues/2003 https://github.com/tensor4all/tenferro-rs/issues/1995
cpu/linalg_batch_families,batched_cholesky,f64,4,8x128x128,tenferro-trace,0.702853,0.039855,jax-cpu,0.383332,0.080511,1.8335359427337137,#1878 #2000,#1878:CLOSED #2000:OPEN,batch-linalg cluster,short isolated-clock diagnostic,data/results/amd-cpu/cpu/public_api/20261008_060822/cpu_public_api_t4_20261008_060822.csv,https://github.com/tensor4all/tenferro-rs/issues/1878 https://github.com/tensor4all/tenferro-rs/issues/2000
cpu/linalg_batch_families,batched_eigh,f64,4,1024x4x4,tenferro-trace,2.558517,0.464034,jax-cpu,1.39711,0.050115,1.8312924537080115,#1878 #2000,#1878:CLOSED #2000:OPEN,batch-linalg cluster,unconfirmed observation,data/results/amd-cpu/cpu/public_api/20261008_060822/cpu_public_api_t4_20261008_060822.csv,https://github.com/tensor4all/tenferro-rs/issues/1878 https://github.com/tensor4all/tenferro-rs/issues/2000
cpu/linalg_batch_families,batched_eigh,f64,4,1024x2x2,tenferro-trace,0.644463,0.02117,jax-cpu,0.352052,0.007814,1.830590367332099,#1878 #2000,#1878:CLOSED #2000:OPEN,batch-linalg cluster,short isolated-clock diagnostic,data/results/amd-cpu/cpu/public_api/20261008_060822/cpu_public_api_t4_20261008_060822.csv,https://github.com/tensor4all/tenferro-rs/issues/1878 https://github.com/tensor4all/tenferro-rs/issues/2000
batched,batched_eigh,f64,4,8x8xbatch1024 (native batch layout),tenferro-trace,6.233884,0.020329,jax-cpu,3.407621,0.390916,1.8293947595697997,#1878 #2000,#1878:CLOSED #2000:OPEN,batch-linalg cluster,unconfirmed observation,data/results/amd-cpu/cpu/einsum/20261008_053424/cpu_ops_t4_20261008_053424.csv,https://github.com/tensor4all/tenferro-rs/issues/1878 https://github.com/tensor4all/tenferro-rs/issues/2000
cpu/elementwise_reduction,reduce_max_axis0,f64,1,2048x2048,tenferro-trace,2.35815,0.013135,julia-base,1.289298,0.056697,1.8290185822052,#1719 #1001,#1719:CLOSED #1001:CLOSED,historical cluster,unconfirmed observation,data/results/amd-cpu/cpu/public_api/20261008_060822/cpu_public_api_t1_20261008_060822.csv,https://github.com/tensor4all/tenferro-rs/issues/1719 https://github.com/tensor4all/tenferro-rs/issues/1001
batched,batched_eigh,f64,4,8x8xbatch1024 (native batch layout),tenferro-eager,6.229767,0.011963,jax-cpu,3.407621,0.390916,1.828186585303941,#1878 #2000,#1878:CLOSED #2000:OPEN,batch-linalg cluster,unconfirmed observation,data/results/amd-cpu/cpu/einsum/20261008_053424/cpu_ops_t4_20261008_053424.csv,https://github.com/tensor4all/tenferro-rs/issues/1878 https://github.com/tensor4all/tenferro-rs/issues/2000
cpu/linalg_batched,batched_triangular_solve,f64,4,"1024x16x16,rhs=1",tenferro-trace,0.377541,0.041168,pytorch-cpu,0.206609,0.001984,1.8273211718753783,#1884 #1878 #2000,#1884:OPEN #1878:CLOSED #2000:OPEN,batch-linalg cluster,short isolated-clock diagnostic,data/results/amd-cpu/cpu/public_api/20261008_060822/cpu_public_api_t4_20261008_060822.csv,https://github.com/tensor4all/tenferro-rs/issues/1884 https://github.com/tensor4all/tenferro-rs/issues/1878 https://github.com/tensor4all/tenferro-rs/issues/2000
cpu/linalg_batch_families,batched_eigvalsh,f64,4,8x128x128,tenferro-trace,6.530375,1.296692,jax-cpu,3.586433,2.124671,1.820855150507482,#1878 #2000,#1878:CLOSED #2000:OPEN,batch-linalg cluster,unconfirmed observation,data/results/amd-cpu/cpu/public_api/20261008_060822/cpu_public_api_t4_20261008_060822.csv,https://github.com/tensor4all/tenferro-rs/issues/1878 https://github.com/tensor4all/tenferro-rs/issues/2000
cpu/elementwise_reduction,reduce_max_axis0,f64,1,2048x2048,tenferro-direct,2.346578,0.023735,julia-base,1.289298,0.056697,1.82004315526744,#1719 #1001,#1719:CLOSED #1001:CLOSED,historical cluster,excluded: timed session entry,data/results/amd-cpu/cpu/public_api/20261008_060822/cpu_public_api_t1_20261008_060822.csv,https://github.com/tensor4all/tenferro-rs/issues/1719 https://github.com/tensor4all/tenferro-rs/issues/1001
cpu/linalg_batch_families,batched_svd,c64,4,8x128x128,tenferro-trace,33.102196,2.08149,jax-cpu,18.198345,3.072405,1.8189673841220177,#1878 #2000,#1878:CLOSED #2000:OPEN,batch-linalg cluster,unconfirmed observation,data/results/amd-cpu/cpu/public_api/20261008_060822/cpu_public_api_t4_20261008_060822.csv,https://github.com/tensor4all/tenferro-rs/issues/1878 https://github.com/tensor4all/tenferro-rs/issues/2000
cpu/einsum,bin_batched_matmul_b32_m128_n128_k128 / opt_flops,f64 (see instance),1,see instance JSON,tenferro-rs trace mode (ms),8.041,,JAX Python (XLA CPU dot) (ms),4.424,,1.8175858951175405,#1878 #2000,#1878:CLOSED #2000:OPEN,batch-linalg cluster,unconfirmed observation,data/results/amd-cpu/cpu/einsum/20261008_044146/einsum_table_t1_20261008_044146.md,https://github.com/tensor4all/tenferro-rs/issues/1878 https://github.com/tensor4all/tenferro-rs/issues/2000
cpu/einsum,bin_batched_matmul_b32_m128_n128_k128 / opt_size,f64 (see instance),1,see instance JSON,tenferro-rs trace mode (ms),8.041,,JAX Python (XLA CPU dot) (ms),4.424,,1.8175858951175405,#1878 #2000,#1878:CLOSED #2000:OPEN,batch-linalg cluster,unconfirmed observation,data/results/amd-cpu/cpu/einsum/20261008_044146/einsum_table_t1_20261008_044146.md,https://github.com/tensor4all/tenferro-rs/issues/1878 https://github.com/tensor4all/tenferro-rs/issues/2000
cpu/einsum,bin_batched_matmul_b32_m128_n128_k128 / opt_flops,f64 (see instance),4,see instance JSON,tenferro-rs eager mode (ms),2.098,,PyTorch Python (ms),1.156,,1.814878892733564,#1878 #2000,#1878:CLOSED #2000:OPEN,batch-linalg cluster,unconfirmed observation,data/results/amd-cpu/cpu/einsum/20261008_053424/einsum_table_t4_20261008_053424.md,https://github.com/tensor4all/tenferro-rs/issues/1878 https://github.com/tensor4all/tenferro-rs/issues/2000
cpu/einsum,bin_batched_matmul_b32_m128_n128_k128 / opt_size,f64 (see instance),4,see instance JSON,tenferro-rs eager mode (ms),2.098,,PyTorch Python (ms),1.156,,1.814878892733564,#1878 #2000,#1878:CLOSED #2000:OPEN,batch-linalg cluster,unconfirmed observation,data/results/amd-cpu/cpu/einsum/20261008_053424/einsum_table_t4_20261008_053424.md,https://github.com/tensor4all/tenferro-rs/issues/1878 https://github.com/tensor4all/tenferro-rs/issues/2000
cpu/linalg_batch_families,batched_cholesky,f64,4,1024x2x2,tenferro-trace,0.076705,0.017263,pytorch-cpu,0.042269,0.0002,1.814686886370626,#1878 #2000,#1878:CLOSED #2000:OPEN,batch-linalg cluster,short isolated-clock diagnostic,data/results/amd-cpu/cpu/public_api/20261008_060822/cpu_public_api_t4_20261008_060822.csv,https://github.com/tensor4all/tenferro-rs/issues/1878 https://github.com/tensor4all/tenferro-rs/issues/2000
cpu/elementwise_reduction,expm1,f64,4,4194304,tenferro-direct,7.904603,0.238459,pytorch-cpu,4.356573,0.111811,1.8144084811616836,#1719 #1001,#1719:CLOSED #1001:CLOSED,historical cluster,excluded: timed session entry,data/results/amd-cpu/cpu/public_api/20261008_060822/cpu_public_api_t4_20261008_060822.csv,https://github.com/tensor4all/tenferro-rs/issues/1719 https://github.com/tensor4all/tenferro-rs/issues/1001
cpu/linalg_batch_families,batched_qr,f64,4,1x128x128,tenferro-direct,0.687635,0.01069,pytorch-cpu,0.379174,0.0056,1.8135077827066202,#1878 #2000,#1878:CLOSED #2000:OPEN,batch-linalg cluster,short isolated-clock diagnostic,data/results/amd-cpu/cpu/public_api/20261008_060822/cpu_public_api_t4_20261008_060822.csv,https://github.com/tensor4all/tenferro-rs/issues/1878 https://github.com/tensor4all/tenferro-rs/issues/2000
cpu/elementwise_reduction,reduce_min_axis1,f64,1,4096x4096,tenferro-direct,8.405556,0.086583,julia-base,4.641409,0.072186,1.8109923085856041,#1719 #1001,#1719:CLOSED #1001:CLOSED,historical cluster,excluded: timed session entry,data/results/amd-cpu/cpu/public_api/20261008_060822/cpu_public_api_t1_20261008_060822.csv,https://github.com/tensor4all/tenferro-rs/issues/1719 https://github.com/tensor4all/tenferro-rs/issues/1001
cpu/structural_shape,tril,f64,1,4096x4096,tenferro-trace,68.480528,3.139001,jax-cpu,37.945465,0.564553,1.8047091529910098,#1001 #1512 #1480,#1001:CLOSED #1512:CLOSED #1480:CLOSED,related structural cluster,unconfirmed observation,data/results/amd-cpu/cpu/public_api/20261008_060822/cpu_public_api_t1_20261008_060822.csv,https://github.com/tensor4all/tenferro-rs/issues/1001 https://github.com/tensor4all/tenferro-rs/issues/1512 https://github.com/tensor4all/tenferro-rs/issues/1480
cpu/linalg_batch_families,batched_eigh,c64,1,8x4x4,tenferro-trace,0.044384,0.001362,pytorch-cpu,0.024596,0.00017,1.804521060335014,#1878 #2000,#1878:CLOSED #2000:OPEN,batch-linalg cluster,short isolated-clock diagnostic,data/results/amd-cpu/cpu/public_api/20261008_060822/cpu_public_api_t1_20261008_060822.csv,https://github.com/tensor4all/tenferro-rs/issues/1878 https://github.com/tensor4all/tenferro-rs/issues/2000
cpu/linalg_batch_families,batched_solve,f64,4,"1024x8x8,rhs=1",tenferro-trace,0.469354,0.033914,pytorch-cpu,0.2601,0.002144,1.8045136485966935,#1884 #1878 #2000,#1884:OPEN #1878:CLOSED #2000:OPEN,batch-linalg cluster,short isolated-clock diagnostic,data/results/amd-cpu/cpu/public_api/20261008_060822/cpu_public_api_t4_20261008_060822.csv,https://github.com/tensor4all/tenferro-rs/issues/1884 https://github.com/tensor4all/tenferro-rs/issues/1878 https://github.com/tensor4all/tenferro-rs/issues/2000
cpu/elementwise_reduction,reduce_min_axis1,f64,1,4096x4096,tenferro-trace,8.373746,0.135014,julia-base,4.641409,0.072186,1.8041387863039005,#1719 #1001,#1719:CLOSED #1001:CLOSED,historical cluster,unconfirmed observation,data/results/amd-cpu/cpu/public_api/20261008_060822/cpu_public_api_t1_20261008_060822.csv,https://github.com/tensor4all/tenferro-rs/issues/1719 https://github.com/tensor4all/tenferro-rs/issues/1001
cpu/linalg_batch_families,batched_eigh,c64,1,3x8x8,tenferro-trace,0.048902,0.007414,pytorch-cpu,0.027141,0.00018,1.8017759109833833,#1878 #2000,#1878:CLOSED #2000:OPEN,batch-linalg cluster,short isolated-clock diagnostic,data/results/amd-cpu/cpu/public_api/20261008_060822/cpu_public_api_t1_20261008_060822.csv,https://github.com/tensor4all/tenferro-rs/issues/1878 https://github.com/tensor4all/tenferro-rs/issues/2000
cpu/linalg_batch_families,batched_svd,f64,1,4x4x4,tenferro-direct,0.044945,0.000181,pytorch-cpu,0.024977,0.000231,1.7994554990591345,#1878 #2000,#1878:CLOSED #2000:OPEN,batch-linalg cluster,short isolated-clock diagnostic,data/results/amd-cpu/cpu/public_api/20261008_060822/cpu_public_api_t1_20261008_060822.csv,https://github.com/tensor4all/tenferro-rs/issues/1878 https://github.com/tensor4all/tenferro-rs/issues/2000
cpu/einsum,lm_batch_likelihood_sentence_3_12d / opt_size,f64 (see instance),4,see instance JSON,tenferro-rs trace mode (ms),36.43,,PyTorch Python (ms),20.311,,1.7936093742307124,#1865 #1899 #1904 #975,#1865:OPEN #1899:OPEN #1904:OPEN #975:CLOSED,related contraction/planning cluster,unconfirmed observation,data/results/amd-cpu/cpu/einsum/20261008_053424/einsum_table_t4_20261008_053424.md,https://github.com/tensor4all/tenferro-rs/issues/1865 https://github.com/tensor4all/tenferro-rs/issues/1899 https://github.com/tensor4all/tenferro-rs/issues/1904 https://github.com/tensor4all/tenferro-rs/issues/975
cpu/structural_shape,transpose,f64,1,4096x4096,tenferro-direct,80.157974,0.737097,pytorch-cpu,44.774664,0.196219,1.7902529430483274,#1001 #1512 #1480,#1001:CLOSED #1512:CLOSED #1480:CLOSED,related structural cluster,excluded: timed session entry,data/results/amd-cpu/cpu/public_api/20261008_060822/cpu_public_api_t1_20261008_060822.csv,https://github.com/tensor4all/tenferro-rs/issues/1001 https://github.com/tensor4all/tenferro-rs/issues/1512 https://github.com/tensor4all/tenferro-rs/issues/1480
cpu/complex,dot_general,c64,1,640x640,tenferro-trace,62.967658,0.144562,julia-base,35.182353,1.109038,1.789751185772026,#1900 #1660,#1900:OPEN #1660:OPEN,related provider issues; #1900 is Apple-specific,unconfirmed observation,data/results/amd-cpu/cpu/public_api/20261008_060822/cpu_public_api_t1_20261008_060822.csv,https://github.com/tensor4all/tenferro-rs/issues/1900 https://github.com/tensor4all/tenferro-rs/issues/1660
batched,batched_eigh,f64,1,2x2xbatch64 (native batch layout),tenferro-trace,0.046889,7.6e-05,jax-cpu,0.026225,0.001158,1.787950428979981,#1878 #2000,#1878:CLOSED #2000:OPEN,batch-linalg cluster,unconfirmed observation,data/results/amd-cpu/cpu/einsum/20261008_044146/cpu_ops_t1_20261008_044146.csv,https://github.com/tensor4all/tenferro-rs/issues/1878 https://github.com/tensor4all/tenferro-rs/issues/2000
cpu/linalg_batch_families,batched_qr,f64,1,1x32x32,tenferro-trace,0.043462,0.001062,pytorch-cpu,0.024316,0.0001,1.7873827932225694,#1878 #2000,#1878:CLOSED #2000:OPEN,batch-linalg cluster,short isolated-clock diagnostic,data/results/amd-cpu/cpu/public_api/20261008_060822/cpu_public_api_t1_20261008_060822.csv,https://github.com/tensor4all/tenferro-rs/issues/1878 https://github.com/tensor4all/tenferro-rs/issues/2000
cpu/complex,tensordot,c64,1,640x640,tenferro-trace,62.648928,0.135064,julia-base,35.072566,0.044353,1.786265880859701,#1900 #1660,#1900:OPEN #1660:OPEN,related provider issues; #1900 is Apple-specific,unconfirmed observation,data/results/amd-cpu/cpu/public_api/20261008_060822/cpu_public_api_t1_20261008_060822.csv,https://github.com/tensor4all/tenferro-rs/issues/1900 https://github.com/tensor4all/tenferro-rs/issues/1660
cpu/linalg_batch_families,batched_eigvalsh,f64,1,3x8x8,tenferro-trace,0.030136,0.000641,pytorch-cpu,0.016872,0.00027,1.7861545756282597,#1878 #2000,#1878:CLOSED #2000:OPEN,batch-linalg cluster,short isolated-clock diagnostic,data/results/amd-cpu/cpu/public_api/20261008_060822/cpu_public_api_t1_20261008_060822.csv,https://github.com/tensor4all/tenferro-rs/issues/1878 https://github.com/tensor4all/tenferro-rs/issues/2000
cpu/elementwise_reduction,reduce_prod_axis1,f64,1,2048x2048,tenferro-trace,0.99882,0.225715,pytorch-cpu,0.560736,0.015098,1.7812660503338469,#1719 #1001,#1719:CLOSED #1001:CLOSED,historical cluster,short isolated-clock diagnostic,data/results/amd-cpu/cpu/public_api/20261008_060822/cpu_public_api_t1_20261008_060822.csv,https://github.com/tensor4all/tenferro-rs/issues/1719 https://github.com/tensor4all/tenferro-rs/issues/1001
cpu/structural_shape,transpose,f64,1,4096x4096,tenferro-trace,79.626003,1.37517,pytorch-cpu,44.774664,0.196219,1.7783718711993013,#1001 #1512 #1480,#1001:CLOSED #1512:CLOSED #1480:CLOSED,related structural cluster,unconfirmed observation,data/results/amd-cpu/cpu/public_api/20261008_060822/cpu_public_api_t1_20261008_060822.csv,https://github.com/tensor4all/tenferro-rs/issues/1001 https://github.com/tensor4all/tenferro-rs/issues/1512 https://github.com/tensor4all/tenferro-rs/issues/1480
small,matmul,f64,4,2x2,tenferro-eager,0.00333,1.5e-05,pytorch-cpu,0.001873,4.7e-05,1.777896422851041,#1904 #1762,#1904:OPEN #1762:CLOSED,small-call cluster,unconfirmed observation,data/results/amd-cpu/cpu/einsum/20261008_053424/cpu_ops_t4_20261008_053424.csv,https://github.com/tensor4all/tenferro-rs/issues/1904 https://github.com/tensor4all/tenferro-rs/issues/1762
cpu/linalg_batch_families,batched_svd,c64,1,3x4x4,tenferro-trace,0.040537,0.002504,pytorch-cpu,0.022803,0.00049,1.7777046879796516,#1878 #2000,#1878:CLOSED #2000:OPEN,batch-linalg cluster,short isolated-clock diagnostic,data/results/amd-cpu/cpu/public_api/20261008_060822/cpu_public_api_t1_20261008_060822.csv,https://github.com/tensor4all/tenferro-rs/issues/1878 https://github.com/tensor4all/tenferro-rs/issues/2000
small,matmul,f64,1,4x4,tenferro-eager,0.003446,1.4e-05,pytorch-cpu,0.001944,0.000117,1.772633744855967,#1904 #1762,#1904:OPEN #1762:CLOSED,small-call cluster,unconfirmed observation,data/results/amd-cpu/cpu/einsum/20261008_044146/cpu_ops_t1_20261008_044146.csv,https://github.com/tensor4all/tenferro-rs/issues/1904 https://github.com/tensor4all/tenferro-rs/issues/1762
batched,batched_solve,f64,4,"16x16xbatch256 (native batch layout),rhs=1",tenferro-trace,0.344569,0.001507,pytorch-cpu,0.194648,0.008406,1.7702159796144838,#1884 #1878 #2000,#1884:OPEN #1878:CLOSED #2000:OPEN,batch-linalg cluster,unconfirmed observation,data/results/amd-cpu/cpu/einsum/20261008_053424/cpu_ops_t4_20261008_053424.csv,https://github.com/tensor4all/tenferro-rs/issues/1884 https://github.com/tensor4all/tenferro-rs/issues/1878 https://github.com/tensor4all/tenferro-rs/issues/2000
cpu/complex,tensordot,c64,1,640x640,tenferro-direct,62.085678,0.187253,julia-base,35.072566,0.044353,1.7702063202333127,#1900 #1660,#1900:OPEN #1660:OPEN,related provider issues; #1900 is Apple-specific,excluded: timed session entry,data/results/amd-cpu/cpu/public_api/20261008_060822/cpu_public_api_t1_20261008_060822.csv,https://github.com/tensor4all/tenferro-rs/issues/1900 https://github.com/tensor4all/tenferro-rs/issues/1660
cpu/linalg_batch_families,batched_lu,f64,4,8x32x32,tenferro-direct,0.069361,0.00052,pytorch-cpu,0.039184,0.000351,1.7701357697019195,#1884 #1878 #2000,#1884:OPEN #1878:CLOSED #2000:OPEN,batch-linalg cluster,short isolated-clock diagnostic,data/results/amd-cpu/cpu/public_api/20261008_060822/cpu_public_api_t4_20261008_060822.csv,https://github.com/tensor4all/tenferro-rs/issues/1884 https://github.com/tensor4all/tenferro-rs/issues/1878 https://github.com/tensor4all/tenferro-rs/issues/2000
cpu/complex,dot_general,c64,1,640x640,tenferro-direct,62.15611,0.107803,julia-base,35.182353,1.109038,1.7666842806107936,#1900 #1660,#1900:OPEN #1660:OPEN,related provider issues; #1900 is Apple-specific,excluded: timed session entry,data/results/amd-cpu/cpu/public_api/20261008_060822/cpu_public_api_t1_20261008_060822.csv,https://github.com/tensor4all/tenferro-rs/issues/1900 https://github.com/tensor4all/tenferro-rs/issues/1660
cpu/complex,dot_general_with_conj,c64,1,640x640,tenferro-direct,63.208772,0.239101,julia-base,35.806458,0.238209,1.7652897139393124,#1900 #1660,#1900:OPEN #1660:OPEN,related provider issues; #1900 is Apple-specific,excluded: timed session entry,data/results/amd-cpu/cpu/public_api/20261008_060822/cpu_public_api_t1_20261008_060822.csv,https://github.com/tensor4all/tenferro-rs/issues/1900 https://github.com/tensor4all/tenferro-rs/issues/1660
cpu/linalg_batch_families,batched_svd,c64,1,8x4x4,tenferro-trace,0.088878,0.002123,pytorch-cpu,0.050355,0.000191,1.7650282990765565,#1878 #2000,#1878:CLOSED #2000:OPEN,batch-linalg cluster,short isolated-clock diagnostic,data/results/amd-cpu/cpu/public_api/20261008_060822/cpu_public_api_t1_20261008_060822.csv,https://github.com/tensor4all/tenferro-rs/issues/1878 https://github.com/tensor4all/tenferro-rs/issues/2000
cpu/complex,solve,c64,4,"384x384,rhs=8",tenferro-trace,3.328888,0.280208,julia-base,1.886632,0.036669,1.7644606897370552,#1900 #1660,#1900:OPEN #1660:OPEN,related provider issues; #1900 is Apple-specific,unconfirmed observation,data/results/amd-cpu/cpu/public_api/20261008_060822/cpu_public_api_t4_20261008_060822.csv,https://github.com/tensor4all/tenferro-rs/issues/1900 https://github.com/tensor4all/tenferro-rs/issues/1660
cpu/output_reuse,dot_general_read_into,f64,4,1024x1024,tenferro-direct,15.065436,0.055275,julia-base,8.539039,0.022302,1.76430111163563,#1899 #1904,#1899:OPEN #1904:OPEN,related public contraction path,excluded: timed session entry,data/results/amd-cpu/cpu/public_api/20261008_060822/cpu_public_api_t4_20261008_060822.csv,https://github.com/tensor4all/tenferro-rs/issues/1899 https://github.com/tensor4all/tenferro-rs/issues/1904
cpu/structural_shape,triu,f64,1,4096x4096,tenferro-trace,67.748359,1.580015,jax-cpu,38.464342,0.598156,1.7613289472103797,#1001 #1512 #1480,#1001:CLOSED #1512:CLOSED #1480:CLOSED,related structural cluster,unconfirmed observation,data/results/amd-cpu/cpu/public_api/20261008_060822/cpu_public_api_t1_20261008_060822.csv,https://github.com/tensor4all/tenferro-rs/issues/1001 https://github.com/tensor4all/tenferro-rs/issues/1512 https://github.com/tensor4all/tenferro-rs/issues/1480
cpu/einsum,lm_batch_likelihood_brackets_4_4d / opt_size,f64 (see instance),1,see instance JSON,tenferro-rs trace mode (ms),26.444,,JAX Python (XLA CPU dot) (ms),15.014,,1.76128946316771,#1865 #1899 #1904 #975,#1865:OPEN #1899:OPEN #1904:OPEN #975:CLOSED,related contraction/planning cluster,unconfirmed observation,data/results/amd-cpu/cpu/einsum/20261008_044146/einsum_table_t1_20261008_044146.md,https://github.com/tensor4all/tenferro-rs/issues/1865 https://github.com/tensor4all/tenferro-rs/issues/1899 https://github.com/tensor4all/tenferro-rs/issues/1904 https://github.com/tensor4all/tenferro-rs/issues/975
cpu/einsum,lm_batch_likelihood_brackets_4_4d / opt_flops,f64 (see instance),4,see instance JSON,tenferro-rs trace mode (ms),14.103,,PyTorch Python (ms),8.017,,1.759136834227267,#1865 #1899 #1904 #975,#1865:OPEN #1899:OPEN #1904:OPEN #975:CLOSED,related contraction/planning cluster,unconfirmed observation,data/results/amd-cpu/cpu/einsum/20261008_053424/einsum_table_t4_20261008_053424.md,https://github.com/tensor4all/tenferro-rs/issues/1865 https://github.com/tensor4all/tenferro-rs/issues/1899 https://github.com/tensor4all/tenferro-rs/issues/1904 https://github.com/tensor4all/tenferro-rs/issues/975
small,matmul,f64,4,4x4,tenferro-eager,0.003407,1.5e-05,pytorch-cpu,0.001937,0.000143,1.7589055240061953,#1904 #1762,#1904:OPEN #1762:CLOSED,small-call cluster,unconfirmed observation,data/results/amd-cpu/cpu/einsum/20261008_053424/cpu_ops_t4_20261008_053424.csv,https://github.com/tensor4all/tenferro-rs/issues/1904 https://github.com/tensor4all/tenferro-rs/issues/1762
batched,grad_sum_batched_solve_backward,f64,1,"8x8xbatch16 (native batch layout),rhs=1",tenferro-trace,0.056154,0.000113,jax-cpu,0.031979,0.000917,1.7559648519340818,#1328 #1803,#1328:CLOSED #1803:OPEN,AD cluster; #1803 primarily eager,unconfirmed observation,data/results/amd-cpu/cpu/einsum/20261008_044146/cpu_ops_t1_20261008_044146.csv,https://github.com/tensor4all/tenferro-rs/issues/1328 https://github.com/tensor4all/tenferro-rs/issues/1803
batched,batched_solve,f64,4,"8x8xbatch1024 (native batch layout),rhs=1",tenferro-eager,0.466182,0.00173,pytorch-cpu,0.265567,0.000832,1.7554214190769184,#1884 #1878 #2000,#1884:OPEN #1878:CLOSED #2000:OPEN,batch-linalg cluster,unconfirmed observation,data/results/amd-cpu/cpu/einsum/20261008_053424/cpu_ops_t4_20261008_053424.csv,https://github.com/tensor4all/tenferro-rs/issues/1884 https://github.com/tensor4all/tenferro-rs/issues/1878 https://github.com/tensor4all/tenferro-rs/issues/2000
cpu/linalg_batch_families,batched_svd,f64,1,3x8x8,tenferro-trace,0.082766,0.00519,pytorch-cpu,0.047209,0.000591,1.7531826558495203,#1878 #2000,#1878:CLOSED #2000:OPEN,batch-linalg cluster,short isolated-clock diagnostic,data/results/amd-cpu/cpu/public_api/20261008_060822/cpu_public_api_t1_20261008_060822.csv,https://github.com/tensor4all/tenferro-rs/issues/1878 https://github.com/tensor4all/tenferro-rs/issues/2000
cpu/linalg_batch_families,batched_eigh,f64,1,1024x2x2,tenferro-direct,0.624866,0.009509,jax-cpu,0.356481,0.005952,1.7528732246599399,#1878 #2000,#1878:CLOSED #2000:OPEN,batch-linalg cluster,short isolated-clock diagnostic,data/results/amd-cpu/cpu/public_api/20261008_060822/cpu_public_api_t1_20261008_060822.csv,https://github.com/tensor4all/tenferro-rs/issues/1878 https://github.com/tensor4all/tenferro-rs/issues/2000
cpu/output_reuse,dot_general_read_into_accum,f64,4,1024x1024,tenferro-direct,14.929359,0.031389,julia-base,8.517899,0.024766,1.7527043934190814,#1899 #1904,#1899:OPEN #1904:OPEN,related public contraction path,excluded: timed session entry,data/results/amd-cpu/cpu/public_api/20261008_060822/cpu_public_api_t4_20261008_060822.csv,https://github.com/tensor4all/tenferro-rs/issues/1899 https://github.com/tensor4all/tenferro-rs/issues/1904
cpu/elementwise_reduction,reduce_prod_axis1,f64,4,2048x2048,tenferro-direct,0.333719,0.021731,pytorch-cpu,0.190408,0.008205,1.7526521994874165,#1719 #1001,#1719:CLOSED #1001:CLOSED,historical cluster,excluded: timed session entry,data/results/amd-cpu/cpu/public_api/20261008_060822/cpu_public_api_t4_20261008_060822.csv,https://github.com/tensor4all/tenferro-rs/issues/1719 https://github.com/tensor4all/tenferro-rs/issues/1001
cpu/linalg_batch_families,batched_eigh,c64,4,8x128x128,tenferro-direct,19.237581,3.291127,jax-cpu,10.978251,0.598827,1.7523356862582207,#1878 #2000,#1878:CLOSED #2000:OPEN,batch-linalg cluster,unconfirmed observation,data/results/amd-cpu/cpu/public_api/20261008_060822/cpu_public_api_t4_20261008_060822.csv,https://github.com/tensor4all/tenferro-rs/issues/1878 https://github.com/tensor4all/tenferro-rs/issues/2000
small,matmul,f64,1,2x2,tenferro-eager,0.003322,8e-06,pytorch-cpu,0.001898,6.9e-05,1.750263435194942,#1904 #1762,#1904:OPEN #1762:CLOSED,small-call cluster,unconfirmed observation,data/results/amd-cpu/cpu/einsum/20261008_044146/cpu_ops_t1_20261008_044146.csv,https://github.com/tensor4all/tenferro-rs/issues/1904 https://github.com/tensor4all/tenferro-rs/issues/1762
cpu/einsum,lm_batch_likelihood_sentence_4_4d / opt_flops,f64 (see instance),4,see instance JSON,tenferro-rs trace mode (ms),15.228,,PyTorch Python (ms),8.701,,1.7501436616480863,#1865 #1899 #1904 #975,#1865:OPEN #1899:OPEN #1904:OPEN #975:CLOSED,related contraction/planning cluster,unconfirmed observation,data/results/amd-cpu/cpu/einsum/20261008_053424/einsum_table_t4_20261008_053424.md,https://github.com/tensor4all/tenferro-rs/issues/1865 https://github.com/tensor4all/tenferro-rs/issues/1899 https://github.com/tensor4all/tenferro-rs/issues/1904 https://github.com/tensor4all/tenferro-rs/issues/975
cpu/output_reuse,dot_general_read_into_accum,f64,1,1024x1024,tenferro-direct,58.270063,0.098315,julia-base,33.295461,0.046678,1.7500902900848856,#1899 #1904,#1899:OPEN #1904:OPEN,related public contraction path,excluded: timed session entry,data/results/amd-cpu/cpu/public_api/20261008_060822/cpu_public_api_t1_20261008_060822.csv,https://github.com/tensor4all/tenferro-rs/issues/1899 https://github.com/tensor4all/tenferro-rs/issues/1904
cpu/linalg_batch_families,batched_eigh,f64,4,1x32x32,tenferro-trace,0.152477,0.102253,pytorch-cpu,0.087144,0.000892,1.7497131185164785,#1878 #2000,#1878:CLOSED #2000:OPEN,batch-linalg cluster,short isolated-clock diagnostic,data/results/amd-cpu/cpu/public_api/20261008_060822/cpu_public_api_t4_20261008_060822.csv,https://github.com/tensor4all/tenferro-rs/issues/1878 https://github.com/tensor4all/tenferro-rs/issues/2000
batched,grad_sum_batched_matmul_backward,f64,1,4x4xbatch64 (native batch layout),tenferro-trace,0.056829,0.000131,jax-cpu,0.032499,0.001093,1.7486384196436813,#1328 #1803,#1328:CLOSED #1803:OPEN,AD cluster; #1803 primarily eager,unconfirmed observation,data/results/amd-cpu/cpu/einsum/20261008_044146/cpu_ops_t1_20261008_044146.csv,https://github.com/tensor4all/tenferro-rs/issues/1328 https://github.com/tensor4all/tenferro-rs/issues/1803
cpu/permutation,reverse_23d_2,f64,1,"[2, 2, 2, 2, 2, 2, 2, 2, 2, 2, 2, 2, 2, 2, 2, 2, 2, 2, 2, 2, 2, 2, 2]",tenferro-rs,68.456247,,strided-rs,39.152055,,1.7484713637636649,#1393,#1393:CLOSED,focused historical,unconfirmed observation,data/results/amd-cpu/cpu/permutation/20261008_062910/rust_output_t1.jsonl,https://github.com/tensor4all/tenferro-rs/issues/1393
cpu/elementwise_reduction,reduce_sum_axis1,f64,1,2048x2048,tenferro-direct,0.986207,0.013366,pytorch-cpu,0.564313,0.008216,1.7476241022269556,#1719 #1001,#1719:CLOSED #1001:CLOSED,historical cluster,excluded: timed session entry,data/results/amd-cpu/cpu/public_api/20261008_060822/cpu_public_api_t1_20261008_060822.csv,https://github.com/tensor4all/tenferro-rs/issues/1719 https://github.com/tensor4all/tenferro-rs/issues/1001
small,matmul,f64,4,8x8,tenferro-eager,0.003603,1.8e-05,pytorch-cpu,0.002062,0.000158,1.74733268671193,#1904 #1762,#1904:OPEN #1762:CLOSED,small-call cluster,unconfirmed observation,data/results/amd-cpu/cpu/einsum/20261008_053424/cpu_ops_t4_20261008_053424.csv,https://github.com/tensor4all/tenferro-rs/issues/1904 https://github.com/tensor4all/tenferro-rs/issues/1762
batched,batched_eigh,f64,4,2x2xbatch64 (native batch layout),tenferro-trace,0.045639,0.000128,jax-cpu,0.026143,0.001142,1.7457445587729028,#1878 #2000,#1878:CLOSED #2000:OPEN,batch-linalg cluster,unconfirmed observation,data/results/amd-cpu/cpu/einsum/20261008_053424/cpu_ops_t4_20261008_053424.csv,https://github.com/tensor4all/tenferro-rs/issues/1878 https://github.com/tensor4all/tenferro-rs/issues/2000
small,qr,f64,1,2x2,tenferro-trace,0.0082,1.7e-05,pytorch-cpu,0.004699,0.000151,1.7450521387529263,#1904 #1762,#1904:OPEN #1762:CLOSED,small-call cluster,unconfirmed observation,data/results/amd-cpu/cpu/einsum/20261008_044146/cpu_ops_t1_20261008_044146.csv,https://github.com/tensor4all/tenferro-rs/issues/1904 https://github.com/tensor4all/tenferro-rs/issues/1762
cpu/elementwise_reduction,reduce_prod_axis1,f64,1,2048x2048,tenferro-direct,0.978252,0.035668,pytorch-cpu,0.560736,0.015098,1.7445856873822976,#1719 #1001,#1719:CLOSED #1001:CLOSED,historical cluster,excluded: timed session entry,data/results/amd-cpu/cpu/public_api/20261008_060822/cpu_public_api_t1_20261008_060822.csv,https://github.com/tensor4all/tenferro-rs/issues/1719 https://github.com/tensor4all/tenferro-rs/issues/1001
cpu/linalg_batch_families,batched_svd,c64,4,1024x2x2,tenferro-trace,2.618811,0.018174,pytorch-cpu,1.502389,0.006412,1.7430978261954793,#1878 #2000,#1878:CLOSED #2000:OPEN,batch-linalg cluster,unconfirmed observation,data/results/amd-cpu/cpu/public_api/20261008_060822/cpu_public_api_t4_20261008_060822.csv,https://github.com/tensor4all/tenferro-rs/issues/1878 https://github.com/tensor4all/tenferro-rs/issues/2000
cpu/linalg_uncovered,inv,f64,4,768x768,tenferro-trace,14.709807,6.35231,julia-base,8.440523,0.047179,1.7427601346504238,#1956 #1660,#1956:OPEN #1660:OPEN,related provider/extraction issues; no focused gap issue verified,unconfirmed observation,data/results/amd-cpu/cpu/public_api/20261008_060822/cpu_public_api_t4_20261008_060822.csv,https://github.com/tensor4all/tenferro-rs/issues/1956 https://github.com/tensor4all/tenferro-rs/issues/1660
batched,batched_solve,f64,4,"16x16xbatch256 (native batch layout),rhs=1",tenferro-eager,0.339151,0.000331,pytorch-cpu,0.194648,0.008406,1.7423811187374132,#1884 #1878 #2000,#1884:OPEN #1878:CLOSED #2000:OPEN,batch-linalg cluster,unconfirmed observation,data/results/amd-cpu/cpu/einsum/20261008_053424/cpu_ops_t4_20261008_053424.csv,https://github.com/tensor4all/tenferro-rs/issues/1884 https://github.com/tensor4all/tenferro-rs/issues/1878 https://github.com/tensor4all/tenferro-rs/issues/2000
cpu/output_reuse,dot_general_read_into,f64,1,1024x1024,tenferro-direct,58.39593,0.090962,julia-base,33.517077,0.065433,1.742273945905247,#1899 #1904,#1899:OPEN #1904:OPEN,related public contraction path,excluded: timed session entry,data/results/amd-cpu/cpu/public_api/20261008_060822/cpu_public_api_t1_20261008_060822.csv,https://github.com/tensor4all/tenferro-rs/issues/1899 https://github.com/tensor4all/tenferro-rs/issues/1904
cpu/linalg_batch_families,batched_qr,f64,4,8x128x128,tenferro-trace,4.899636,0.878816,pytorch-cpu,2.822484,0.010359,1.7359304782595755,#1878 #2000,#1878:CLOSED #2000:OPEN,batch-linalg cluster,unconfirmed observation,data/results/amd-cpu/cpu/public_api/20261008_060822/cpu_public_api_t4_20261008_060822.csv,https://github.com/tensor4all/tenferro-rs/issues/1878 https://github.com/tensor4all/tenferro-rs/issues/2000
cpu/einsum,lm_batch_likelihood_brackets_4_4d / opt_size,f64 (see instance),4,see instance JSON,tenferro-rs trace mode (ms),15.318,,PyTorch Python (ms),8.843,,1.7322175732217573,#1865 #1899 #1904 #975,#1865:OPEN #1899:OPEN #1904:OPEN #975:CLOSED,related contraction/planning cluster,unconfirmed observation,data/results/amd-cpu/cpu/einsum/20261008_053424/einsum_table_t4_20261008_053424.md,https://github.com/tensor4all/tenferro-rs/issues/1865 https://github.com/tensor4all/tenferro-rs/issues/1899 https://github.com/tensor4all/tenferro-rs/issues/1904 https://github.com/tensor4all/tenferro-rs/issues/975
cpu/linalg_batch_families,batched_svd,c64,4,1024x2x2,tenferro-direct,2.599865,0.007504,pytorch-cpu,1.502389,0.006412,1.7304872439827501,#1878 #2000,#1878:CLOSED #2000:OPEN,batch-linalg cluster,unconfirmed observation,data/results/amd-cpu/cpu/public_api/20261008_060822/cpu_public_api_t4_20261008_060822.csv,https://github.com/tensor4all/tenferro-rs/issues/1878 https://github.com/tensor4all/tenferro-rs/issues/2000
cpu/linalg_batch_families,batched_svd,c64,1,1x8x8,tenferro-direct,0.041899,0.00042,pytorch-cpu,0.024225,0.00025,1.7295768833849328,#1878 #2000,#1878:CLOSED #2000:OPEN,batch-linalg cluster,short isolated-clock diagnostic,data/results/amd-cpu/cpu/public_api/20261008_060822/cpu_public_api_t1_20261008_060822.csv,https://github.com/tensor4all/tenferro-rs/issues/1878 https://github.com/tensor4all/tenferro-rs/issues/2000
cpu/einsum,bin_matmul_1024 / opt_flops,f64 (see instance),4,see instance JSON,tenferro-rs trace mode (ms),28.08,,JAX Python (XLA CPU dot) (ms),16.242,,1.7288511267085331,#1865 #1899 #1904 #975,#1865:OPEN #1899:OPEN #1904:OPEN #975:CLOSED,related contraction/planning cluster,unconfirmed observation,data/results/amd-cpu/cpu/einsum/20261008_053424/einsum_table_t4_20261008_053424.md,https://github.com/tensor4all/tenferro-rs/issues/1865 https://github.com/tensor4all/tenferro-rs/issues/1899 https://github.com/tensor4all/tenferro-rs/issues/1904 https://github.com/tensor4all/tenferro-rs/issues/975
cpu/einsum,bin_matmul_1024 / opt_size,f64 (see instance),4,see instance JSON,tenferro-rs trace mode (ms),28.08,,JAX Python (XLA CPU dot) (ms),16.242,,1.7288511267085331,#1865 #1899 #1904 #975,#1865:OPEN #1899:OPEN #1904:OPEN #975:CLOSED,related contraction/planning cluster,unconfirmed observation,data/results/amd-cpu/cpu/einsum/20261008_053424/einsum_table_t4_20261008_053424.md,https://github.com/tensor4all/tenferro-rs/issues/1865 https://github.com/tensor4all/tenferro-rs/issues/1899 https://github.com/tensor4all/tenferro-rs/issues/1904 https://github.com/tensor4all/tenferro-rs/issues/975
batched,batched_eigh,f64,1,2x2xbatch64 (native batch layout),tenferro-eager,0.045237,7.3e-05,jax-cpu,0.026225,0.001158,1.7249571020019068,#1878 #2000,#1878:CLOSED #2000:OPEN,batch-linalg cluster,unconfirmed observation,data/results/amd-cpu/cpu/einsum/20261008_044146/cpu_ops_t1_20261008_044146.csv,https://github.com/tensor4all/tenferro-rs/issues/1878 https://github.com/tensor4all/tenferro-rs/issues/2000
cpu/perf_issues,rms_norm_f32_eager-composed_d1024_len64_b8,f32,1,"{'norm': 'rms_norm', 'd': 1024, 'len': 64, 'batch': 8, 'kind': 'composed_norm', 'arm': 'eager-composed', 'dtype': 'f32'}",eager-composed,0.430592,,pytorch-cpu,0.2498510625,,1.7233947123999123,#2006,#2006:OPEN,explicit workload issue IDs,screening only: original PyTorch retention-list growth timed,data/results/amd-cpu/cpu/perf_issues/20261008_063605/samples_t1.jsonl,https://github.com/tensor4all/tenferro-rs/issues/2006
cpu/linalg_batch_families,batched_solve,f64,4,"4x8x8,rhs=1",tenferro-trace,0.023685,0.009236,jax-cpu,0.013766,0.000692,1.720543367717565,#1884 #1878 #2000,#1884:OPEN #1878:CLOSED #2000:OPEN,batch-linalg cluster,short isolated-clock diagnostic,data/results/amd-cpu/cpu/public_api/20261008_060822/cpu_public_api_t4_20261008_060822.csv,https://github.com/tensor4all/tenferro-rs/issues/1884 https://github.com/tensor4all/tenferro-rs/issues/1878 https://github.com/tensor4all/tenferro-rs/issues/2000
small,matmul,f64,1,8x8,tenferro-eager,0.003631,2e-05,pytorch-cpu,0.002111,0.000146,1.720037896731407,#1904 #1762,#1904:OPEN #1762:CLOSED,small-call cluster,unconfirmed observation,data/results/amd-cpu/cpu/einsum/20261008_044146/cpu_ops_t1_20261008_044146.csv,https://github.com/tensor4all/tenferro-rs/issues/1904 https://github.com/tensor4all/tenferro-rs/issues/1762
cpu/linalg_batch_families,batched_svd,c64,4,1x64x24,tenferro-trace,0.336073,0.083758,jax-cpu,0.195658,0.002665,1.7176552964867269,#1878 #2000,#1878:CLOSED #2000:OPEN,batch-linalg cluster,short isolated-clock diagnostic,data/results/amd-cpu/cpu/public_api/20261008_060822/cpu_public_api_t4_20261008_060822.csv,https://github.com/tensor4all/tenferro-rs/issues/1878 https://github.com/tensor4all/tenferro-rs/issues/2000
cpu/linalg_batch_families,batched_eigh,f64,4,1024x2x2,tenferro-direct,0.603967,0.008356,jax-cpu,0.352052,0.007814,1.715561905627578,#1878 #2000,#1878:CLOSED #2000:OPEN,batch-linalg cluster,short isolated-clock diagnostic,data/results/amd-cpu/cpu/public_api/20261008_060822/cpu_public_api_t4_20261008_060822.csv,https://github.com/tensor4all/tenferro-rs/issues/1878 https://github.com/tensor4all/tenferro-rs/issues/2000
cpu/linalg_batch_families,batched_eigh,f64,1,4x8x8,tenferro-trace,0.051327,0.000461,pytorch-cpu,0.029947,0.00019,1.713927939359535,#1878 #2000,#1878:CLOSED #2000:OPEN,batch-linalg cluster,short isolated-clock diagnostic,data/results/amd-cpu/cpu/public_api/20261008_060822/cpu_public_api_t1_20261008_060822.csv,https://github.com/tensor4all/tenferro-rs/issues/1878 https://github.com/tensor4all/tenferro-rs/issues/2000
batched,batched_eigh,f64,1,2x2xbatch256 (native batch layout),tenferro-trace,0.161545,0.000329,jax-cpu,0.094284,0.005653,1.713387213100844,#1878 #2000,#1878:CLOSED #2000:OPEN,batch-linalg cluster,unconfirmed observation,data/results/amd-cpu/cpu/einsum/20261008_044146/cpu_ops_t1_20261008_044146.csv,https://github.com/tensor4all/tenferro-rs/issues/1878 https://github.com/tensor4all/tenferro-rs/issues/2000
cpu/elementwise_reduction,reduce_sum_axis1,f64,4,2048x2048,tenferro-trace,0.316917,0.110458,pytorch-cpu,0.185389,0.009067,1.7094703569251681,#1719 #1001,#1719:CLOSED #1001:CLOSED,historical cluster,short isolated-clock diagnostic,data/results/amd-cpu/cpu/public_api/20261008_060822/cpu_public_api_t4_20261008_060822.csv,https://github.com/tensor4all/tenferro-rs/issues/1719 https://github.com/tensor4all/tenferro-rs/issues/1001
cpu/linalg_batch_families,batched_svd,c64,4,3x8x8,tenferro-trace,0.098375,0.013856,pytorch-cpu,0.057568,0.000221,1.7088486659255142,#1878 #2000,#1878:CLOSED #2000:OPEN,batch-linalg cluster,short isolated-clock diagnostic,data/results/amd-cpu/cpu/public_api/20261008_060822/cpu_public_api_t4_20261008_060822.csv,https://github.com/tensor4all/tenferro-rs/issues/1878 https://github.com/tensor4all/tenferro-rs/issues/2000
cpu/linalg_batch_families,batched_qr,f64,4,1x64x24,tenferro-trace,0.051486,0.018475,pytorch-cpu,0.030137,0.000892,1.7083983143644024,#1878 #2000,#1878:CLOSED #2000:OPEN,batch-linalg cluster,short isolated-clock diagnostic,data/results/amd-cpu/cpu/public_api/20261008_060822/cpu_public_api_t4_20261008_060822.csv,https://github.com/tensor4all/tenferro-rs/issues/1878 https://github.com/tensor4all/tenferro-rs/issues/2000
cpu/elementwise_reduction,reduce_min_axis0,f64,1,2048x2048,tenferro-trace,2.182759,0.019767,julia-base,1.278277,0.063729,1.7075790302101967,#1719 #1001,#1719:CLOSED #1001:CLOSED,historical cluster,unconfirmed observation,data/results/amd-cpu/cpu/public_api/20261008_060822/cpu_public_api_t1_20261008_060822.csv,https://github.com/tensor4all/tenferro-rs/issues/1719 https://github.com/tensor4all/tenferro-rs/issues/1001
batched,batched_eigh,f64,4,2x2xbatch1024 (native batch layout),tenferro-eager,0.606397,0.001509,jax-cpu,0.355276,0.01359,1.706833560386854,#1878 #2000,#1878:CLOSED #2000:OPEN,batch-linalg cluster,unconfirmed observation,data/results/amd-cpu/cpu/einsum/20261008_053424/cpu_ops_t4_20261008_053424.csv,https://github.com/tensor4all/tenferro-rs/issues/1878 https://github.com/tensor4all/tenferro-rs/issues/2000
cpu/linalg_batch_families,batched_qr,f64,1,8x8x8,tenferro-direct,0.025398,0.000261,pytorch-cpu,0.014888,6e-05,1.705937667920473,#1878 #2000,#1878:CLOSED #2000:OPEN,batch-linalg cluster,short isolated-clock diagnostic,data/results/amd-cpu/cpu/public_api/20261008_060822/cpu_public_api_t1_20261008_060822.csv,https://github.com/tensor4all/tenferro-rs/issues/1878 https://github.com/tensor4all/tenferro-rs/issues/2000
small,matmul,f64,1,16x16,tenferro-eager,0.004765,4.9e-05,pytorch-cpu,0.0028,0.000213,1.7017857142857145,#1904 #1762,#1904:OPEN #1762:CLOSED,small-call cluster,unconfirmed observation,data/results/amd-cpu/cpu/einsum/20261008_044146/cpu_ops_t1_20261008_044146.csv,https://github.com/tensor4all/tenferro-rs/issues/1904 https://github.com/tensor4all/tenferro-rs/issues/1762
batched,batched_eigh,f64,1,2x2xbatch1024 (native batch layout),tenferro-trace,0.62136,0.001746,jax-cpu,0.365278,0.010363,1.7010605620924337,#1878 #2000,#1878:CLOSED #2000:OPEN,batch-linalg cluster,unconfirmed observation,data/results/amd-cpu/cpu/einsum/20261008_044146/cpu_ops_t1_20261008_044146.csv,https://github.com/tensor4all/tenferro-rs/issues/1878 https://github.com/tensor4all/tenferro-rs/issues/2000
cpu/linalg_batch_families,batched_eigh,f64,1,4x8x8,tenferro-direct,0.050896,0.0001,pytorch-cpu,0.029947,0.00019,1.6995358466624368,#1878 #2000,#1878:CLOSED #2000:OPEN,batch-linalg cluster,short isolated-clock diagnostic,data/results/amd-cpu/cpu/public_api/20261008_060822/cpu_public_api_t1_20261008_060822.csv,https://github.com/tensor4all/tenferro-rs/issues/1878 https://github.com/tensor4all/tenferro-rs/issues/2000
batched,batched_eigh,f64,4,2x2xbatch1024 (native batch layout),tenferro-trace,0.603199,0.002124,jax-cpu,0.355276,0.01359,1.6978321079949112,#1878 #2000,#1878:CLOSED #2000:OPEN,batch-linalg cluster,unconfirmed observation,data/results/amd-cpu/cpu/einsum/20261008_053424/cpu_ops_t4_20261008_053424.csv,https://github.com/tensor4all/tenferro-rs/issues/1878 https://github.com/tensor4all/tenferro-rs/issues/2000
batched,batched_eigh,f64,1,2x2xbatch256 (native batch layout),tenferro-eager,0.160055,0.000276,jax-cpu,0.094284,0.005653,1.697583895464766,#1878 #2000,#1878:CLOSED #2000:OPEN,batch-linalg cluster,unconfirmed observation,data/results/amd-cpu/cpu/einsum/20261008_044146/cpu_ops_t1_20261008_044146.csv,https://github.com/tensor4all/tenferro-rs/issues/1878 https://github.com/tensor4all/tenferro-rs/issues/2000
cpu/linalg_batch_families,batched_eigh,f64,4,1024x8x8,tenferro-direct,6.195515,0.033363,jax-cpu,3.65438,1.005322,1.6953669295475566,#1878 #2000,#1878:CLOSED #2000:OPEN,batch-linalg cluster,unconfirmed observation,data/results/amd-cpu/cpu/public_api/20261008_060822/cpu_public_api_t4_20261008_060822.csv,https://github.com/tensor4all/tenferro-rs/issues/1878 https://github.com/tensor4all/tenferro-rs/issues/2000
cpu/linalg_batch_families,batched_eigh,c64,1,4x8x8,tenferro-direct,0.058029,0.000271,pytorch-cpu,0.034235,0.00014,1.6950197166642325,#1878 #2000,#1878:CLOSED #2000:OPEN,batch-linalg cluster,short isolated-clock diagnostic,data/results/amd-cpu/cpu/public_api/20261008_060822/cpu_public_api_t1_20261008_060822.csv,https://github.com/tensor4all/tenferro-rs/issues/1878 https://github.com/tensor4all/tenferro-rs/issues/2000
small,matmul,f64,4,16x16,tenferro-eager,0.004698,3.8e-05,pytorch-cpu,0.002772,0.000237,1.6948051948051948,#1904 #1762,#1904:OPEN #1762:CLOSED,small-call cluster,unconfirmed observation,data/results/amd-cpu/cpu/einsum/20261008_053424/cpu_ops_t4_20261008_053424.csv,https://github.com/tensor4all/tenferro-rs/issues/1904 https://github.com/tensor4all/tenferro-rs/issues/1762
batched,batched_eigh,f64,1,2x2xbatch1024 (native batch layout),tenferro-eager,0.618952,0.001893,jax-cpu,0.365278,0.010363,1.6944683227569137,#1878 #2000,#1878:CLOSED #2000:OPEN,batch-linalg cluster,unconfirmed observation,data/results/amd-cpu/cpu/einsum/20261008_044146/cpu_ops_t1_20261008_044146.csv,https://github.com/tensor4all/tenferro-rs/issues/1878 https://github.com/tensor4all/tenferro-rs/issues/2000
batched,batched_eigh,f64,4,2x2xbatch64 (native batch layout),tenferro-eager,0.044112,0.000106,jax-cpu,0.026143,0.001142,1.687335041885017,#1878 #2000,#1878:CLOSED #2000:OPEN,batch-linalg cluster,unconfirmed observation,data/results/amd-cpu/cpu/einsum/20261008_053424/cpu_ops_t4_20261008_053424.csv,https://github.com/tensor4all/tenferro-rs/issues/1878 https://github.com/tensor4all/tenferro-rs/issues/2000
cpu/einsum,str_nw_mera_open_26 / opt_flops,f64 (see instance),4,see instance JSON,tenferro-rs trace mode (ms),598.579,,PyTorch Python (ms),355.086,,1.68572965422461,#1865 #1899 #1904 #975,#1865:OPEN #1899:OPEN #1904:OPEN #975:CLOSED,related contraction/planning cluster,unconfirmed observation,data/results/amd-cpu/cpu/einsum/20261008_053424/einsum_table_t4_20261008_053424.md,https://github.com/tensor4all/tenferro-rs/issues/1865 https://github.com/tensor4all/tenferro-rs/issues/1899 https://github.com/tensor4all/tenferro-rs/issues/1904 https://github.com/tensor4all/tenferro-rs/issues/975
batched,batched_matmul_ikb_kjb_ijb,f64,1,2x2xbatch256 (native batch layout),tenferro-eager,0.029006,7.9e-05,pytorch-cpu,0.017234,0.000125,1.6830683532551933,#1878 #2000,#1878:CLOSED #2000:OPEN,batch-linalg cluster,unconfirmed observation,data/results/amd-cpu/cpu/einsum/20261008_044146/cpu_ops_t1_20261008_044146.csv,https://github.com/tensor4all/tenferro-rs/issues/1878 https://github.com/tensor4all/tenferro-rs/issues/2000
cpu/linalg_batch_families,batched_svd,f64,1,3x4x4,tenferro-direct,0.034405,0.000291,pytorch-cpu,0.020448,0.000461,1.682560641627543,#1878 #2000,#1878:CLOSED #2000:OPEN,batch-linalg cluster,short isolated-clock diagnostic,data/results/amd-cpu/cpu/public_api/20261008_060822/cpu_public_api_t1_20261008_060822.csv,https://github.com/tensor4all/tenferro-rs/issues/1878 https://github.com/tensor4all/tenferro-rs/issues/2000
cpu/linalg_batch_families,batched_eigvalsh,f64,1,4x8x8,tenferro-trace,0.033613,0.000922,pytorch-cpu,0.020077,0.000141,1.674204313393435,#1878 #2000,#1878:CLOSED #2000:OPEN,batch-linalg cluster,short isolated-clock diagnostic,data/results/amd-cpu/cpu/public_api/20261008_060822/cpu_public_api_t1_20261008_060822.csv,https://github.com/tensor4all/tenferro-rs/issues/1878 https://github.com/tensor4all/tenferro-rs/issues/2000
cpu/linalg_batch_families,batched_solve,f64,4,"8x32x32,rhs=1",tenferro-direct,0.064271,0.000241,pytorch-cpu,0.038432,0.00027,1.672330349708576,#1884 #1878 #2000,#1884:OPEN #1878:CLOSED #2000:OPEN,batch-linalg cluster,short isolated-clock diagnostic,data/results/amd-cpu/cpu/public_api/20261008_060822/cpu_public_api_t4_20261008_060822.csv,https://github.com/tensor4all/tenferro-rs/issues/1884 https://github.com/tensor4all/tenferro-rs/issues/1878 https://github.com/tensor4all/tenferro-rs/issues/2000
batched,batched_eigh,f64,4,2x2xbatch256 (native batch layout),tenferro-trace,0.156954,0.000463,jax-cpu,0.093869,0.002997,1.6720536066219946,#1878 #2000,#1878:CLOSED #2000:OPEN,batch-linalg cluster,unconfirmed observation,data/results/amd-cpu/cpu/einsum/20261008_053424/cpu_ops_t4_20261008_053424.csv,https://github.com/tensor4all/tenferro-rs/issues/1878 https://github.com/tensor4all/tenferro-rs/issues/2000
cpu/perf_issues,decode_proj_f32_eager-shared_in1024_out4096_len64,f32,4,"{'in': 1024, 'out': 4096, 'len': 64, 'kind': 'decode_projection', 'arm': 'eager-shared', 'dtype': 'f32'}",eager-shared,4.857737,,pytorch-cpu,2.905962,,1.6716450524817599,#1992 #2003 #1995,#1992:OPEN #2003:OPEN #1995:OPEN,explicit workload issue IDs,screening only: original PyTorch retention-list growth timed,data/results/amd-cpu/cpu/perf_issues/20261008_063605/samples_t4.jsonl,https://github.com/tensor4all/tenferro-rs/issues/1992 https://github.com/tensor4all/tenferro-rs/issues/2003 https://github.com/tensor4all/tenferro-rs/issues/1995
cpu/linalg_batch_families,batched_svd,f64,1,8x4x4,tenferro-trace,0.071574,0.019687,pytorch-cpu,0.04282,0.000291,1.6715086408220459,#1878 #2000,#1878:CLOSED #2000:OPEN,batch-linalg cluster,short isolated-clock diagnostic,data/results/amd-cpu/cpu/public_api/20261008_060822/cpu_public_api_t1_20261008_060822.csv,https://github.com/tensor4all/tenferro-rs/issues/1878 https://github.com/tensor4all/tenferro-rs/issues/2000
cpu/einsum,lm_batch_likelihood_sentence_4_4d / opt_size,f64 (see instance),4,see instance JSON,tenferro-rs trace mode (ms),15.968,,PyTorch Python (ms),9.557,,1.6708172020508527,#1865 #1899 #1904 #975,#1865:OPEN #1899:OPEN #1904:OPEN #975:CLOSED,related contraction/planning cluster,unconfirmed observation,data/results/amd-cpu/cpu/einsum/20261008_053424/einsum_table_t4_20261008_053424.md,https://github.com/tensor4all/tenferro-rs/issues/1865 https://github.com/tensor4all/tenferro-rs/issues/1899 https://github.com/tensor4all/tenferro-rs/issues/1904 https://github.com/tensor4all/tenferro-rs/issues/975
batched,grad_sum_batched_solve_backward,f64,4,"16x16xbatch1024 (native batch layout),rhs=1",tenferro-trace,2.239756,0.020538,pytorch-cpu,1.341195,0.020239,1.6699704368119475,#1328 #1803,#1328:CLOSED #1803:OPEN,AD cluster; #1803 primarily eager,unconfirmed observation,data/results/amd-cpu/cpu/einsum/20261008_053424/cpu_ops_t4_20261008_053424.csv,https://github.com/tensor4all/tenferro-rs/issues/1328 https://github.com/tensor4all/tenferro-rs/issues/1803
cpu/elementwise_reduction,reduce_min_axis0,f64,1,2048x2048,tenferro-direct,2.133608,0.016,julia-base,1.278277,0.063729,1.6691280528398775,#1719 #1001,#1719:CLOSED #1001:CLOSED,historical cluster,excluded: timed session entry,data/results/amd-cpu/cpu/public_api/20261008_060822/cpu_public_api_t1_20261008_060822.csv,https://github.com/tensor4all/tenferro-rs/issues/1719 https://github.com/tensor4all/tenferro-rs/issues/1001
batched,batched_eigh,f64,4,2x2xbatch256 (native batch layout),tenferro-eager,0.156615,0.000454,jax-cpu,0.093869,0.002997,1.668442190712589,#1878 #2000,#1878:CLOSED #2000:OPEN,batch-linalg cluster,unconfirmed observation,data/results/amd-cpu/cpu/einsum/20261008_053424/cpu_ops_t4_20261008_053424.csv,https://github.com/tensor4all/tenferro-rs/issues/1878 https://github.com/tensor4all/tenferro-rs/issues/2000
cpu/complex,solve,c64,1,"384x384,rhs=8",tenferro-trace,6.742184,0.037751,julia-base,4.056017,0.049664,1.6622671946394703,#1900 #1660,#1900:OPEN #1660:OPEN,related provider issues; #1900 is Apple-specific,unconfirmed observation,data/results/amd-cpu/cpu/public_api/20261008_060822/cpu_public_api_t1_20261008_060822.csv,https://github.com/tensor4all/tenferro-rs/issues/1900 https://github.com/tensor4all/tenferro-rs/issues/1660
cpu/linalg_batch_families,batched_cholesky,f64,4,1024x4x4,tenferro-direct,0.108274,0.000742,pytorch-cpu,0.065163,0.000311,1.6615870969722082,#1878 #2000,#1878:CLOSED #2000:OPEN,batch-linalg cluster,short isolated-clock diagnostic,data/results/amd-cpu/cpu/public_api/20261008_060822/cpu_public_api_t4_20261008_060822.csv,https://github.com/tensor4all/tenferro-rs/issues/1878 https://github.com/tensor4all/tenferro-rs/issues/2000
cpu/linalg_batch_families,batched_svd,c64,4,4x8x8,tenferro-trace,0.125276,0.037431,pytorch-cpu,0.075502,0.000401,1.6592408148128526,#1878 #2000,#1878:CLOSED #2000:OPEN,batch-linalg cluster,short isolated-clock diagnostic,data/results/amd-cpu/cpu/public_api/20261008_060822/cpu_public_api_t4_20261008_060822.csv,https://github.com/tensor4all/tenferro-rs/issues/1878 https://github.com/tensor4all/tenferro-rs/issues/2000
cpu/einsum,bin_omeinsum_high_d_12x12_contract_4_batch_4 / opt_flops,f64 (see instance),4,see instance JSON,tenferro-rs eager mode (ms),0.063,,OMEinsum.jl OpenBLAS (ms),0.038,,1.6578947368421053,#1865 #1899 #1904 #975,#1865:OPEN #1899:OPEN #1904:OPEN #975:CLOSED,related contraction/planning cluster,short isolated-clock diagnostic,data/results/amd-cpu/cpu/einsum/20261008_053424/einsum_table_t4_20261008_053424.md,https://github.com/tensor4all/tenferro-rs/issues/1865 https://github.com/tensor4all/tenferro-rs/issues/1899 https://github.com/tensor4all/tenferro-rs/issues/1904 https://github.com/tensor4all/tenferro-rs/issues/975
cpu/einsum,bin_omeinsum_high_d_12x12_contract_4_batch_4 / opt_size,f64 (see instance),4,see instance JSON,tenferro-rs eager mode (ms),0.063,,OMEinsum.jl OpenBLAS (ms),0.038,,1.6578947368421053,#1865 #1899 #1904 #975,#1865:OPEN #1899:OPEN #1904:OPEN #975:CLOSED,related contraction/planning cluster,short isolated-clock diagnostic,data/results/amd-cpu/cpu/einsum/20261008_053424/einsum_table_t4_20261008_053424.md,https://github.com/tensor4all/tenferro-rs/issues/1865 https://github.com/tensor4all/tenferro-rs/issues/1899 https://github.com/tensor4all/tenferro-rs/issues/1904 https://github.com/tensor4all/tenferro-rs/issues/975
cpu/linalg_batch_families,batched_eigh,f64,4,8x128x128,tenferro-trace,9.480801,0.925984,jax-cpu,5.741831,2.461275,1.6511807818795083,#1878 #2000,#1878:CLOSED #2000:OPEN,batch-linalg cluster,unconfirmed observation,data/results/amd-cpu/cpu/public_api/20261008_060822/cpu_public_api_t4_20261008_060822.csv,https://github.com/tensor4all/tenferro-rs/issues/1878 https://github.com/tensor4all/tenferro-rs/issues/2000
small,qr,f64,1,4x4,tenferro-trace,0.008494,2.1e-05,pytorch-cpu,0.005148,0.000135,1.64996114996115,#1904 #1762,#1904:OPEN #1762:CLOSED,small-call cluster,unconfirmed observation,data/results/amd-cpu/cpu/einsum/20261008_044146/cpu_ops_t1_20261008_044146.csv,https://github.com/tensor4all/tenferro-rs/issues/1904 https://github.com/tensor4all/tenferro-rs/issues/1762
small,qr,f64,1,8x8,tenferro-trace,0.009416,1.6e-05,pytorch-cpu,0.00571,0.000132,1.6490367775831876,#1904 #1762,#1904:OPEN #1762:CLOSED,small-call cluster,unconfirmed observation,data/results/amd-cpu/cpu/einsum/20261008_044146/cpu_ops_t1_20261008_044146.csv,https://github.com/tensor4all/tenferro-rs/issues/1904 https://github.com/tensor4all/tenferro-rs/issues/1762
cpu/fft,irfft,c32,4,1d_n1048576,tenferro-fft-trace,6.12338,0.924971,pytorch-cpu,3.713562,0.017743,1.6489235941126068,#1765 #1484,#1765:CLOSED #1484:CLOSED,related historical; no focused large single-lane issue,unconfirmed observation,data/results/amd-cpu/cpu/fft/20261008_060740/cpu_fft_t4_20261008_060740.csv,https://github.com/tensor4all/tenferro-rs/issues/1765 https://github.com/tensor4all/tenferro-rs/issues/1484
cpu/linalg_batch_families,batched_solve,f64,4,"1024x8x8,rhs=1",tenferro-direct,0.428226,0.003797,pytorch-cpu,0.2601,0.002144,1.6463898500576701,#1884 #1878 #2000,#1884:OPEN #1878:CLOSED #2000:OPEN,batch-linalg cluster,short isolated-clock diagnostic,data/results/amd-cpu/cpu/public_api/20261008_060822/cpu_public_api_t4_20261008_060822.csv,https://github.com/tensor4all/tenferro-rs/issues/1884 https://github.com/tensor4all/tenferro-rs/issues/1878 https://github.com/tensor4all/tenferro-rs/issues/2000
cpu/einsum,str_nw_mera_open_26 / opt_size,f64 (see instance),4,see instance JSON,tenferro-rs trace mode (ms),583.995,,PyTorch Python (ms),355.25,,1.6438986629134413,#1865 #1899 #1904 #975,#1865:OPEN #1899:OPEN #1904:OPEN #975:CLOSED,related contraction/planning cluster,unconfirmed observation,data/results/amd-cpu/cpu/einsum/20261008_053424/einsum_table_t4_20261008_053424.md,https://github.com/tensor4all/tenferro-rs/issues/1865 https://github.com/tensor4all/tenferro-rs/issues/1899 https://github.com/tensor4all/tenferro-rs/issues/1904 https://github.com/tensor4all/tenferro-rs/issues/975
cpu/complex,solve,c64,1,"384x384,rhs=8",tenferro-direct,6.665029,0.020278,julia-base,4.056017,0.049664,1.6432448384708447,#1900 #1660,#1900:OPEN #1660:OPEN,related provider issues; #1900 is Apple-specific,unconfirmed observation,data/results/amd-cpu/cpu/public_api/20261008_060822/cpu_public_api_t1_20261008_060822.csv,https://github.com/tensor4all/tenferro-rs/issues/1900 https://github.com/tensor4all/tenferro-rs/issues/1660
cpu/linalg_batch_families,batched_svd,f64,4,8x4x4,tenferro-trace,0.070062,0.018485,pytorch-cpu,0.0427,0.00015,1.6407962529274003,#1878 #2000,#1878:CLOSED #2000:OPEN,batch-linalg cluster,short isolated-clock diagnostic,data/results/amd-cpu/cpu/public_api/20261008_060822/cpu_public_api_t4_20261008_060822.csv,https://github.com/tensor4all/tenferro-rs/issues/1878 https://github.com/tensor4all/tenferro-rs/issues/2000
cpu/einsum,lm_batch_likelihood_sentence_3_12d / opt_flops,f64 (see instance),4,see instance JSON,tenferro-rs trace mode (ms),32.334,,PyTorch Python (ms),19.719,,1.6397383234443939,#1865 #1899 #1904 #975,#1865:OPEN #1899:OPEN #1904:OPEN #975:CLOSED,related contraction/planning cluster,unconfirmed observation,data/results/amd-cpu/cpu/einsum/20261008_053424/einsum_table_t4_20261008_053424.md,https://github.com/tensor4all/tenferro-rs/issues/1865 https://github.com/tensor4all/tenferro-rs/issues/1899 https://github.com/tensor4all/tenferro-rs/issues/1904 https://github.com/tensor4all/tenferro-rs/issues/975
cpu/linalg_batch_families,batched_svd,f64,4,1x8x8,tenferro-direct,0.035076,0.000231,pytorch-cpu,0.021411,0.000301,1.6382233431413762,#1878 #2000,#1878:CLOSED #2000:OPEN,batch-linalg cluster,short isolated-clock diagnostic,data/results/amd-cpu/cpu/public_api/20261008_060822/cpu_public_api_t4_20261008_060822.csv,https://github.com/tensor4all/tenferro-rs/issues/1878 https://github.com/tensor4all/tenferro-rs/issues/2000
batched,batched_svd,f64,4,8x8xbatch64 (native batch layout),tenferro-trace,0.961376,0.002717,jax-cpu,0.587356,0.066762,1.636785867514761,#1878 #2000,#1878:CLOSED #2000:OPEN,batch-linalg cluster,unconfirmed observation,data/results/amd-cpu/cpu/einsum/20261008_053424/cpu_ops_t4_20261008_053424.csv,https://github.com/tensor4all/tenferro-rs/issues/1878 https://github.com/tensor4all/tenferro-rs/issues/2000
batched,batched_svd,f64,4,8x8xbatch64 (native batch layout),tenferro-eager,0.959157,0.002747,jax-cpu,0.587356,0.066762,1.6330079202391736,#1878 #2000,#1878:CLOSED #2000:OPEN,batch-linalg cluster,unconfirmed observation,data/results/amd-cpu/cpu/einsum/20261008_053424/cpu_ops_t4_20261008_053424.csv,https://github.com/tensor4all/tenferro-rs/issues/1878 https://github.com/tensor4all/tenferro-rs/issues/2000
cpu/linalg_batch_families,batched_eigvalsh,f64,4,8x8x8,tenferro-trace,0.05346,0.001563,pytorch-cpu,0.032822,0.000241,1.62878557065383,#1878 #2000,#1878:CLOSED #2000:OPEN,batch-linalg cluster,short isolated-clock diagnostic,data/results/amd-cpu/cpu/public_api/20261008_060822/cpu_public_api_t4_20261008_060822.csv,https://github.com/tensor4all/tenferro-rs/issues/1878 https://github.com/tensor4all/tenferro-rs/issues/2000
cpu/linalg_batch_families,batched_svd,f64,1,8x2x2,tenferro-direct,0.025729,0.000311,pytorch-cpu,0.0158,0.000159,1.628417721518987,#1878 #2000,#1878:CLOSED #2000:OPEN,batch-linalg cluster,short isolated-clock diagnostic,data/results/amd-cpu/cpu/public_api/20261008_060822/cpu_public_api_t1_20261008_060822.csv,https://github.com/tensor4all/tenferro-rs/issues/1878 https://github.com/tensor4all/tenferro-rs/issues/2000
cpu/perf_issues,small_solve_f64_solve-loop_k16_b64,f64,1,"{'k': 16, 'batch': 64, 'kind': 'small_solves', 'arm': 'solve-loop', 'dtype': 'f64'}",solve-loop,0.301045625,,pytorch-cpu,0.184918875,,1.6279875431861672,#2007,#2007:OPEN,explicit workload issue IDs,screening only: original PyTorch retention-list growth timed,data/results/amd-cpu/cpu/perf_issues/20261008_063605/samples_t1.jsonl,https://github.com/tensor4all/tenferro-rs/issues/2007
cpu/linalg_batch_families,batched_eigh,f64,1,3x8x8,tenferro-direct,0.038894,0.000181,pytorch-cpu,0.023915,0.00011,1.626343299184612,#1878 #2000,#1878:CLOSED #2000:OPEN,batch-linalg cluster,short isolated-clock diagnostic,data/results/amd-cpu/cpu/public_api/20261008_060822/cpu_public_api_t1_20261008_060822.csv,https://github.com/tensor4all/tenferro-rs/issues/1878 https://github.com/tensor4all/tenferro-rs/issues/2000
cpu/linalg_uncovered,triangular_solve,f64,1,"4096x4096,rhs=64",tenferro-direct,37.174503,0.185089,julia-base,22.861074,0.347915,1.626104836544425,#2028,#2028:OPEN,focused,unconfirmed observation,data/results/amd-cpu/cpu/public_api/20261008_060822/cpu_public_api_t1_20261008_060822.csv,https://github.com/tensor4all/tenferro-rs/issues/2028
cpu/linalg_uncovered,triangular_solve,f64,4,"4096x4096,rhs=64",tenferro-direct,15.472522,0.729464,julia-base,9.524984,0.365498,1.6244144872054378,#2028,#2028:OPEN,focused,unconfirmed observation,data/results/amd-cpu/cpu/public_api/20261008_060822/cpu_public_api_t4_20261008_060822.csv,https://github.com/tensor4all/tenferro-rs/issues/2028
cpu/linalg_batch_families,batched_eigh,c64,1,3x8x8,tenferro-direct,0.043902,0.021951,pytorch-cpu,0.027141,0.00018,1.6175527799270477,#1878 #2000,#1878:CLOSED #2000:OPEN,batch-linalg cluster,short isolated-clock diagnostic,data/results/amd-cpu/cpu/public_api/20261008_060822/cpu_public_api_t1_20261008_060822.csv,https://github.com/tensor4all/tenferro-rs/issues/1878 https://github.com/tensor4all/tenferro-rs/issues/2000
cpu/linalg_batch_families,batched_svd,f64,1,1x8x8,tenferro-direct,0.034675,0.00017,pytorch-cpu,0.02145,0.00027,1.6165501165501164,#1878 #2000,#1878:CLOSED #2000:OPEN,batch-linalg cluster,short isolated-clock diagnostic,data/results/amd-cpu/cpu/public_api/20261008_060822/cpu_public_api_t1_20261008_060822.csv,https://github.com/tensor4all/tenferro-rs/issues/1878 https://github.com/tensor4all/tenferro-rs/issues/2000
batched,batched_solve,f64,4,"8x8xbatch1024 (native batch layout),rhs=1",tenferro-trace,0.428869,0.000917,pytorch-cpu,0.265567,0.000832,1.6149182692126658,#1884 #1878 #2000,#1884:OPEN #1878:CLOSED #2000:OPEN,batch-linalg cluster,unconfirmed observation,data/results/amd-cpu/cpu/einsum/20261008_053424/cpu_ops_t4_20261008_053424.csv,https://github.com/tensor4all/tenferro-rs/issues/1884 https://github.com/tensor4all/tenferro-rs/issues/1878 https://github.com/tensor4all/tenferro-rs/issues/2000
cpu/complex,exp,c64,1,4194304,tenferro-trace,100.315778,0.518407,julia-base,62.130983,0.719666,1.61458539936508,#1719 #1001,#1719:CLOSED #1001:CLOSED,historical cluster,unconfirmed observation,data/results/amd-cpu/cpu/public_api/20261008_060822/cpu_public_api_t1_20261008_060822.csv,https://github.com/tensor4all/tenferro-rs/issues/1719 https://github.com/tensor4all/tenferro-rs/issues/1001
cpu/elementwise_reduction,compare_lt,f64,1,33554432,tenferro-direct,22.898986,0.200146,julia-base,14.187974,0.060073,1.6139715226430498,#1927,#1927:OPEN,umbrella only; no focused gap issue verified,excluded: timed session entry,data/results/amd-cpu/cpu/public_api/20261008_060822/cpu_public_api_t1_20261008_060822.csv,https://github.com/tensor4all/tenferro-rs/issues/1927
cpu/linalg_batch_families,batched_eigh,c64,4,3x8x8,tenferro-trace,0.044093,0.002484,pytorch-cpu,0.027351,0.00017,1.6121165588095498,#1878 #2000,#1878:CLOSED #2000:OPEN,batch-linalg cluster,short isolated-clock diagnostic,data/results/amd-cpu/cpu/public_api/20261008_060822/cpu_public_api_t4_20261008_060822.csv,https://github.com/tensor4all/tenferro-rs/issues/1878 https://github.com/tensor4all/tenferro-rs/issues/2000
cpu/linalg_batch_families,batched_eigh,c64,4,8x4x4,tenferro-trace,0.039354,0.007514,pytorch-cpu,0.024456,0.00013,1.6091756624141316,#1878 #2000,#1878:CLOSED #2000:OPEN,batch-linalg cluster,short isolated-clock diagnostic,data/results/amd-cpu/cpu/public_api/20261008_060822/cpu_public_api_t4_20261008_060822.csv,https://github.com/tensor4all/tenferro-rs/issues/1878 https://github.com/tensor4all/tenferro-rs/issues/2000
cpu/linalg_batch_families,batched_solve,f64,4,"1x32x32,rhs=1",tenferro-trace,0.029596,0.003907,jax-cpu,0.018394,0.003436,1.6090029357399152,#1884 #1878 #2000,#1884:OPEN #1878:CLOSED #2000:OPEN,batch-linalg cluster,short isolated-clock diagnostic,data/results/amd-cpu/cpu/public_api/20261008_060822/cpu_public_api_t4_20261008_060822.csv,https://github.com/tensor4all/tenferro-rs/issues/1884 https://github.com/tensor4all/tenferro-rs/issues/1878 https://github.com/tensor4all/tenferro-rs/issues/2000
batched,grad_sum_batched_solve_backward,f64,4,"8x8xbatch16 (native batch layout),rhs=1",tenferro-trace,0.057146,0.000244,jax-cpu,0.035519,0.001985,1.608885385286748,#1328 #1803,#1328:CLOSED #1803:OPEN,AD cluster; #1803 primarily eager,unconfirmed observation,data/results/amd-cpu/cpu/einsum/20261008_053424/cpu_ops_t4_20261008_053424.csv,https://github.com/tensor4all/tenferro-rs/issues/1328 https://github.com/tensor4all/tenferro-rs/issues/1803
cpu/complex,exp,c64,1,4194304,tenferro-direct,99.90733,0.609086,julia-base,62.130983,0.719666,1.6080114167837969,#1719 #1001,#1719:CLOSED #1001:CLOSED,historical cluster,excluded: timed session entry,data/results/amd-cpu/cpu/public_api/20261008_060822/cpu_public_api_t1_20261008_060822.csv,https://github.com/tensor4all/tenferro-rs/issues/1719 https://github.com/tensor4all/tenferro-rs/issues/1001
cpu/linalg_batch_families,batched_svd,f64,4,3x8x8,tenferro-trace,0.076354,0.022132,pytorch-cpu,0.04755,0.00025,1.6057623554153524,#1878 #2000,#1878:CLOSED #2000:OPEN,batch-linalg cluster,short isolated-clock diagnostic,data/results/amd-cpu/cpu/public_api/20261008_060822/cpu_public_api_t4_20261008_060822.csv,https://github.com/tensor4all/tenferro-rs/issues/1878 https://github.com/tensor4all/tenferro-rs/issues/2000
cpu/linalg_batch_families,batched_svd,f64,1,4x8x8,tenferro-trace,0.098595,0.012794,pytorch-cpu,0.061406,0.000171,1.6056248575057812,#1878 #2000,#1878:CLOSED #2000:OPEN,batch-linalg cluster,short isolated-clock diagnostic,data/results/amd-cpu/cpu/public_api/20261008_060822/cpu_public_api_t1_20261008_060822.csv,https://github.com/tensor4all/tenferro-rs/issues/1878 https://github.com/tensor4all/tenferro-rs/issues/2000
cpu/linalg_batch_families,batched_svd,c64,1,3x8x8,tenferro-trace,0.092704,0.005039,pytorch-cpu,0.057799,0.00018,1.6039031817159464,#1878 #2000,#1878:CLOSED #2000:OPEN,batch-linalg cluster,short isolated-clock diagnostic,data/results/amd-cpu/cpu/public_api/20261008_060822/cpu_public_api_t1_20261008_060822.csv,https://github.com/tensor4all/tenferro-rs/issues/1878 https://github.com/tensor4all/tenferro-rs/issues/2000
cpu/linalg_batch_families,batched_solve,f64,4,"8x8x8,rhs=1",tenferro-trace,0.02642,0.008907,jax-cpu,0.016542,0.000361,1.5971466569943173,#1884 #1878 #2000,#1884:OPEN #1878:CLOSED #2000:OPEN,batch-linalg cluster,short isolated-clock diagnostic,data/results/amd-cpu/cpu/public_api/20261008_060822/cpu_public_api_t4_20261008_060822.csv,https://github.com/tensor4all/tenferro-rs/issues/1884 https://github.com/tensor4all/tenferro-rs/issues/1878 https://github.com/tensor4all/tenferro-rs/issues/2000
cpu/linalg_batched,batched_triangular_solve,f64,4,"1024x8x8,rhs=1",tenferro-trace,0.192493,0.008345,pytorch-cpu,0.120667,0.001313,1.5952414496092553,#1884 #1878 #2000,#1884:OPEN #1878:CLOSED #2000:OPEN,batch-linalg cluster,short isolated-clock diagnostic,data/results/amd-cpu/cpu/public_api/20261008_060822/cpu_public_api_t4_20261008_060822.csv,https://github.com/tensor4all/tenferro-rs/issues/1884 https://github.com/tensor4all/tenferro-rs/issues/1878 https://github.com/tensor4all/tenferro-rs/issues/2000
cpu/linalg_batch_families,batched_eigh,c64,1,4x8x8,tenferro-trace,0.054573,0.000821,pytorch-cpu,0.034235,0.00014,1.5940703957937783,#1878 #2000,#1878:CLOSED #2000:OPEN,batch-linalg cluster,short isolated-clock diagnostic,data/results/amd-cpu/cpu/public_api/20261008_060822/cpu_public_api_t1_20261008_060822.csv,https://github.com/tensor4all/tenferro-rs/issues/1878 https://github.com/tensor4all/tenferro-rs/issues/2000
cpu/linalg_batch_families,batched_svd,f64,4,8x128x128,tenferro-direct,16.139397,3.64346,jax-cpu,10.13343,0.296238,1.592688457906158,#1878 #2000,#1878:CLOSED #2000:OPEN,batch-linalg cluster,unconfirmed observation,data/results/amd-cpu/cpu/public_api/20261008_060822/cpu_public_api_t4_20261008_060822.csv,https://github.com/tensor4all/tenferro-rs/issues/1878 https://github.com/tensor4all/tenferro-rs/issues/2000
cpu/linalg_uncovered,det,f64,1,1024x1024,tenferro-trace,27.195715,0.203713,julia-base,17.110466,0.40413,1.5894198907265298,#1956 #1660,#1956:OPEN #1660:OPEN,related provider/extraction issues; no focused gap issue verified,unconfirmed observation,data/results/amd-cpu/cpu/public_api/20261008_060822/cpu_public_api_t1_20261008_060822.csv,https://github.com/tensor4all/tenferro-rs/issues/1956 https://github.com/tensor4all/tenferro-rs/issues/1660
cpu/linalg_batch_families,batched_svd,f64,4,4x8x8,tenferro-trace,0.097894,0.010399,pytorch-cpu,0.061657,0.000211,1.5877191559758017,#1878 #2000,#1878:CLOSED #2000:OPEN,batch-linalg cluster,short isolated-clock diagnostic,data/results/amd-cpu/cpu/public_api/20261008_060822/cpu_public_api_t4_20261008_060822.csv,https://github.com/tensor4all/tenferro-rs/issues/1878 https://github.com/tensor4all/tenferro-rs/issues/2000
cpu/linalg_uncovered,det,f64,1,1024x1024,tenferro-direct,27.160208,0.146967,julia-base,17.110466,0.40413,1.5873447280746182,#1956 #1660,#1956:OPEN #1660:OPEN,related provider/extraction issues; no focused gap issue verified,unconfirmed observation,data/results/amd-cpu/cpu/public_api/20261008_060822/cpu_public_api_t1_20261008_060822.csv,https://github.com/tensor4all/tenferro-rs/issues/1956 https://github.com/tensor4all/tenferro-rs/issues/1660
cpu/linalg_batch_families,batched_eigh,f64,4,1024x4x4,tenferro-direct,2.215261,0.014728,jax-cpu,1.39711,0.050115,1.585602422142852,#1878 #2000,#1878:CLOSED #2000:OPEN,batch-linalg cluster,unconfirmed observation,data/results/amd-cpu/cpu/public_api/20261008_060822/cpu_public_api_t4_20261008_060822.csv,https://github.com/tensor4all/tenferro-rs/issues/1878 https://github.com/tensor4all/tenferro-rs/issues/2000
cpu/complex,cholesky,c64,1,448x448,tenferro-trace,5.405699,0.148871,julia-base,3.410541,1.188227,1.5849975121249094,#1900 #1660,#1900:OPEN #1660:OPEN,related provider issues; #1900 is Apple-specific,unconfirmed observation,data/results/amd-cpu/cpu/public_api/20261008_060822/cpu_public_api_t1_20261008_060822.csv,https://github.com/tensor4all/tenferro-rs/issues/1900 https://github.com/tensor4all/tenferro-rs/issues/1660
cpu/linalg_uncovered,slogdet,f64,1,1024x1024,tenferro-direct,27.194213,0.273204,julia-base,17.18145,0.347514,1.582765889956901,#1719 #1001,#1719:CLOSED #1001:CLOSED,historical cluster,unconfirmed observation,data/results/amd-cpu/cpu/public_api/20261008_060822/cpu_public_api_t1_20261008_060822.csv,https://github.com/tensor4all/tenferro-rs/issues/1719 https://github.com/tensor4all/tenferro-rs/issues/1001
cpu/linalg_uncovered,slogdet,f64,1,1024x1024,tenferro-trace,27.107359,0.13729,julia-base,17.18145,0.347514,1.57771078692427,#1719 #1001,#1719:CLOSED #1001:CLOSED,historical cluster,unconfirmed observation,data/results/amd-cpu/cpu/public_api/20261008_060822/cpu_public_api_t1_20261008_060822.csv,https://github.com/tensor4all/tenferro-rs/issues/1719 https://github.com/tensor4all/tenferro-rs/issues/1001
batched,batched_eigh,f64,4,16x16xbatch256 (native batch layout),tenferro-eager,5.083439,0.014457,jax-cpu,3.230011,0.679018,1.5738147640983267,#1878 #2000,#1878:CLOSED #2000:OPEN,batch-linalg cluster,unconfirmed observation,data/results/amd-cpu/cpu/einsum/20261008_053424/cpu_ops_t4_20261008_053424.csv,https://github.com/tensor4all/tenferro-rs/issues/1878 https://github.com/tensor4all/tenferro-rs/issues/2000
cpu/einsum,bin_batched_outer_product_compact_j16_k16_o64_t64 / opt_flops,f64 (see instance),1,see instance JSON,tenferro-rs trace mode (ms),0.228,,PyTorch Python (ms),0.145,,1.5724137931034485,#1878 #2000,#1878:CLOSED #2000:OPEN,batch-linalg cluster,short isolated-clock diagnostic,data/results/amd-cpu/cpu/einsum/20261008_044146/einsum_table_t1_20261008_044146.md,https://github.com/tensor4all/tenferro-rs/issues/1878 https://github.com/tensor4all/tenferro-rs/issues/2000
cpu/einsum,bin_batched_outer_product_compact_j16_k16_o64_t64 / opt_size,f64 (see instance),1,see instance JSON,tenferro-rs trace mode (ms),0.228,,PyTorch Python (ms),0.145,,1.5724137931034485,#1878 #2000,#1878:CLOSED #2000:OPEN,batch-linalg cluster,short isolated-clock diagnostic,data/results/amd-cpu/cpu/einsum/20261008_044146/einsum_table_t1_20261008_044146.md,https://github.com/tensor4all/tenferro-rs/issues/1878 https://github.com/tensor4all/tenferro-rs/issues/2000
cpu/linalg_uncovered,eigvalsh,f64,1,512x512,tenferro-trace,19.838753,0.089077,julia-base,12.621855,0.107282,1.5717779201234685,#1956 #1660,#1956:OPEN #1660:OPEN,related provider/extraction issues; no focused gap issue verified,unconfirmed observation,data/results/amd-cpu/cpu/public_api/20261008_060822/cpu_public_api_t1_20261008_060822.csv,https://github.com/tensor4all/tenferro-rs/issues/1956 https://github.com/tensor4all/tenferro-rs/issues/1660
batched,batched_eigh,f64,4,16x16xbatch256 (native batch layout),tenferro-trace,5.072238,0.005019,jax-cpu,3.230011,0.679018,1.5703469740505525,#1878 #2000,#1878:CLOSED #2000:OPEN,batch-linalg cluster,unconfirmed observation,data/results/amd-cpu/cpu/einsum/20261008_053424/cpu_ops_t4_20261008_053424.csv,https://github.com/tensor4all/tenferro-rs/issues/1878 https://github.com/tensor4all/tenferro-rs/issues/2000
cpu/permutation,reverse_15d_3,f64,4,"[3, 3, 3, 3, 3, 3, 3, 3, 3, 3, 3, 3, 3, 3, 3]",tenferro-rs,58.289783,,strided-rs,37.132192,,1.5697910589280588,#1393,#1393:CLOSED,focused historical,unconfirmed observation,data/results/amd-cpu/cpu/permutation/20261008_062910/julia_output_t4.jsonl,https://github.com/tensor4all/tenferro-rs/issues/1393
cpu/linalg_uncovered,eigvalsh,f64,1,512x512,tenferro-direct,19.791564,0.138181,julia-base,12.621855,0.107282,1.5680392462122248,#1956 #1660,#1956:OPEN #1660:OPEN,related provider/extraction issues; no focused gap issue verified,unconfirmed observation,data/results/amd-cpu/cpu/public_api/20261008_060822/cpu_public_api_t1_20261008_060822.csv,https://github.com/tensor4all/tenferro-rs/issues/1956 https://github.com/tensor4all/tenferro-rs/issues/1660
batched,grad_sum_batched_solve_backward,f64,4,"8x8xbatch1024 (native batch layout),rhs=1",tenferro-trace,1.044542,0.001785,pytorch-cpu,0.666475,0.009827,1.567263588281631,#1328 #1803,#1328:CLOSED #1803:OPEN,AD cluster; #1803 primarily eager,unconfirmed observation,data/results/amd-cpu/cpu/einsum/20261008_053424/cpu_ops_t4_20261008_053424.csv,https://github.com/tensor4all/tenferro-rs/issues/1328 https://github.com/tensor4all/tenferro-rs/issues/1803
cpu/linalg_batched,batched_triangular_solve,f64,4,"1024x2x2,rhs=1",tenferro-trace,0.099958,0.010981,julia-base,0.063821,0.001263,1.5662242835430344,#1884 #1878 #2000,#1884:OPEN #1878:CLOSED #2000:OPEN,batch-linalg cluster,short isolated-clock diagnostic,data/results/amd-cpu/cpu/public_api/20261008_060822/cpu_public_api_t4_20261008_060822.csv,https://github.com/tensor4all/tenferro-rs/issues/1884 https://github.com/tensor4all/tenferro-rs/issues/1878 https://github.com/tensor4all/tenferro-rs/issues/2000
cpu/linalg_batch_families,batched_eigvalsh,f64,4,8x128x128,tenferro-direct,5.603902,0.030758,jax-cpu,3.586433,2.124671,1.5625280048449253,#1878 #2000,#1878:CLOSED #2000:OPEN,batch-linalg cluster,unconfirmed observation,data/results/amd-cpu/cpu/public_api/20261008_060822/cpu_public_api_t4_20261008_060822.csv,https://github.com/tensor4all/tenferro-rs/issues/1878 https://github.com/tensor4all/tenferro-rs/issues/2000
cpu/linalg_batch_families,batched_cholesky,f64,4,8x128x128,tenferro-direct,0.598757,0.004799,jax-cpu,0.383332,0.080511,1.5619802155833584,#1878 #2000,#1878:CLOSED #2000:OPEN,batch-linalg cluster,short isolated-clock diagnostic,data/results/amd-cpu/cpu/public_api/20261008_060822/cpu_public_api_t4_20261008_060822.csv,https://github.com/tensor4all/tenferro-rs/issues/1878 https://github.com/tensor4all/tenferro-rs/issues/2000
cpu/indexing_layout,gather,f64,1,262144,tenferro-direct,0.485694,0.003497,jax-cpu,0.311467,0.007484,1.5593754715587849,#1482 #1719 #1512,#1482:CLOSED #1719:CLOSED #1512:CLOSED,historical indexing cluster,excluded: timed session entry,data/results/amd-cpu/cpu/public_api/20261008_060822/cpu_public_api_t1_20261008_060822.csv,https://github.com/tensor4all/tenferro-rs/issues/1482 https://github.com/tensor4all/tenferro-rs/issues/1719 https://github.com/tensor4all/tenferro-rs/issues/1512
cpu/elementwise_reduction,compare_lt,f64,1,33554432,tenferro-trace,22.118516,0.500102,julia-base,14.187974,0.060073,1.5589622591639933,#1927,#1927:OPEN,umbrella only; no focused gap issue verified,unconfirmed observation,data/results/amd-cpu/cpu/public_api/20261008_060822/cpu_public_api_t1_20261008_060822.csv,https://github.com/tensor4all/tenferro-rs/issues/1927
cpu/linalg_batch_families,batched_eigh,f64,4,8x8x8,tenferro-trace,0.083106,0.017985,pytorch-cpu,0.053381,0.000211,1.5568460688259869,#1878 #2000,#1878:CLOSED #2000:OPEN,batch-linalg cluster,short isolated-clock diagnostic,data/results/amd-cpu/cpu/public_api/20261008_060822/cpu_public_api_t4_20261008_060822.csv,https://github.com/tensor4all/tenferro-rs/issues/1878 https://github.com/tensor4all/tenferro-rs/issues/2000
batched,batched_matmul_ikb_kjb_ijb,f64,4,2x2xbatch256 (native batch layout),tenferro-trace,0.02702,5.1e-05,pytorch-cpu,0.017356,9.3e-05,1.556810324959668,#1878 #2000,#1878:CLOSED #2000:OPEN,batch-linalg cluster,unconfirmed observation,data/results/amd-cpu/cpu/einsum/20261008_053424/cpu_ops_t4_20261008_053424.csv,https://github.com/tensor4all/tenferro-rs/issues/1878 https://github.com/tensor4all/tenferro-rs/issues/2000
cpu/linalg_batch_families,batched_eigvalsh,f64,1,8x8x8,tenferro-trace,0.050846,0.004138,pytorch-cpu,0.032701,0.000161,1.5548759976759121,#1878 #2000,#1878:CLOSED #2000:OPEN,batch-linalg cluster,short isolated-clock diagnostic,data/results/amd-cpu/cpu/public_api/20261008_060822/cpu_public_api_t1_20261008_060822.csv,https://github.com/tensor4all/tenferro-rs/issues/1878 https://github.com/tensor4all/tenferro-rs/issues/2000
small,qr,f64,4,2x2,tenferro-trace,0.008307,1.9e-05,pytorch-cpu,0.005348,0.000184,1.5532909498878085,#1904 #1762,#1904:OPEN #1762:CLOSED,small-call cluster,unconfirmed observation,data/results/amd-cpu/cpu/einsum/20261008_053424/cpu_ops_t4_20261008_053424.csv,https://github.com/tensor4all/tenferro-rs/issues/1904 https://github.com/tensor4all/tenferro-rs/issues/1762
large,grad_sum_matmul_backward,f64,1,64x64,tenferro-trace,0.098809,0.000707,jax-cpu,0.0639,0.002048,1.5463067292644757,#1328 #1803,#1328:CLOSED #1803:OPEN,AD cluster; #1803 primarily eager,unconfirmed observation,data/results/amd-cpu/cpu/einsum/20261008_044146/cpu_ops_t1_20261008_044146.csv,https://github.com/tensor4all/tenferro-rs/issues/1328 https://github.com/tensor4all/tenferro-rs/issues/1803
cpu/einsum,bin_batched_outer_product_noncompact_j16_k16_o64_t64 / opt_flops,f64 (see instance),4,see instance JSON,tenferro-rs eager mode (ms),0.088,,PyTorch Python (ms),0.057,,1.543859649122807,#1878 #2000,#1878:CLOSED #2000:OPEN,batch-linalg cluster,short isolated-clock diagnostic,data/results/amd-cpu/cpu/einsum/20261008_053424/einsum_table_t4_20261008_053424.md,https://github.com/tensor4all/tenferro-rs/issues/1878 https://github.com/tensor4all/tenferro-rs/issues/2000
cpu/einsum,bin_batched_outer_product_noncompact_j16_k16_o64_t64 / opt_size,f64 (see instance),4,see instance JSON,tenferro-rs eager mode (ms),0.088,,PyTorch Python (ms),0.057,,1.543859649122807,#1878 #2000,#1878:CLOSED #2000:OPEN,batch-linalg cluster,short isolated-clock diagnostic,data/results/amd-cpu/cpu/einsum/20261008_053424/einsum_table_t4_20261008_053424.md,https://github.com/tensor4all/tenferro-rs/issues/1878 https://github.com/tensor4all/tenferro-rs/issues/2000
cpu/complex,cholesky,c64,1,448x448,tenferro-direct,5.25799,0.054302,julia-base,3.410541,1.188227,1.5416879609422671,#1900 #1660,#1900:OPEN #1660:OPEN,related provider issues; #1900 is Apple-specific,unconfirmed observation,data/results/amd-cpu/cpu/public_api/20261008_060822/cpu_public_api_t1_20261008_060822.csv,https://github.com/tensor4all/tenferro-rs/issues/1900 https://github.com/tensor4all/tenferro-rs/issues/1660
cpu/linalg_batch_families,batched_eigh,c64,1,8x4x4,tenferro-direct,0.037911,0.000179,pytorch-cpu,0.024596,0.00017,1.541348186697024,#1878 #2000,#1878:CLOSED #2000:OPEN,batch-linalg cluster,short isolated-clock diagnostic,data/results/amd-cpu/cpu/public_api/20261008_060822/cpu_public_api_t1_20261008_060822.csv,https://github.com/tensor4all/tenferro-rs/issues/1878 https://github.com/tensor4all/tenferro-rs/issues/2000
cpu/linalg_batch_families,batched_qr,f64,1,4x8x8,tenferro-direct,0.014777,0.00028,pytorch-cpu,0.009588,7e-05,1.5411973299958281,#1878 #2000,#1878:CLOSED #2000:OPEN,batch-linalg cluster,short isolated-clock diagnostic,data/results/amd-cpu/cpu/public_api/20261008_060822/cpu_public_api_t1_20261008_060822.csv,https://github.com/tensor4all/tenferro-rs/issues/1878 https://github.com/tensor4all/tenferro-rs/issues/2000
cpu/linalg_batch_families,batched_svdvals,f64,4,8x128x128,tenferro-direct,8.125519,0.061487,jax-cpu,5.286935,0.144061,1.5369054092777765,#1878 #2000,#1878:CLOSED #2000:OPEN,batch-linalg cluster,unconfirmed observation,data/results/amd-cpu/cpu/public_api/20261008_060822/cpu_public_api_t4_20261008_060822.csv,https://github.com/tensor4all/tenferro-rs/issues/1878 https://github.com/tensor4all/tenferro-rs/issues/2000
cpu/structural_shape,transpose,f64,4,4096x4096,tenferro-trace,22.092236,0.545868,jax-cpu,14.393901,0.454486,1.5348331213338204,#1001 #1512 #1480,#1001:CLOSED #1512:CLOSED #1480:CLOSED,related structural cluster,unconfirmed observation,data/results/amd-cpu/cpu/public_api/20261008_060822/cpu_public_api_t4_20261008_060822.csv,https://github.com/tensor4all/tenferro-rs/issues/1001 https://github.com/tensor4all/tenferro-rs/issues/1512 https://github.com/tensor4all/tenferro-rs/issues/1480
cpu/indexing_layout,slice,f64,4,4194304 -> 2096128,tenferro-direct,0.97218,0.149081,pytorch-cpu,0.633473,0.024936,1.534682614728647,#1482 #1719 #1512,#1482:CLOSED #1719:CLOSED #1512:CLOSED,historical indexing cluster,excluded: timed session entry,data/results/amd-cpu/cpu/public_api/20261008_060822/cpu_public_api_t4_20261008_060822.csv,https://github.com/tensor4all/tenferro-rs/issues/1482 https://github.com/tensor4all/tenferro-rs/issues/1719 https://github.com/tensor4all/tenferro-rs/issues/1512
cpu/linalg_batch_families,batched_cholesky,f64,4,1024x8x8,tenferro-trace,0.316366,0.035767,pytorch-cpu,0.206689,0.001252,1.5306378181712619,#1878 #2000,#1878:CLOSED #2000:OPEN,batch-linalg cluster,short isolated-clock diagnostic,data/results/amd-cpu/cpu/public_api/20261008_060822/cpu_public_api_t4_20261008_060822.csv,https://github.com/tensor4all/tenferro-rs/issues/1878 https://github.com/tensor4all/tenferro-rs/issues/2000
cpu/perf_issues,conj_dot_f64_dot-general-rank1_len1000000,f64,1,"{'len': 1000000, 'kind': 'rank1_dot', 'arm': 'dot-general-rank1', 'dtype': 'f64'}",dot-general-rank1,0.428458125,,pytorch-cpu,0.280018625,,1.530105809926036,#1615,#1615:OPEN,explicit workload issue IDs,screening only: original PyTorch retention-list growth timed,data/results/amd-cpu/cpu/perf_issues/20261008_063605/samples_t1.jsonl,https://github.com/tensor4all/tenferro-rs/issues/1615
batched,grad_sum_batched_matmul_backward,f64,1,16x16xbatch64 (native batch layout),tenferro-trace,0.213706,0.000546,jax-cpu,0.139719,0.004525,1.529541436740887,#1328 #1803,#1328:CLOSED #1803:OPEN,AD cluster; #1803 primarily eager,unconfirmed observation,data/results/amd-cpu/cpu/einsum/20261008_044146/cpu_ops_t1_20261008_044146.csv,https://github.com/tensor4all/tenferro-rs/issues/1328 https://github.com/tensor4all/tenferro-rs/issues/1803
cpu/structural_shape,transpose,f64,4,4096x4096,tenferro-direct,21.99817,0.260551,jax-cpu,14.393901,0.454486,1.5282979923232762,#1001 #1512 #1480,#1001:CLOSED #1512:CLOSED #1480:CLOSED,related structural cluster,excluded: timed session entry,data/results/amd-cpu/cpu/public_api/20261008_060822/cpu_public_api_t4_20261008_060822.csv,https://github.com/tensor4all/tenferro-rs/issues/1001 https://github.com/tensor4all/tenferro-rs/issues/1512 https://github.com/tensor4all/tenferro-rs/issues/1480
cpu/perf_issues,decode_proj_f32_eager-shared_in1024_out1024_len64,f32,4,"{'in': 1024, 'out': 1024, 'len': 64, 'kind': 'decode_projection', 'arm': 'eager-shared', 'dtype': 'f32'}",eager-shared,1.1441345,,pytorch-cpu,0.750403,,1.5246933980807647,#1992 #2003 #1995,#1992:OPEN #2003:OPEN #1995:OPEN,explicit workload issue IDs,screening only: original PyTorch retention-list growth timed,data/results/amd-cpu/cpu/perf_issues/20261008_063605/samples_t4.jsonl,https://github.com/tensor4all/tenferro-rs/issues/1992 https://github.com/tensor4all/tenferro-rs/issues/2003 https://github.com/tensor4all/tenferro-rs/issues/1995
cpu/permutation,transpose_3d_256_201,f64,1,"[256, 256, 256]",tenferro-rs,79.303212,,strided-rs,52.151635,,1.5206275316200537,#1393,#1393:CLOSED,focused historical,unconfirmed observation,data/results/amd-cpu/cpu/permutation/20261008_062910/rust_output_t1.jsonl,https://github.com/tensor4all/tenferro-rs/issues/1393
cpu/linalg_uncovered,inv,f64,4,768x768,tenferro-direct,12.827983,0.163278,julia-base,8.440523,0.047179,1.5198090213130155,#1956 #1660,#1956:OPEN #1660:OPEN,related provider/extraction issues; no focused gap issue verified,unconfirmed observation,data/results/amd-cpu/cpu/public_api/20261008_060822/cpu_public_api_t4_20261008_060822.csv,https://github.com/tensor4all/tenferro-rs/issues/1956 https://github.com/tensor4all/tenferro-rs/issues/1660
cpu/perf_issues,conj_dot_f64_dot-general-rank1_len10000,f64,1,"{'len': 10000, 'kind': 'rank1_dot', 'arm': 'dot-general-rank1', 'dtype': 'f64'}",dot-general-rank1,0.005247830078125,,pytorch-cpu,0.0034536328125,,1.5195101399115514,#1615,#1615:OPEN,explicit workload issue IDs,screening only: original PyTorch retention-list growth timed,data/results/amd-cpu/cpu/perf_issues/20261008_063605/samples_t1.jsonl,https://github.com/tensor4all/tenferro-rs/issues/1615
batched,grad_sum_batched_matmul_backward,f64,1,8x8xbatch64 (native batch layout),tenferro-trace,0.083125,0.00025,jax-cpu,0.054779,0.00228,1.5174610708483178,#1328 #1803,#1328:CLOSED #1803:OPEN,AD cluster; #1803 primarily eager,unconfirmed observation,data/results/amd-cpu/cpu/einsum/20261008_044146/cpu_ops_t1_20261008_044146.csv,https://github.com/tensor4all/tenferro-rs/issues/1328 https://github.com/tensor4all/tenferro-rs/issues/1803
cpu/linalg_batch_families,batched_solve,f64,4,"1024x4x4,rhs=1",tenferro-direct,0.1378,0.001864,pytorch-cpu,0.090921,0.000371,1.5156014562092366,#1884 #1878 #2000,#1884:OPEN #1878:CLOSED #2000:OPEN,batch-linalg cluster,short isolated-clock diagnostic,data/results/amd-cpu/cpu/public_api/20261008_060822/cpu_public_api_t4_20261008_060822.csv,https://github.com/tensor4all/tenferro-rs/issues/1884 https://github.com/tensor4all/tenferro-rs/issues/1878 https://github.com/tensor4all/tenferro-rs/issues/2000
cpu/linalg_batch_families,batched_qr,f64,1,1x64x24,tenferro-direct,0.0421,0.009137,pytorch-cpu,0.027812,0.000141,1.5137350783834316,#1878 #2000,#1878:CLOSED #2000:OPEN,batch-linalg cluster,short isolated-clock diagnostic,data/results/amd-cpu/cpu/public_api/20261008_060822/cpu_public_api_t1_20261008_060822.csv,https://github.com/tensor4all/tenferro-rs/issues/1878 https://github.com/tensor4all/tenferro-rs/issues/2000
cpu/einsum,bin_matmul_256 / opt_flops,f64 (see instance),1,see instance JSON,tenferro-rs trace mode (ms),1.407,,OMEinsum.jl OpenBLAS (ms),0.931,,1.5112781954887218,#1865 #1899 #1904 #975,#1865:OPEN #1899:OPEN #1904:OPEN #975:CLOSED,related contraction/planning cluster,unconfirmed observation,data/results/amd-cpu/cpu/einsum/20261008_044146/einsum_table_t1_20261008_044146.md,https://github.com/tensor4all/tenferro-rs/issues/1865 https://github.com/tensor4all/tenferro-rs/issues/1899 https://github.com/tensor4all/tenferro-rs/issues/1904 https://github.com/tensor4all/tenferro-rs/issues/975
cpu/einsum,bin_matmul_256 / opt_size,f64 (see instance),1,see instance JSON,tenferro-rs trace mode (ms),1.407,,OMEinsum.jl OpenBLAS (ms),0.931,,1.5112781954887218,#1865 #1899 #1904 #975,#1865:OPEN #1899:OPEN #1904:OPEN #975:CLOSED,related contraction/planning cluster,unconfirmed observation,data/results/amd-cpu/cpu/einsum/20261008_044146/einsum_table_t1_20261008_044146.md,https://github.com/tensor4all/tenferro-rs/issues/1865 https://github.com/tensor4all/tenferro-rs/issues/1899 https://github.com/tensor4all/tenferro-rs/issues/1904 https://github.com/tensor4all/tenferro-rs/issues/975
cpu/linalg_batch_families,batched_eigh,f64,1,8x8x8,tenferro-trace,0.080611,0.006532,pytorch-cpu,0.05334,0.000151,1.5112673415823024,#1878 #2000,#1878:CLOSED #2000:OPEN,batch-linalg cluster,short isolated-clock diagnostic,data/results/amd-cpu/cpu/public_api/20261008_060822/cpu_public_api_t1_20261008_060822.csv,https://github.com/tensor4all/tenferro-rs/issues/1878 https://github.com/tensor4all/tenferro-rs/issues/2000
cpu/elementwise_reduction,reduce_max_all,f64,1,8192x4096,tenferro-trace,18.409201,0.059082,julia-base,12.217995,0.218952,1.5067284771355693,#1719 #1001,#1719:CLOSED #1001:CLOSED,historical cluster,unconfirmed observation,data/results/amd-cpu/cpu/public_api/20261008_060822/cpu_public_api_t1_20261008_060822.csv,https://github.com/tensor4all/tenferro-rs/issues/1719 https://github.com/tensor4all/tenferro-rs/issues/1001
cpu/elementwise_reduction,reduce_max_all,f64,1,8192x4096,tenferro-direct,18.398942,0.025318,julia-base,12.217995,0.218952,1.5058888139993512,#1719 #1001,#1719:CLOSED #1001:CLOSED,historical cluster,excluded: timed session entry,data/results/amd-cpu/cpu/public_api/20261008_060822/cpu_public_api_t1_20261008_060822.csv,https://github.com/tensor4all/tenferro-rs/issues/1719 https://github.com/tensor4all/tenferro-rs/issues/1001
batched,batched_solve,f64,4,"4x4xbatch1024 (native batch layout),rhs=1",tenferro-eager,0.146861,0.000326,pytorch-cpu,0.097704,0.00267,1.5031216736264634,#1884 #1878 #2000,#1884:OPEN #1878:CLOSED #2000:OPEN,batch-linalg cluster,unconfirmed observation,data/results/amd-cpu/cpu/einsum/20261008_053424/cpu_ops_t4_20261008_053424.csv,https://github.com/tensor4all/tenferro-rs/issues/1884 https://github.com/tensor4all/tenferro-rs/issues/1878 https://github.com/tensor4all/tenferro-rs/issues/2000
cpu/linalg_batch_families,batched_svd,c64,1,4x8x8,tenferro-trace,0.112993,0.006622,pytorch-cpu,0.075742,0.000361,1.49181431702358,#1878 #2000,#1878:CLOSED #2000:OPEN,batch-linalg cluster,short isolated-clock diagnostic,data/results/amd-cpu/cpu/public_api/20261008_060822/cpu_public_api_t1_20261008_060822.csv,https://github.com/tensor4all/tenferro-rs/issues/1878 https://github.com/tensor4all/tenferro-rs/issues/2000
cpu/linalg_batch_families,batched_eigvalsh,f64,1,4x8x8,tenferro-direct,0.029897,0.000191,pytorch-cpu,0.020077,0.000141,1.4891168999352493,#1878 #2000,#1878:CLOSED #2000:OPEN,batch-linalg cluster,short isolated-clock diagnostic,data/results/amd-cpu/cpu/public_api/20261008_060822/cpu_public_api_t1_20261008_060822.csv,https://github.com/tensor4all/tenferro-rs/issues/1878 https://github.com/tensor4all/tenferro-rs/issues/2000
cpu/linalg_batch_families,batched_svd,f64,4,1x128x128,tenferro-trace,3.19749,3.253987,pytorch-cpu,2.164486,0.013686,1.4772514121135456,#1878 #2000,#1878:CLOSED #2000:OPEN,batch-linalg cluster,unconfirmed observation,data/results/amd-cpu/cpu/public_api/20261008_060822/cpu_public_api_t4_20261008_060822.csv,https://github.com/tensor4all/tenferro-rs/issues/1878 https://github.com/tensor4all/tenferro-rs/issues/2000
cpu/linalg_batch_families,batched_qr,f64,1,1x32x32,tenferro-direct,0.035858,0.000371,pytorch-cpu,0.024316,0.0001,1.474666886000987,#1878 #2000,#1878:CLOSED #2000:OPEN,batch-linalg cluster,short isolated-clock diagnostic,data/results/amd-cpu/cpu/public_api/20261008_060822/cpu_public_api_t1_20261008_060822.csv,https://github.com/tensor4all/tenferro-rs/issues/1878 https://github.com/tensor4all/tenferro-rs/issues/2000
cpu/elementwise_reduction,reduce_sum_axis1,f64,4,2048x2048,tenferro-direct,0.272213,0.058309,pytorch-cpu,0.185389,0.009067,1.4683341514329329,#1719 #1001,#1719:CLOSED #1001:CLOSED,historical cluster,excluded: timed session entry,data/results/amd-cpu/cpu/public_api/20261008_060822/cpu_public_api_t4_20261008_060822.csv,https://github.com/tensor4all/tenferro-rs/issues/1719 https://github.com/tensor4all/tenferro-rs/issues/1001
cpu/linalg_batch_families,batched_svd,c64,4,1x32x32,tenferro-trace,0.342004,0.328328,jax-cpu,0.232989,0.041679,1.4678976260681833,#1878 #2000,#1878:CLOSED #2000:OPEN,batch-linalg cluster,short isolated-clock diagnostic,data/results/amd-cpu/cpu/public_api/20261008_060822/cpu_public_api_t4_20261008_060822.csv,https://github.com/tensor4all/tenferro-rs/issues/1878 https://github.com/tensor4all/tenferro-rs/issues/2000
batched,batched_matmul_ikb_kjb_ijb,f64,1,8x8xbatch1024 (native batch layout),tenferro-trace,0.243547,0.001524,jax-cpu,0.16625,0.005457,1.4649443609022557,#1878 #2000,#1878:CLOSED #2000:OPEN,batch-linalg cluster,unconfirmed observation,data/results/amd-cpu/cpu/einsum/20261008_044146/cpu_ops_t1_20261008_044146.csv,https://github.com/tensor4all/tenferro-rs/issues/1878 https://github.com/tensor4all/tenferro-rs/issues/2000
cpu/linalg_batched,batched_triangular_solve,f64,4,"1024x4x4,rhs=1",tenferro-trace,0.118744,0.010739,pytorch-cpu,0.081073,0.001243,1.464655310645961,#1884 #1878 #2000,#1884:OPEN #1878:CLOSED #2000:OPEN,batch-linalg cluster,short isolated-clock diagnostic,data/results/amd-cpu/cpu/public_api/20261008_060822/cpu_public_api_t4_20261008_060822.csv,https://github.com/tensor4all/tenferro-rs/issues/1884 https://github.com/tensor4all/tenferro-rs/issues/1878 https://github.com/tensor4all/tenferro-rs/issues/2000
cpu/linalg_batched,batched_triangular_solve,f64,1,"1024x4x4,rhs=1",tenferro-trace,0.118193,0.003437,pytorch-cpu,0.080812,0.000852,1.462567440479137,#1884 #1878 #2000,#1884:OPEN #1878:CLOSED #2000:OPEN,batch-linalg cluster,short isolated-clock diagnostic,data/results/amd-cpu/cpu/public_api/20261008_060822/cpu_public_api_t1_20261008_060822.csv,https://github.com/tensor4all/tenferro-rs/issues/1884 https://github.com/tensor4all/tenferro-rs/issues/1878 https://github.com/tensor4all/tenferro-rs/issues/2000
cpu/indexing_layout,dynamic_update_slice,f64,4,2097152,tenferro-direct,0.604939,0.715898,pytorch-cpu,0.413629,0.095039,1.4625159261076954,#1482 #1719 #1512,#1482:CLOSED #1719:CLOSED #1512:CLOSED,historical indexing cluster,excluded: timed session entry,data/results/amd-cpu/cpu/public_api/20261008_060822/cpu_public_api_t4_20261008_060822.csv,https://github.com/tensor4all/tenferro-rs/issues/1482 https://github.com/tensor4all/tenferro-rs/issues/1719 https://github.com/tensor4all/tenferro-rs/issues/1512
cpu/linalg_batch_families,batched_eigh,f64,4,8x128x128,tenferro-direct,8.393754,1.017596,jax-cpu,5.741831,2.461275,1.4618601627250958,#1878 #2000,#1878:CLOSED #2000:OPEN,batch-linalg cluster,unconfirmed observation,data/results/amd-cpu/cpu/public_api/20261008_060822/cpu_public_api_t4_20261008_060822.csv,https://github.com/tensor4all/tenferro-rs/issues/1878 https://github.com/tensor4all/tenferro-rs/issues/2000
cpu/linalg_batch_families,batched_solve,f64,4,"8x4x4,rhs=1",tenferro-trace,0.022492,0.003917,pytorch-cpu,0.015389,0.00019,1.4615634544154916,#1884 #1878 #2000,#1884:OPEN #1878:CLOSED #2000:OPEN,batch-linalg cluster,short isolated-clock diagnostic,data/results/amd-cpu/cpu/public_api/20261008_060822/cpu_public_api_t4_20261008_060822.csv,https://github.com/tensor4all/tenferro-rs/issues/1884 https://github.com/tensor4all/tenferro-rs/issues/1878 https://github.com/tensor4all/tenferro-rs/issues/2000
cpu/linalg_batched,batched_triangular_solve,f64,1,"1024x16x16,rhs=1",tenferro-trace,0.301508,0.007754,pytorch-cpu,0.206358,0.003857,1.4610918888533517,#1884 #1878 #2000,#1884:OPEN #1878:CLOSED #2000:OPEN,batch-linalg cluster,short isolated-clock diagnostic,data/results/amd-cpu/cpu/public_api/20261008_060822/cpu_public_api_t1_20261008_060822.csv,https://github.com/tensor4all/tenferro-rs/issues/1884 https://github.com/tensor4all/tenferro-rs/issues/1878 https://github.com/tensor4all/tenferro-rs/issues/2000
cpu/linalg_batch_families,batched_eigh,c64,1,1x128x128,tenferro-trace,3.944567,0.007895,jax-cpu,2.701697,0.047149,1.460033082910482,#1878 #2000,#1878:CLOSED #2000:OPEN,batch-linalg cluster,unconfirmed observation,data/results/amd-cpu/cpu/public_api/20261008_060822/cpu_public_api_t1_20261008_060822.csv,https://github.com/tensor4all/tenferro-rs/issues/1878 https://github.com/tensor4all/tenferro-rs/issues/2000
cpu/linalg_uncovered,eig,f64,4,160x160,tenferro-trace,10.91959,1.801181,julia-base,7.483771,0.097755,1.4591026368925506,#1956 #1660,#1956:OPEN #1660:OPEN,related provider/extraction issues; no focused gap issue verified,unconfirmed observation,data/results/amd-cpu/cpu/public_api/20261008_060822/cpu_public_api_t4_20261008_060822.csv,https://github.com/tensor4all/tenferro-rs/issues/1956 https://github.com/tensor4all/tenferro-rs/issues/1660
batched,batched_eigh,f64,4,4x4xbatch1024 (native batch layout),tenferro-eager,2.209707,0.004661,jax-cpu,1.519997,0.24459,1.453757474521331,#1878 #2000,#1878:CLOSED #2000:OPEN,batch-linalg cluster,unconfirmed observation,data/results/amd-cpu/cpu/einsum/20261008_053424/cpu_ops_t4_20261008_053424.csv,https://github.com/tensor4all/tenferro-rs/issues/1878 https://github.com/tensor4all/tenferro-rs/issues/2000
batched,batched_eigh,f64,4,4x4xbatch1024 (native batch layout),tenferro-trace,2.207365,0.007043,jax-cpu,1.519997,0.24459,1.4522166820066091,#1878 #2000,#1878:CLOSED #2000:OPEN,batch-linalg cluster,unconfirmed observation,data/results/amd-cpu/cpu/einsum/20261008_053424/cpu_ops_t4_20261008_053424.csv,https://github.com/tensor4all/tenferro-rs/issues/1878 https://github.com/tensor4all/tenferro-rs/issues/2000
batched,batched_qr,f64,1,2x2xbatch16 (native batch layout),tenferro-trace,0.011565,3.5e-05,pytorch-cpu,0.007972,0.000124,1.450702458605118,#1878 #2000,#1878:CLOSED #2000:OPEN,batch-linalg cluster,unconfirmed observation,data/results/amd-cpu/cpu/einsum/20261008_044146/cpu_ops_t1_20261008_044146.csv,https://github.com/tensor4all/tenferro-rs/issues/1878 https://github.com/tensor4all/tenferro-rs/issues/2000
batched,batched_qr,f64,4,2x2xbatch16 (native batch layout),tenferro-trace,0.011511,5.1e-05,pytorch-cpu,0.007945,0.00015,1.4488357457520453,#1878 #2000,#1878:CLOSED #2000:OPEN,batch-linalg cluster,unconfirmed observation,data/results/amd-cpu/cpu/einsum/20261008_053424/cpu_ops_t4_20261008_053424.csv,https://github.com/tensor4all/tenferro-rs/issues/1878 https://github.com/tensor4all/tenferro-rs/issues/2000
cpu/linalg_batch_families,batched_qr,f64,1,3x8x8,tenferro-direct,0.011953,0.000201,pytorch-cpu,0.008266,5e-05,1.4460440358093394,#1878 #2000,#1878:CLOSED #2000:OPEN,batch-linalg cluster,short isolated-clock diagnostic,data/results/amd-cpu/cpu/public_api/20261008_060822/cpu_public_api_t1_20261008_060822.csv,https://github.com/tensor4all/tenferro-rs/issues/1878 https://github.com/tensor4all/tenferro-rs/issues/2000
cpu/linalg_batch_families,batched_svd,f64,4,8x8x8,tenferro-trace,0.160793,0.01031,jax-cpu,0.111249,0.004688,1.4453433289287994,#1878 #2000,#1878:CLOSED #2000:OPEN,batch-linalg cluster,short isolated-clock diagnostic,data/results/amd-cpu/cpu/public_api/20261008_060822/cpu_public_api_t4_20261008_060822.csv,https://github.com/tensor4all/tenferro-rs/issues/1878 https://github.com/tensor4all/tenferro-rs/issues/2000
cpu/linalg_batch_families,batched_lu,f64,1,8x32x32,tenferro-trace,0.113193,0.005661,pytorch-cpu,0.078317,0.00038,1.4453183855357075,#1884 #1878 #2000,#1884:OPEN #1878:CLOSED #2000:OPEN,batch-linalg cluster,short isolated-clock diagnostic,data/results/amd-cpu/cpu/public_api/20261008_060822/cpu_public_api_t1_20261008_060822.csv,https://github.com/tensor4all/tenferro-rs/issues/1884 https://github.com/tensor4all/tenferro-rs/issues/1878 https://github.com/tensor4all/tenferro-rs/issues/2000
batched,batched_eigh,f64,1,2x2xbatch16 (native batch layout),tenferro-trace,0.017969,3.2e-05,pytorch-cpu,0.012442,3.4e-05,1.4442211863044525,#1878 #2000,#1878:CLOSED #2000:OPEN,batch-linalg cluster,unconfirmed observation,data/results/amd-cpu/cpu/einsum/20261008_044146/cpu_ops_t1_20261008_044146.csv,https://github.com/tensor4all/tenferro-rs/issues/1878 https://github.com/tensor4all/tenferro-rs/issues/2000
cpu/complex,cholesky,c64,4,448x448,tenferro-trace,2.291715,0.777924,julia-base,1.589503,0.080521,1.4417808585450922,#1900 #1660,#1900:OPEN #1660:OPEN,related provider issues; #1900 is Apple-specific,unconfirmed observation,data/results/amd-cpu/cpu/public_api/20261008_060822/cpu_public_api_t4_20261008_060822.csv,https://github.com/tensor4all/tenferro-rs/issues/1900 https://github.com/tensor4all/tenferro-rs/issues/1660
batched,batched_eigh,f64,4,16x16xbatch1024 (native batch layout),tenferro-trace,20.314778,0.036138,jax-cpu,14.119765,0.199996,1.4387475995528256,#1878 #2000,#1878:CLOSED #2000:OPEN,batch-linalg cluster,unconfirmed observation,data/results/amd-cpu/cpu/einsum/20261008_053424/cpu_ops_t4_20261008_053424.csv,https://github.com/tensor4all/tenferro-rs/issues/1878 https://github.com/tensor4all/tenferro-rs/issues/2000
batched,batched_eigh,f64,4,16x16xbatch1024 (native batch layout),tenferro-eager,20.312563,0.022283,jax-cpu,14.119765,0.199996,1.4385907272536054,#1878 #2000,#1878:CLOSED #2000:OPEN,batch-linalg cluster,unconfirmed observation,data/results/amd-cpu/cpu/einsum/20261008_053424/cpu_ops_t4_20261008_053424.csv,https://github.com/tensor4all/tenferro-rs/issues/1878 https://github.com/tensor4all/tenferro-rs/issues/2000
cpu/fft,rfft,f32,4,1d_n1048576,tenferro-fft-trace,5.078632,0.701561,pytorch-cpu,3.548942,0.009998,1.4310270497517288,#1765 #1484,#1765:CLOSED #1484:CLOSED,related historical; no focused large single-lane issue,unconfirmed observation,data/results/amd-cpu/cpu/fft/20261008_060740/cpu_fft_t4_20261008_060740.csv,https://github.com/tensor4all/tenferro-rs/issues/1765 https://github.com/tensor4all/tenferro-rs/issues/1484
cpu/linalg_batch_families,batched_eigh,f64,4,1x128x128,tenferro-direct,1.232931,0.026701,pytorch-cpu,0.861842,0.018985,1.4305766022078292,#1878 #2000,#1878:CLOSED #2000:OPEN,batch-linalg cluster,unconfirmed observation,data/results/amd-cpu/cpu/public_api/20261008_060822/cpu_public_api_t4_20261008_060822.csv,https://github.com/tensor4all/tenferro-rs/issues/1878 https://github.com/tensor4all/tenferro-rs/issues/2000
cpu/linalg_batch_families,batched_svd,f64,1,8x8x8,tenferro-trace,0.169359,0.023093,pytorch-cpu,0.118523,0.00024,1.4289125317448934,#1878 #2000,#1878:CLOSED #2000:OPEN,batch-linalg cluster,short isolated-clock diagnostic,data/results/amd-cpu/cpu/public_api/20261008_060822/cpu_public_api_t1_20261008_060822.csv,https://github.com/tensor4all/tenferro-rs/issues/1878 https://github.com/tensor4all/tenferro-rs/issues/2000
cpu/linalg_batch_families,batched_svd,c64,4,8x8x8,tenferro-trace,0.200277,0.067317,jax-cpu,0.140214,0.004499,1.428366639565236,#1878 #2000,#1878:CLOSED #2000:OPEN,batch-linalg cluster,short isolated-clock diagnostic,data/results/amd-cpu/cpu/public_api/20261008_060822/cpu_public_api_t4_20261008_060822.csv,https://github.com/tensor4all/tenferro-rs/issues/1878 https://github.com/tensor4all/tenferro-rs/issues/2000
cpu/linalg_batch_families,batched_eigh,c64,1,1x128x128,tenferro-direct,3.857894,0.010179,jax-cpu,2.701697,0.047149,1.427952135269055,#1878 #2000,#1878:CLOSED #2000:OPEN,batch-linalg cluster,unconfirmed observation,data/results/amd-cpu/cpu/public_api/20261008_060822/cpu_public_api_t1_20261008_060822.csv,https://github.com/tensor4all/tenferro-rs/issues/1878 https://github.com/tensor4all/tenferro-rs/issues/2000
cpu/complex,svd,c64,1,160x160,tenferro-trace,7.202892,0.037611,julia-base,5.053665,0.054303,1.4252808605239962,#1900 #1660,#1900:OPEN #1660:OPEN,related provider issues; #1900 is Apple-specific,unconfirmed observation,data/results/amd-cpu/cpu/public_api/20261008_060822/cpu_public_api_t1_20261008_060822.csv,https://github.com/tensor4all/tenferro-rs/issues/1900 https://github.com/tensor4all/tenferro-rs/issues/1660
large,eigh,f64,1,1024x1024,tenferro-eager,282.722784,0.915003,jax-cpu,198.438046,2.902343,1.4247408180989647,#1927,#1927:OPEN,umbrella only; no focused gap issue verified,unconfirmed observation,data/results/amd-cpu/cpu/einsum/20261008_044146/cpu_ops_t1_20261008_044146.csv,https://github.com/tensor4all/tenferro-rs/issues/1927
cpu/linalg_batch_families,batched_qr,f64,4,1024x2x2,tenferro-trace,0.234932,0.006592,pytorch-cpu,0.165021,0.00058,1.4236491113252252,#1878 #2000,#1878:CLOSED #2000:OPEN,batch-linalg cluster,short isolated-clock diagnostic,data/results/amd-cpu/cpu/public_api/20261008_060822/cpu_public_api_t4_20261008_060822.csv,https://github.com/tensor4all/tenferro-rs/issues/1878 https://github.com/tensor4all/tenferro-rs/issues/2000
large,eigh,f64,1,1024x1024,tenferro-trace,282.18434,0.431272,jax-cpu,198.438046,2.902343,1.4220274069822276,#1927,#1927:OPEN,umbrella only; no focused gap issue verified,unconfirmed observation,data/results/amd-cpu/cpu/einsum/20261008_044146/cpu_ops_t1_20261008_044146.csv,https://github.com/tensor4all/tenferro-rs/issues/1927
batched,batched_eigh,f64,4,2x2xbatch16 (native batch layout),tenferro-trace,0.017769,4.4e-05,pytorch-cpu,0.012511,0.000184,1.4202701622572138,#1878 #2000,#1878:CLOSED #2000:OPEN,batch-linalg cluster,unconfirmed observation,data/results/amd-cpu/cpu/einsum/20261008_053424/cpu_ops_t4_20261008_053424.csv,https://github.com/tensor4all/tenferro-rs/issues/1878 https://github.com/tensor4all/tenferro-rs/issues/2000
cpu/linalg_batch_families,batched_eigh,c64,4,4x8x8,tenferro-trace,0.048762,0.001332,pytorch-cpu,0.034344,0.00011,1.419811320754717,#1878 #2000,#1878:CLOSED #2000:OPEN,batch-linalg cluster,short isolated-clock diagnostic,data/results/amd-cpu/cpu/public_api/20261008_060822/cpu_public_api_t4_20261008_060822.csv,https://github.com/tensor4all/tenferro-rs/issues/1878 https://github.com/tensor4all/tenferro-rs/issues/2000
large,grad_sum_matmul,f64,1,64x64,tenferro-eager,0.036532,0.000273,pytorch-cpu,0.025776,0.000353,1.4172873991309747,#1328 #1803,#1328:CLOSED #1803:OPEN,AD cluster; #1803 primarily eager,unconfirmed observation,data/results/amd-cpu/cpu/einsum/20261008_044146/cpu_ops_t1_20261008_044146.csv,https://github.com/tensor4all/tenferro-rs/issues/1328 https://github.com/tensor4all/tenferro-rs/issues/1803
batched,grad_sum_batched_solve_backward,f64,1,"2x2xbatch1024 (native batch layout),rhs=1",tenferro-trace,0.25391,0.000516,pytorch-cpu,0.179266,0.000662,1.4163868218178572,#1328 #1803,#1328:CLOSED #1803:OPEN,AD cluster; #1803 primarily eager,unconfirmed observation,data/results/amd-cpu/cpu/einsum/20261008_044146/cpu_ops_t1_20261008_044146.csv,https://github.com/tensor4all/tenferro-rs/issues/1328 https://github.com/tensor4all/tenferro-rs/issues/1803
cpu/permutation,transpose_3d_256_201,f64,4,"[256, 256, 256]",tenferro-rs,22.179646,,strided-rs,15.666711999999999,,1.4157179885607143,#1393,#1393:CLOSED,focused historical,unconfirmed observation,data/results/amd-cpu/cpu/permutation/20261008_062910/julia_output_t4.jsonl,https://github.com/tensor4all/tenferro-rs/issues/1393
cpu/linalg_batch_families,batched_eigh,c64,1,8x128x128,tenferro-trace,30.894329,0.180951,jax-cpu,21.889494,0.113403,1.4113770286330054,#1878 #2000,#1878:CLOSED #2000:OPEN,batch-linalg cluster,unconfirmed observation,data/results/amd-cpu/cpu/public_api/20261008_060822/cpu_public_api_t1_20261008_060822.csv,https://github.com/tensor4all/tenferro-rs/issues/1878 https://github.com/tensor4all/tenferro-rs/issues/2000
cpu/einsum,bin_omeinsum_high_d_12x12_contract_4_batch_4 / opt_flops,f64 (see instance),1,see instance JSON,tenferro-rs trace mode (ms),0.086,,OMEinsum.jl OpenBLAS (ms),0.061,,1.4098360655737705,#1865 #1899 #1904 #975,#1865:OPEN #1899:OPEN #1904:OPEN #975:CLOSED,related contraction/planning cluster,short isolated-clock diagnostic,data/results/amd-cpu/cpu/einsum/20261008_044146/einsum_table_t1_20261008_044146.md,https://github.com/tensor4all/tenferro-rs/issues/1865 https://github.com/tensor4all/tenferro-rs/issues/1899 https://github.com/tensor4all/tenferro-rs/issues/1904 https://github.com/tensor4all/tenferro-rs/issues/975
cpu/einsum,bin_omeinsum_high_d_12x12_contract_4_batch_4 / opt_size,f64 (see instance),1,see instance JSON,tenferro-rs trace mode (ms),0.086,,OMEinsum.jl OpenBLAS (ms),0.061,,1.4098360655737705,#1865 #1899 #1904 #975,#1865:OPEN #1899:OPEN #1904:OPEN #975:CLOSED,related contraction/planning cluster,short isolated-clock diagnostic,data/results/amd-cpu/cpu/einsum/20261008_044146/einsum_table_t1_20261008_044146.md,https://github.com/tensor4all/tenferro-rs/issues/1865 https://github.com/tensor4all/tenferro-rs/issues/1899 https://github.com/tensor4all/tenferro-rs/issues/1904 https://github.com/tensor4all/tenferro-rs/issues/975
cpu/einsum,bin_batched_outer_product_noncompact_j16_k16_o64_t64 / opt_flops,f64 (see instance),1,see instance JSON,tenferro-rs eager mode (ms),0.203,,PyTorch Python (ms),0.144,,1.4097222222222223,#1878 #2000,#1878:CLOSED #2000:OPEN,batch-linalg cluster,short isolated-clock diagnostic,data/results/amd-cpu/cpu/einsum/20261008_044146/einsum_table_t1_20261008_044146.md,https://github.com/tensor4all/tenferro-rs/issues/1878 https://github.com/tensor4all/tenferro-rs/issues/2000
cpu/einsum,bin_batched_outer_product_noncompact_j16_k16_o64_t64 / opt_size,f64 (see instance),1,see instance JSON,tenferro-rs eager mode (ms),0.203,,PyTorch Python (ms),0.144,,1.4097222222222223,#1878 #2000,#1878:CLOSED #2000:OPEN,batch-linalg cluster,short isolated-clock diagnostic,data/results/amd-cpu/cpu/einsum/20261008_044146/einsum_table_t1_20261008_044146.md,https://github.com/tensor4all/tenferro-rs/issues/1878 https://github.com/tensor4all/tenferro-rs/issues/2000
cpu/complex,svd,c64,1,160x160,tenferro-direct,7.120968,0.019998,julia-base,5.053665,0.054303,1.4090700511411027,#1900 #1660,#1900:OPEN #1660:OPEN,related provider issues; #1900 is Apple-specific,unconfirmed observation,data/results/amd-cpu/cpu/public_api/20261008_060822/cpu_public_api_t1_20261008_060822.csv,https://github.com/tensor4all/tenferro-rs/issues/1900 https://github.com/tensor4all/tenferro-rs/issues/1660
cpu/linalg_batched,batched_triangular_solve,f64,1,"1024x2x2,rhs=1",tenferro-trace,0.092654,0.064331,pytorch-cpu,0.065784,0.000951,1.4084579837042444,#1884 #1878 #2000,#1884:OPEN #1878:CLOSED #2000:OPEN,batch-linalg cluster,short isolated-clock diagnostic,data/results/amd-cpu/cpu/public_api/20261008_060822/cpu_public_api_t1_20261008_060822.csv,https://github.com/tensor4all/tenferro-rs/issues/1884 https://github.com/tensor4all/tenferro-rs/issues/1878 https://github.com/tensor4all/tenferro-rs/issues/2000
cpu/linalg_batch_families,batched_eigh,c64,1,8x128x128,tenferro-direct,30.817895,0.068609,jax-cpu,21.889494,0.113403,1.4078852165335571,#1878 #2000,#1878:CLOSED #2000:OPEN,batch-linalg cluster,unconfirmed observation,data/results/amd-cpu/cpu/public_api/20261008_060822/cpu_public_api_t1_20261008_060822.csv,https://github.com/tensor4all/tenferro-rs/issues/1878 https://github.com/tensor4all/tenferro-rs/issues/2000
small,solve,f64,1,"32x32,rhs=1",tenferro-trace,0.017504,3e-05,jax-cpu,0.012448,0.000724,1.4061696658097684,#1904 #1762,#1904:OPEN #1762:CLOSED,small-call cluster,unconfirmed observation,data/results/amd-cpu/cpu/einsum/20261008_044146/cpu_ops_t1_20261008_044146.csv,https://github.com/tensor4all/tenferro-rs/issues/1904 https://github.com/tensor4all/tenferro-rs/issues/1762
cpu/permutation,cyclic_15d_3,f64,1,"[3, 3, 3, 3, 3, 3, 3, 3, 3, 3, 3, 3, 3, 3, 3]",tenferro-rs,43.428077,,strided-rs,30.912009,,1.4048933862564545,#1393,#1393:CLOSED,focused historical,unconfirmed observation,data/results/amd-cpu/cpu/permutation/20261008_062910/rust_output_t1.jsonl,https://github.com/tensor4all/tenferro-rs/issues/1393
batched,grad_sum_batched_solve_backward,f64,4,"16x16xbatch256 (native batch layout),rhs=1",tenferro-trace,0.619472,0.00163,pytorch-cpu,0.441012,0.006494,1.4046601906524085,#1328 #1803,#1328:CLOSED #1803:OPEN,AD cluster; #1803 primarily eager,unconfirmed observation,data/results/amd-cpu/cpu/einsum/20261008_053424/cpu_ops_t4_20261008_053424.csv,https://github.com/tensor4all/tenferro-rs/issues/1328 https://github.com/tensor4all/tenferro-rs/issues/1803
small,qr,f64,4,4x4,tenferro-trace,0.008516,1.7e-05,pytorch-cpu,0.006063,0.000172,1.404585188850404,#1904 #1762,#1904:OPEN #1762:CLOSED,small-call cluster,unconfirmed observation,data/results/amd-cpu/cpu/einsum/20261008_053424/cpu_ops_t4_20261008_053424.csv,https://github.com/tensor4all/tenferro-rs/issues/1904 https://github.com/tensor4all/tenferro-rs/issues/1762
cpu/einsum,nary_matmul_chain_64 / opt_flops,f64 (see instance),4,see instance JSON,tenferro-rs trace mode (ms),0.066,,PyTorch Python (ms),0.047,,1.4042553191489362,#1865 #1899 #1904 #975,#1865:OPEN #1899:OPEN #1904:OPEN #975:CLOSED,related contraction/planning cluster,short isolated-clock diagnostic,data/results/amd-cpu/cpu/einsum/20261008_053424/einsum_table_t4_20261008_053424.md,https://github.com/tensor4all/tenferro-rs/issues/1865 https://github.com/tensor4all/tenferro-rs/issues/1899 https://github.com/tensor4all/tenferro-rs/issues/1904 https://github.com/tensor4all/tenferro-rs/issues/975
cpu/einsum,nary_matmul_chain_64 / opt_size,f64 (see instance),4,see instance JSON,tenferro-rs trace mode (ms),0.066,,PyTorch Python (ms),0.047,,1.4042553191489362,#1865 #1899 #1904 #975,#1865:OPEN #1899:OPEN #1904:OPEN #975:CLOSED,related contraction/planning cluster,short isolated-clock diagnostic,data/results/amd-cpu/cpu/einsum/20261008_053424/einsum_table_t4_20261008_053424.md,https://github.com/tensor4all/tenferro-rs/issues/1865 https://github.com/tensor4all/tenferro-rs/issues/1899 https://github.com/tensor4all/tenferro-rs/issues/1904 https://github.com/tensor4all/tenferro-rs/issues/975
cpu/linalg_batched,batched_triangular_solve,f64,1,"1024x8x8,rhs=1",tenferro-trace,0.168427,0.002104,pytorch-cpu,0.120397,0.000722,1.3989302059021402,#1884 #1878 #2000,#1884:OPEN #1878:CLOSED #2000:OPEN,batch-linalg cluster,short isolated-clock diagnostic,data/results/amd-cpu/cpu/public_api/20261008_060822/cpu_public_api_t1_20261008_060822.csv,https://github.com/tensor4all/tenferro-rs/issues/1884 https://github.com/tensor4all/tenferro-rs/issues/1878 https://github.com/tensor4all/tenferro-rs/issues/2000
cpu/linalg_batch_families,batched_svd,c64,4,8x128x128,tenferro-direct,25.45595,4.82799,jax-cpu,18.198345,3.072405,1.3988057705247374,#1878 #2000,#1878:CLOSED #2000:OPEN,batch-linalg cluster,unconfirmed observation,data/results/amd-cpu/cpu/public_api/20261008_060822/cpu_public_api_t4_20261008_060822.csv,https://github.com/tensor4all/tenferro-rs/issues/1878 https://github.com/tensor4all/tenferro-rs/issues/2000
cpu/linalg_batch_families,batched_svd,c64,4,8x4x4,tenferro-direct,0.06935,0.00026,pytorch-cpu,0.049613,0.000201,1.3978191199887127,#1878 #2000,#1878:CLOSED #2000:OPEN,batch-linalg cluster,short isolated-clock diagnostic,data/results/amd-cpu/cpu/public_api/20261008_060822/cpu_public_api_t4_20261008_060822.csv,https://github.com/tensor4all/tenferro-rs/issues/1878 https://github.com/tensor4all/tenferro-rs/issues/2000
cpu/einsum,bin_batched_matmul_b32_m64_n64_k64 / opt_flops,f64 (see instance),1,see instance JSON,tenferro-rs trace mode (ms),0.928,,PyTorch Python (ms),0.665,,1.3954887218045113,#1878 #2000,#1878:CLOSED #2000:OPEN,batch-linalg cluster,short isolated-clock diagnostic,data/results/amd-cpu/cpu/einsum/20261008_044146/einsum_table_t1_20261008_044146.md,https://github.com/tensor4all/tenferro-rs/issues/1878 https://github.com/tensor4all/tenferro-rs/issues/2000
cpu/einsum,bin_batched_matmul_b32_m64_n64_k64 / opt_size,f64 (see instance),1,see instance JSON,tenferro-rs trace mode (ms),0.928,,PyTorch Python (ms),0.665,,1.3954887218045113,#1878 #2000,#1878:CLOSED #2000:OPEN,batch-linalg cluster,short isolated-clock diagnostic,data/results/amd-cpu/cpu/einsum/20261008_044146/einsum_table_t1_20261008_044146.md,https://github.com/tensor4all/tenferro-rs/issues/1878 https://github.com/tensor4all/tenferro-rs/issues/2000
cpu/einsum,str_nw_mera_open_26 / opt_size,f64 (see instance),1,see instance JSON,tenferro-rs trace mode (ms),1603.15,,PyTorch Python (ms),1151.588,,1.3921211405467928,#1865 #1899 #1904 #975,#1865:OPEN #1899:OPEN #1904:OPEN #975:CLOSED,related contraction/planning cluster,unconfirmed observation,data/results/amd-cpu/cpu/einsum/20261008_044146/einsum_table_t1_20261008_044146.md,https://github.com/tensor4all/tenferro-rs/issues/1865 https://github.com/tensor4all/tenferro-rs/issues/1899 https://github.com/tensor4all/tenferro-rs/issues/1904 https://github.com/tensor4all/tenferro-rs/issues/975
cpu/complex,qr,c64,1,256x256,tenferro-trace,9.728317,0.014999,jax-cpu,6.989089,0.042461,1.3919291913438219,#1900 #1660,#1900:OPEN #1660:OPEN,related provider issues; #1900 is Apple-specific,unconfirmed observation,data/results/amd-cpu/cpu/public_api/20261008_060822/cpu_public_api_t1_20261008_060822.csv,https://github.com/tensor4all/tenferro-rs/issues/1900 https://github.com/tensor4all/tenferro-rs/issues/1660
large,grad_sum_solve_backward,f64,1,"64x64,rhs=1",tenferro-trace,0.071448,0.000151,jax-cpu,0.051434,0.001881,1.389120037329393,#1328 #1803,#1328:CLOSED #1803:OPEN,AD cluster; #1803 primarily eager,unconfirmed observation,data/results/amd-cpu/cpu/einsum/20261008_044146/cpu_ops_t1_20261008_044146.csv,https://github.com/tensor4all/tenferro-rs/issues/1328 https://github.com/tensor4all/tenferro-rs/issues/1803
cpu/einsum,str_nw_mera_open_26 / opt_flops,f64 (see instance),1,see instance JSON,tenferro-rs trace mode (ms),1589.292,,PyTorch Python (ms),1144.561,,1.3885603301178355,#1865 #1899 #1904 #975,#1865:OPEN #1899:OPEN #1904:OPEN #975:CLOSED,related contraction/planning cluster,unconfirmed observation,data/results/amd-cpu/cpu/einsum/20261008_044146/einsum_table_t1_20261008_044146.md,https://github.com/tensor4all/tenferro-rs/issues/1865 https://github.com/tensor4all/tenferro-rs/issues/1899 https://github.com/tensor4all/tenferro-rs/issues/1904 https://github.com/tensor4all/tenferro-rs/issues/975
small,svd,f64,4,2x2,tenferro-trace,0.010911,3.1e-05,pytorch-cpu,0.007864,0.000168,1.3874618514750765,#1904 #1762,#1904:OPEN #1762:CLOSED,small-call cluster,unconfirmed observation,data/results/amd-cpu/cpu/einsum/20261008_053424/cpu_ops_t4_20261008_053424.csv,https://github.com/tensor4all/tenferro-rs/issues/1904 https://github.com/tensor4all/tenferro-rs/issues/1762
cpu/einsum,bin_batched_outer_product_compact_j16_k16_o64_t64 / opt_flops,f64 (see instance),1,see instance JSON,tenferro-rs eager mode (ms),0.201,,PyTorch Python (ms),0.145,,1.3862068965517242,#1878 #2000,#1878:CLOSED #2000:OPEN,batch-linalg cluster,short isolated-clock diagnostic,data/results/amd-cpu/cpu/einsum/20261008_044146/einsum_table_t1_20261008_044146.md,https://github.com/tensor4all/tenferro-rs/issues/1878 https://github.com/tensor4all/tenferro-rs/issues/2000
cpu/einsum,bin_batched_outer_product_compact_j16_k16_o64_t64 / opt_size,f64 (see instance),1,see instance JSON,tenferro-rs eager mode (ms),0.201,,PyTorch Python (ms),0.145,,1.3862068965517242,#1878 #2000,#1878:CLOSED #2000:OPEN,batch-linalg cluster,short isolated-clock diagnostic,data/results/amd-cpu/cpu/einsum/20261008_044146/einsum_table_t1_20261008_044146.md,https://github.com/tensor4all/tenferro-rs/issues/1878 https://github.com/tensor4all/tenferro-rs/issues/2000
cpu/einsum,str_nw_mera_closed_120 / opt_flops,f64 (see instance),1,see instance JSON,tenferro-rs trace mode (ms),1881.07,,OMEinsum.jl OpenBLAS (ms),1357.225,,1.385967691429203,#1865 #1899 #1904 #975,#1865:OPEN #1899:OPEN #1904:OPEN #975:CLOSED,related contraction/planning cluster,unconfirmed observation,data/results/amd-cpu/cpu/einsum/20261008_044146/einsum_table_t1_20261008_044146.md,https://github.com/tensor4all/tenferro-rs/issues/1865 https://github.com/tensor4all/tenferro-rs/issues/1899 https://github.com/tensor4all/tenferro-rs/issues/1904 https://github.com/tensor4all/tenferro-rs/issues/975
cpu/linalg_uncovered,eigvalsh,f64,4,512x512,tenferro-trace,13.605607,0.405123,julia-base,9.819178,0.436492,1.3856156798461132,#1956 #1660,#1956:OPEN #1660:OPEN,related provider/extraction issues; no focused gap issue verified,unconfirmed observation,data/results/amd-cpu/cpu/public_api/20261008_060822/cpu_public_api_t4_20261008_060822.csv,https://github.com/tensor4all/tenferro-rs/issues/1956 https://github.com/tensor4all/tenferro-rs/issues/1660
batched,batched_matmul_ikb_kjb_ijb,f64,4,4x4xbatch1024 (native batch layout),tenferro-trace,0.086648,0.000364,pytorch-cpu,0.062538,0.006759,1.3855256004349357,#1878 #2000,#1878:CLOSED #2000:OPEN,batch-linalg cluster,unconfirmed observation,data/results/amd-cpu/cpu/einsum/20261008_053424/cpu_ops_t4_20261008_053424.csv,https://github.com/tensor4all/tenferro-rs/issues/1878 https://github.com/tensor4all/tenferro-rs/issues/2000
small,eigh,f64,1,2x2,tenferro-trace,0.008739,1.6e-05,pytorch-cpu,0.006314,8.5e-05,1.3840671523598354,#1904 #1762,#1904:OPEN #1762:CLOSED,small-call cluster,unconfirmed observation,data/results/amd-cpu/cpu/einsum/20261008_044146/cpu_ops_t1_20261008_044146.csv,https://github.com/tensor4all/tenferro-rs/issues/1904 https://github.com/tensor4all/tenferro-rs/issues/1762
cpu/complex,qr,c64,1,256x256,tenferro-direct,9.6396,0.053971,jax-cpu,6.989089,0.042461,1.3792355484384302,#1900 #1660,#1900:OPEN #1660:OPEN,related provider issues; #1900 is Apple-specific,unconfirmed observation,data/results/amd-cpu/cpu/public_api/20261008_060822/cpu_public_api_t1_20261008_060822.csv,https://github.com/tensor4all/tenferro-rs/issues/1900 https://github.com/tensor4all/tenferro-rs/issues/1660
large,grad_sum_matmul,f64,4,64x64,tenferro-eager,0.029844,0.000327,pytorch-cpu,0.021658,0.001666,1.3779665712438822,#1328 #1803,#1328:CLOSED #1803:OPEN,AD cluster; #1803 primarily eager,unconfirmed observation,data/results/amd-cpu/cpu/einsum/20261008_053424/cpu_ops_t4_20261008_053424.csv,https://github.com/tensor4all/tenferro-rs/issues/1328 https://github.com/tensor4all/tenferro-rs/issues/1803
cpu/einsum,gm_queen5_5_3.wcsp / opt_flops,f64 (see instance),1,see instance JSON,tenferro-rs eager mode (ms),5226.689,,JAX Python (XLA CPU dot) (ms),3797.926,,1.376195586749189,#1865 #1899 #1904 #975,#1865:OPEN #1899:OPEN #1904:OPEN #975:CLOSED,related contraction/planning cluster,unconfirmed observation,data/results/amd-cpu/cpu/einsum/20261008_044146/einsum_table_t1_20261008_044146.md,https://github.com/tensor4all/tenferro-rs/issues/1865 https://github.com/tensor4all/tenferro-rs/issues/1899 https://github.com/tensor4all/tenferro-rs/issues/1904 https://github.com/tensor4all/tenferro-rs/issues/975
cpu/linalg_batch_families,batched_lu,f64,4,1024x4x4,tenferro-trace,0.177404,0.018474,pytorch-cpu,0.129274,0.025859,1.372309977257608,#1884 #1878 #2000,#1884:OPEN #1878:CLOSED #2000:OPEN,batch-linalg cluster,short isolated-clock diagnostic,data/results/amd-cpu/cpu/public_api/20261008_060822/cpu_public_api_t4_20261008_060822.csv,https://github.com/tensor4all/tenferro-rs/issues/1884 https://github.com/tensor4all/tenferro-rs/issues/1878 https://github.com/tensor4all/tenferro-rs/issues/2000
small,eigh,f64,4,2x2,tenferro-trace,0.008805,1.7e-05,pytorch-cpu,0.006424,0.000214,1.3706413449564134,#1904 #1762,#1904:OPEN #1762:CLOSED,small-call cluster,unconfirmed observation,data/results/amd-cpu/cpu/einsum/20261008_053424/cpu_ops_t4_20261008_053424.csv,https://github.com/tensor4all/tenferro-rs/issues/1904 https://github.com/tensor4all/tenferro-rs/issues/1762
cpu/linalg_batch_families,batched_eigvalsh,f64,1,3x8x8,tenferro-direct,0.023123,0.000191,pytorch-cpu,0.016872,0.00027,1.3704954954954955,#1878 #2000,#1878:CLOSED #2000:OPEN,batch-linalg cluster,short isolated-clock diagnostic,data/results/amd-cpu/cpu/public_api/20261008_060822/cpu_public_api_t1_20261008_060822.csv,https://github.com/tensor4all/tenferro-rs/issues/1878 https://github.com/tensor4all/tenferro-rs/issues/2000
cpu/linalg_batch_families,batched_eigh,c64,1,8x8x8,tenferro-trace,0.08515,0.018164,pytorch-cpu,0.062177,0.00027,1.3694774595107515,#1878 #2000,#1878:CLOSED #2000:OPEN,batch-linalg cluster,short isolated-clock diagnostic,data/results/amd-cpu/cpu/public_api/20261008_060822/cpu_public_api_t1_20261008_060822.csv,https://github.com/tensor4all/tenferro-rs/issues/1878 https://github.com/tensor4all/tenferro-rs/issues/2000
cpu/einsum,bin_matmul_256 / opt_flops,f64 (see instance),4,see instance JSON,tenferro-rs trace mode (ms),0.646,,JAX Python (XLA CPU dot) (ms),0.472,,1.3686440677966103,#1865 #1899 #1904 #975,#1865:OPEN #1899:OPEN #1904:OPEN #975:CLOSED,related contraction/planning cluster,short isolated-clock diagnostic,data/results/amd-cpu/cpu/einsum/20261008_053424/einsum_table_t4_20261008_053424.md,https://github.com/tensor4all/tenferro-rs/issues/1865 https://github.com/tensor4all/tenferro-rs/issues/1899 https://github.com/tensor4all/tenferro-rs/issues/1904 https://github.com/tensor4all/tenferro-rs/issues/975
cpu/einsum,bin_matmul_256 / opt_size,f64 (see instance),4,see instance JSON,tenferro-rs trace mode (ms),0.646,,JAX Python (XLA CPU dot) (ms),0.472,,1.3686440677966103,#1865 #1899 #1904 #975,#1865:OPEN #1899:OPEN #1904:OPEN #975:CLOSED,related contraction/planning cluster,short isolated-clock diagnostic,data/results/amd-cpu/cpu/einsum/20261008_053424/einsum_table_t4_20261008_053424.md,https://github.com/tensor4all/tenferro-rs/issues/1865 https://github.com/tensor4all/tenferro-rs/issues/1899 https://github.com/tensor4all/tenferro-rs/issues/1904 https://github.com/tensor4all/tenferro-rs/issues/975
small,solve,f64,1,"2x2,rhs=1",tenferro-trace,0.009972,2.9e-05,jax-cpu,0.007295,0.000129,1.3669636737491433,#1904 #1762,#1904:OPEN #1762:CLOSED,small-call cluster,unconfirmed observation,data/results/amd-cpu/cpu/einsum/20261008_044146/cpu_ops_t1_20261008_044146.csv,https://github.com/tensor4all/tenferro-rs/issues/1904 https://github.com/tensor4all/tenferro-rs/issues/1762
cpu/linalg_batched,batched_lu_solve,f64,1,"1024x4x4,rhs=1",tenferro-direct,0.064812,0.00012,pytorch-cpu,0.047469,0.0001,1.3653542311824558,#1884 #1878 #2000,#1884:OPEN #1878:CLOSED #2000:OPEN,batch-linalg cluster,short isolated-clock diagnostic,data/results/amd-cpu/cpu/public_api/20261008_060822/cpu_public_api_t1_20261008_060822.csv,https://github.com/tensor4all/tenferro-rs/issues/1884 https://github.com/tensor4all/tenferro-rs/issues/1878 https://github.com/tensor4all/tenferro-rs/issues/2000
small,svd,f64,1,2x2,tenferro-trace,0.010812,3.6e-05,pytorch-cpu,0.007929,0.000148,1.3636019674612183,#1904 #1762,#1904:OPEN #1762:CLOSED,small-call cluster,unconfirmed observation,data/results/amd-cpu/cpu/einsum/20261008_044146/cpu_ops_t1_20261008_044146.csv,https://github.com/tensor4all/tenferro-rs/issues/1904 https://github.com/tensor4all/tenferro-rs/issues/1762
cpu/linalg_batch_families,batched_eigh,c64,1,1x32x32,tenferro-trace,0.160923,0.015429,pytorch-cpu,0.118032,0.00038,1.363384505896706,#1878 #2000,#1878:CLOSED #2000:OPEN,batch-linalg cluster,short isolated-clock diagnostic,data/results/amd-cpu/cpu/public_api/20261008_060822/cpu_public_api_t1_20261008_060822.csv,https://github.com/tensor4all/tenferro-rs/issues/1878 https://github.com/tensor4all/tenferro-rs/issues/2000
batched,grad_sum_batched_matmul_backward,f64,4,16x16xbatch16 (native batch layout),tenferro-trace,0.061696,0.000134,jax-cpu,0.045298,0.002643,1.362002737427701,#1328 #1803,#1328:CLOSED #1803:OPEN,AD cluster; #1803 primarily eager,unconfirmed observation,data/results/amd-cpu/cpu/einsum/20261008_053424/cpu_ops_t4_20261008_053424.csv,https://github.com/tensor4all/tenferro-rs/issues/1328 https://github.com/tensor4all/tenferro-rs/issues/1803
cpu/einsum,str_nw_mera_closed_120 / opt_flops,f64 (see instance),1,see instance JSON,tenferro-rs eager mode (ms),1845.474,,OMEinsum.jl OpenBLAS (ms),1357.225,,1.3597406472766123,#1865 #1899 #1904 #975,#1865:OPEN #1899:OPEN #1904:OPEN #975:CLOSED,related contraction/planning cluster,unconfirmed observation,data/results/amd-cpu/cpu/einsum/20261008_044146/einsum_table_t1_20261008_044146.md,https://github.com/tensor4all/tenferro-rs/issues/1865 https://github.com/tensor4all/tenferro-rs/issues/1899 https://github.com/tensor4all/tenferro-rs/issues/1904 https://github.com/tensor4all/tenferro-rs/issues/975
batched,grad_sum_batched_matmul_backward,f64,1,16x16xbatch256 (native batch layout),tenferro-trace,0.771894,0.003551,jax-cpu,0.567913,0.035215,1.3591764935826438,#1328 #1803,#1328:CLOSED #1803:OPEN,AD cluster; #1803 primarily eager,unconfirmed observation,data/results/amd-cpu/cpu/einsum/20261008_044146/cpu_ops_t1_20261008_044146.csv,https://github.com/tensor4all/tenferro-rs/issues/1328 https://github.com/tensor4all/tenferro-rs/issues/1803
batched,grad_sum_batched_solve_backward,f64,4,"2x2xbatch1024 (native batch layout),rhs=1",tenferro-trace,0.223238,0.000884,pytorch-cpu,0.164261,0.000939,1.3590444475560237,#1328 #1803,#1328:CLOSED #1803:OPEN,AD cluster; #1803 primarily eager,unconfirmed observation,data/results/amd-cpu/cpu/einsum/20261008_053424/cpu_ops_t4_20261008_053424.csv,https://github.com/tensor4all/tenferro-rs/issues/1328 https://github.com/tensor4all/tenferro-rs/issues/1803
cpu/fft,irfft,c32,4,1d_n1048576,tenferro-fft-eager,5.042805,0.085271,pytorch-cpu,3.713562,0.017743,1.3579428591740221,#1765 #1484,#1765:CLOSED #1484:CLOSED,related historical; no focused large single-lane issue,excluded: timed eager session entry,data/results/amd-cpu/cpu/fft/20261008_060740/cpu_fft_t4_20261008_060740.csv,https://github.com/tensor4all/tenferro-rs/issues/1765 https://github.com/tensor4all/tenferro-rs/issues/1484
cpu/linalg_batch_families,batched_eigvalsh,f64,1,1x32x32,tenferro-trace,0.055114,0.001933,pytorch-cpu,0.040697,0.00027,1.3542521561785883,#1878 #2000,#1878:CLOSED #2000:OPEN,batch-linalg cluster,short isolated-clock diagnostic,data/results/amd-cpu/cpu/public_api/20261008_060822/cpu_public_api_t1_20261008_060822.csv,https://github.com/tensor4all/tenferro-rs/issues/1878 https://github.com/tensor4all/tenferro-rs/issues/2000
cpu/elementwise_reduction,reduce_min_all,f64,1,8192x4096,tenferro-trace,16.48589,0.080542,julia-base,12.177809,0.108134,1.3537648685408026,#1719 #1001,#1719:CLOSED #1001:CLOSED,historical cluster,unconfirmed observation,data/results/amd-cpu/cpu/public_api/20261008_060822/cpu_public_api_t1_20261008_060822.csv,https://github.com/tensor4all/tenferro-rs/issues/1719 https://github.com/tensor4all/tenferro-rs/issues/1001
cpu/linalg_batch_families,batched_eigvalsh,f64,4,1x32x32,tenferro-trace,0.055685,0.012474,pytorch-cpu,0.041238,0.00028,1.350332217857316,#1878 #2000,#1878:CLOSED #2000:OPEN,batch-linalg cluster,short isolated-clock diagnostic,data/results/amd-cpu/cpu/public_api/20261008_060822/cpu_public_api_t4_20261008_060822.csv,https://github.com/tensor4all/tenferro-rs/issues/1878 https://github.com/tensor4all/tenferro-rs/issues/2000
cpu/linalg_batched,batched_lu_solve,f64,4,"1024x4x4,rhs=1",tenferro-direct,0.064411,8e-05,pytorch-cpu,0.04772,0.00011,1.34976948868399,#1884 #1878 #2000,#1884:OPEN #1878:CLOSED #2000:OPEN,batch-linalg cluster,short isolated-clock diagnostic,data/results/amd-cpu/cpu/public_api/20261008_060822/cpu_public_api_t4_20261008_060822.csv,https://github.com/tensor4all/tenferro-rs/issues/1884 https://github.com/tensor4all/tenferro-rs/issues/1878 https://github.com/tensor4all/tenferro-rs/issues/2000
batched,batched_matmul_ikb_kjb_ijb,f64,1,16x16xbatch256 (native batch layout),tenferro-trace,0.234265,0.002161,jax-cpu,0.17359,0.019145,1.3495305029091538,#1878 #2000,#1878:CLOSED #2000:OPEN,batch-linalg cluster,unconfirmed observation,data/results/amd-cpu/cpu/einsum/20261008_044146/cpu_ops_t1_20261008_044146.csv,https://github.com/tensor4all/tenferro-rs/issues/1878 https://github.com/tensor4all/tenferro-rs/issues/2000
small,qr,f64,4,8x8,tenferro-trace,0.00931,8e-06,pytorch-cpu,0.0069,0.000167,1.3492753623188407,#1904 #1762,#1904:OPEN #1762:CLOSED,small-call cluster,unconfirmed observation,data/results/amd-cpu/cpu/einsum/20261008_053424/cpu_ops_t4_20261008_053424.csv,https://github.com/tensor4all/tenferro-rs/issues/1904 https://github.com/tensor4all/tenferro-rs/issues/1762
cpu/elementwise_reduction,reduce_min_all,f64,1,8192x4096,tenferro-direct,16.424885,0.019998,julia-base,12.177809,0.108134,1.3487553467130253,#1719 #1001,#1719:CLOSED #1001:CLOSED,historical cluster,excluded: timed session entry,data/results/amd-cpu/cpu/public_api/20261008_060822/cpu_public_api_t1_20261008_060822.csv,https://github.com/tensor4all/tenferro-rs/issues/1719 https://github.com/tensor4all/tenferro-rs/issues/1001
cpu/linalg_batch_families,batched_eigh,c64,1,4x4x4,tenferro-direct,0.020749,0.00023,pytorch-cpu,0.015399,9e-05,1.3474251574777583,#1878 #2000,#1878:CLOSED #2000:OPEN,batch-linalg cluster,short isolated-clock diagnostic,data/results/amd-cpu/cpu/public_api/20261008_060822/cpu_public_api_t1_20261008_060822.csv,https://github.com/tensor4all/tenferro-rs/issues/1878 https://github.com/tensor4all/tenferro-rs/issues/2000
cpu/einsum,str_nw_mera_closed_120 / opt_size,f64 (see instance),1,see instance JSON,tenferro-rs eager mode (ms),1618.48,,OMEinsum.jl OpenBLAS (ms),1201.49,,1.3470607329232869,#1865 #1899 #1904 #975,#1865:OPEN #1899:OPEN #1904:OPEN #975:CLOSED,related contraction/planning cluster,unconfirmed observation,data/results/amd-cpu/cpu/einsum/20261008_044146/einsum_table_t1_20261008_044146.md,https://github.com/tensor4all/tenferro-rs/issues/1865 https://github.com/tensor4all/tenferro-rs/issues/1899 https://github.com/tensor4all/tenferro-rs/issues/1904 https://github.com/tensor4all/tenferro-rs/issues/975
large,grad_sum_solve_backward,f64,4,"64x64,rhs=1",tenferro-trace,0.071626,0.000201,jax-cpu,0.053224,0.002333,1.345746279873741,#1328 #1803,#1328:CLOSED #1803:OPEN,AD cluster; #1803 primarily eager,unconfirmed observation,data/results/amd-cpu/cpu/einsum/20261008_053424/cpu_ops_t4_20261008_053424.csv,https://github.com/tensor4all/tenferro-rs/issues/1328 https://github.com/tensor4all/tenferro-rs/issues/1803
cpu/linalg_batch_families,batched_svd,f64,4,1024x2x2,tenferro-trace,1.426085,0.615608,pytorch-cpu,1.059956,0.007774,1.3454190551305905,#1878 #2000,#1878:CLOSED #2000:OPEN,batch-linalg cluster,unconfirmed observation,data/results/amd-cpu/cpu/public_api/20261008_060822/cpu_public_api_t4_20261008_060822.csv,https://github.com/tensor4all/tenferro-rs/issues/1878 https://github.com/tensor4all/tenferro-rs/issues/2000
cpu/einsum,lm_batch_likelihood_sentence_3_12d / opt_size,f64 (see instance),1,see instance JSON,tenferro-rs eager mode (ms),109.947,,JAX Python (XLA CPU dot) (ms),81.782,,1.3443911863246192,#1865 #1899 #1904 #975,#1865:OPEN #1899:OPEN #1904:OPEN #975:CLOSED,related contraction/planning cluster,unconfirmed observation,data/results/amd-cpu/cpu/einsum/20261008_044146/einsum_table_t1_20261008_044146.md,https://github.com/tensor4all/tenferro-rs/issues/1865 https://github.com/tensor4all/tenferro-rs/issues/1899 https://github.com/tensor4all/tenferro-rs/issues/1904 https://github.com/tensor4all/tenferro-rs/issues/975
cpu/linalg_batch_families,batched_eigh,c64,4,1024x2x2,tenferro-trace,0.909773,0.008335,pytorch-cpu,0.678157,0.004879,1.341537431597698,#1878 #2000,#1878:CLOSED #2000:OPEN,batch-linalg cluster,short isolated-clock diagnostic,data/results/amd-cpu/cpu/public_api/20261008_060822/cpu_public_api_t4_20261008_060822.csv,https://github.com/tensor4all/tenferro-rs/issues/1878 https://github.com/tensor4all/tenferro-rs/issues/2000
cpu/einsum,str_nw_mera_closed_120 / opt_size,f64 (see instance),1,see instance JSON,tenferro-rs trace mode (ms),1609.278,,OMEinsum.jl OpenBLAS (ms),1201.49,,1.3394019092959575,#1865 #1899 #1904 #975,#1865:OPEN #1899:OPEN #1904:OPEN #975:CLOSED,related contraction/planning cluster,unconfirmed observation,data/results/amd-cpu/cpu/einsum/20261008_044146/einsum_table_t1_20261008_044146.md,https://github.com/tensor4all/tenferro-rs/issues/1865 https://github.com/tensor4all/tenferro-rs/issues/1899 https://github.com/tensor4all/tenferro-rs/issues/1904 https://github.com/tensor4all/tenferro-rs/issues/975
small,solve,f64,4,"2x2,rhs=1",tenferro-trace,0.009935,3e-05,jax-cpu,0.007431,6.3e-05,1.3369667608666396,#1904 #1762,#1904:OPEN #1762:CLOSED,small-call cluster,unconfirmed observation,data/results/amd-cpu/cpu/einsum/20261008_053424/cpu_ops_t4_20261008_053424.csv,https://github.com/tensor4all/tenferro-rs/issues/1904 https://github.com/tensor4all/tenferro-rs/issues/1762
cpu/permutation,tn_light_415_24d_scattered_to_colmajor,f64,1,"[2, 2, 2, 2, 2, 2, 2, 2, 2, 2, 2, 2, 2, 2, 2, 2, 2, 2, 2, 2, 2, 2, 2, 2]",tenferro-rs,51.609544,,strided-rs,38.616327,,1.336469519744848,#1393,#1393:CLOSED,focused historical,unconfirmed observation,data/results/amd-cpu/cpu/permutation/20261008_062910/rust_output_t1.jsonl,https://github.com/tensor4all/tenferro-rs/issues/1393
large,qr,f64,1,1024x1024,tenferro-trace,131.362479,1.05207,jax-cpu,98.438068,1.12067,1.3344682770490783,#1927,#1927:OPEN,umbrella only; no focused gap issue verified,unconfirmed observation,data/results/amd-cpu/cpu/einsum/20261008_044146/cpu_ops_t1_20261008_044146.csv,https://github.com/tensor4all/tenferro-rs/issues/1927
cpu/linalg_batch_families,batched_svd,c64,1,8x8x8,tenferro-trace,0.189246,0.003978,pytorch-cpu,0.141827,0.000481,1.3343439542541264,#1878 #2000,#1878:CLOSED #2000:OPEN,batch-linalg cluster,short isolated-clock diagnostic,data/results/amd-cpu/cpu/public_api/20261008_060822/cpu_public_api_t1_20261008_060822.csv,https://github.com/tensor4all/tenferro-rs/issues/1878 https://github.com/tensor4all/tenferro-rs/issues/2000
cpu/linalg_batch_families,batched_eigvalsh,f64,1,8x4x4,tenferro-direct,0.019818,0.000111,pytorch-cpu,0.014858,0.000341,1.3338268946022345,#1878 #2000,#1878:CLOSED #2000:OPEN,batch-linalg cluster,short isolated-clock diagnostic,data/results/amd-cpu/cpu/public_api/20261008_060822/cpu_public_api_t1_20261008_060822.csv,https://github.com/tensor4all/tenferro-rs/issues/1878 https://github.com/tensor4all/tenferro-rs/issues/2000
cpu/einsum,bin_omeinsum_batched_matmul_8x8_batch_4 / opt_flops,f64 (see instance),4,see instance JSON,tenferro-rs eager mode (ms),0.016,,OMEinsum.jl OpenBLAS (ms),0.012,,1.3333333333333333,#1878 #2000,#1878:CLOSED #2000:OPEN,batch-linalg cluster,short isolated-clock diagnostic,data/results/amd-cpu/cpu/einsum/20261008_053424/einsum_table_t4_20261008_053424.md,https://github.com/tensor4all/tenferro-rs/issues/1878 https://github.com/tensor4all/tenferro-rs/issues/2000
cpu/einsum,bin_omeinsum_batched_matmul_8x8_batch_4 / opt_size,f64 (see instance),4,see instance JSON,tenferro-rs eager mode (ms),0.016,,OMEinsum.jl OpenBLAS (ms),0.012,,1.3333333333333333,#1878 #2000,#1878:CLOSED #2000:OPEN,batch-linalg cluster,short isolated-clock diagnostic,data/results/amd-cpu/cpu/einsum/20261008_053424/einsum_table_t4_20261008_053424.md,https://github.com/tensor4all/tenferro-rs/issues/1878 https://github.com/tensor4all/tenferro-rs/issues/2000
large,grad_sum_qr_jvp,f64,1,512x512,tenferro-trace,57.267462,0.091151,jax-cpu,42.96144,0.350299,1.332996798989978,#1328 #1803,#1328:CLOSED #1803:OPEN,AD cluster; #1803 primarily eager,unconfirmed observation,data/results/amd-cpu/cpu/einsum/20261008_044146/cpu_ops_t1_20261008_044146.csv,https://github.com/tensor4all/tenferro-rs/issues/1328 https://github.com/tensor4all/tenferro-rs/issues/1803
cpu/linalg_batch_families,batched_solve,f64,4,"1024x4x4,rhs=1",tenferro-trace,0.120918,0.011992,pytorch-cpu,0.090921,0.000371,1.329923779984822,#1884 #1878 #2000,#1884:OPEN #1878:CLOSED #2000:OPEN,batch-linalg cluster,short isolated-clock diagnostic,data/results/amd-cpu/cpu/public_api/20261008_060822/cpu_public_api_t4_20261008_060822.csv,https://github.com/tensor4all/tenferro-rs/issues/1884 https://github.com/tensor4all/tenferro-rs/issues/1878 https://github.com/tensor4all/tenferro-rs/issues/2000
large,qr,f64,1,1024x1024,tenferro-eager,130.893146,0.352904,jax-cpu,98.438068,1.12067,1.3297004772584524,#1927,#1927:OPEN,umbrella only; no focused gap issue verified,unconfirmed observation,data/results/amd-cpu/cpu/einsum/20261008_044146/cpu_ops_t1_20261008_044146.csv,https://github.com/tensor4all/tenferro-rs/issues/1927
cpu/linalg_batch_families,batched_svd,f64,1,4x2x2,tenferro-direct,0.015209,0.00012,pytorch-cpu,0.011441,9.1e-05,1.3293418407481865,#1878 #2000,#1878:CLOSED #2000:OPEN,batch-linalg cluster,short isolated-clock diagnostic,data/results/amd-cpu/cpu/public_api/20261008_060822/cpu_public_api_t1_20261008_060822.csv,https://github.com/tensor4all/tenferro-rs/issues/1878 https://github.com/tensor4all/tenferro-rs/issues/2000
cpu/linalg_batch_families,batched_solve,f64,1,"8x32x32,rhs=1",tenferro-trace,0.098816,0.008587,pytorch-cpu,0.07448,0.000321,1.3267454350161116,#1884 #1878 #2000,#1884:OPEN #1878:CLOSED #2000:OPEN,batch-linalg cluster,short isolated-clock diagnostic,data/results/amd-cpu/cpu/public_api/20261008_060822/cpu_public_api_t1_20261008_060822.csv,https://github.com/tensor4all/tenferro-rs/issues/1884 https://github.com/tensor4all/tenferro-rs/issues/1878 https://github.com/tensor4all/tenferro-rs/issues/2000
batched,batched_qr,f64,4,2x2xbatch64 (native batch layout),tenferro-trace,0.020544,9.9e-05,pytorch-cpu,0.015549,0.000165,1.3212425236349603,#1878 #2000,#1878:CLOSED #2000:OPEN,batch-linalg cluster,unconfirmed observation,data/results/amd-cpu/cpu/einsum/20261008_053424/cpu_ops_t4_20261008_053424.csv,https://github.com/tensor4all/tenferro-rs/issues/1878 https://github.com/tensor4all/tenferro-rs/issues/2000
small,grad_sum_svd_s_jvp,f64,1,16x16,tenferro-trace,0.069703,9.6e-05,jax-cpu,0.052769,0.000386,1.32090810892759,#1328 #1803,#1328:CLOSED #1803:OPEN,AD cluster; #1803 primarily eager,unconfirmed observation,data/results/amd-cpu/cpu/einsum/20261008_044146/cpu_ops_t1_20261008_044146.csv,https://github.com/tensor4all/tenferro-rs/issues/1328 https://github.com/tensor4all/tenferro-rs/issues/1803
batched,batched_solve,f64,4,"8x8xbatch256 (native batch layout),rhs=1",tenferro-eager,0.117794,0.000288,pytorch-cpu,0.089671,0.002815,1.313624248642259,#1884 #1878 #2000,#1884:OPEN #1878:CLOSED #2000:OPEN,batch-linalg cluster,unconfirmed observation,data/results/amd-cpu/cpu/einsum/20261008_053424/cpu_ops_t4_20261008_053424.csv,https://github.com/tensor4all/tenferro-rs/issues/1884 https://github.com/tensor4all/tenferro-rs/issues/1878 https://github.com/tensor4all/tenferro-rs/issues/2000
batched,batched_qr,f64,1,4x4xbatch16 (native batch layout),tenferro-trace,0.017478,4.6e-05,pytorch-cpu,0.013317,0.00019,1.3124577607569272,#1878 #2000,#1878:CLOSED #2000:OPEN,batch-linalg cluster,unconfirmed observation,data/results/amd-cpu/cpu/einsum/20261008_044146/cpu_ops_t1_20261008_044146.csv,https://github.com/tensor4all/tenferro-rs/issues/1878 https://github.com/tensor4all/tenferro-rs/issues/2000
cpu/structural_shape,broadcast_in_dim,f64,4,8192x1 -> 8192x4096,tenferro-direct,22.612536,0.4299,pytorch-cpu,17.229189,1.171155,1.312455043589109,#1001 #1512 #1480,#1001:CLOSED #1512:CLOSED #1480:CLOSED,related structural cluster,excluded: timed session entry,data/results/amd-cpu/cpu/public_api/20261008_060822/cpu_public_api_t4_20261008_060822.csv,https://github.com/tensor4all/tenferro-rs/issues/1001 https://github.com/tensor4all/tenferro-rs/issues/1512 https://github.com/tensor4all/tenferro-rs/issues/1480
cpu/einsum,bin_outer_product_4096 / opt_flops,f64 (see instance),4,see instance JSON,tenferro-rs trace mode (ms),11.289,,PyTorch Python (ms),8.632,,1.307808155699722,#1865 #1899 #1904 #975,#1865:OPEN #1899:OPEN #1904:OPEN #975:CLOSED,related contraction/planning cluster,unconfirmed observation,data/results/amd-cpu/cpu/einsum/20261008_053424/einsum_table_t4_20261008_053424.md,https://github.com/tensor4all/tenferro-rs/issues/1865 https://github.com/tensor4all/tenferro-rs/issues/1899 https://github.com/tensor4all/tenferro-rs/issues/1904 https://github.com/tensor4all/tenferro-rs/issues/975
cpu/einsum,bin_outer_product_4096 / opt_size,f64 (see instance),4,see instance JSON,tenferro-rs trace mode (ms),11.289,,PyTorch Python (ms),8.632,,1.307808155699722,#1865 #1899 #1904 #975,#1865:OPEN #1899:OPEN #1904:OPEN #975:CLOSED,related contraction/planning cluster,unconfirmed observation,data/results/amd-cpu/cpu/einsum/20261008_053424/einsum_table_t4_20261008_053424.md,https://github.com/tensor4all/tenferro-rs/issues/1865 https://github.com/tensor4all/tenferro-rs/issues/1899 https://github.com/tensor4all/tenferro-rs/issues/1904 https://github.com/tensor4all/tenferro-rs/issues/975
batched,batched_matmul_ikb_kjb_ijb,f64,4,8x8xbatch1024 (native batch layout),tenferro-trace,0.137154,0.000856,pytorch-cpu,0.10489,0.009986,1.3075984364572408,#1878 #2000,#1878:CLOSED #2000:OPEN,batch-linalg cluster,unconfirmed observation,data/results/amd-cpu/cpu/einsum/20261008_053424/cpu_ops_t4_20261008_053424.csv,https://github.com/tensor4all/tenferro-rs/issues/1878 https://github.com/tensor4all/tenferro-rs/issues/2000
large,eigh,f64,1,512x512,tenferro-eager,45.399741,0.104827,jax-cpu,34.731799,0.177394,1.307152013634537,#1927,#1927:OPEN,umbrella only; no focused gap issue verified,unconfirmed observation,data/results/amd-cpu/cpu/einsum/20261008_044146/cpu_ops_t1_20261008_044146.csv,https://github.com/tensor4all/tenferro-rs/issues/1927
cpu/fft,irfft,c32,4,1d_n1048576,tenferro-fft-executor-cached,4.849732,0.055615,pytorch-cpu,3.713562,0.017743,1.3059515365570846,#1765 #1484,#1765:CLOSED #1484:CLOSED,related historical; no focused large single-lane issue,unconfirmed observation,data/results/amd-cpu/cpu/fft/20261008_060740/cpu_fft_t4_20261008_060740.csv,https://github.com/tensor4all/tenferro-rs/issues/1765 https://github.com/tensor4all/tenferro-rs/issues/1484
cpu/elementwise_reduction,rem,f64,1,8388608,tenferro-direct,56.896387,6.455675,pytorch-cpu,43.568022,0.325161,1.305920819632344,#1927,#1927:OPEN,umbrella only; no focused gap issue verified,excluded: timed session entry,data/results/amd-cpu/cpu/public_api/20261008_060822/cpu_public_api_t1_20261008_060822.csv,https://github.com/tensor4all/tenferro-rs/issues/1927
cpu/linalg_batch_families,batched_cholesky,f64,4,8x32x32,tenferro-trace,0.040947,0.004298,jax-cpu,0.031359,0.024796,1.3057495455849994,#1878 #2000,#1878:CLOSED #2000:OPEN,batch-linalg cluster,short isolated-clock diagnostic,data/results/amd-cpu/cpu/public_api/20261008_060822/cpu_public_api_t4_20261008_060822.csv,https://github.com/tensor4all/tenferro-rs/issues/1878 https://github.com/tensor4all/tenferro-rs/issues/2000
large,eigh,f64,1,512x512,tenferro-trace,45.35095,0.18073,jax-cpu,34.731799,0.177394,1.3057472202922744,#1927,#1927:OPEN,umbrella only; no focused gap issue verified,unconfirmed observation,data/results/amd-cpu/cpu/einsum/20261008_044146/cpu_ops_t1_20261008_044146.csv,https://github.com/tensor4all/tenferro-rs/issues/1927
cpu/structural_shape,broadcast_in_dim,f64,4,8192x1 -> 8192x4096,tenferro-trace,22.491308,0.215575,pytorch-cpu,17.229189,1.171155,1.3054188447291395,#1001 #1512 #1480,#1001:CLOSED #1512:CLOSED #1480:CLOSED,related structural cluster,unconfirmed observation,data/results/amd-cpu/cpu/public_api/20261008_060822/cpu_public_api_t4_20261008_060822.csv,https://github.com/tensor4all/tenferro-rs/issues/1001 https://github.com/tensor4all/tenferro-rs/issues/1512 https://github.com/tensor4all/tenferro-rs/issues/1480
cpu/elementwise_reduction,rem,f64,4,8388608,tenferro-trace,15.589743,0.604839,pytorch-cpu,11.954619,0.097415,1.3040769429791115,#1927,#1927:OPEN,umbrella only; no focused gap issue verified,unconfirmed observation,data/results/amd-cpu/cpu/public_api/20261008_060822/cpu_public_api_t4_20261008_060822.csv,https://github.com/tensor4all/tenferro-rs/issues/1927
cpu/linalg_batch_families,batched_cholesky,f64,4,1024x8x8,tenferro-direct,0.269417,0.00542,pytorch-cpu,0.206689,0.001252,1.303489784168485,#1878 #2000,#1878:CLOSED #2000:OPEN,batch-linalg cluster,short isolated-clock diagnostic,data/results/amd-cpu/cpu/public_api/20261008_060822/cpu_public_api_t4_20261008_060822.csv,https://github.com/tensor4all/tenferro-rs/issues/1878 https://github.com/tensor4all/tenferro-rs/issues/2000
cpu/linalg_batch_families,batched_svd,c64,4,4x4x4,tenferro-direct,0.036248,0.00014,pytorch-cpu,0.027832,0.00026,1.3023857430296064,#1878 #2000,#1878:CLOSED #2000:OPEN,batch-linalg cluster,short isolated-clock diagnostic,data/results/amd-cpu/cpu/public_api/20261008_060822/cpu_public_api_t4_20261008_060822.csv,https://github.com/tensor4all/tenferro-rs/issues/1878 https://github.com/tensor4all/tenferro-rs/issues/2000
batched,grad_sum_batched_matmul_backward,f64,4,4x4xbatch1024 (native batch layout),tenferro-trace,0.279962,0.003932,pytorch-cpu,0.215243,0.004022,1.3006787677183462,#1328 #1803,#1328:CLOSED #1803:OPEN,AD cluster; #1803 primarily eager,unconfirmed observation,data/results/amd-cpu/cpu/einsum/20261008_053424/cpu_ops_t4_20261008_053424.csv,https://github.com/tensor4all/tenferro-rs/issues/1328 https://github.com/tensor4all/tenferro-rs/issues/1803
small,qr,f64,1,16x16,tenferro-trace,0.012077,3.5e-05,pytorch-cpu,0.009294,0.000183,1.2994404992468258,#1904 #1762,#1904:OPEN #1762:CLOSED,small-call cluster,unconfirmed observation,data/results/amd-cpu/cpu/einsum/20261008_044146/cpu_ops_t1_20261008_044146.csv,https://github.com/tensor4all/tenferro-rs/issues/1904 https://github.com/tensor4all/tenferro-rs/issues/1762
cpu/linalg_batch_families,batched_qr,f64,4,1024x4x4,tenferro-trace,0.64259,0.022893,pytorch-cpu,0.494602,0.003125,1.2992062304640903,#1878 #2000,#1878:CLOSED #2000:OPEN,batch-linalg cluster,short isolated-clock diagnostic,data/results/amd-cpu/cpu/public_api/20261008_060822/cpu_public_api_t4_20261008_060822.csv,https://github.com/tensor4all/tenferro-rs/issues/1878 https://github.com/tensor4all/tenferro-rs/issues/2000
batched,batched_eigh,f64,1,2x2xbatch16 (native batch layout),tenferro-eager,0.01616,4.3e-05,pytorch-cpu,0.012442,3.4e-05,1.2988265552162033,#1878 #2000,#1878:CLOSED #2000:OPEN,batch-linalg cluster,unconfirmed observation,data/results/amd-cpu/cpu/einsum/20261008_044146/cpu_ops_t1_20261008_044146.csv,https://github.com/tensor4all/tenferro-rs/issues/1878 https://github.com/tensor4all/tenferro-rs/issues/2000
cpu/linalg_uncovered,pinv_with_rtol,f64,1,512x256,tenferro-trace,21.45679,0.061045,julia-base,16.551353,0.274306,1.2963767977155707,#1956 #1660,#1956:OPEN #1660:OPEN,related provider/extraction issues; no focused gap issue verified,unconfirmed observation,data/results/amd-cpu/cpu/public_api/20261008_060822/cpu_public_api_t1_20261008_060822.csv,https://github.com/tensor4all/tenferro-rs/issues/1956 https://github.com/tensor4all/tenferro-rs/issues/1660
small,eigh,f64,4,4x4,tenferro-trace,0.0101,2.2e-05,pytorch-cpu,0.007794,0.000168,1.295868616884783,#1904 #1762,#1904:OPEN #1762:CLOSED,small-call cluster,unconfirmed observation,data/results/amd-cpu/cpu/einsum/20261008_053424/cpu_ops_t4_20261008_053424.csv,https://github.com/tensor4all/tenferro-rs/issues/1904 https://github.com/tensor4all/tenferro-rs/issues/1762
batched,batched_qr,f64,4,8x8xbatch1024 (native batch layout),tenferro-eager,1.375827,0.006317,jax-cpu,1.062045,0.103502,1.2954507577362542,#1878 #2000,#1878:CLOSED #2000:OPEN,batch-linalg cluster,unconfirmed observation,data/results/amd-cpu/cpu/einsum/20261008_053424/cpu_ops_t4_20261008_053424.csv,https://github.com/tensor4all/tenferro-rs/issues/1878 https://github.com/tensor4all/tenferro-rs/issues/2000
cpu/linalg_uncovered,pinv,f64,1,512x256,tenferro-trace,21.413037,0.243979,julia-base,16.550752,0.28095,1.2937803067800182,#1956 #1660,#1956:OPEN #1660:OPEN,related provider/extraction issues; no focused gap issue verified,unconfirmed observation,data/results/amd-cpu/cpu/public_api/20261008_060822/cpu_public_api_t1_20261008_060822.csv,https://github.com/tensor4all/tenferro-rs/issues/1956 https://github.com/tensor4all/tenferro-rs/issues/1660
cpu/permutation,transpose_3d_256_102,f64,1,"[256, 256, 256]",tenferro-rs,54.298488,,strided-rs,41.990671,,1.2931083668560572,#1393,#1393:CLOSED,focused historical,unconfirmed observation,data/results/amd-cpu/cpu/permutation/20261008_062910/rust_output_t1.jsonl,https://github.com/tensor4all/tenferro-rs/issues/1393
small,qr,f64,1,8x8,tenferro-eager,0.007374,1.6e-05,pytorch-cpu,0.00571,0.000132,1.2914185639229423,#1904 #1762,#1904:OPEN #1762:CLOSED,small-call cluster,unconfirmed observation,data/results/amd-cpu/cpu/einsum/20261008_044146/cpu_ops_t1_20261008_044146.csv,https://github.com/tensor4all/tenferro-rs/issues/1904 https://github.com/tensor4all/tenferro-rs/issues/1762
cpu/elementwise_reduction,rem,f64,1,8388608,tenferro-trace,56.250221,6.532659,pytorch-cpu,43.568022,0.325161,1.2910896207314624,#1927,#1927:OPEN,umbrella only; no focused gap issue verified,unconfirmed observation,data/results/amd-cpu/cpu/public_api/20261008_060822/cpu_public_api_t1_20261008_060822.csv,https://github.com/tensor4all/tenferro-rs/issues/1927
cpu/linalg_batch_families,batched_eigh,c64,4,8x8x8,tenferro-trace,0.080352,0.006442,pytorch-cpu,0.062417,0.00027,1.28734158963103,#1878 #2000,#1878:CLOSED #2000:OPEN,batch-linalg cluster,short isolated-clock diagnostic,data/results/amd-cpu/cpu/public_api/20261008_060822/cpu_public_api_t4_20261008_060822.csv,https://github.com/tensor4all/tenferro-rs/issues/1878 https://github.com/tensor4all/tenferro-rs/issues/2000
cpu/linalg_batch_families,batched_eigh,c64,1,1x8x8,tenferro-direct,0.016631,0.000201,pytorch-cpu,0.012924,0.00016,1.2868307025688641,#1878 #2000,#1878:CLOSED #2000:OPEN,batch-linalg cluster,short isolated-clock diagnostic,data/results/amd-cpu/cpu/public_api/20261008_060822/cpu_public_api_t1_20261008_060822.csv,https://github.com/tensor4all/tenferro-rs/issues/1878 https://github.com/tensor4all/tenferro-rs/issues/2000
cpu/einsum,nary_matmul_chain_64 / opt_flops,f64 (see instance),1,see instance JSON,tenferro-rs trace mode (ms),0.081,,PyTorch Python (ms),0.063,,1.2857142857142858,#1865 #1899 #1904 #975,#1865:OPEN #1899:OPEN #1904:OPEN #975:CLOSED,related contraction/planning cluster,short isolated-clock diagnostic,data/results/amd-cpu/cpu/einsum/20261008_044146/einsum_table_t1_20261008_044146.md,https://github.com/tensor4all/tenferro-rs/issues/1865 https://github.com/tensor4all/tenferro-rs/issues/1899 https://github.com/tensor4all/tenferro-rs/issues/1904 https://github.com/tensor4all/tenferro-rs/issues/975
cpu/einsum,nary_matmul_chain_64 / opt_size,f64 (see instance),1,see instance JSON,tenferro-rs trace mode (ms),0.081,,PyTorch Python (ms),0.063,,1.2857142857142858,#1865 #1899 #1904 #975,#1865:OPEN #1899:OPEN #1904:OPEN #975:CLOSED,related contraction/planning cluster,short isolated-clock diagnostic,data/results/amd-cpu/cpu/einsum/20261008_044146/einsum_table_t1_20261008_044146.md,https://github.com/tensor4all/tenferro-rs/issues/1865 https://github.com/tensor4all/tenferro-rs/issues/1899 https://github.com/tensor4all/tenferro-rs/issues/1904 https://github.com/tensor4all/tenferro-rs/issues/975
cpu/linalg_batch_families,batched_svd,c64,1,1x128x128,tenferro-trace,5.454279,0.024526,jax-cpu,4.244481,0.03738,1.2850284875818738,#1878 #2000,#1878:CLOSED #2000:OPEN,batch-linalg cluster,unconfirmed observation,data/results/amd-cpu/cpu/public_api/20261008_060822/cpu_public_api_t1_20261008_060822.csv,https://github.com/tensor4all/tenferro-rs/issues/1878 https://github.com/tensor4all/tenferro-rs/issues/2000
batched,grad_sum_batched_solve_backward,f64,1,"2x2xbatch64 (native batch layout),rhs=1",tenferro-trace,0.053725,7.7e-05,jax-cpu,0.041819,0.002162,1.284703125373634,#1328 #1803,#1328:CLOSED #1803:OPEN,AD cluster; #1803 primarily eager,unconfirmed observation,data/results/amd-cpu/cpu/einsum/20261008_044146/cpu_ops_t1_20261008_044146.csv,https://github.com/tensor4all/tenferro-rs/issues/1328 https://github.com/tensor4all/tenferro-rs/issues/1803
small,solve,f64,1,"4x4,rhs=4",tenferro-trace,0.009903,3.3e-05,jax-cpu,0.007714,0.000133,1.283769769250713,#1904 #1762,#1904:OPEN #1762:CLOSED,small-call cluster,unconfirmed observation,data/results/amd-cpu/cpu/einsum/20261008_044146/cpu_ops_t1_20261008_044146.csv,https://github.com/tensor4all/tenferro-rs/issues/1904 https://github.com/tensor4all/tenferro-rs/issues/1762
small,solve,f64,4,"32x32,rhs=1",tenferro-trace,0.017612,6.9e-05,jax-cpu,0.013727,0.001212,1.2830188679245282,#1904 #1762,#1904:OPEN #1762:CLOSED,small-call cluster,unconfirmed observation,data/results/amd-cpu/cpu/einsum/20261008_053424/cpu_ops_t4_20261008_053424.csv,https://github.com/tensor4all/tenferro-rs/issues/1904 https://github.com/tensor4all/tenferro-rs/issues/1762
cpu/linalg_uncovered,pinv_with_rtol,f64,1,512x256,tenferro-direct,21.235032,0.089298,julia-base,16.551353,0.274306,1.2829786181226395,#1956 #1660,#1956:OPEN #1660:OPEN,related provider/extraction issues; no focused gap issue verified,unconfirmed observation,data/results/amd-cpu/cpu/public_api/20261008_060822/cpu_public_api_t1_20261008_060822.csv,https://github.com/tensor4all/tenferro-rs/issues/1956 https://github.com/tensor4all/tenferro-rs/issues/1660
small,qr,f64,1,2x2,tenferro-eager,0.006025,2.4e-05,pytorch-cpu,0.004699,0.000151,1.2821876995105341,#1904 #1762,#1904:OPEN #1762:CLOSED,small-call cluster,unconfirmed observation,data/results/amd-cpu/cpu/einsum/20261008_044146/cpu_ops_t1_20261008_044146.csv,https://github.com/tensor4all/tenferro-rs/issues/1904 https://github.com/tensor4all/tenferro-rs/issues/1762
cpu/linalg_uncovered,pinv,f64,1,512x256,tenferro-direct,21.217039,0.061176,julia-base,16.550752,0.28095,1.2819380654123753,#1956 #1660,#1956:OPEN #1660:OPEN,related provider/extraction issues; no focused gap issue verified,unconfirmed observation,data/results/amd-cpu/cpu/public_api/20261008_060822/cpu_public_api_t1_20261008_060822.csv,https://github.com/tensor4all/tenferro-rs/issues/1956 https://github.com/tensor4all/tenferro-rs/issues/1660
cpu/linalg_batch_families,batched_svd,f64,4,1x128x128,tenferro-direct,2.774514,0.008747,pytorch-cpu,2.164486,0.013686,1.2818350407440842,#1878 #2000,#1878:CLOSED #2000:OPEN,batch-linalg cluster,unconfirmed observation,data/results/amd-cpu/cpu/public_api/20261008_060822/cpu_public_api_t4_20261008_060822.csv,https://github.com/tensor4all/tenferro-rs/issues/1878 https://github.com/tensor4all/tenferro-rs/issues/2000
cpu/linalg_batch_families,batched_svd,c64,1,8x128x128,tenferro-trace,42.996716,0.123122,jax-cpu,33.557143,0.156674,1.2812984704925563,#1878 #2000,#1878:CLOSED #2000:OPEN,batch-linalg cluster,unconfirmed observation,data/results/amd-cpu/cpu/public_api/20261008_060822/cpu_public_api_t1_20261008_060822.csv,https://github.com/tensor4all/tenferro-rs/issues/1878 https://github.com/tensor4all/tenferro-rs/issues/2000
cpu/indexing_layout,reverse,f64,4,2097152,tenferro-direct,0.233199,0.189456,pytorch-cpu,0.182484,0.025387,1.2779147760899585,#1482 #1719 #1512,#1482:CLOSED #1719:CLOSED #1512:CLOSED,historical indexing cluster,excluded: timed session entry,data/results/amd-cpu/cpu/public_api/20261008_060822/cpu_public_api_t4_20261008_060822.csv,https://github.com/tensor4all/tenferro-rs/issues/1482 https://github.com/tensor4all/tenferro-rs/issues/1719 https://github.com/tensor4all/tenferro-rs/issues/1512
cpu/einsum,gm_queen5_5_3.wcsp / opt_size,f64 (see instance),4,see instance JSON,tenferro-rs eager mode (ms),820.139,,JAX Python (XLA CPU dot) (ms),641.971,,1.277532785748889,#1865 #1899 #1904 #975,#1865:OPEN #1899:OPEN #1904:OPEN #975:CLOSED,related contraction/planning cluster,unconfirmed observation,data/results/amd-cpu/cpu/einsum/20261008_053424/einsum_table_t4_20261008_053424.md,https://github.com/tensor4all/tenferro-rs/issues/1865 https://github.com/tensor4all/tenferro-rs/issues/1899 https://github.com/tensor4all/tenferro-rs/issues/1904 https://github.com/tensor4all/tenferro-rs/issues/975
cpu/einsum,str_nw_mera_open_26 / opt_flops,f64 (see instance),4,see instance JSON,tenferro-rs eager mode (ms),453.522,,PyTorch Python (ms),355.086,,1.277217350163059,#1865 #1899 #1904 #975,#1865:OPEN #1899:OPEN #1904:OPEN #975:CLOSED,related contraction/planning cluster,unconfirmed observation,data/results/amd-cpu/cpu/einsum/20261008_053424/einsum_table_t4_20261008_053424.md,https://github.com/tensor4all/tenferro-rs/issues/1865 https://github.com/tensor4all/tenferro-rs/issues/1899 https://github.com/tensor4all/tenferro-rs/issues/1904 https://github.com/tensor4all/tenferro-rs/issues/975
batched,batched_qr,f64,4,4x4xbatch16 (native batch layout),tenferro-trace,0.017448,0.000164,pytorch-cpu,0.01367,9.8e-05,1.276371616678859,#1878 #2000,#1878:CLOSED #2000:OPEN,batch-linalg cluster,unconfirmed observation,data/results/amd-cpu/cpu/einsum/20261008_053424/cpu_ops_t4_20261008_053424.csv,https://github.com/tensor4all/tenferro-rs/issues/1878 https://github.com/tensor4all/tenferro-rs/issues/2000
cpu/linalg_batch_families,batched_svd,c64,1,8x128x128,tenferro-direct,42.81794,0.086714,jax-cpu,33.557143,0.156674,1.2759709609366923,#1878 #2000,#1878:CLOSED #2000:OPEN,batch-linalg cluster,unconfirmed observation,data/results/amd-cpu/cpu/public_api/20261008_060822/cpu_public_api_t1_20261008_060822.csv,https://github.com/tensor4all/tenferro-rs/issues/1878 https://github.com/tensor4all/tenferro-rs/issues/2000
cpu/linalg_batch_families,batched_eigh,c64,4,1x8x8,tenferro-direct,0.016792,0.00019,pytorch-cpu,0.013165,0.000251,1.2755032282567416,#1878 #2000,#1878:CLOSED #2000:OPEN,batch-linalg cluster,short isolated-clock diagnostic,data/results/amd-cpu/cpu/public_api/20261008_060822/cpu_public_api_t4_20261008_060822.csv,https://github.com/tensor4all/tenferro-rs/issues/1878 https://github.com/tensor4all/tenferro-rs/issues/2000
cpu/complex,solve,c64,4,"384x384,rhs=8",tenferro-direct,2.405489,0.197592,julia-base,1.886632,0.036669,1.2750175974964912,#1900 #1660,#1900:OPEN #1660:OPEN,related provider issues; #1900 is Apple-specific,unconfirmed observation,data/results/amd-cpu/cpu/public_api/20261008_060822/cpu_public_api_t4_20261008_060822.csv,https://github.com/tensor4all/tenferro-rs/issues/1900 https://github.com/tensor4all/tenferro-rs/issues/1660
cpu/linalg_batch_families,batched_svd,c64,4,1x128x128,tenferro-trace,4.587878,0.936914,pytorch-cpu,3.601281,0.024136,1.2739572391046408,#1878 #2000,#1878:CLOSED #2000:OPEN,batch-linalg cluster,unconfirmed observation,data/results/amd-cpu/cpu/public_api/20261008_060822/cpu_public_api_t4_20261008_060822.csv,https://github.com/tensor4all/tenferro-rs/issues/1878 https://github.com/tensor4all/tenferro-rs/issues/2000
cpu/linalg_batch_families,batched_lu,f64,4,1024x2x2,tenferro-trace,0.111821,0.0056,pytorch-cpu,0.087806,0.000761,1.2735006719358588,#1884 #1878 #2000,#1884:OPEN #1878:CLOSED #2000:OPEN,batch-linalg cluster,short isolated-clock diagnostic,data/results/amd-cpu/cpu/public_api/20261008_060822/cpu_public_api_t4_20261008_060822.csv,https://github.com/tensor4all/tenferro-rs/issues/1884 https://github.com/tensor4all/tenferro-rs/issues/1878 https://github.com/tensor4all/tenferro-rs/issues/2000
small,solve,f64,4,"4x4,rhs=4",tenferro-trace,0.009948,4.6e-05,jax-cpu,0.007812,9e-05,1.273425499231951,#1904 #1762,#1904:OPEN #1762:CLOSED,small-call cluster,unconfirmed observation,data/results/amd-cpu/cpu/einsum/20261008_053424/cpu_ops_t4_20261008_053424.csv,https://github.com/tensor4all/tenferro-rs/issues/1904 https://github.com/tensor4all/tenferro-rs/issues/1762
small,qr,f64,1,4x4,tenferro-eager,0.006553,1.8e-05,pytorch-cpu,0.005148,0.000135,1.272921522921523,#1904 #1762,#1904:OPEN #1762:CLOSED,small-call cluster,unconfirmed observation,data/results/amd-cpu/cpu/einsum/20261008_044146/cpu_ops_t1_20261008_044146.csv,https://github.com/tensor4all/tenferro-rs/issues/1904 https://github.com/tensor4all/tenferro-rs/issues/1762
cpu/linalg_uncovered,slogdet,f64,4,1024x1024,tenferro-direct,8.750797,0.079339,pytorch-cpu,6.87774,0.013416,1.2723361162242248,#1719 #1001,#1719:CLOSED #1001:CLOSED,historical cluster,unconfirmed observation,data/results/amd-cpu/cpu/public_api/20261008_060822/cpu_public_api_t4_20261008_060822.csv,https://github.com/tensor4all/tenferro-rs/issues/1719 https://github.com/tensor4all/tenferro-rs/issues/1001
cpu/linalg_batch_families,batched_qr,f64,1,1024x2x2,tenferro-trace,0.247757,0.009018,pytorch-cpu,0.194827,0.000451,1.2716769236296817,#1878 #2000,#1878:CLOSED #2000:OPEN,batch-linalg cluster,short isolated-clock diagnostic,data/results/amd-cpu/cpu/public_api/20261008_060822/cpu_public_api_t1_20261008_060822.csv,https://github.com/tensor4all/tenferro-rs/issues/1878 https://github.com/tensor4all/tenferro-rs/issues/2000
cpu/einsum,gm_queen5_5_3.wcsp / opt_size,f64 (see instance),1,see instance JSON,tenferro-rs eager mode (ms),2044.036,,JAX Python (XLA CPU dot) (ms),1608.049,,1.271127932046847,#1865 #1899 #1904 #975,#1865:OPEN #1899:OPEN #1904:OPEN #975:CLOSED,related contraction/planning cluster,unconfirmed observation,data/results/amd-cpu/cpu/einsum/20261008_044146/einsum_table_t1_20261008_044146.md,https://github.com/tensor4all/tenferro-rs/issues/1865 https://github.com/tensor4all/tenferro-rs/issues/1899 https://github.com/tensor4all/tenferro-rs/issues/1904 https://github.com/tensor4all/tenferro-rs/issues/975
small,grad_sum_svd_s_vjp,f64,1,16x16,tenferro-trace,0.068938,0.00011,jax-cpu,0.054254,0.003826,1.2706528550890257,#1328 #1803,#1328:CLOSED #1803:OPEN,AD cluster; #1803 primarily eager,unconfirmed observation,data/results/amd-cpu/cpu/einsum/20261008_044146/cpu_ops_t1_20261008_044146.csv,https://github.com/tensor4all/tenferro-rs/issues/1328 https://github.com/tensor4all/tenferro-rs/issues/1803
cpu/linalg_batch_families,batched_svd,c64,1,1x128x128,tenferro-direct,5.382434,0.029715,jax-cpu,4.244481,0.03738,1.2681018009033376,#1878 #2000,#1878:CLOSED #2000:OPEN,batch-linalg cluster,unconfirmed observation,data/results/amd-cpu/cpu/public_api/20261008_060822/cpu_public_api_t1_20261008_060822.csv,https://github.com/tensor4all/tenferro-rs/issues/1878 https://github.com/tensor4all/tenferro-rs/issues/2000
batched,batched_qr,f64,4,8x8xbatch1024 (native batch layout),tenferro-trace,1.346374,0.001653,jax-cpu,1.062045,0.103502,1.267718411178434,#1878 #2000,#1878:CLOSED #2000:OPEN,batch-linalg cluster,unconfirmed observation,data/results/amd-cpu/cpu/einsum/20261008_053424/cpu_ops_t4_20261008_053424.csv,https://github.com/tensor4all/tenferro-rs/issues/1878 https://github.com/tensor4all/tenferro-rs/issues/2000
small,solve,f64,1,"4x4,rhs=1",tenferro-trace,0.010095,2.9e-05,jax-cpu,0.007969,6.4e-05,1.2667837871753043,#1904 #1762,#1904:OPEN #1762:CLOSED,small-call cluster,unconfirmed observation,data/results/amd-cpu/cpu/einsum/20261008_044146/cpu_ops_t1_20261008_044146.csv,https://github.com/tensor4all/tenferro-rs/issues/1904 https://github.com/tensor4all/tenferro-rs/issues/1762
batched,batched_svd,f64,4,2x2xbatch16 (native batch layout),tenferro-trace,0.030324,2.9e-05,pytorch-cpu,0.024007,0.000237,1.263131586620569,#1878 #2000,#1878:CLOSED #2000:OPEN,batch-linalg cluster,unconfirmed observation,data/results/amd-cpu/cpu/einsum/20261008_053424/cpu_ops_t4_20261008_053424.csv,https://github.com/tensor4all/tenferro-rs/issues/1878 https://github.com/tensor4all/tenferro-rs/issues/2000
cpu/fft,fft,c64,4,1d_n1048576,tenferro-fft-eager,19.1521,3.643039,pytorch-cpu,15.169161,0.170721,1.2625681802704842,#1765 #1484,#1765:CLOSED #1484:CLOSED,related historical; no focused large single-lane issue,excluded: timed eager session entry,data/results/amd-cpu/cpu/fft/20261008_060740/cpu_fft_t4_20261008_060740.csv,https://github.com/tensor4all/tenferro-rs/issues/1765 https://github.com/tensor4all/tenferro-rs/issues/1484
cpu/fft,fft,c32,4,1d_n1048576,tenferro-fft-trace,5.798117,0.954817,pytorch-cpu,4.596916,2.181397,1.2613058406984161,#1765 #1484,#1765:CLOSED #1484:CLOSED,related historical; no focused large single-lane issue,unconfirmed observation,data/results/amd-cpu/cpu/fft/20261008_060740/cpu_fft_t4_20261008_060740.csv,https://github.com/tensor4all/tenferro-rs/issues/1765 https://github.com/tensor4all/tenferro-rs/issues/1484
large,qr,f64,1,512x512,tenferro-trace,22.568764,0.179027,jax-cpu,17.894885,0.442263,1.26118519342259,#1927,#1927:OPEN,umbrella only; no focused gap issue verified,unconfirmed observation,data/results/amd-cpu/cpu/einsum/20261008_044146/cpu_ops_t1_20261008_044146.csv,https://github.com/tensor4all/tenferro-rs/issues/1927
small,grad_sum_eigh_jvp,f64,4,32x32,tenferro-trace,0.130458,0.000331,jax-cpu,0.103476,0.001398,1.2607561173605473,#1328 #1803,#1328:CLOSED #1803:OPEN,AD cluster; #1803 primarily eager,unconfirmed observation,data/results/amd-cpu/cpu/einsum/20261008_053424/cpu_ops_t4_20261008_053424.csv,https://github.com/tensor4all/tenferro-rs/issues/1328 https://github.com/tensor4all/tenferro-rs/issues/1803
cpu/linalg_batch_families,batched_eigh,c64,1,3x4x4,tenferro-direct,0.01618,0.000291,pytorch-cpu,0.012834,0.00015,1.2607137291569268,#1878 #2000,#1878:CLOSED #2000:OPEN,batch-linalg cluster,short isolated-clock diagnostic,data/results/amd-cpu/cpu/public_api/20261008_060822/cpu_public_api_t1_20261008_060822.csv,https://github.com/tensor4all/tenferro-rs/issues/1878 https://github.com/tensor4all/tenferro-rs/issues/2000
cpu/linalg_batch_families,batched_eigh,c64,4,1x32x32,tenferro-trace,0.15443,0.018826,pytorch-cpu,0.122501,0.001043,1.2606427702631,#1878 #2000,#1878:CLOSED #2000:OPEN,batch-linalg cluster,short isolated-clock diagnostic,data/results/amd-cpu/cpu/public_api/20261008_060822/cpu_public_api_t4_20261008_060822.csv,https://github.com/tensor4all/tenferro-rs/issues/1878 https://github.com/tensor4all/tenferro-rs/issues/2000
small,matmul,f64,1,32x32,tenferro-eager,0.00741,0.000187,pytorch-cpu,0.005878,0.000307,1.2606328683225585,#1904 #1762,#1904:OPEN #1762:CLOSED,small-call cluster,unconfirmed observation,data/results/amd-cpu/cpu/einsum/20261008_044146/cpu_ops_t1_20261008_044146.csv,https://github.com/tensor4all/tenferro-rs/issues/1904 https://github.com/tensor4all/tenferro-rs/issues/1762
cpu/einsum,gm_queen5_5_3.wcsp / opt_flops,f64 (see instance),4,see instance JSON,tenferro-rs trace mode (ms),1883.194,,JAX Python (XLA CPU dot) (ms),1494.468,,1.2601099521702706,#1865 #1899 #1904 #975,#1865:OPEN #1899:OPEN #1904:OPEN #975:CLOSED,related contraction/planning cluster,unconfirmed observation,data/results/amd-cpu/cpu/einsum/20261008_053424/einsum_table_t4_20261008_053424.md,https://github.com/tensor4all/tenferro-rs/issues/1865 https://github.com/tensor4all/tenferro-rs/issues/1899 https://github.com/tensor4all/tenferro-rs/issues/1904 https://github.com/tensor4all/tenferro-rs/issues/975
cpu/fft,rfft,f32,4,1d_n1048576,tenferro-fft-eager,4.470728,0.014257,pytorch-cpu,3.548942,0.009998,1.2597354366456257,#1765 #1484,#1765:CLOSED #1484:CLOSED,related historical; no focused large single-lane issue,excluded: timed eager session entry,data/results/amd-cpu/cpu/fft/20261008_060740/cpu_fft_t4_20261008_060740.csv,https://github.com/tensor4all/tenferro-rs/issues/1765 https://github.com/tensor4all/tenferro-rs/issues/1484
cpu/einsum,str_nw_mera_open_26 / opt_size,f64 (see instance),4,see instance JSON,tenferro-rs eager mode (ms),446.992,,PyTorch Python (ms),355.25,,1.2582463054187192,#1865 #1899 #1904 #975,#1865:OPEN #1899:OPEN #1904:OPEN #975:CLOSED,related contraction/planning cluster,unconfirmed observation,data/results/amd-cpu/cpu/einsum/20261008_053424/einsum_table_t4_20261008_053424.md,https://github.com/tensor4all/tenferro-rs/issues/1865 https://github.com/tensor4all/tenferro-rs/issues/1899 https://github.com/tensor4all/tenferro-rs/issues/1904 https://github.com/tensor4all/tenferro-rs/issues/975
cpu/einsum,bin_matmul_1024 / opt_flops,f64 (see instance),1,see instance JSON,tenferro-rs trace mode (ms),73.319,,OMEinsum.jl OpenBLAS (ms),58.29,,1.2578315319951965,#1865 #1899 #1904 #975,#1865:OPEN #1899:OPEN #1904:OPEN #975:CLOSED,related contraction/planning cluster,unconfirmed observation,data/results/amd-cpu/cpu/einsum/20261008_044146/einsum_table_t1_20261008_044146.md,https://github.com/tensor4all/tenferro-rs/issues/1865 https://github.com/tensor4all/tenferro-rs/issues/1899 https://github.com/tensor4all/tenferro-rs/issues/1904 https://github.com/tensor4all/tenferro-rs/issues/975
cpu/einsum,bin_matmul_1024 / opt_size,f64 (see instance),1,see instance JSON,tenferro-rs trace mode (ms),73.319,,OMEinsum.jl OpenBLAS (ms),58.29,,1.2578315319951965,#1865 #1899 #1904 #975,#1865:OPEN #1899:OPEN #1904:OPEN #975:CLOSED,related contraction/planning cluster,unconfirmed observation,data/results/amd-cpu/cpu/einsum/20261008_044146/einsum_table_t1_20261008_044146.md,https://github.com/tensor4all/tenferro-rs/issues/1865 https://github.com/tensor4all/tenferro-rs/issues/1899 https://github.com/tensor4all/tenferro-rs/issues/1904 https://github.com/tensor4all/tenferro-rs/issues/975
large,grad_sum_matmul_backward,f64,4,128x128,tenferro-trace,0.231269,0.006851,jax-cpu,0.183928,0.023369,1.257388760819451,#1328 #1803,#1328:CLOSED #1803:OPEN,AD cluster; #1803 primarily eager,unconfirmed observation,data/results/amd-cpu/cpu/einsum/20261008_053424/cpu_ops_t4_20261008_053424.csv,https://github.com/tensor4all/tenferro-rs/issues/1328 https://github.com/tensor4all/tenferro-rs/issues/1803
cpu/elementwise_reduction,log,f64,4,8388608,tenferro-direct,13.0654,0.316376,pytorch-cpu,10.391616,0.088657,1.2573020404141184,#1719 #1001,#1719:CLOSED #1001:CLOSED,historical cluster,excluded: timed session entry,data/results/amd-cpu/cpu/public_api/20261008_060822/cpu_public_api_t4_20261008_060822.csv,https://github.com/tensor4all/tenferro-rs/issues/1719 https://github.com/tensor4all/tenferro-rs/issues/1001
cpu/linalg_batch_families,batched_svd,c64,4,8x2x2,tenferro-direct,0.023504,0.000101,pytorch-cpu,0.018695,0.000181,1.2572345546937684,#1878 #2000,#1878:CLOSED #2000:OPEN,batch-linalg cluster,short isolated-clock diagnostic,data/results/amd-cpu/cpu/public_api/20261008_060822/cpu_public_api_t4_20261008_060822.csv,https://github.com/tensor4all/tenferro-rs/issues/1878 https://github.com/tensor4all/tenferro-rs/issues/2000
batched,batched_eigh,f64,4,2x2xbatch16 (native batch layout),tenferro-eager,0.015726,5.8e-05,pytorch-cpu,0.012511,0.000184,1.2569738630005596,#1878 #2000,#1878:CLOSED #2000:OPEN,batch-linalg cluster,unconfirmed observation,data/results/amd-cpu/cpu/einsum/20261008_053424/cpu_ops_t4_20261008_053424.csv,https://github.com/tensor4all/tenferro-rs/issues/1878 https://github.com/tensor4all/tenferro-rs/issues/2000
cpu/linalg_batch_families,batched_svd,f64,1,1024x2x2,tenferro-trace,1.415365,0.007545,pytorch-cpu,1.126431,0.006242,1.2565039491988412,#1878 #2000,#1878:CLOSED #2000:OPEN,batch-linalg cluster,unconfirmed observation,data/results/amd-cpu/cpu/public_api/20261008_060822/cpu_public_api_t1_20261008_060822.csv,https://github.com/tensor4all/tenferro-rs/issues/1878 https://github.com/tensor4all/tenferro-rs/issues/2000
batched,batched_matmul_ikb_kjb_ijb,f64,4,2x2xbatch256 (native batch layout),tenferro-eager,0.021802,8.4e-05,pytorch-cpu,0.017356,9.3e-05,1.2561650149804102,#1878 #2000,#1878:CLOSED #2000:OPEN,batch-linalg cluster,unconfirmed observation,data/results/amd-cpu/cpu/einsum/20261008_053424/cpu_ops_t4_20261008_053424.csv,https://github.com/tensor4all/tenferro-rs/issues/1878 https://github.com/tensor4all/tenferro-rs/issues/2000
cpu/linalg_batch_families,batched_svd,f64,1,1x4x4,tenferro-direct,0.014157,0.00038,pytorch-cpu,0.011271,0.00023,1.2560553633217992,#1878 #2000,#1878:CLOSED #2000:OPEN,batch-linalg cluster,short isolated-clock diagnostic,data/results/amd-cpu/cpu/public_api/20261008_060822/cpu_public_api_t1_20261008_060822.csv,https://github.com/tensor4all/tenferro-rs/issues/1878 https://github.com/tensor4all/tenferro-rs/issues/2000
large,grad_sum_matmul,f64,4,64x64,tenferro-trace,0.027201,9.2e-05,pytorch-cpu,0.021658,0.001666,1.2559331424877642,#1328 #1803,#1328:CLOSED #1803:OPEN,AD cluster; #1803 primarily eager,unconfirmed observation,data/results/amd-cpu/cpu/einsum/20261008_053424/cpu_ops_t4_20261008_053424.csv,https://github.com/tensor4all/tenferro-rs/issues/1328 https://github.com/tensor4all/tenferro-rs/issues/1803
cpu/einsum,lm_batch_likelihood_sentence_3_12d / opt_flops,f64 (see instance),1,see instance JSON,tenferro-rs eager mode (ms),94.953,,JAX Python (XLA CPU dot) (ms),75.642,,1.2552946775600857,#1865 #1899 #1904 #975,#1865:OPEN #1899:OPEN #1904:OPEN #975:CLOSED,related contraction/planning cluster,unconfirmed observation,data/results/amd-cpu/cpu/einsum/20261008_044146/einsum_table_t1_20261008_044146.md,https://github.com/tensor4all/tenferro-rs/issues/1865 https://github.com/tensor4all/tenferro-rs/issues/1899 https://github.com/tensor4all/tenferro-rs/issues/1904 https://github.com/tensor4all/tenferro-rs/issues/975
cpu/perf_issues,decode_proj_f32_eager-shared_in1024_out4096_len64,f32,1,"{'in': 1024, 'out': 4096, 'len': 64, 'kind': 'decode_projection', 'arm': 'eager-shared', 'dtype': 'f32'}",eager-shared,8.418793,,matrixmultiply-sgemm,6.710386,,1.2545914646340763,#1992 #2003 #1995,#1992:OPEN #2003:OPEN #1995:OPEN,explicit workload issue IDs,diagnostic: preallocated reference vs allocating tenferro,data/results/amd-cpu/cpu/perf_issues/20261008_063605/samples_t1.jsonl,https://github.com/tensor4all/tenferro-rs/issues/1992 https://github.com/tensor4all/tenferro-rs/issues/2003 https://github.com/tensor4all/tenferro-rs/issues/1995
small,solve,f64,4,"4x4,rhs=1",tenferro-trace,0.01013,3.3e-05,jax-cpu,0.008077,0.000243,1.254178531633032,#1904 #1762,#1904:OPEN #1762:CLOSED,small-call cluster,unconfirmed observation,data/results/amd-cpu/cpu/einsum/20261008_053424/cpu_ops_t4_20261008_053424.csv,https://github.com/tensor4all/tenferro-rs/issues/1904 https://github.com/tensor4all/tenferro-rs/issues/1762
cpu/linalg_batch_families,batched_eigvalsh,f64,4,1024x2x2,tenferro-trace,0.263446,0.005251,pytorch-cpu,0.210126,0.001363,1.2537525103985228,#1878 #2000,#1878:CLOSED #2000:OPEN,batch-linalg cluster,short isolated-clock diagnostic,data/results/amd-cpu/cpu/public_api/20261008_060822/cpu_public_api_t4_20261008_060822.csv,https://github.com/tensor4all/tenferro-rs/issues/1878 https://github.com/tensor4all/tenferro-rs/issues/2000
cpu/linalg_batch_families,batched_svd,f64,1,1024x4x4,tenferro-trace,5.244003,0.038112,jax-cpu,4.183807,0.014047,1.2534046145054014,#1878 #2000,#1878:CLOSED #2000:OPEN,batch-linalg cluster,unconfirmed observation,data/results/amd-cpu/cpu/public_api/20261008_060822/cpu_public_api_t1_20261008_060822.csv,https://github.com/tensor4all/tenferro-rs/issues/1878 https://github.com/tensor4all/tenferro-rs/issues/2000
batched,batched_svd,f64,4,2x2xbatch1024 (native batch layout),tenferro-trace,1.317447,0.003356,pytorch-cpu,1.051788,0.002105,1.2525784663829593,#1878 #2000,#1878:CLOSED #2000:OPEN,batch-linalg cluster,unconfirmed observation,data/results/amd-cpu/cpu/einsum/20261008_053424/cpu_ops_t4_20261008_053424.csv,https://github.com/tensor4all/tenferro-rs/issues/1878 https://github.com/tensor4all/tenferro-rs/issues/2000
small,eigh,f64,1,4x4,tenferro-trace,0.010046,6.3e-05,pytorch-cpu,0.008021,0.000107,1.2524622864979427,#1904 #1762,#1904:OPEN #1762:CLOSED,small-call cluster,unconfirmed observation,data/results/amd-cpu/cpu/einsum/20261008_044146/cpu_ops_t1_20261008_044146.csv,https://github.com/tensor4all/tenferro-rs/issues/1904 https://github.com/tensor4all/tenferro-rs/issues/1762
cpu/einsum,gm_queen5_5_3.wcsp / opt_flops,f64 (see instance),4,see instance JSON,tenferro-rs eager mode (ms),1871.317,,JAX Python (XLA CPU dot) (ms),1494.468,,1.2521626424921777,#1865 #1899 #1904 #975,#1865:OPEN #1899:OPEN #1904:OPEN #975:CLOSED,related contraction/planning cluster,unconfirmed observation,data/results/amd-cpu/cpu/einsum/20261008_053424/einsum_table_t4_20261008_053424.md,https://github.com/tensor4all/tenferro-rs/issues/1865 https://github.com/tensor4all/tenferro-rs/issues/1899 https://github.com/tensor4all/tenferro-rs/issues/1904 https://github.com/tensor4all/tenferro-rs/issues/975
batched,batched_svd,f64,1,2x2xbatch16 (native batch layout),tenferro-trace,0.03106,5.4e-05,pytorch-cpu,0.024824,4.9e-05,1.251208507895585,#1878 #2000,#1878:CLOSED #2000:OPEN,batch-linalg cluster,unconfirmed observation,data/results/amd-cpu/cpu/einsum/20261008_044146/cpu_ops_t1_20261008_044146.csv,https://github.com/tensor4all/tenferro-rs/issues/1878 https://github.com/tensor4all/tenferro-rs/issues/2000
small,svd,f64,4,4x4,tenferro-trace,0.014198,6.7e-05,pytorch-cpu,0.011348,0.000177,1.2511455763130066,#1904 #1762,#1904:OPEN #1762:CLOSED,small-call cluster,unconfirmed observation,data/results/amd-cpu/cpu/einsum/20261008_053424/cpu_ops_t4_20261008_053424.csv,https://github.com/tensor4all/tenferro-rs/issues/1904 https://github.com/tensor4all/tenferro-rs/issues/1762
large,grad_sum_matmul,f64,1,64x64,tenferro-trace,0.032228,4.3e-05,pytorch-cpu,0.025776,0.000353,1.250310366232154,#1328 #1803,#1328:CLOSED #1803:OPEN,AD cluster; #1803 primarily eager,unconfirmed observation,data/results/amd-cpu/cpu/einsum/20261008_044146/cpu_ops_t1_20261008_044146.csv,https://github.com/tensor4all/tenferro-rs/issues/1328 https://github.com/tensor4all/tenferro-rs/issues/1803
cpu/indexing_layout,slice,f64,1,4194304 -> 2096128,tenferro-direct,1.168871,0.051787,jax-cpu,0.93489,0.117802,1.2502765031180139,#1482 #1719 #1512,#1482:CLOSED #1719:CLOSED #1512:CLOSED,historical indexing cluster,excluded: timed session entry,data/results/amd-cpu/cpu/public_api/20261008_060822/cpu_public_api_t1_20261008_060822.csv,https://github.com/tensor4all/tenferro-rs/issues/1482 https://github.com/tensor4all/tenferro-rs/issues/1719 https://github.com/tensor4all/tenferro-rs/issues/1512
batched,batched_matmul_ikb_kjb_ijb,f64,4,8x8xbatch256 (native batch layout),tenferro-trace,0.044038,0.00044,pytorch-cpu,0.035229,0.005549,1.250049674983678,#1878 #2000,#1878:CLOSED #2000:OPEN,batch-linalg cluster,unconfirmed observation,data/results/amd-cpu/cpu/einsum/20261008_053424/cpu_ops_t4_20261008_053424.csv,https://github.com/tensor4all/tenferro-rs/issues/1878 https://github.com/tensor4all/tenferro-rs/issues/2000
batched,batched_svd,f64,4,2x2xbatch256 (native batch layout),tenferro-trace,0.335757,0.001001,pytorch-cpu,0.268627,0.001352,1.2499004195408505,#1878 #2000,#1878:CLOSED #2000:OPEN,batch-linalg cluster,unconfirmed observation,data/results/amd-cpu/cpu/einsum/20261008_053424/cpu_ops_t4_20261008_053424.csv,https://github.com/tensor4all/tenferro-rs/issues/1878 https://github.com/tensor4all/tenferro-rs/issues/2000
batched,batched_svd,f64,4,2x2xbatch64 (native batch layout),tenferro-trace,0.091963,0.000164,pytorch-cpu,0.073593,0.000434,1.249616131969073,#1878 #2000,#1878:CLOSED #2000:OPEN,batch-linalg cluster,unconfirmed observation,data/results/amd-cpu/cpu/einsum/20261008_053424/cpu_ops_t4_20261008_053424.csv,https://github.com/tensor4all/tenferro-rs/issues/1878 https://github.com/tensor4all/tenferro-rs/issues/2000
cpu/perf_issues,conj_dot_c64_dot-general-rank1_len10000,c64,1,"{'len': 10000, 'kind': 'rank1_dot', 'arm': 'dot-general-rank1', 'dtype': 'c64'}",dot-general-rank1,0.0093514765625,,pytorch-cpu,0.00748409375,,1.2495135516574736,#1615,#1615:OPEN,explicit workload issue IDs,screening only: original PyTorch retention-list growth timed,data/results/amd-cpu/cpu/perf_issues/20261008_063605/samples_t1.jsonl,https://github.com/tensor4all/tenferro-rs/issues/1615
batched,batched_qr,f64,4,4x4xbatch64 (native batch layout),tenferro-trace,0.045684,0.000192,pytorch-cpu,0.036565,0.000141,1.24939149459866,#1878 #2000,#1878:CLOSED #2000:OPEN,batch-linalg cluster,unconfirmed observation,data/results/amd-cpu/cpu/einsum/20261008_053424/cpu_ops_t4_20261008_053424.csv,https://github.com/tensor4all/tenferro-rs/issues/1878 https://github.com/tensor4all/tenferro-rs/issues/2000
cpu/linalg_batch_families,batched_qr,f64,4,1024x2x2,tenferro-direct,0.206168,0.00558,pytorch-cpu,0.165021,0.00058,1.2493440228819361,#1878 #2000,#1878:CLOSED #2000:OPEN,batch-linalg cluster,short isolated-clock diagnostic,data/results/amd-cpu/cpu/public_api/20261008_060822/cpu_public_api_t4_20261008_060822.csv,https://github.com/tensor4all/tenferro-rs/issues/1878 https://github.com/tensor4all/tenferro-rs/issues/2000
cpu/linalg_batch_families,batched_svd,f64,4,1024x2x2,tenferro-direct,1.323662,0.006913,pytorch-cpu,1.059956,0.007774,1.2487895723973448,#1878 #2000,#1878:CLOSED #2000:OPEN,batch-linalg cluster,unconfirmed observation,data/results/amd-cpu/cpu/public_api/20261008_060822/cpu_public_api_t4_20261008_060822.csv,https://github.com/tensor4all/tenferro-rs/issues/1878 https://github.com/tensor4all/tenferro-rs/issues/2000
cpu/complex,exp,c64,4,4194304,tenferro-direct,25.610871,0.701681,strided-jl,20.50941,4.119647,1.2487375794818085,#1719 #1001,#1719:CLOSED #1001:CLOSED,historical cluster,excluded: timed session entry,data/results/amd-cpu/cpu/public_api/20261008_060822/cpu_public_api_t4_20261008_060822.csv,https://github.com/tensor4all/tenferro-rs/issues/1719 https://github.com/tensor4all/tenferro-rs/issues/1001
cpu/linalg_batch_families,batched_cholesky,f64,1,1024x4x4,tenferro-trace,0.133291,0.007344,pytorch-cpu,0.106751,0.000572,1.2486159380239996,#1878 #2000,#1878:CLOSED #2000:OPEN,batch-linalg cluster,short isolated-clock diagnostic,data/results/amd-cpu/cpu/public_api/20261008_060822/cpu_public_api_t1_20261008_060822.csv,https://github.com/tensor4all/tenferro-rs/issues/1878 https://github.com/tensor4all/tenferro-rs/issues/2000
cpu/linalg_batch_families,batched_cholesky,f64,4,1024x2x2,tenferro-direct,0.052649,0.000381,pytorch-cpu,0.042269,0.0002,1.24557003950886,#1878 #2000,#1878:CLOSED #2000:OPEN,batch-linalg cluster,short isolated-clock diagnostic,data/results/amd-cpu/cpu/public_api/20261008_060822/cpu_public_api_t4_20261008_060822.csv,https://github.com/tensor4all/tenferro-rs/issues/1878 https://github.com/tensor4all/tenferro-rs/issues/2000
small,grad_sum_eigh_vjp,f64,4,32x32,tenferro-trace,0.130619,0.000273,jax-cpu,0.104926,0.000592,1.2448678116005567,#1328 #1803,#1328:CLOSED #1803:OPEN,AD cluster; #1803 primarily eager,unconfirmed observation,data/results/amd-cpu/cpu/einsum/20261008_053424/cpu_ops_t4_20261008_053424.csv,https://github.com/tensor4all/tenferro-rs/issues/1328 https://github.com/tensor4all/tenferro-rs/issues/1803
cpu/permutation,tn_light_415_24d_contiguous_same_perm,f64,1,"[2, 2, 2, 2, 2, 2, 2, 2, 2, 2, 2, 2, 2, 2, 2, 2, 2, 2, 2, 2, 2, 2, 2, 2]",tenferro-rs,45.53769,,strided-rs,36.591052999999995,,1.2445034036052476,#1393,#1393:CLOSED,focused historical,unconfirmed observation,data/results/amd-cpu/cpu/permutation/20261008_062910/rust_output_t1.jsonl,https://github.com/tensor4all/tenferro-rs/issues/1393
large,qr,f64,1,512x512,tenferro-eager,22.256175,0.113072,jax-cpu,17.894885,0.442263,1.2437171292243565,#1927,#1927:OPEN,umbrella only; no focused gap issue verified,unconfirmed observation,data/results/amd-cpu/cpu/einsum/20261008_044146/cpu_ops_t1_20261008_044146.csv,https://github.com/tensor4all/tenferro-rs/issues/1927
small,solve,f64,4,"8x8,rhs=1",tenferro-trace,0.010361,1.6e-05,jax-cpu,0.008338,6.1e-05,1.2426241304869274,#1904 #1762,#1904:OPEN #1762:CLOSED,small-call cluster,unconfirmed observation,data/results/amd-cpu/cpu/einsum/20261008_053424/cpu_ops_t4_20261008_053424.csv,https://github.com/tensor4all/tenferro-rs/issues/1904 https://github.com/tensor4all/tenferro-rs/issues/1762
batched,batched_svd,f64,4,2x2xbatch1024 (native batch layout),tenferro-eager,1.306917,0.003053,pytorch-cpu,1.051788,0.002105,1.2425669431482391,#1878 #2000,#1878:CLOSED #2000:OPEN,batch-linalg cluster,unconfirmed observation,data/results/amd-cpu/cpu/einsum/20261008_053424/cpu_ops_t4_20261008_053424.csv,https://github.com/tensor4all/tenferro-rs/issues/1878 https://github.com/tensor4all/tenferro-rs/issues/2000
small,svd,f64,1,4x4,tenferro-trace,0.014145,3.1e-05,pytorch-cpu,0.011384,9.1e-05,1.2425333801827125,#1904 #1762,#1904:OPEN #1762:CLOSED,small-call cluster,unconfirmed observation,data/results/amd-cpu/cpu/einsum/20261008_044146/cpu_ops_t1_20261008_044146.csv,https://github.com/tensor4all/tenferro-rs/issues/1904 https://github.com/tensor4all/tenferro-rs/issues/1762
batched,batched_solve,f64,4,"16x16xbatch64 (native batch layout),rhs=1",tenferro-eager,0.089362,0.000154,pytorch-cpu,0.071929,0.004367,1.2423639978311944,#1884 #1878 #2000,#1884:OPEN #1878:CLOSED #2000:OPEN,batch-linalg cluster,unconfirmed observation,data/results/amd-cpu/cpu/einsum/20261008_053424/cpu_ops_t4_20261008_053424.csv,https://github.com/tensor4all/tenferro-rs/issues/1884 https://github.com/tensor4all/tenferro-rs/issues/1878 https://github.com/tensor4all/tenferro-rs/issues/2000
cpu/permutation,rotation_6d_32_32_32_32_16_16,f64,1,"[32, 32, 32, 32, 16, 16]",tenferro-rs,801.105046,,strided-rs,645.0273629999999,,1.2419706386936644,#1393,#1393:CLOSED,focused historical,unconfirmed observation,data/results/amd-cpu/cpu/permutation/20261008_062910/rust_output_t1.jsonl,https://github.com/tensor4all/tenferro-rs/issues/1393
small,solve,f64,1,"8x8,rhs=1",tenferro-trace,0.010351,1.4e-05,jax-cpu,0.008336,7.7e-05,1.2417226487523993,#1904 #1762,#1904:OPEN #1762:CLOSED,small-call cluster,unconfirmed observation,data/results/amd-cpu/cpu/einsum/20261008_044146/cpu_ops_t1_20261008_044146.csv,https://github.com/tensor4all/tenferro-rs/issues/1904 https://github.com/tensor4all/tenferro-rs/issues/1762
small,solve,f64,1,"2x2,rhs=4",tenferro-trace,0.009895,1.4e-05,jax-cpu,0.007969,7.3e-05,1.2416865353243818,#1904 #1762,#1904:OPEN #1762:CLOSED,small-call cluster,unconfirmed observation,data/results/amd-cpu/cpu/einsum/20261008_044146/cpu_ops_t1_20261008_044146.csv,https://github.com/tensor4all/tenferro-rs/issues/1904 https://github.com/tensor4all/tenferro-rs/issues/1762
cpu/linalg_batch_families,batched_cholesky,f64,1,8x32x32,tenferro-trace,0.042831,0.001123,pytorch-cpu,0.034495,8e-05,1.2416582113349761,#1878 #2000,#1878:CLOSED #2000:OPEN,batch-linalg cluster,short isolated-clock diagnostic,data/results/amd-cpu/cpu/public_api/20261008_060822/cpu_public_api_t1_20261008_060822.csv,https://github.com/tensor4all/tenferro-rs/issues/1878 https://github.com/tensor4all/tenferro-rs/issues/2000
cpu/linalg_batch_families,batched_eigvalsh,f64,1,1024x2x2,tenferro-trace,0.260631,0.006892,pytorch-cpu,0.209955,0.002665,1.2413660070015002,#1878 #2000,#1878:CLOSED #2000:OPEN,batch-linalg cluster,short isolated-clock diagnostic,data/results/amd-cpu/cpu/public_api/20261008_060822/cpu_public_api_t1_20261008_060822.csv,https://github.com/tensor4all/tenferro-rs/issues/1878 https://github.com/tensor4all/tenferro-rs/issues/2000
small,grad_sum_eigh_jvp,f64,1,32x32,tenferro-trace,0.126126,0.000776,jax-cpu,0.101637,0.000455,1.240945718586735,#1328 #1803,#1328:CLOSED #1803:OPEN,AD cluster; #1803 primarily eager,unconfirmed observation,data/results/amd-cpu/cpu/einsum/20261008_044146/cpu_ops_t1_20261008_044146.csv,https://github.com/tensor4all/tenferro-rs/issues/1328 https://github.com/tensor4all/tenferro-rs/issues/1803
cpu/elementwise_reduction,rem,f64,4,8388608,tenferro-direct,14.831826,0.479984,pytorch-cpu,11.954619,0.097415,1.2406774318780047,#1927,#1927:OPEN,umbrella only; no focused gap issue verified,excluded: timed session entry,data/results/amd-cpu/cpu/public_api/20261008_060822/cpu_public_api_t4_20261008_060822.csv,https://github.com/tensor4all/tenferro-rs/issues/1927
cpu/complex,div,c64,1,8388608,tenferro-trace,80.82435,2.122927,jax-cpu,65.176066,0.444356,1.2400924903936361,#1900 #1660,#1900:OPEN #1660:OPEN,related provider issues; #1900 is Apple-specific,unconfirmed observation,data/results/amd-cpu/cpu/public_api/20261008_060822/cpu_public_api_t1_20261008_060822.csv,https://github.com/tensor4all/tenferro-rs/issues/1900 https://github.com/tensor4all/tenferro-rs/issues/1660
cpu/elementwise_reduction,log,f64,1,8388608,tenferro-trace,49.081452,0.709215,pytorch-cpu,39.581025,0.139953,1.2400247846032284,#1719 #1001,#1719:CLOSED #1001:CLOSED,historical cluster,unconfirmed observation,data/results/amd-cpu/cpu/public_api/20261008_060822/cpu_public_api_t1_20261008_060822.csv,https://github.com/tensor4all/tenferro-rs/issues/1719 https://github.com/tensor4all/tenferro-rs/issues/1001
cpu/linalg_batch_families,batched_qr,f64,4,1024x8x8,tenferro-trace,1.440402,0.070893,jax-cpu,1.1633,0.128542,1.2382033869165305,#1878 #2000,#1878:CLOSED #2000:OPEN,batch-linalg cluster,unconfirmed observation,data/results/amd-cpu/cpu/public_api/20261008_060822/cpu_public_api_t4_20261008_060822.csv,https://github.com/tensor4all/tenferro-rs/issues/1878 https://github.com/tensor4all/tenferro-rs/issues/2000
cpu/linalg_batch_families,batched_eigh,f64,1,1x8x8,tenferro-direct,0.014217,0.00031,pytorch-cpu,0.011492,0.00012,1.2371214758092586,#1878 #2000,#1878:CLOSED #2000:OPEN,batch-linalg cluster,short isolated-clock diagnostic,data/results/amd-cpu/cpu/public_api/20261008_060822/cpu_public_api_t1_20261008_060822.csv,https://github.com/tensor4all/tenferro-rs/issues/1878 https://github.com/tensor4all/tenferro-rs/issues/2000
batched,batched_svd,f64,4,2x2xbatch256 (native batch layout),tenferro-eager,0.332271,0.000438,pytorch-cpu,0.268627,0.001352,1.2369233174625036,#1878 #2000,#1878:CLOSED #2000:OPEN,batch-linalg cluster,unconfirmed observation,data/results/amd-cpu/cpu/einsum/20261008_053424/cpu_ops_t4_20261008_053424.csv,https://github.com/tensor4all/tenferro-rs/issues/1878 https://github.com/tensor4all/tenferro-rs/issues/2000
cpu/linalg_batch_families,batched_svdvals,f64,4,8x8x8,tenferro-direct,0.059532,0.00014,pytorch-cpu,0.048131,0.000281,1.2368743637156927,#1878 #2000,#1878:CLOSED #2000:OPEN,batch-linalg cluster,short isolated-clock diagnostic,data/results/amd-cpu/cpu/public_api/20261008_060822/cpu_public_api_t4_20261008_060822.csv,https://github.com/tensor4all/tenferro-rs/issues/1878 https://github.com/tensor4all/tenferro-rs/issues/2000
cpu/linalg_batch_families,batched_qr,f64,1,1x8x8,tenferro-direct,0.006763,0.000279,pytorch-cpu,0.00547,7e-05,1.2363802559414991,#1878 #2000,#1878:CLOSED #2000:OPEN,batch-linalg cluster,short isolated-clock diagnostic,data/results/amd-cpu/cpu/public_api/20261008_060822/cpu_public_api_t1_20261008_060822.csv,https://github.com/tensor4all/tenferro-rs/issues/1878 https://github.com/tensor4all/tenferro-rs/issues/2000
large,grad_sum_lu_vjp,f64,4,256x256,tenferro-trace,2.166663,0.0241,jax-cpu,1.752547,0.086598,1.2362938055298942,#1328 #1803,#1328:CLOSED #1803:OPEN,AD cluster; #1803 primarily eager,unconfirmed observation,data/results/amd-cpu/cpu/einsum/20261008_053424/cpu_ops_t4_20261008_053424.csv,https://github.com/tensor4all/tenferro-rs/issues/1328 https://github.com/tensor4all/tenferro-rs/issues/1803
cpu/perf_issues,decode_proj_f32_eager-shared_in1024_out1024_len64,f32,1,"{'in': 1024, 'out': 1024, 'len': 64, 'kind': 'decode_projection', 'arm': 'eager-shared', 'dtype': 'f32'}",eager-shared,2.107138,,matrixmultiply-sgemm,1.7048205,,1.2359881876127135,#1992 #2003 #1995,#1992:OPEN #2003:OPEN #1995:OPEN,explicit workload issue IDs,diagnostic: preallocated reference vs allocating tenferro,data/results/amd-cpu/cpu/perf_issues/20261008_063605/samples_t1.jsonl,https://github.com/tensor4all/tenferro-rs/issues/1992 https://github.com/tensor4all/tenferro-rs/issues/2003 https://github.com/tensor4all/tenferro-rs/issues/1995
cpu/complex,exp,c64,4,4194304,tenferro-trace,25.347786,0.654231,strided-jl,20.50941,4.119647,1.235910052995186,#1719 #1001,#1719:CLOSED #1001:CLOSED,historical cluster,unconfirmed observation,data/results/amd-cpu/cpu/public_api/20261008_060822/cpu_public_api_t4_20261008_060822.csv,https://github.com/tensor4all/tenferro-rs/issues/1719 https://github.com/tensor4all/tenferro-rs/issues/1001
cpu/linalg_batch_families,batched_eigh,c64,4,1024x8x8,tenferro-trace,7.490743,0.04737,jax-cpu,6.067484,0.156264,1.2345715291544237,#1878 #2000,#1878:CLOSED #2000:OPEN,batch-linalg cluster,unconfirmed observation,data/results/amd-cpu/cpu/public_api/20261008_060822/cpu_public_api_t4_20261008_060822.csv,https://github.com/tensor4all/tenferro-rs/issues/1878 https://github.com/tensor4all/tenferro-rs/issues/2000
batched,batched_solve,f64,4,"16x16xbatch64 (native batch layout),rhs=1",tenferro-trace,0.088766,0.000359,pytorch-cpu,0.071929,0.004367,1.234078049187393,#1884 #1878 #2000,#1884:OPEN #1878:CLOSED #2000:OPEN,batch-linalg cluster,unconfirmed observation,data/results/amd-cpu/cpu/einsum/20261008_053424/cpu_ops_t4_20261008_053424.csv,https://github.com/tensor4all/tenferro-rs/issues/1884 https://github.com/tensor4all/tenferro-rs/issues/1878 https://github.com/tensor4all/tenferro-rs/issues/2000
cpu/linalg_batch_families,batched_eigvalsh,f64,4,1024x8x8,tenferro-trace,4.056898,0.236545,pytorch-cpu,3.289825,0.004379,1.2331652899470338,#1878 #2000,#1878:CLOSED #2000:OPEN,batch-linalg cluster,unconfirmed observation,data/results/amd-cpu/cpu/public_api/20261008_060822/cpu_public_api_t4_20261008_060822.csv,https://github.com/tensor4all/tenferro-rs/issues/1878 https://github.com/tensor4all/tenferro-rs/issues/2000
batched,batched_solve,f64,4,"2x2xbatch1024 (native batch layout),rhs=1",tenferro-eager,0.085967,0.000423,pytorch-cpu,0.069733,0.009219,1.2328022600490443,#1884 #1878 #2000,#1884:OPEN #1878:CLOSED #2000:OPEN,batch-linalg cluster,unconfirmed observation,data/results/amd-cpu/cpu/einsum/20261008_053424/cpu_ops_t4_20261008_053424.csv,https://github.com/tensor4all/tenferro-rs/issues/1884 https://github.com/tensor4all/tenferro-rs/issues/1878 https://github.com/tensor4all/tenferro-rs/issues/2000
cpu/linalg_batch_families,batched_svd,f64,1,1024x4x4,tenferro-direct,5.157511,0.014998,jax-cpu,4.183807,0.014047,1.2327315767672842,#1878 #2000,#1878:CLOSED #2000:OPEN,batch-linalg cluster,unconfirmed observation,data/results/amd-cpu/cpu/public_api/20261008_060822/cpu_public_api_t1_20261008_060822.csv,https://github.com/tensor4all/tenferro-rs/issues/1878 https://github.com/tensor4all/tenferro-rs/issues/2000
batched,batched_matmul_ikb_kjb_ijb,f64,1,8x8xbatch1024 (native batch layout),tenferro-eager,0.204536,0.000849,jax-cpu,0.16625,0.005457,1.2302917293233082,#1878 #2000,#1878:CLOSED #2000:OPEN,batch-linalg cluster,unconfirmed observation,data/results/amd-cpu/cpu/einsum/20261008_044146/cpu_ops_t1_20261008_044146.csv,https://github.com/tensor4all/tenferro-rs/issues/1878 https://github.com/tensor4all/tenferro-rs/issues/2000
small,grad_sum_svd_s_jvp,f64,4,16x16,tenferro-trace,0.069482,0.000235,jax-cpu,0.05652,0.000237,1.2293347487615003,#1328 #1803,#1328:CLOSED #1803:OPEN,AD cluster; #1803 primarily eager,unconfirmed observation,data/results/amd-cpu/cpu/einsum/20261008_053424/cpu_ops_t4_20261008_053424.csv,https://github.com/tensor4all/tenferro-rs/issues/1328 https://github.com/tensor4all/tenferro-rs/issues/1803
small,matmul,f64,4,64x64,tenferro-eager,0.027013,0.000678,pytorch-cpu,0.02198,0.002104,1.2289808917197451,#1904 #1762,#1904:OPEN #1762:CLOSED,small-call cluster,unconfirmed observation,data/results/amd-cpu/cpu/einsum/20261008_053424/cpu_ops_t4_20261008_053424.csv,https://github.com/tensor4all/tenferro-rs/issues/1904 https://github.com/tensor4all/tenferro-rs/issues/1762
large,grad_sum_solve_backward,f64,1,"1024x1024,rhs=1",tenferro-trace,28.162043,0.092082,jax-cpu,22.920976,0.420291,1.2286581077524796,#1328 #1803,#1328:CLOSED #1803:OPEN,AD cluster; #1803 primarily eager,unconfirmed observation,data/results/amd-cpu/cpu/einsum/20261008_044146/cpu_ops_t1_20261008_044146.csv,https://github.com/tensor4all/tenferro-rs/issues/1328 https://github.com/tensor4all/tenferro-rs/issues/1803
small,solve,f64,4,"2x2,rhs=4",tenferro-trace,0.009931,2.2e-05,jax-cpu,0.008083,8.8e-05,1.2286279846591612,#1904 #1762,#1904:OPEN #1762:CLOSED,small-call cluster,unconfirmed observation,data/results/amd-cpu/cpu/einsum/20261008_053424/cpu_ops_t4_20261008_053424.csv,https://github.com/tensor4all/tenferro-rs/issues/1904 https://github.com/tensor4all/tenferro-rs/issues/1762
batched,batched_svd,f64,1,2x2xbatch64 (native batch layout),tenferro-trace,0.094254,0.000146,pytorch-cpu,0.076741,0.000254,1.2282091711080128,#1878 #2000,#1878:CLOSED #2000:OPEN,batch-linalg cluster,unconfirmed observation,data/results/amd-cpu/cpu/einsum/20261008_044146/cpu_ops_t1_20261008_044146.csv,https://github.com/tensor4all/tenferro-rs/issues/1878 https://github.com/tensor4all/tenferro-rs/issues/2000
batched,batched_solve,f64,4,"8x8xbatch256 (native batch layout),rhs=1",tenferro-trace,0.110078,0.000295,pytorch-cpu,0.089671,0.002815,1.2275763624806235,#1884 #1878 #2000,#1884:OPEN #1878:CLOSED #2000:OPEN,batch-linalg cluster,unconfirmed observation,data/results/amd-cpu/cpu/einsum/20261008_053424/cpu_ops_t4_20261008_053424.csv,https://github.com/tensor4all/tenferro-rs/issues/1884 https://github.com/tensor4all/tenferro-rs/issues/1878 https://github.com/tensor4all/tenferro-rs/issues/2000
batched,grad_sum_batched_solve_backward,f64,4,"2x2xbatch64 (native batch layout),rhs=1",tenferro-trace,0.052781,0.00027,jax-cpu,0.043024,0.001831,1.226780401636296,#1328 #1803,#1328:CLOSED #1803:OPEN,AD cluster; #1803 primarily eager,unconfirmed observation,data/results/amd-cpu/cpu/einsum/20261008_053424/cpu_ops_t4_20261008_053424.csv,https://github.com/tensor4all/tenferro-rs/issues/1328 https://github.com/tensor4all/tenferro-rs/issues/1803
cpu/linalg_uncovered,svd_full,f64,1,768x384,tenferro-trace,63.296768,0.213061,julia-base,51.616095,0.560305,1.2262990449006264,#1956 #1660,#1956:OPEN #1660:OPEN,related provider/extraction issues; no focused gap issue verified,unconfirmed observation,data/results/amd-cpu/cpu/public_api/20261008_060822/cpu_public_api_t1_20261008_060822.csv,https://github.com/tensor4all/tenferro-rs/issues/1956 https://github.com/tensor4all/tenferro-rs/issues/1660
cpu/linalg_batch_families,batched_svd,c64,4,3x4x4,tenferro-direct,0.027592,0.0001,pytorch-cpu,0.022502,0.000271,1.2262021153675227,#1878 #2000,#1878:CLOSED #2000:OPEN,batch-linalg cluster,short isolated-clock diagnostic,data/results/amd-cpu/cpu/public_api/20261008_060822/cpu_public_api_t4_20261008_060822.csv,https://github.com/tensor4all/tenferro-rs/issues/1878 https://github.com/tensor4all/tenferro-rs/issues/2000
cpu/linalg_batch_families,batched_eigh,f64,4,8x4x4,tenferro-direct,0.026099,0.000131,pytorch-cpu,0.0213,0.00016,1.225305164319249,#1878 #2000,#1878:CLOSED #2000:OPEN,batch-linalg cluster,short isolated-clock diagnostic,data/results/amd-cpu/cpu/public_api/20261008_060822/cpu_public_api_t4_20261008_060822.csv,https://github.com/tensor4all/tenferro-rs/issues/1878 https://github.com/tensor4all/tenferro-rs/issues/2000
cpu/linalg_batch_families,batched_qr,f64,1,1024x4x4,tenferro-trace,0.651327,0.011141,pytorch-cpu,0.531841,0.004819,1.224664890446581,#1878 #2000,#1878:CLOSED #2000:OPEN,batch-linalg cluster,short isolated-clock diagnostic,data/results/amd-cpu/cpu/public_api/20261008_060822/cpu_public_api_t1_20261008_060822.csv,https://github.com/tensor4all/tenferro-rs/issues/1878 https://github.com/tensor4all/tenferro-rs/issues/2000
large,grad_sum_matmul_backward,f64,4,64x64,tenferro-trace,0.079584,0.000329,jax-cpu,0.064997,0.001501,1.2244257427265874,#1328 #1803,#1328:CLOSED #1803:OPEN,AD cluster; #1803 primarily eager,unconfirmed observation,data/results/amd-cpu/cpu/einsum/20261008_053424/cpu_ops_t4_20261008_053424.csv,https://github.com/tensor4all/tenferro-rs/issues/1328 https://github.com/tensor4all/tenferro-rs/issues/1803
large,grad_sum_solve_jvp,f64,1,"1024x1024,rhs=1",tenferro-trace,27.205963,0.092353,jax-cpu,22.241487,0.088817,1.2232079177080202,#1328 #1803,#1328:CLOSED #1803:OPEN,AD cluster; #1803 primarily eager,unconfirmed observation,data/results/amd-cpu/cpu/einsum/20261008_044146/cpu_ops_t1_20261008_044146.csv,https://github.com/tensor4all/tenferro-rs/issues/1328 https://github.com/tensor4all/tenferro-rs/issues/1803
cpu/fft,rfft,f32,4,1d_n1048576,tenferro-fft-executor-cached,4.340383,0.040106,pytorch-cpu,3.548942,0.009998,1.22300758930408,#1765 #1484,#1765:CLOSED #1484:CLOSED,related historical; no focused large single-lane issue,unconfirmed observation,data/results/amd-cpu/cpu/fft/20261008_060740/cpu_fft_t4_20261008_060740.csv,https://github.com/tensor4all/tenferro-rs/issues/1765 https://github.com/tensor4all/tenferro-rs/issues/1484
cpu/linalg_batch_families,batched_qr,f64,4,1024x4x4,tenferro-direct,0.604879,0.005732,pytorch-cpu,0.494602,0.003125,1.2229610879050226,#1878 #2000,#1878:CLOSED #2000:OPEN,batch-linalg cluster,short isolated-clock diagnostic,data/results/amd-cpu/cpu/public_api/20261008_060822/cpu_public_api_t4_20261008_060822.csv,https://github.com/tensor4all/tenferro-rs/issues/1878 https://github.com/tensor4all/tenferro-rs/issues/2000
cpu/linalg_batch_families,batched_eigh,f64,4,8x8x8,tenferro-direct,0.065253,0.00023,pytorch-cpu,0.053381,0.000211,1.2224012289016692,#1878 #2000,#1878:CLOSED #2000:OPEN,batch-linalg cluster,short isolated-clock diagnostic,data/results/amd-cpu/cpu/public_api/20261008_060822/cpu_public_api_t4_20261008_060822.csv,https://github.com/tensor4all/tenferro-rs/issues/1878 https://github.com/tensor4all/tenferro-rs/issues/2000
batched,batched_svd,f64,1,2x2xbatch1024 (native batch layout),tenferro-eager,1.36089,0.006843,pytorch-cpu,1.113453,0.003931,1.2222249165434014,#1878 #2000,#1878:CLOSED #2000:OPEN,batch-linalg cluster,unconfirmed observation,data/results/amd-cpu/cpu/einsum/20261008_044146/cpu_ops_t1_20261008_044146.csv,https://github.com/tensor4all/tenferro-rs/issues/1878 https://github.com/tensor4all/tenferro-rs/issues/2000
cpu/linalg_uncovered,det,f64,4,1024x1024,tenferro-direct,8.504322,0.663228,pytorch-cpu,6.958472,0.076745,1.2221536567223379,#1956 #1660,#1956:OPEN #1660:OPEN,related provider/extraction issues; no focused gap issue verified,unconfirmed observation,data/results/amd-cpu/cpu/public_api/20261008_060822/cpu_public_api_t4_20261008_060822.csv,https://github.com/tensor4all/tenferro-rs/issues/1956 https://github.com/tensor4all/tenferro-rs/issues/1660
cpu/linalg_batch_families,batched_svd,c64,1,1024x2x2,tenferro-trace,1.891691,0.083758,pytorch-cpu,1.548546,0.007564,1.221591738314522,#1878 #2000,#1878:CLOSED #2000:OPEN,batch-linalg cluster,unconfirmed observation,data/results/amd-cpu/cpu/public_api/20261008_060822/cpu_public_api_t1_20261008_060822.csv,https://github.com/tensor4all/tenferro-rs/issues/1878 https://github.com/tensor4all/tenferro-rs/issues/2000
batched,batched_svd,f64,1,2x2xbatch1024 (native batch layout),tenferro-trace,1.359587,0.003805,pytorch-cpu,1.113453,0.003931,1.221054683044547,#1878 #2000,#1878:CLOSED #2000:OPEN,batch-linalg cluster,unconfirmed observation,data/results/amd-cpu/cpu/einsum/20261008_044146/cpu_ops_t1_20261008_044146.csv,https://github.com/tensor4all/tenferro-rs/issues/1878 https://github.com/tensor4all/tenferro-rs/issues/2000
small,grad_sum_eigh_vjp,f64,1,32x32,tenferro-trace,0.12544,0.000403,jax-cpu,0.102738,0.000906,1.22096984562674,#1328 #1803,#1328:CLOSED #1803:OPEN,AD cluster; #1803 primarily eager,unconfirmed observation,data/results/amd-cpu/cpu/einsum/20261008_044146/cpu_ops_t1_20261008_044146.csv,https://github.com/tensor4all/tenferro-rs/issues/1328 https://github.com/tensor4all/tenferro-rs/issues/1803
cpu/linalg_batch_families,batched_svd,f64,1,1024x2x2,tenferro-direct,1.374728,0.008807,pytorch-cpu,1.126431,0.006242,1.2204280599521853,#1878 #2000,#1878:CLOSED #2000:OPEN,batch-linalg cluster,unconfirmed observation,data/results/amd-cpu/cpu/public_api/20261008_060822/cpu_public_api_t1_20261008_060822.csv,https://github.com/tensor4all/tenferro-rs/issues/1878 https://github.com/tensor4all/tenferro-rs/issues/2000
batched,batched_qr,f64,4,2x2xbatch256 (native batch layout),tenferro-trace,0.055637,9.9e-05,pytorch-cpu,0.045608,0.000345,1.2198956323452026,#1878 #2000,#1878:CLOSED #2000:OPEN,batch-linalg cluster,unconfirmed observation,data/results/amd-cpu/cpu/einsum/20261008_053424/cpu_ops_t4_20261008_053424.csv,https://github.com/tensor4all/tenferro-rs/issues/1878 https://github.com/tensor4all/tenferro-rs/issues/2000
cpu/linalg_batch_families,batched_qr,f64,1,8x2x2,tenferro-direct,0.007073,0.000361,pytorch-cpu,0.005801,6e-05,1.2192725392173764,#1878 #2000,#1878:CLOSED #2000:OPEN,batch-linalg cluster,short isolated-clock diagnostic,data/results/amd-cpu/cpu/public_api/20261008_060822/cpu_public_api_t1_20261008_060822.csv,https://github.com/tensor4all/tenferro-rs/issues/1878 https://github.com/tensor4all/tenferro-rs/issues/2000
batched,batched_qr,f64,4,16x16xbatch1024 (native batch layout),tenferro-eager,4.248276,0.016861,jax-cpu,3.485432,0.123563,1.2188664131160785,#1878 #2000,#1878:CLOSED #2000:OPEN,batch-linalg cluster,unconfirmed observation,data/results/amd-cpu/cpu/einsum/20261008_053424/cpu_ops_t4_20261008_053424.csv,https://github.com/tensor4all/tenferro-rs/issues/1878 https://github.com/tensor4all/tenferro-rs/issues/2000
batched,batched_qr,f64,4,16x16xbatch1024 (native batch layout),tenferro-trace,4.247025,0.008897,jax-cpu,3.485432,0.123563,1.2185074906066162,#1878 #2000,#1878:CLOSED #2000:OPEN,batch-linalg cluster,unconfirmed observation,data/results/amd-cpu/cpu/einsum/20261008_053424/cpu_ops_t4_20261008_053424.csv,https://github.com/tensor4all/tenferro-rs/issues/1878 https://github.com/tensor4all/tenferro-rs/issues/2000
large,svd,f64,1,1024x1024,tenferro-eager,561.278302,2.950354,jax-cpu,460.654948,0.877121,1.2184354133975352,#1927,#1927:OPEN,umbrella only; no focused gap issue verified,unconfirmed observation,data/results/amd-cpu/cpu/einsum/20261008_044146/cpu_ops_t1_20261008_044146.csv,https://github.com/tensor4all/tenferro-rs/issues/1927
batched,batched_svd,f64,1,2x2xbatch256 (native batch layout),tenferro-trace,0.346825,0.000882,pytorch-cpu,0.284666,0.001137,1.2183576542333823,#1878 #2000,#1878:CLOSED #2000:OPEN,batch-linalg cluster,unconfirmed observation,data/results/amd-cpu/cpu/einsum/20261008_044146/cpu_ops_t1_20261008_044146.csv,https://github.com/tensor4all/tenferro-rs/issues/1878 https://github.com/tensor4all/tenferro-rs/issues/2000
cpu/linalg_batch_families,batched_svd,c64,1,1x32x32,tenferro-trace,0.258897,0.018736,jax-cpu,0.21256,0.006372,1.217994919081671,#1878 #2000,#1878:CLOSED #2000:OPEN,batch-linalg cluster,short isolated-clock diagnostic,data/results/amd-cpu/cpu/public_api/20261008_060822/cpu_public_api_t1_20261008_060822.csv,https://github.com/tensor4all/tenferro-rs/issues/1878 https://github.com/tensor4all/tenferro-rs/issues/2000
cpu/linalg_batch_families,batched_svd,f64,1,1024x8x8,tenferro-trace,16.00787,0.076754,jax-cpu,13.143447,0.054052,1.2179354472232438,#1878 #2000,#1878:CLOSED #2000:OPEN,batch-linalg cluster,unconfirmed observation,data/results/amd-cpu/cpu/public_api/20261008_060822/cpu_public_api_t1_20261008_060822.csv,https://github.com/tensor4all/tenferro-rs/issues/1878 https://github.com/tensor4all/tenferro-rs/issues/2000
large,grad_sum_solve_vjp,f64,1,"1024x1024,rhs=1",tenferro-trace,26.804116,0.082535,jax-cpu,22.016583,0.050295,1.2174512275587905,#1328 #1803,#1328:CLOSED #1803:OPEN,AD cluster; #1803 primarily eager,unconfirmed observation,data/results/amd-cpu/cpu/einsum/20261008_044146/cpu_ops_t1_20261008_044146.csv,https://github.com/tensor4all/tenferro-rs/issues/1328 https://github.com/tensor4all/tenferro-rs/issues/1803
cpu/linalg_batch_families,batched_svd,f64,1,1024x8x8,tenferro-direct,15.985077,0.092495,jax-cpu,13.143447,0.054052,1.2162012750536446,#1878 #2000,#1878:CLOSED #2000:OPEN,batch-linalg cluster,unconfirmed observation,data/results/amd-cpu/cpu/public_api/20261008_060822/cpu_public_api_t1_20261008_060822.csv,https://github.com/tensor4all/tenferro-rs/issues/1878 https://github.com/tensor4all/tenferro-rs/issues/2000
batched,batched_svd,f64,1,2x2xbatch256 (native batch layout),tenferro-eager,0.346107,0.001197,pytorch-cpu,0.284666,0.001137,1.2158354000829044,#1878 #2000,#1878:CLOSED #2000:OPEN,batch-linalg cluster,unconfirmed observation,data/results/amd-cpu/cpu/einsum/20261008_044146/cpu_ops_t1_20261008_044146.csv,https://github.com/tensor4all/tenferro-rs/issues/1878 https://github.com/tensor4all/tenferro-rs/issues/2000
cpu/linalg_uncovered,svd_full,f64,1,768x384,tenferro-eager,62.750048,0.38181,julia-base,51.616095,0.560305,1.215706999919308,#1956 #1660,#1956:OPEN #1660:OPEN,related provider/extraction issues; no focused gap issue verified,excluded: timed session entry,data/results/amd-cpu/cpu/public_api/20261008_060822/cpu_public_api_t1_20261008_060822.csv,https://github.com/tensor4all/tenferro-rs/issues/1956 https://github.com/tensor4all/tenferro-rs/issues/1660
large,grad_sum_lu_vjp,f64,1,256x256,tenferro-trace,5.464597,0.006453,jax-cpu,4.503673,0.022222,1.213364513809062,#1328 #1803,#1328:CLOSED #1803:OPEN,AD cluster; #1803 primarily eager,unconfirmed observation,data/results/amd-cpu/cpu/einsum/20261008_044146/cpu_ops_t1_20261008_044146.csv,https://github.com/tensor4all/tenferro-rs/issues/1328 https://github.com/tensor4all/tenferro-rs/issues/1803
batched,batched_qr,f64,1,2x2xbatch64 (native batch layout),tenferro-trace,0.020976,7.7e-05,pytorch-cpu,0.017291,0.000143,1.2131166502804929,#1878 #2000,#1878:CLOSED #2000:OPEN,batch-linalg cluster,unconfirmed observation,data/results/amd-cpu/cpu/einsum/20261008_044146/cpu_ops_t1_20261008_044146.csv,https://github.com/tensor4all/tenferro-rs/issues/1878 https://github.com/tensor4all/tenferro-rs/issues/2000
cpu/linalg_batch_families,batched_svd,c64,1,1024x2x2,tenferro-direct,1.877325,0.0057,pytorch-cpu,1.548546,0.007564,1.2123146487091763,#1878 #2000,#1878:CLOSED #2000:OPEN,batch-linalg cluster,unconfirmed observation,data/results/amd-cpu/cpu/public_api/20261008_060822/cpu_public_api_t1_20261008_060822.csv,https://github.com/tensor4all/tenferro-rs/issues/1878 https://github.com/tensor4all/tenferro-rs/issues/2000
large,svd,f64,1,1024x1024,tenferro-trace,558.175132,4.958575,jax-cpu,460.654948,0.877121,1.2116989829880216,#1927,#1927:OPEN,umbrella only; no focused gap issue verified,unconfirmed observation,data/results/amd-cpu/cpu/einsum/20261008_044146/cpu_ops_t1_20261008_044146.csv,https://github.com/tensor4all/tenferro-rs/issues/1927
small,grad_sum_svd_s_vjp,f64,4,16x16,tenferro-trace,0.068862,9.1e-05,jax-cpu,0.056857,0.000174,1.2111437465923283,#1328 #1803,#1328:CLOSED #1803:OPEN,AD cluster; #1803 primarily eager,unconfirmed observation,data/results/amd-cpu/cpu/einsum/20261008_053424/cpu_ops_t4_20261008_053424.csv,https://github.com/tensor4all/tenferro-rs/issues/1328 https://github.com/tensor4all/tenferro-rs/issues/1803
large,grad_sum_qr_jvp,f64,1,1024x1024,tenferro-trace,365.127084,0.49441,jax-cpu,301.560652,1.26499,1.2107915325770022,#1328 #1803,#1328:CLOSED #1803:OPEN,AD cluster; #1803 primarily eager,unconfirmed observation,data/results/amd-cpu/cpu/einsum/20261008_044146/cpu_ops_t1_20261008_044146.csv,https://github.com/tensor4all/tenferro-rs/issues/1328 https://github.com/tensor4all/tenferro-rs/issues/1803
cpu/linalg_batch_families,batched_solve,f64,4,"1024x2x2,rhs=1",tenferro-trace,0.0795,0.011251,pytorch-cpu,0.065674,0.000341,1.210524712976216,#1884 #1878 #2000,#1884:OPEN #1878:CLOSED #2000:OPEN,batch-linalg cluster,short isolated-clock diagnostic,data/results/amd-cpu/cpu/public_api/20261008_060822/cpu_public_api_t4_20261008_060822.csv,https://github.com/tensor4all/tenferro-rs/issues/1884 https://github.com/tensor4all/tenferro-rs/issues/1878 https://github.com/tensor4all/tenferro-rs/issues/2000
cpu/linalg_batch_families,batched_svd,f64,1,3x2x2,tenferro-direct,0.012494,0.000211,pytorch-cpu,0.01034,0.00019,1.2083172147001935,#1878 #2000,#1878:CLOSED #2000:OPEN,batch-linalg cluster,short isolated-clock diagnostic,data/results/amd-cpu/cpu/public_api/20261008_060822/cpu_public_api_t1_20261008_060822.csv,https://github.com/tensor4all/tenferro-rs/issues/1878 https://github.com/tensor4all/tenferro-rs/issues/2000
batched,batched_qr,f64,4,4x4xbatch1024 (native batch layout),tenferro-trace,0.599679,0.002337,pytorch-cpu,0.496353,0.00306,1.2081703948601097,#1878 #2000,#1878:CLOSED #2000:OPEN,batch-linalg cluster,unconfirmed observation,data/results/amd-cpu/cpu/einsum/20261008_053424/cpu_ops_t4_20261008_053424.csv,https://github.com/tensor4all/tenferro-rs/issues/1878 https://github.com/tensor4all/tenferro-rs/issues/2000
cpu/elementwise_reduction,log,f64,1,8388608,tenferro-direct,47.820077,0.593368,pytorch-cpu,39.581025,0.139953,1.2081566103960169,#1719 #1001,#1719:CLOSED #1001:CLOSED,historical cluster,excluded: timed session entry,data/results/amd-cpu/cpu/public_api/20261008_060822/cpu_public_api_t1_20261008_060822.csv,https://github.com/tensor4all/tenferro-rs/issues/1719 https://github.com/tensor4all/tenferro-rs/issues/1001
cpu/complex,eig,c64,4,112x112,tenferro-trace,12.881494,1.524821,pytorch-cpu,10.663578,0.016892,1.207989851061248,#1900 #1660,#1900:OPEN #1660:OPEN,related provider issues; #1900 is Apple-specific,unconfirmed observation,data/results/amd-cpu/cpu/public_api/20261008_060822/cpu_public_api_t4_20261008_060822.csv,https://github.com/tensor4all/tenferro-rs/issues/1900 https://github.com/tensor4all/tenferro-rs/issues/1660
cpu/linalg_batch_families,batched_eigh,f64,1,1x32x32,tenferro-trace,0.10094,0.006383,pytorch-cpu,0.083588,0.000651,1.2075896061635643,#1878 #2000,#1878:CLOSED #2000:OPEN,batch-linalg cluster,short isolated-clock diagnostic,data/results/amd-cpu/cpu/public_api/20261008_060822/cpu_public_api_t1_20261008_060822.csv,https://github.com/tensor4all/tenferro-rs/issues/1878 https://github.com/tensor4all/tenferro-rs/issues/2000
cpu/output_reuse,copy_read_into,f64,4,33554432,tenferro-direct,17.633621,0.077416,julia-base,14.606545,0.107923,1.20724106898654,#1899 #1904,#1899:OPEN #1904:OPEN,related public contraction path,excluded: timed session entry,data/results/amd-cpu/cpu/public_api/20261008_060822/cpu_public_api_t4_20261008_060822.csv,https://github.com/tensor4all/tenferro-rs/issues/1899 https://github.com/tensor4all/tenferro-rs/issues/1904
cpu/linalg_uncovered,slogdet,f64,4,1024x1024,tenferro-trace,8.300248,0.308661,pytorch-cpu,6.87774,0.013416,1.2068278242562236,#1719 #1001,#1719:CLOSED #1001:CLOSED,historical cluster,unconfirmed observation,data/results/amd-cpu/cpu/public_api/20261008_060822/cpu_public_api_t4_20261008_060822.csv,https://github.com/tensor4all/tenferro-rs/issues/1719 https://github.com/tensor4all/tenferro-rs/issues/1001
large,grad_sum_lu_vjp,f64,1,512x512,tenferro-trace,38.204336,0.065193,jax-cpu,31.661569,0.072136,1.2066469605470278,#1328 #1803,#1328:CLOSED #1803:OPEN,AD cluster; #1803 primarily eager,unconfirmed observation,data/results/amd-cpu/cpu/einsum/20261008_044146/cpu_ops_t1_20261008_044146.csv,https://github.com/tensor4all/tenferro-rs/issues/1328 https://github.com/tensor4all/tenferro-rs/issues/1803
cpu/linalg_uncovered,eigvals,f64,4,192x192,tenferro-trace,10.324108,0.64276,pytorch-cpu,8.563644,0.016882,1.205574169127068,#1956 #1660,#1956:OPEN #1660:OPEN,related provider/extraction issues; no focused gap issue verified,unconfirmed observation,data/results/amd-cpu/cpu/public_api/20261008_060822/cpu_public_api_t4_20261008_060822.csv,https://github.com/tensor4all/tenferro-rs/issues/1956 https://github.com/tensor4all/tenferro-rs/issues/1660
large,grad_sum_lu_jvp,f64,1,1024x1024,tenferro-trace,282.367435,0.360309,jax-cpu,234.358722,2.491088,1.204851402970187,#1328 #1803,#1328:CLOSED #1803:OPEN,AD cluster; #1803 primarily eager,unconfirmed observation,data/results/amd-cpu/cpu/einsum/20261008_044146/cpu_ops_t1_20261008_044146.csv,https://github.com/tensor4all/tenferro-rs/issues/1328 https://github.com/tensor4all/tenferro-rs/issues/1803
batched,batched_svd,f64,4,2x2xbatch64 (native batch layout),tenferro-eager,0.088628,0.000271,pytorch-cpu,0.073593,0.000434,1.2042993219463807,#1878 #2000,#1878:CLOSED #2000:OPEN,batch-linalg cluster,unconfirmed observation,data/results/amd-cpu/cpu/einsum/20261008_053424/cpu_ops_t4_20261008_053424.csv,https://github.com/tensor4all/tenferro-rs/issues/1878 https://github.com/tensor4all/tenferro-rs/issues/2000
small,grad_sum_svd_s_backward,f64,1,16x16,tenferro-trace,0.068567,0.000184,jax-cpu,0.056962,0.002588,1.2037323127699169,#1328 #1803,#1328:CLOSED #1803:OPEN,AD cluster; #1803 primarily eager,unconfirmed observation,data/results/amd-cpu/cpu/einsum/20261008_044146/cpu_ops_t1_20261008_044146.csv,https://github.com/tensor4all/tenferro-rs/issues/1328 https://github.com/tensor4all/tenferro-rs/issues/1803
cpu/perf_issues,conj_dot_c64_dot-general-rank1_len1000000,c64,1,"{'len': 1000000, 'kind': 'rank1_dot', 'arm': 'dot-general-rank1', 'dtype': 'c64'}",dot-general-rank1,0.86895875,,pytorch-cpu,0.72348975,,1.2010657372823872,#1615,#1615:OPEN,explicit workload issue IDs,screening only: original PyTorch retention-list growth timed,data/results/amd-cpu/cpu/perf_issues/20261008_063605/samples_t1.jsonl,https://github.com/tensor4all/tenferro-rs/issues/1615
batched,batched_matmul_ikb_kjb_ijb,f64,1,2x2xbatch64 (native batch layout),tenferro-trace,0.015642,3.9e-05,pytorch-cpu,0.013033,5.6e-05,1.2001841479321722,#1878 #2000,#1878:CLOSED #2000:OPEN,batch-linalg cluster,unconfirmed observation,data/results/amd-cpu/cpu/einsum/20261008_044146/cpu_ops_t1_20261008_044146.csv,https://github.com/tensor4all/tenferro-rs/issues/1878 https://github.com/tensor4all/tenferro-rs/issues/2000
cpu/einsum,bin_outer_product_4096 / opt_flops,f64 (see instance),4,see instance JSON,tenferro-rs eager mode (ms),10.359,,PyTorch Python (ms),8.632,,1.2000695088044486,#1865 #1899 #1904 #975,#1865:OPEN #1899:OPEN #1904:OPEN #975:CLOSED,related contraction/planning cluster,unconfirmed observation,data/results/amd-cpu/cpu/einsum/20261008_053424/einsum_table_t4_20261008_053424.md,https://github.com/tensor4all/tenferro-rs/issues/1865 https://github.com/tensor4all/tenferro-rs/issues/1899 https://github.com/tensor4all/tenferro-rs/issues/1904 https://github.com/tensor4all/tenferro-rs/issues/975
cpu/einsum,bin_outer_product_4096 / opt_size,f64 (see instance),4,see instance JSON,tenferro-rs eager mode (ms),10.359,,PyTorch Python (ms),8.632,,1.2000695088044486,#1865 #1899 #1904 #975,#1865:OPEN #1899:OPEN #1904:OPEN #975:CLOSED,related contraction/planning cluster,unconfirmed observation,data/results/amd-cpu/cpu/einsum/20261008_053424/einsum_table_t4_20261008_053424.md,https://github.com/tensor4all/tenferro-rs/issues/1865 https://github.com/tensor4all/tenferro-rs/issues/1899 https://github.com/tensor4all/tenferro-rs/issues/1904 https://github.com/tensor4all/tenferro-rs/issues/975
cpu/linalg_batch_families,batched_solve,f64,4,"1024x2x2,rhs=1",tenferro-direct,0.078788,0.000591,pytorch-cpu,0.065674,0.000341,1.1996832841002527,#1884 #1878 #2000,#1884:OPEN #1878:CLOSED #2000:OPEN,batch-linalg cluster,short isolated-clock diagnostic,data/results/amd-cpu/cpu/public_api/20261008_060822/cpu_public_api_t4_20261008_060822.csv,https://github.com/tensor4all/tenferro-rs/issues/1884 https://github.com/tensor4all/tenferro-rs/issues/1878 https://github.com/tensor4all/tenferro-rs/issues/2000
cpu/linalg_uncovered,cholesky,f64,1,1536x1536,tenferro-trace,53.057038,0.836594,julia-base,44.238143,10.434387,1.1993504790650908,#1956 #1660,#1956:OPEN #1660:OPEN,related provider/extraction issues; no focused gap issue verified,unconfirmed observation,data/results/amd-cpu/cpu/public_api/20261008_060822/cpu_public_api_t1_20261008_060822.csv,https://github.com/tensor4all/tenferro-rs/issues/1956 https://github.com/tensor4all/tenferro-rs/issues/1660
batched,batched_svd,f64,1,2x2xbatch64 (native batch layout),tenferro-eager,0.091773,0.000143,pytorch-cpu,0.076741,0.000254,1.1958796471247441,#1878 #2000,#1878:CLOSED #2000:OPEN,batch-linalg cluster,unconfirmed observation,data/results/amd-cpu/cpu/einsum/20261008_044146/cpu_ops_t1_20261008_044146.csv,https://github.com/tensor4all/tenferro-rs/issues/1878 https://github.com/tensor4all/tenferro-rs/issues/2000
cpu/complex,qr,c64,4,256x256,tenferro-trace,5.102337,0.582867,pytorch-cpu,4.268196,0.012374,1.1954317468082536,#1900 #1660,#1900:OPEN #1660:OPEN,related provider issues; #1900 is Apple-specific,unconfirmed observation,data/results/amd-cpu/cpu/public_api/20261008_060822/cpu_public_api_t4_20261008_060822.csv,https://github.com/tensor4all/tenferro-rs/issues/1900 https://github.com/tensor4all/tenferro-rs/issues/1660
batched,batched_qr,f64,1,2x2xbatch16 (native batch layout),tenferro-eager,0.00952,1.8e-05,pytorch-cpu,0.007972,0.000124,1.1941796287004516,#1878 #2000,#1878:CLOSED #2000:OPEN,batch-linalg cluster,unconfirmed observation,data/results/amd-cpu/cpu/einsum/20261008_044146/cpu_ops_t1_20261008_044146.csv,https://github.com/tensor4all/tenferro-rs/issues/1878 https://github.com/tensor4all/tenferro-rs/issues/2000
cpu/elementwise_reduction,log,f64,4,8388608,tenferro-trace,12.40643,0.482438,pytorch-cpu,10.391616,0.088657,1.1938884192795423,#1719 #1001,#1719:CLOSED #1001:CLOSED,historical cluster,unconfirmed observation,data/results/amd-cpu/cpu/public_api/20261008_060822/cpu_public_api_t4_20261008_060822.csv,https://github.com/tensor4all/tenferro-rs/issues/1719 https://github.com/tensor4all/tenferro-rs/issues/1001
small,solve,f64,4,"32x32,rhs=4",tenferro-trace,0.020459,0.000143,jax-cpu,0.017138,0.001405,1.19377990430622,#1904 #1762,#1904:OPEN #1762:CLOSED,small-call cluster,unconfirmed observation,data/results/amd-cpu/cpu/einsum/20261008_053424/cpu_ops_t4_20261008_053424.csv,https://github.com/tensor4all/tenferro-rs/issues/1904 https://github.com/tensor4all/tenferro-rs/issues/1762
cpu/linalg_batch_families,batched_lu,f64,1,1024x2x2,tenferro-trace,0.124335,0.006982,jax-cpu,0.104246,0.004058,1.1927076338660476,#1884 #1878 #2000,#1884:OPEN #1878:CLOSED #2000:OPEN,batch-linalg cluster,short isolated-clock diagnostic,data/results/amd-cpu/cpu/public_api/20261008_060822/cpu_public_api_t1_20261008_060822.csv,https://github.com/tensor4all/tenferro-rs/issues/1884 https://github.com/tensor4all/tenferro-rs/issues/1878 https://github.com/tensor4all/tenferro-rs/issues/2000
large,grad_sum_qr_jvp,f64,1,256x256,tenferro-trace,7.699154,0.037691,jax-cpu,6.456634,0.016992,1.192440829075955,#1328 #1803,#1328:CLOSED #1803:OPEN,AD cluster; #1803 primarily eager,unconfirmed observation,data/results/amd-cpu/cpu/einsum/20261008_044146/cpu_ops_t1_20261008_044146.csv,https://github.com/tensor4all/tenferro-rs/issues/1328 https://github.com/tensor4all/tenferro-rs/issues/1803
cpu/linalg_batch_families,batched_svd,f64,1,1x64x24,tenferro-trace,0.149401,0.008677,pytorch-cpu,0.125456,0.001152,1.190863729116184,#1878 #2000,#1878:CLOSED #2000:OPEN,batch-linalg cluster,short isolated-clock diagnostic,data/results/amd-cpu/cpu/public_api/20261008_060822/cpu_public_api_t1_20261008_060822.csv,https://github.com/tensor4all/tenferro-rs/issues/1878 https://github.com/tensor4all/tenferro-rs/issues/2000
cpu/linalg_batch_families,batched_svd,c64,1,1024x8x8,tenferro-direct,18.996919,0.101271,jax-cpu,15.987201,0.068419,1.1882579696095643,#1878 #2000,#1878:CLOSED #2000:OPEN,batch-linalg cluster,unconfirmed observation,data/results/amd-cpu/cpu/public_api/20261008_060822/cpu_public_api_t1_20261008_060822.csv,https://github.com/tensor4all/tenferro-rs/issues/1878 https://github.com/tensor4all/tenferro-rs/issues/2000
cpu/linalg_batch_families,batched_eigh,f64,4,1x32x32,tenferro-direct,0.103534,0.001202,pytorch-cpu,0.087144,0.000892,1.1880795005967135,#1878 #2000,#1878:CLOSED #2000:OPEN,batch-linalg cluster,short isolated-clock diagnostic,data/results/amd-cpu/cpu/public_api/20261008_060822/cpu_public_api_t4_20261008_060822.csv,https://github.com/tensor4all/tenferro-rs/issues/1878 https://github.com/tensor4all/tenferro-rs/issues/2000
cpu/einsum,bin_permuted_r4_abcd_dbef_acef_d32 / opt_flops,f64 (see instance),1,see instance JSON,tenferro-rs trace mode (ms),64.389,,OMEinsum.jl OpenBLAS (ms),54.196,,1.1880766108199867,#1865 #1899 #1904 #975,#1865:OPEN #1899:OPEN #1904:OPEN #975:CLOSED,related contraction/planning cluster,unconfirmed observation,data/results/amd-cpu/cpu/einsum/20261008_044146/einsum_table_t1_20261008_044146.md,https://github.com/tensor4all/tenferro-rs/issues/1865 https://github.com/tensor4all/tenferro-rs/issues/1899 https://github.com/tensor4all/tenferro-rs/issues/1904 https://github.com/tensor4all/tenferro-rs/issues/975
cpu/einsum,bin_permuted_r4_abcd_dbef_acef_d32 / opt_size,f64 (see instance),1,see instance JSON,tenferro-rs trace mode (ms),64.389,,OMEinsum.jl OpenBLAS (ms),54.196,,1.1880766108199867,#1865 #1899 #1904 #975,#1865:OPEN #1899:OPEN #1904:OPEN #975:CLOSED,related contraction/planning cluster,unconfirmed observation,data/results/amd-cpu/cpu/einsum/20261008_044146/einsum_table_t1_20261008_044146.md,https://github.com/tensor4all/tenferro-rs/issues/1865 https://github.com/tensor4all/tenferro-rs/issues/1899 https://github.com/tensor4all/tenferro-rs/issues/1904 https://github.com/tensor4all/tenferro-rs/issues/975
cpu/linalg_batch_families,batched_svd,c64,1,1024x8x8,tenferro-trace,18.980116,0.082756,jax-cpu,15.987201,0.068419,1.1872069413526483,#1878 #2000,#1878:CLOSED #2000:OPEN,batch-linalg cluster,unconfirmed observation,data/results/amd-cpu/cpu/public_api/20261008_060822/cpu_public_api_t1_20261008_060822.csv,https://github.com/tensor4all/tenferro-rs/issues/1878 https://github.com/tensor4all/tenferro-rs/issues/2000
cpu/session_matrix,matmul_n32_count1024,f64; c64 named in case ID,4,loop-of-1024-independent-ops,tenferro-blas,0.0075992705078125,,pytorch,0.006405822265625,,1.1863067991429916,#1904 #1899 #1946,#1904:OPEN #1899:OPEN #1946:CLOSED,related public-route/session cluster,unconfirmed observation,data/results/amd-cpu/cpu/session_matrix/20261008_062752/samples_t4.jsonl,https://github.com/tensor4all/tenferro-rs/issues/1904 https://github.com/tensor4all/tenferro-rs/issues/1899 https://github.com/tensor4all/tenferro-rs/issues/1946
cpu/linalg_uncovered,cholesky,f64,1,1536x1536,tenferro-direct,52.47942,1.00403,julia-base,44.238143,10.434387,1.1862934662515106,#1956 #1660,#1956:OPEN #1660:OPEN,related provider/extraction issues; no focused gap issue verified,unconfirmed observation,data/results/amd-cpu/cpu/public_api/20261008_060822/cpu_public_api_t1_20261008_060822.csv,https://github.com/tensor4all/tenferro-rs/issues/1956 https://github.com/tensor4all/tenferro-rs/issues/1660
large,grad_sum_qr_vjp,f64,1,256x256,tenferro-trace,7.658025,0.014437,jax-cpu,6.461663,0.040636,1.1851476934033855,#1328 #1803,#1328:CLOSED #1803:OPEN,AD cluster; #1803 primarily eager,unconfirmed observation,data/results/amd-cpu/cpu/einsum/20261008_044146/cpu_ops_t1_20261008_044146.csv,https://github.com/tensor4all/tenferro-rs/issues/1328 https://github.com/tensor4all/tenferro-rs/issues/1803
cpu/linalg_batched,batched_triangular_solve,f64,4,"1024x2x2,rhs=1",tenferro-direct,0.075552,0.00062,julia-base,0.063821,0.001263,1.1838109713103835,#1884 #1878 #2000,#1884:OPEN #1878:CLOSED #2000:OPEN,batch-linalg cluster,short isolated-clock diagnostic,data/results/amd-cpu/cpu/public_api/20261008_060822/cpu_public_api_t4_20261008_060822.csv,https://github.com/tensor4all/tenferro-rs/issues/1884 https://github.com/tensor4all/tenferro-rs/issues/1878 https://github.com/tensor4all/tenferro-rs/issues/2000
batched,batched_qr,f64,4,2x2xbatch1024 (native batch layout),tenferro-trace,0.197283,0.000847,pytorch-cpu,0.166664,0.001166,1.1837169394710314,#1878 #2000,#1878:CLOSED #2000:OPEN,batch-linalg cluster,unconfirmed observation,data/results/amd-cpu/cpu/einsum/20261008_053424/cpu_ops_t4_20261008_053424.csv,https://github.com/tensor4all/tenferro-rs/issues/1878 https://github.com/tensor4all/tenferro-rs/issues/2000
cpu/linalg_batch_families,batched_svdvals,f64,4,8x4x4,tenferro-direct,0.025908,0.000171,pytorch-cpu,0.021891,7.1e-05,1.1835000685213102,#1878 #2000,#1878:CLOSED #2000:OPEN,batch-linalg cluster,short isolated-clock diagnostic,data/results/amd-cpu/cpu/public_api/20261008_060822/cpu_public_api_t4_20261008_060822.csv,https://github.com/tensor4all/tenferro-rs/issues/1878 https://github.com/tensor4all/tenferro-rs/issues/2000
cpu/permutation,tn_light_415_24d_scattered_to_colmajor,f64,4,"[2, 2, 2, 2, 2, 2, 2, 2, 2, 2, 2, 2, 2, 2, 2, 2, 2, 2, 2, 2, 2, 2, 2, 2]",tenferro-rs,15.198039,,strided-rs,12.857652,,1.182022891893481,#1393,#1393:CLOSED,focused historical,unconfirmed observation,data/results/amd-cpu/cpu/permutation/20261008_062910/julia_output_t4.jsonl,https://github.com/tensor4all/tenferro-rs/issues/1393
cpu/einsum,str_nw_mera_open_26 / opt_size,f64 (see instance),1,see instance JSON,tenferro-rs eager mode (ms),1361.131,,PyTorch Python (ms),1151.588,,1.181960041264758,#1865 #1899 #1904 #975,#1865:OPEN #1899:OPEN #1904:OPEN #975:CLOSED,related contraction/planning cluster,unconfirmed observation,data/results/amd-cpu/cpu/einsum/20261008_044146/einsum_table_t1_20261008_044146.md,https://github.com/tensor4all/tenferro-rs/issues/1865 https://github.com/tensor4all/tenferro-rs/issues/1899 https://github.com/tensor4all/tenferro-rs/issues/1904 https://github.com/tensor4all/tenferro-rs/issues/975
batched,grad_sum_batched_matmul_backward,f64,1,16x16xbatch1024 (native batch layout),tenferro-trace,2.883508,0.025798,jax-cpu,2.439622,0.252064,1.1819486789346874,#1328 #1803,#1328:CLOSED #1803:OPEN,AD cluster; #1803 primarily eager,unconfirmed observation,data/results/amd-cpu/cpu/einsum/20261008_044146/cpu_ops_t1_20261008_044146.csv,https://github.com/tensor4all/tenferro-rs/issues/1328 https://github.com/tensor4all/tenferro-rs/issues/1803
batched,batched_solve,f64,1,"4x4xbatch1024 (native batch layout),rhs=1",tenferro-eager,0.142988,0.000335,pytorch-cpu,0.120984,0.001554,1.1818752892944522,#1884 #1878 #2000,#1884:OPEN #1878:CLOSED #2000:OPEN,batch-linalg cluster,unconfirmed observation,data/results/amd-cpu/cpu/einsum/20261008_044146/cpu_ops_t1_20261008_044146.csv,https://github.com/tensor4all/tenferro-rs/issues/1884 https://github.com/tensor4all/tenferro-rs/issues/1878 https://github.com/tensor4all/tenferro-rs/issues/2000
cpu/perf_issues,small_solve_f64_triangular-solve-loop_k64_b64,f64,1,"{'k': 64, 'batch': 64, 'kind': 'small_solves', 'arm': 'triangular-solve-loop', 'dtype': 'f64'}",triangular-solve-loop,1.718376,,pytorch-cpu,1.4548645,,1.181124427738803,#2007,#2007:OPEN,explicit workload issue IDs,screening only: original PyTorch retention-list growth timed,data/results/amd-cpu/cpu/perf_issues/20261008_063605/samples_t1.jsonl,https://github.com/tensor4all/tenferro-rs/issues/2007
large,grad_sum_solve_jvp,f64,1,"256x256,rhs=1",tenferro-trace,0.719752,0.006401,jax-cpu,0.609536,0.008409,1.1808195086098279,#1328 #1803,#1328:CLOSED #1803:OPEN,AD cluster; #1803 primarily eager,unconfirmed observation,data/results/amd-cpu/cpu/einsum/20261008_044146/cpu_ops_t1_20261008_044146.csv,https://github.com/tensor4all/tenferro-rs/issues/1328 https://github.com/tensor4all/tenferro-rs/issues/1803
batched,batched_qr,f64,4,2x2xbatch1024 (native batch layout),tenferro-eager,0.196718,0.000733,pytorch-cpu,0.166664,0.001166,1.1803268852301636,#1878 #2000,#1878:CLOSED #2000:OPEN,batch-linalg cluster,unconfirmed observation,data/results/amd-cpu/cpu/einsum/20261008_053424/cpu_ops_t4_20261008_053424.csv,https://github.com/tensor4all/tenferro-rs/issues/1878 https://github.com/tensor4all/tenferro-rs/issues/2000
cpu/einsum,str_nw_mera_open_26 / opt_flops,f64 (see instance),1,see instance JSON,tenferro-rs eager mode (ms),1350.582,,PyTorch Python (ms),1144.561,,1.1800000174739487,#1865 #1899 #1904 #975,#1865:OPEN #1899:OPEN #1904:OPEN #975:CLOSED,related contraction/planning cluster,unconfirmed observation,data/results/amd-cpu/cpu/einsum/20261008_044146/einsum_table_t1_20261008_044146.md,https://github.com/tensor4all/tenferro-rs/issues/1865 https://github.com/tensor4all/tenferro-rs/issues/1899 https://github.com/tensor4all/tenferro-rs/issues/1904 https://github.com/tensor4all/tenferro-rs/issues/975
large,solve,f64,1,"1024x1024,rhs=64",tenferro-trace,30.522997,0.096201,jax-cpu,25.874215,0.320574,1.1796685232769382,#1927,#1927:OPEN,umbrella only; no focused gap issue verified,unconfirmed observation,data/results/amd-cpu/cpu/einsum/20261008_044146/cpu_ops_t1_20261008_044146.csv,https://github.com/tensor4all/tenferro-rs/issues/1927
large,grad_sum_lu_vjp,f64,4,512x512,tenferro-trace,11.894168,0.094888,jax-cpu,10.084177,0.539596,1.1794882219937235,#1328 #1803,#1328:CLOSED #1803:OPEN,AD cluster; #1803 primarily eager,unconfirmed observation,data/results/amd-cpu/cpu/einsum/20261008_053424/cpu_ops_t4_20261008_053424.csv,https://github.com/tensor4all/tenferro-rs/issues/1328 https://github.com/tensor4all/tenferro-rs/issues/1803
large,grad_sum_lu_jvp,f64,1,512x512,tenferro-trace,38.495906,0.209284,jax-cpu,32.653096,0.09079,1.178935865683303,#1328 #1803,#1328:CLOSED #1803:OPEN,AD cluster; #1803 primarily eager,unconfirmed observation,data/results/amd-cpu/cpu/einsum/20261008_044146/cpu_ops_t1_20261008_044146.csv,https://github.com/tensor4all/tenferro-rs/issues/1328 https://github.com/tensor4all/tenferro-rs/issues/1803
large,solve,f64,1,"1024x1024,rhs=64",tenferro-eager,30.498271,0.111882,jax-cpu,25.874215,0.320574,1.178712900082186,#1927,#1927:OPEN,umbrella only; no focused gap issue verified,unconfirmed observation,data/results/amd-cpu/cpu/einsum/20261008_044146/cpu_ops_t1_20261008_044146.csv,https://github.com/tensor4all/tenferro-rs/issues/1927
batched,batched_solve,f64,4,"4x4xbatch256 (native batch layout),rhs=1",tenferro-eager,0.042628,0.000229,pytorch-cpu,0.036169,0.000467,1.1785783405678896,#1884 #1878 #2000,#1884:OPEN #1878:CLOSED #2000:OPEN,batch-linalg cluster,unconfirmed observation,data/results/amd-cpu/cpu/einsum/20261008_053424/cpu_ops_t4_20261008_053424.csv,https://github.com/tensor4all/tenferro-rs/issues/1884 https://github.com/tensor4all/tenferro-rs/issues/1878 https://github.com/tensor4all/tenferro-rs/issues/2000
cpu/session_matrix,matmul_n32_count1024,f64; c64 named in case ID,1,loop-of-1024-independent-ops,tenferro-blas,0.0072552529296875,,pytorch,0.0061608203125,,1.1776439762359163,#1904 #1899 #1946,#1904:OPEN #1899:OPEN #1946:CLOSED,related public-route/session cluster,unconfirmed observation,data/results/amd-cpu/cpu/session_matrix/20261008_062752/samples_t1.jsonl,https://github.com/tensor4all/tenferro-rs/issues/1904 https://github.com/tensor4all/tenferro-rs/issues/1899 https://github.com/tensor4all/tenferro-rs/issues/1946
batched,batched_qr,f64,4,2x2xbatch64 (native batch layout),tenferro-eager,0.018306,5.9e-05,pytorch-cpu,0.015549,0.000165,1.1773104379702874,#1878 #2000,#1878:CLOSED #2000:OPEN,batch-linalg cluster,unconfirmed observation,data/results/amd-cpu/cpu/einsum/20261008_053424/cpu_ops_t4_20261008_053424.csv,https://github.com/tensor4all/tenferro-rs/issues/1878 https://github.com/tensor4all/tenferro-rs/issues/2000
batched,batched_qr,f64,4,2x2xbatch256 (native batch layout),tenferro-eager,0.053692,5.4e-05,pytorch-cpu,0.045608,0.000345,1.1772496053323978,#1878 #2000,#1878:CLOSED #2000:OPEN,batch-linalg cluster,unconfirmed observation,data/results/amd-cpu/cpu/einsum/20261008_053424/cpu_ops_t4_20261008_053424.csv,https://github.com/tensor4all/tenferro-rs/issues/1878 https://github.com/tensor4all/tenferro-rs/issues/2000
large,solve,f64,1,"1024x1024,rhs=16",tenferro-trace,27.194571,0.059182,jax-cpu,23.113318,0.640405,1.1765758165919753,#1927,#1927:OPEN,umbrella only; no focused gap issue verified,unconfirmed observation,data/results/amd-cpu/cpu/einsum/20261008_044146/cpu_ops_t1_20261008_044146.csv,https://github.com/tensor4all/tenferro-rs/issues/1927
cpu/einsum,bin_elementwise_mul_512x512 / opt_flops,f64 (see instance),1,see instance JSON,tenferro-rs trace mode (ms),0.12,,PyTorch Python (ms),0.102,,1.1764705882352942,#1865 #1899 #1904 #975,#1865:OPEN #1899:OPEN #1904:OPEN #975:CLOSED,related contraction/planning cluster,short isolated-clock diagnostic,data/results/amd-cpu/cpu/einsum/20261008_044146/einsum_table_t1_20261008_044146.md,https://github.com/tensor4all/tenferro-rs/issues/1865 https://github.com/tensor4all/tenferro-rs/issues/1899 https://github.com/tensor4all/tenferro-rs/issues/1904 https://github.com/tensor4all/tenferro-rs/issues/975
cpu/einsum,bin_elementwise_mul_512x512 / opt_size,f64 (see instance),1,see instance JSON,tenferro-rs trace mode (ms),0.12,,PyTorch Python (ms),0.102,,1.1764705882352942,#1865 #1899 #1904 #975,#1865:OPEN #1899:OPEN #1904:OPEN #975:CLOSED,related contraction/planning cluster,short isolated-clock diagnostic,data/results/amd-cpu/cpu/einsum/20261008_044146/einsum_table_t1_20261008_044146.md,https://github.com/tensor4all/tenferro-rs/issues/1865 https://github.com/tensor4all/tenferro-rs/issues/1899 https://github.com/tensor4all/tenferro-rs/issues/1904 https://github.com/tensor4all/tenferro-rs/issues/975
cpu/linalg_uncovered,det,f64,4,1024x1024,tenferro-trace,8.180553,1.312771,pytorch-cpu,6.958472,0.076745,1.1756249073072362,#1956 #1660,#1956:OPEN #1660:OPEN,related provider/extraction issues; no focused gap issue verified,unconfirmed observation,data/results/amd-cpu/cpu/public_api/20261008_060822/cpu_public_api_t4_20261008_060822.csv,https://github.com/tensor4all/tenferro-rs/issues/1956 https://github.com/tensor4all/tenferro-rs/issues/1660
cpu/linalg_batch_families,batched_svd,f64,1,1x128x128,tenferro-trace,2.673634,0.10642,jax-cpu,2.274683,0.027633,1.1753875155351317,#1878 #2000,#1878:CLOSED #2000:OPEN,batch-linalg cluster,unconfirmed observation,data/results/amd-cpu/cpu/public_api/20261008_060822/cpu_public_api_t1_20261008_060822.csv,https://github.com/tensor4all/tenferro-rs/issues/1878 https://github.com/tensor4all/tenferro-rs/issues/2000
large,grad_sum_lu_jvp,f64,4,512x512,tenferro-trace,12.07075,1.972363,jax-cpu,10.27162,1.69396,1.1751554282576653,#1328 #1803,#1328:CLOSED #1803:OPEN,AD cluster; #1803 primarily eager,unconfirmed observation,data/results/amd-cpu/cpu/einsum/20261008_053424/cpu_ops_t4_20261008_053424.csv,https://github.com/tensor4all/tenferro-rs/issues/1328 https://github.com/tensor4all/tenferro-rs/issues/1803
cpu/permutation,transpose_3d_256_102,f64,4,"[256, 256, 256]",tenferro-rs,16.072445000000002,,strided-rs,13.677405,,1.1751092403858774,#1393,#1393:CLOSED,focused historical,unconfirmed observation,data/results/amd-cpu/cpu/permutation/20261008_062910/julia_output_t4.jsonl,https://github.com/tensor4all/tenferro-rs/issues/1393
batched,grad_sum_batched_solve_backward,f64,4,"4x4xbatch1024 (native batch layout),rhs=1",tenferro-trace,0.302753,0.001257,pytorch-cpu,0.257981,0.002433,1.1735476643628793,#1328 #1803,#1328:CLOSED #1803:OPEN,AD cluster; #1803 primarily eager,unconfirmed observation,data/results/amd-cpu/cpu/einsum/20261008_053424/cpu_ops_t4_20261008_053424.csv,https://github.com/tensor4all/tenferro-rs/issues/1328 https://github.com/tensor4all/tenferro-rs/issues/1803
large,grad_sum_lu_vjp,f64,1,1024x1024,tenferro-trace,276.073938,0.652959,jax-cpu,235.356721,1.248089,1.1730021425646902,#1328 #1803,#1328:CLOSED #1803:OPEN,AD cluster; #1803 primarily eager,unconfirmed observation,data/results/amd-cpu/cpu/einsum/20261008_044146/cpu_ops_t1_20261008_044146.csv,https://github.com/tensor4all/tenferro-rs/issues/1328 https://github.com/tensor4all/tenferro-rs/issues/1803
batched,grad_sum_batched_solve_backward,f64,1,"4x4xbatch1024 (native batch layout),rhs=1",tenferro-trace,0.336457,0.000658,pytorch-cpu,0.287079,0.002417,1.1720014351450299,#1328 #1803,#1328:CLOSED #1803:OPEN,AD cluster; #1803 primarily eager,unconfirmed observation,data/results/amd-cpu/cpu/einsum/20261008_044146/cpu_ops_t1_20261008_044146.csv,https://github.com/tensor4all/tenferro-rs/issues/1328 https://github.com/tensor4all/tenferro-rs/issues/1803
batched,batched_qr,f64,4,2x2xbatch16 (native batch layout),tenferro-eager,0.00931,2.6e-05,pytorch-cpu,0.007945,0.00015,1.171806167400881,#1878 #2000,#1878:CLOSED #2000:OPEN,batch-linalg cluster,unconfirmed observation,data/results/amd-cpu/cpu/einsum/20261008_053424/cpu_ops_t4_20261008_053424.csv,https://github.com/tensor4all/tenferro-rs/issues/1878 https://github.com/tensor4all/tenferro-rs/issues/2000
large,solve,f64,1,"1024x1024,rhs=16",tenferro-eager,27.068674,0.07947,jax-cpu,23.113318,0.640405,1.1711288703768106,#1927,#1927:OPEN,umbrella only; no focused gap issue verified,unconfirmed observation,data/results/amd-cpu/cpu/einsum/20261008_044146/cpu_ops_t1_20261008_044146.csv,https://github.com/tensor4all/tenferro-rs/issues/1927
cpu/linalg_batch_families,batched_eigh,c64,4,1024x8x8,tenferro-direct,7.104035,0.046187,jax-cpu,6.067484,0.156264,1.1708370388780587,#1878 #2000,#1878:CLOSED #2000:OPEN,batch-linalg cluster,unconfirmed observation,data/results/amd-cpu/cpu/public_api/20261008_060822/cpu_public_api_t4_20261008_060822.csv,https://github.com/tensor4all/tenferro-rs/issues/1878 https://github.com/tensor4all/tenferro-rs/issues/2000
small,solve,f64,4,"8x8,rhs=4",tenferro-trace,0.010633,2.9e-05,jax-cpu,0.009082,0.000133,1.1707773618145783,#1904 #1762,#1904:OPEN #1762:CLOSED,small-call cluster,unconfirmed observation,data/results/amd-cpu/cpu/einsum/20261008_053424/cpu_ops_t4_20261008_053424.csv,https://github.com/tensor4all/tenferro-rs/issues/1904 https://github.com/tensor4all/tenferro-rs/issues/1762
small,solve,f64,1,"8x8,rhs=4",tenferro-trace,0.010597,3.8e-05,jax-cpu,0.009054,0.000182,1.1704219129666447,#1904 #1762,#1904:OPEN #1762:CLOSED,small-call cluster,unconfirmed observation,data/results/amd-cpu/cpu/einsum/20261008_044146/cpu_ops_t1_20261008_044146.csv,https://github.com/tensor4all/tenferro-rs/issues/1904 https://github.com/tensor4all/tenferro-rs/issues/1762
cpu/structural_shape,reshape,f64,1,33554432 -> 8192x4096,tenferro-direct,71.844722,0.251584,pytorch-cpu,61.393164,0.504729,1.1702397680627765,#2029,#2029:OPEN,focused,excluded: timed session entry,data/results/amd-cpu/cpu/public_api/20261008_060822/cpu_public_api_t1_20261008_060822.csv,https://github.com/tensor4all/tenferro-rs/issues/2029
cpu/elementwise_reduction,reduce_sum_axis0,f64,1,2048x2048,tenferro-direct,0.729624,0.110898,julia-base,0.623875,0.066617,1.1695035063113606,#1719 #1001,#1719:CLOSED #1001:CLOSED,historical cluster,excluded: timed session entry,data/results/amd-cpu/cpu/public_api/20261008_060822/cpu_public_api_t1_20261008_060822.csv,https://github.com/tensor4all/tenferro-rs/issues/1719 https://github.com/tensor4all/tenferro-rs/issues/1001
batched,batched_qr,f64,4,16x16xbatch256 (native batch layout),tenferro-trace,1.06715,0.002317,jax-cpu,0.912713,0.062595,1.1692065304208443,#1878 #2000,#1878:CLOSED #2000:OPEN,batch-linalg cluster,unconfirmed observation,data/results/amd-cpu/cpu/einsum/20261008_053424/cpu_ops_t4_20261008_053424.csv,https://github.com/tensor4all/tenferro-rs/issues/1878 https://github.com/tensor4all/tenferro-rs/issues/2000
cpu/linalg_batched,batched_lu_solve,f64,4,"1024x8x8,rhs=1",tenferro-direct,0.207631,0.000983,pytorch-cpu,0.177875,0.00056,1.167286015460295,#1884 #1878 #2000,#1884:OPEN #1878:CLOSED #2000:OPEN,batch-linalg cluster,short isolated-clock diagnostic,data/results/amd-cpu/cpu/public_api/20261008_060822/cpu_public_api_t4_20261008_060822.csv,https://github.com/tensor4all/tenferro-rs/issues/1884 https://github.com/tensor4all/tenferro-rs/issues/1878 https://github.com/tensor4all/tenferro-rs/issues/2000
batched,batched_qr,f64,4,4x4xbatch256 (native batch layout),tenferro-trace,0.1504,0.000521,pytorch-cpu,0.12885,0.000974,1.1672487388436168,#1878 #2000,#1878:CLOSED #2000:OPEN,batch-linalg cluster,unconfirmed observation,data/results/amd-cpu/cpu/einsum/20261008_053424/cpu_ops_t4_20261008_053424.csv,https://github.com/tensor4all/tenferro-rs/issues/1878 https://github.com/tensor4all/tenferro-rs/issues/2000
batched,batched_matmul_ikb_kjb_ijb,f64,1,8x8xbatch256 (native batch layout),tenferro-trace,0.064696,0.000195,pytorch-cpu,0.055461,0.000935,1.1665134058167,#1878 #2000,#1878:CLOSED #2000:OPEN,batch-linalg cluster,unconfirmed observation,data/results/amd-cpu/cpu/einsum/20261008_044146/cpu_ops_t1_20261008_044146.csv,https://github.com/tensor4all/tenferro-rs/issues/1878 https://github.com/tensor4all/tenferro-rs/issues/2000
cpu/linalg_batch_families,batched_qr,f64,4,8x32x32,tenferro-trace,0.156274,0.007925,jax-cpu,0.134113,0.002896,1.165241251780215,#1878 #2000,#1878:CLOSED #2000:OPEN,batch-linalg cluster,short isolated-clock diagnostic,data/results/amd-cpu/cpu/public_api/20261008_060822/cpu_public_api_t4_20261008_060822.csv,https://github.com/tensor4all/tenferro-rs/issues/1878 https://github.com/tensor4all/tenferro-rs/issues/2000
batched,batched_svd,f64,4,8x8xbatch16 (native batch layout),tenferro-trace,0.247892,0.000634,jax-cpu,0.212741,0.009045,1.1652290813712447,#1878 #2000,#1878:CLOSED #2000:OPEN,batch-linalg cluster,unconfirmed observation,data/results/amd-cpu/cpu/einsum/20261008_053424/cpu_ops_t4_20261008_053424.csv,https://github.com/tensor4all/tenferro-rs/issues/1878 https://github.com/tensor4all/tenferro-rs/issues/2000
cpu/einsum,str_mps_varying_inner_product_200 / opt_size,f64 (see instance),4,see instance JSON,tenferro-rs eager mode (ms),16.288,,PyTorch Python (ms),13.993,,1.16401057671693,#1865 #1899 #1904 #975,#1865:OPEN #1899:OPEN #1904:OPEN #975:CLOSED,related contraction/planning cluster,unconfirmed observation,data/results/amd-cpu/cpu/einsum/20261008_053424/einsum_table_t4_20261008_053424.md,https://github.com/tensor4all/tenferro-rs/issues/1865 https://github.com/tensor4all/tenferro-rs/issues/1899 https://github.com/tensor4all/tenferro-rs/issues/1904 https://github.com/tensor4all/tenferro-rs/issues/975
batched,batched_qr,f64,4,16x16xbatch256 (native batch layout),tenferro-eager,1.061892,0.005369,jax-cpu,0.912713,0.062595,1.1634456833637739,#1878 #2000,#1878:CLOSED #2000:OPEN,batch-linalg cluster,unconfirmed observation,data/results/amd-cpu/cpu/einsum/20261008_053424/cpu_ops_t4_20261008_053424.csv,https://github.com/tensor4all/tenferro-rs/issues/1878 https://github.com/tensor4all/tenferro-rs/issues/2000
large,grad_sum_lu_jvp,f64,1,256x256,tenferro-trace,5.341595,0.016501,jax-cpu,4.598907,0.016361,1.1614922850146785,#1328 #1803,#1328:CLOSED #1803:OPEN,AD cluster; #1803 primarily eager,unconfirmed observation,data/results/amd-cpu/cpu/einsum/20261008_044146/cpu_ops_t1_20261008_044146.csv,https://github.com/tensor4all/tenferro-rs/issues/1328 https://github.com/tensor4all/tenferro-rs/issues/1803
batched,batched_svd,f64,1,8x8xbatch1024 (native batch layout),tenferro-trace,15.301725,0.009638,jax-cpu,13.177174,0.178125,1.161229638464211,#1878 #2000,#1878:CLOSED #2000:OPEN,batch-linalg cluster,unconfirmed observation,data/results/amd-cpu/cpu/einsum/20261008_044146/cpu_ops_t1_20261008_044146.csv,https://github.com/tensor4all/tenferro-rs/issues/1878 https://github.com/tensor4all/tenferro-rs/issues/2000
batched,batched_qr,f64,1,4x4xbatch16 (native batch layout),tenferro-eager,0.015463,3.6e-05,pytorch-cpu,0.013317,0.00019,1.1611474055718254,#1878 #2000,#1878:CLOSED #2000:OPEN,batch-linalg cluster,unconfirmed observation,data/results/amd-cpu/cpu/einsum/20261008_044146/cpu_ops_t1_20261008_044146.csv,https://github.com/tensor4all/tenferro-rs/issues/1878 https://github.com/tensor4all/tenferro-rs/issues/2000
cpu/linalg_batched,batched_lu_solve,f64,1,"1024x8x8,rhs=1",tenferro-direct,0.207651,0.001493,pytorch-cpu,0.178967,0.000631,1.160275358026899,#1884 #1878 #2000,#1884:OPEN #1878:CLOSED #2000:OPEN,batch-linalg cluster,short isolated-clock diagnostic,data/results/amd-cpu/cpu/public_api/20261008_060822/cpu_public_api_t1_20261008_060822.csv,https://github.com/tensor4all/tenferro-rs/issues/1884 https://github.com/tensor4all/tenferro-rs/issues/1878 https://github.com/tensor4all/tenferro-rs/issues/2000
batched,batched_svd,f64,1,8x8xbatch1024 (native batch layout),tenferro-eager,15.249987,0.040757,jax-cpu,13.177174,0.178125,1.157303303424543,#1878 #2000,#1878:CLOSED #2000:OPEN,batch-linalg cluster,unconfirmed observation,data/results/amd-cpu/cpu/einsum/20261008_044146/cpu_ops_t1_20261008_044146.csv,https://github.com/tensor4all/tenferro-rs/issues/1878 https://github.com/tensor4all/tenferro-rs/issues/2000
batched,batched_qr,f64,4,4x4xbatch1024 (native batch layout),tenferro-eager,0.574174,0.00177,pytorch-cpu,0.496353,0.00306,1.156785594123537,#1878 #2000,#1878:CLOSED #2000:OPEN,batch-linalg cluster,unconfirmed observation,data/results/amd-cpu/cpu/einsum/20261008_053424/cpu_ops_t4_20261008_053424.csv,https://github.com/tensor4all/tenferro-rs/issues/1878 https://github.com/tensor4all/tenferro-rs/issues/2000
cpu/linalg_batch_families,batched_svd,f64,1,8x128x128,tenferro-trace,20.197859,0.036179,jax-cpu,17.466917,0.135625,1.1563494004122195,#1878 #2000,#1878:CLOSED #2000:OPEN,batch-linalg cluster,unconfirmed observation,data/results/amd-cpu/cpu/public_api/20261008_060822/cpu_public_api_t1_20261008_060822.csv,https://github.com/tensor4all/tenferro-rs/issues/1878 https://github.com/tensor4all/tenferro-rs/issues/2000
cpu/linalg_batch_families,batched_svd,c64,1,1024x4x4,tenferro-trace,6.299211,0.043983,jax-cpu,5.447658,0.053841,1.1563154294928206,#1878 #2000,#1878:CLOSED #2000:OPEN,batch-linalg cluster,unconfirmed observation,data/results/amd-cpu/cpu/public_api/20261008_060822/cpu_public_api_t1_20261008_060822.csv,https://github.com/tensor4all/tenferro-rs/issues/1878 https://github.com/tensor4all/tenferro-rs/issues/2000
large,grad_sum_lu_vjp,f64,4,1024x1024,tenferro-trace,79.188847,0.213693,jax-cpu,68.55061,1.686716,1.1551880719952745,#1328 #1803,#1328:CLOSED #1803:OPEN,AD cluster; #1803 primarily eager,unconfirmed observation,data/results/amd-cpu/cpu/einsum/20261008_053424/cpu_ops_t4_20261008_053424.csv,https://github.com/tensor4all/tenferro-rs/issues/1328 https://github.com/tensor4all/tenferro-rs/issues/1803
small,matmul,f64,4,32x32,tenferro-eager,0.007667,4.2e-05,pytorch-cpu,0.00664,0.000291,1.1546686746987953,#1904 #1762,#1904:OPEN #1762:CLOSED,small-call cluster,unconfirmed observation,data/results/amd-cpu/cpu/einsum/20261008_053424/cpu_ops_t4_20261008_053424.csv,https://github.com/tensor4all/tenferro-rs/issues/1904 https://github.com/tensor4all/tenferro-rs/issues/1762
large,grad_sum_qr_vjp,f64,1,512x512,tenferro-trace,54.551639,0.10088,jax-cpu,47.261975,0.586865,1.1542395128430414,#1328 #1803,#1328:CLOSED #1803:OPEN,AD cluster; #1803 primarily eager,unconfirmed observation,data/results/amd-cpu/cpu/einsum/20261008_044146/cpu_ops_t1_20261008_044146.csv,https://github.com/tensor4all/tenferro-rs/issues/1328 https://github.com/tensor4all/tenferro-rs/issues/1803
cpu/linalg_batch_families,batched_qr,f64,4,1024x8x8,tenferro-direct,1.342518,0.008236,jax-cpu,1.1633,0.128542,1.154060001719247,#1878 #2000,#1878:CLOSED #2000:OPEN,batch-linalg cluster,unconfirmed observation,data/results/amd-cpu/cpu/public_api/20261008_060822/cpu_public_api_t4_20261008_060822.csv,https://github.com/tensor4all/tenferro-rs/issues/1878 https://github.com/tensor4all/tenferro-rs/issues/2000
large,grad_sum_lu_jvp,f64,4,1024x1024,tenferro-trace,81.037536,0.599739,jax-cpu,70.22853,3.164068,1.1539118930725163,#1328 #1803,#1328:CLOSED #1803:OPEN,AD cluster; #1803 primarily eager,unconfirmed observation,data/results/amd-cpu/cpu/einsum/20261008_053424/cpu_ops_t4_20261008_053424.csv,https://github.com/tensor4all/tenferro-rs/issues/1328 https://github.com/tensor4all/tenferro-rs/issues/1803
cpu/linalg_batch_families,batched_eigvalsh,f64,4,8x32x32,tenferro-trace,0.309813,0.014467,jax-cpu,0.268796,0.018725,1.1525952767154275,#1878 #2000,#1878:CLOSED #2000:OPEN,batch-linalg cluster,short isolated-clock diagnostic,data/results/amd-cpu/cpu/public_api/20261008_060822/cpu_public_api_t4_20261008_060822.csv,https://github.com/tensor4all/tenferro-rs/issues/1878 https://github.com/tensor4all/tenferro-rs/issues/2000
cpu/linalg_batch_families,batched_svdvals,f64,1,1024x2x2,tenferro-direct,0.359818,0.009628,pytorch-cpu,0.312198,0.00477,1.1525314063510979,#1878 #2000,#1878:CLOSED #2000:OPEN,batch-linalg cluster,short isolated-clock diagnostic,data/results/amd-cpu/cpu/public_api/20261008_060822/cpu_public_api_t1_20261008_060822.csv,https://github.com/tensor4all/tenferro-rs/issues/1878 https://github.com/tensor4all/tenferro-rs/issues/2000
batched,batched_qr,f64,4,4x4xbatch256 (native batch layout),tenferro-eager,0.148455,0.000144,pytorch-cpu,0.12885,0.000974,1.1521536670547148,#1878 #2000,#1878:CLOSED #2000:OPEN,batch-linalg cluster,unconfirmed observation,data/results/amd-cpu/cpu/einsum/20261008_053424/cpu_ops_t4_20261008_053424.csv,https://github.com/tensor4all/tenferro-rs/issues/1878 https://github.com/tensor4all/tenferro-rs/issues/2000
batched,batched_qr,f64,1,4x4xbatch64 (native batch layout),tenferro-trace,0.044263,5.7e-05,pytorch-cpu,0.038438,0.000227,1.1515427441594255,#1878 #2000,#1878:CLOSED #2000:OPEN,batch-linalg cluster,unconfirmed observation,data/results/amd-cpu/cpu/einsum/20261008_044146/cpu_ops_t1_20261008_044146.csv,https://github.com/tensor4all/tenferro-rs/issues/1878 https://github.com/tensor4all/tenferro-rs/issues/2000
cpu/linalg_batch_families,batched_svd,f64,1,8x128x128,tenferro-direct,20.103472,0.156476,jax-cpu,17.466917,0.135625,1.1509456419813526,#1878 #2000,#1878:CLOSED #2000:OPEN,batch-linalg cluster,unconfirmed observation,data/results/amd-cpu/cpu/public_api/20261008_060822/cpu_public_api_t1_20261008_060822.csv,https://github.com/tensor4all/tenferro-rs/issues/1878 https://github.com/tensor4all/tenferro-rs/issues/2000
batched,grad_sum_batched_matmul_backward,f64,1,8x8xbatch256 (native batch layout),tenferro-trace,0.23801,0.000864,jax-cpu,0.206908,0.012799,1.1503180157364625,#1328 #1803,#1328:CLOSED #1803:OPEN,AD cluster; #1803 primarily eager,unconfirmed observation,data/results/amd-cpu/cpu/einsum/20261008_044146/cpu_ops_t1_20261008_044146.csv,https://github.com/tensor4all/tenferro-rs/issues/1328 https://github.com/tensor4all/tenferro-rs/issues/1803
large,grad_sum_qr_jvp,f64,4,512x512,tenferro-trace,22.380156,0.604137,jax-cpu,19.456934,1.903623,1.150240628867837,#1328 #1803,#1328:CLOSED #1803:OPEN,AD cluster; #1803 primarily eager,unconfirmed observation,data/results/amd-cpu/cpu/einsum/20261008_053424/cpu_ops_t4_20261008_053424.csv,https://github.com/tensor4all/tenferro-rs/issues/1328 https://github.com/tensor4all/tenferro-rs/issues/1803
batched,batched_qr,f64,4,4x4xbatch64 (native batch layout),tenferro-eager,0.04202,0.000102,pytorch-cpu,0.036565,0.000141,1.149186380418433,#1878 #2000,#1878:CLOSED #2000:OPEN,batch-linalg cluster,unconfirmed observation,data/results/amd-cpu/cpu/einsum/20261008_053424/cpu_ops_t4_20261008_053424.csv,https://github.com/tensor4all/tenferro-rs/issues/1878 https://github.com/tensor4all/tenferro-rs/issues/2000
cpu/elementwise_reduction,sqrt,f64,1,33554432,tenferro-direct,78.732541,1.235777,jax-cpu,68.539639,2.795955,1.1487154316642958,#1927,#1927:OPEN,umbrella only; no focused gap issue verified,excluded: timed session entry,data/results/amd-cpu/cpu/public_api/20261008_060822/cpu_public_api_t1_20261008_060822.csv,https://github.com/tensor4all/tenferro-rs/issues/1927
cpu/linalg_batch_families,batched_svd,f64,1,1x32x32,tenferro-trace,0.18077,0.012624,pytorch-cpu,0.157397,0.001002,1.1484971123973136,#1878 #2000,#1878:CLOSED #2000:OPEN,batch-linalg cluster,short isolated-clock diagnostic,data/results/amd-cpu/cpu/public_api/20261008_060822/cpu_public_api_t1_20261008_060822.csv,https://github.com/tensor4all/tenferro-rs/issues/1878 https://github.com/tensor4all/tenferro-rs/issues/2000
cpu/einsum,str_mps_varying_inner_product_200 / opt_size,f64 (see instance),4,see instance JSON,tenferro-rs trace mode (ms),16.067,,PyTorch Python (ms),13.993,,1.14821696562567,#1865 #1899 #1904 #975,#1865:OPEN #1899:OPEN #1904:OPEN #975:CLOSED,related contraction/planning cluster,unconfirmed observation,data/results/amd-cpu/cpu/einsum/20261008_053424/einsum_table_t4_20261008_053424.md,https://github.com/tensor4all/tenferro-rs/issues/1865 https://github.com/tensor4all/tenferro-rs/issues/1899 https://github.com/tensor4all/tenferro-rs/issues/1904 https://github.com/tensor4all/tenferro-rs/issues/975
cpu/permutation,tn_light_415_24d_contiguous_same_perm,f64,4,"[2, 2, 2, 2, 2, 2, 2, 2, 2, 2, 2, 2, 2, 2, 2, 2, 2, 2, 2, 2, 2, 2, 2, 2]",tenferro-rs,14.065837,,strided-rs,12.25158,,1.1480835124938986,#1393,#1393:CLOSED,focused historical,unconfirmed observation,data/results/amd-cpu/cpu/permutation/20261008_062910/julia_output_t4.jsonl,https://github.com/tensor4all/tenferro-rs/issues/1393
cpu/linalg_uncovered,eigvalsh,f64,4,512x512,tenferro-direct,11.26486,0.028032,julia-base,9.819178,0.436492,1.1472304504511477,#1956 #1660,#1956:OPEN #1660:OPEN,related provider/extraction issues; no focused gap issue verified,unconfirmed observation,data/results/amd-cpu/cpu/public_api/20261008_060822/cpu_public_api_t4_20261008_060822.csv,https://github.com/tensor4all/tenferro-rs/issues/1956 https://github.com/tensor4all/tenferro-rs/issues/1660
large,solve,f64,1,"1024x1024,rhs=1",tenferro-trace,25.851413,0.145755,jax-cpu,22.534989,0.379876,1.1471677665340774,#1927,#1927:OPEN,umbrella only; no focused gap issue verified,unconfirmed observation,data/results/amd-cpu/cpu/einsum/20261008_044146/cpu_ops_t1_20261008_044146.csv,https://github.com/tensor4all/tenferro-rs/issues/1927
batched,batched_svd,f64,1,4x4xbatch64 (native batch layout),tenferro-trace,0.305004,0.000389,jax-cpu,0.266051,0.008267,1.1464117781929029,#1878 #2000,#1878:CLOSED #2000:OPEN,batch-linalg cluster,unconfirmed observation,data/results/amd-cpu/cpu/einsum/20261008_044146/cpu_ops_t1_20261008_044146.csv,https://github.com/tensor4all/tenferro-rs/issues/1878 https://github.com/tensor4all/tenferro-rs/issues/2000
cpu/linalg_batched,batched_lu_factor,f64,4,"1024x4x4,rhs=1",tenferro-direct,0.052308,0.000491,pytorch-cpu,0.045676,0.001102,1.1451966021543043,#1884 #1878 #2000,#1884:OPEN #1878:CLOSED #2000:OPEN,batch-linalg cluster,short isolated-clock diagnostic,data/results/amd-cpu/cpu/public_api/20261008_060822/cpu_public_api_t4_20261008_060822.csv,https://github.com/tensor4all/tenferro-rs/issues/1884 https://github.com/tensor4all/tenferro-rs/issues/1878 https://github.com/tensor4all/tenferro-rs/issues/2000
batched,batched_svd,f64,4,8x8xbatch16 (native batch layout),tenferro-eager,0.243401,0.000566,jax-cpu,0.212741,0.009045,1.1441189051475738,#1878 #2000,#1878:CLOSED #2000:OPEN,batch-linalg cluster,unconfirmed observation,data/results/amd-cpu/cpu/einsum/20261008_053424/cpu_ops_t4_20261008_053424.csv,https://github.com/tensor4all/tenferro-rs/issues/1878 https://github.com/tensor4all/tenferro-rs/issues/2000
batched,batched_svd,f64,1,4x4xbatch16 (native batch layout),tenferro-trace,0.083523,0.000159,pytorch-cpu,0.073029,0.000192,1.1436963398102125,#1878 #2000,#1878:CLOSED #2000:OPEN,batch-linalg cluster,unconfirmed observation,data/results/amd-cpu/cpu/einsum/20261008_044146/cpu_ops_t1_20261008_044146.csv,https://github.com/tensor4all/tenferro-rs/issues/1878 https://github.com/tensor4all/tenferro-rs/issues/2000
cpu/linalg_batched,batched_triangular_solve,f64,1,"1024x2x2,rhs=1",tenferro-direct,0.075232,0.000331,pytorch-cpu,0.065784,0.000951,1.1436215493129027,#1884 #1878 #2000,#1884:OPEN #1878:CLOSED #2000:OPEN,batch-linalg cluster,short isolated-clock diagnostic,data/results/amd-cpu/cpu/public_api/20261008_060822/cpu_public_api_t1_20261008_060822.csv,https://github.com/tensor4all/tenferro-rs/issues/1884 https://github.com/tensor4all/tenferro-rs/issues/1878 https://github.com/tensor4all/tenferro-rs/issues/2000
small,svd,f64,1,8x8,tenferro-trace,0.023126,9.2e-05,pytorch-cpu,0.020226,4.3e-05,1.143379808167705,#1904 #1762,#1904:OPEN #1762:CLOSED,small-call cluster,unconfirmed observation,data/results/amd-cpu/cpu/einsum/20261008_044146/cpu_ops_t1_20261008_044146.csv,https://github.com/tensor4all/tenferro-rs/issues/1904 https://github.com/tensor4all/tenferro-rs/issues/1762
cpu/linalg_uncovered,svd_full,f64,4,768x384,tenferro-trace,29.802012,2.92121,pytorch-cpu,26.090905,0.063069,1.1422375728247067,#1956 #1660,#1956:OPEN #1660:OPEN,related provider/extraction issues; no focused gap issue verified,unconfirmed observation,data/results/amd-cpu/cpu/public_api/20261008_060822/cpu_public_api_t4_20261008_060822.csv,https://github.com/tensor4all/tenferro-rs/issues/1956 https://github.com/tensor4all/tenferro-rs/issues/1660
large,grad_sum_matmul_backward,f64,1,128x128,tenferro-trace,0.490066,0.001431,jax-cpu,0.429172,0.023277,1.1418871687808152,#1328 #1803,#1328:CLOSED #1803:OPEN,AD cluster; #1803 primarily eager,unconfirmed observation,data/results/amd-cpu/cpu/einsum/20261008_044146/cpu_ops_t1_20261008_044146.csv,https://github.com/tensor4all/tenferro-rs/issues/1328 https://github.com/tensor4all/tenferro-rs/issues/1803
batched,batched_svd,f64,4,4x4xbatch16 (native batch layout),tenferro-trace,0.083287,9.4e-05,pytorch-cpu,0.072973,0.000388,1.1413399476518713,#1878 #2000,#1878:CLOSED #2000:OPEN,batch-linalg cluster,unconfirmed observation,data/results/amd-cpu/cpu/einsum/20261008_053424/cpu_ops_t4_20261008_053424.csv,https://github.com/tensor4all/tenferro-rs/issues/1878 https://github.com/tensor4all/tenferro-rs/issues/2000
cpu/einsum,str_mps_varying_inner_product_200 / opt_flops,f64 (see instance),4,see instance JSON,tenferro-rs trace mode (ms),15.989,,PyTorch Python (ms),14.009,,1.1413377114711971,#1865 #1899 #1904 #975,#1865:OPEN #1899:OPEN #1904:OPEN #975:CLOSED,related contraction/planning cluster,unconfirmed observation,data/results/amd-cpu/cpu/einsum/20261008_053424/einsum_table_t4_20261008_053424.md,https://github.com/tensor4all/tenferro-rs/issues/1865 https://github.com/tensor4all/tenferro-rs/issues/1899 https://github.com/tensor4all/tenferro-rs/issues/1904 https://github.com/tensor4all/tenferro-rs/issues/975
cpu/linalg_batch_families,batched_eigh,c64,4,1024x4x4,tenferro-trace,2.301012,0.40874,jax-cpu,2.017769,0.15894,1.1403743441394927,#1878 #2000,#1878:CLOSED #2000:OPEN,batch-linalg cluster,unconfirmed observation,data/results/amd-cpu/cpu/public_api/20261008_060822/cpu_public_api_t4_20261008_060822.csv,https://github.com/tensor4all/tenferro-rs/issues/1878 https://github.com/tensor4all/tenferro-rs/issues/2000
large,solve,f64,1,"1024x1024,rhs=1",tenferro-eager,25.679029,0.036639,jax-cpu,22.534989,0.379876,1.139518151084964,#1927,#1927:OPEN,umbrella only; no focused gap issue verified,unconfirmed observation,data/results/amd-cpu/cpu/einsum/20261008_044146/cpu_ops_t1_20261008_044146.csv,https://github.com/tensor4all/tenferro-rs/issues/1927
cpu/einsum,str_nw_mera_closed_120 / opt_flops,f64 (see instance),4,see instance JSON,tenferro-rs trace mode (ms),571.352,,JAX Python (XLA CPU dot) (ms),501.404,,1.1395042720042121,#1865 #1899 #1904 #975,#1865:OPEN #1899:OPEN #1904:OPEN #975:CLOSED,related contraction/planning cluster,unconfirmed observation,data/results/amd-cpu/cpu/einsum/20261008_053424/einsum_table_t4_20261008_053424.md,https://github.com/tensor4all/tenferro-rs/issues/1865 https://github.com/tensor4all/tenferro-rs/issues/1899 https://github.com/tensor4all/tenferro-rs/issues/1904 https://github.com/tensor4all/tenferro-rs/issues/975
cpu/linalg_batch_families,batched_svd,c64,1,1024x4x4,tenferro-direct,6.204663,0.030287,jax-cpu,5.447658,0.053841,1.1389597144314125,#1878 #2000,#1878:CLOSED #2000:OPEN,batch-linalg cluster,unconfirmed observation,data/results/amd-cpu/cpu/public_api/20261008_060822/cpu_public_api_t1_20261008_060822.csv,https://github.com/tensor4all/tenferro-rs/issues/1878 https://github.com/tensor4all/tenferro-rs/issues/2000
batched,batched_matmul_ikb_kjb_ijb,f64,4,2x2xbatch64 (native batch layout),tenferro-trace,0.014913,4e-05,pytorch-cpu,0.013095,0.000121,1.1388316151202749,#1878 #2000,#1878:CLOSED #2000:OPEN,batch-linalg cluster,unconfirmed observation,data/results/amd-cpu/cpu/einsum/20261008_053424/cpu_ops_t4_20261008_053424.csv,https://github.com/tensor4all/tenferro-rs/issues/1878 https://github.com/tensor4all/tenferro-rs/issues/2000
cpu/elementwise_reduction,reduce_max_axis0,f64,4,2048x2048,tenferro-trace,0.625448,0.033292,jax-cpu,0.549514,0.029325,1.1381839225206274,#1719 #1001,#1719:CLOSED #1001:CLOSED,historical cluster,short isolated-clock diagnostic,data/results/amd-cpu/cpu/public_api/20261008_060822/cpu_public_api_t4_20261008_060822.csv,https://github.com/tensor4all/tenferro-rs/issues/1719 https://github.com/tensor4all/tenferro-rs/issues/1001
small,svd,f64,4,8x8,tenferro-trace,0.022956,5.3e-05,pytorch-cpu,0.020182,4e-05,1.1374492121692599,#1904 #1762,#1904:OPEN #1762:CLOSED,small-call cluster,unconfirmed observation,data/results/amd-cpu/cpu/einsum/20261008_053424/cpu_ops_t4_20261008_053424.csv,https://github.com/tensor4all/tenferro-rs/issues/1904 https://github.com/tensor4all/tenferro-rs/issues/1762
small,grad_sum_svd_s_backward,f64,4,16x16,tenferro-trace,0.068489,0.000107,jax-cpu,0.060224,0.001988,1.1372376461211475,#1328 #1803,#1328:CLOSED #1803:OPEN,AD cluster; #1803 primarily eager,unconfirmed observation,data/results/amd-cpu/cpu/einsum/20261008_053424/cpu_ops_t4_20261008_053424.csv,https://github.com/tensor4all/tenferro-rs/issues/1328 https://github.com/tensor4all/tenferro-rs/issues/1803
small,eigh,f64,4,8x8,tenferro-trace,0.013968,3.1e-05,pytorch-cpu,0.012289,7.6e-05,1.1366262511188867,#1904 #1762,#1904:OPEN #1762:CLOSED,small-call cluster,unconfirmed observation,data/results/amd-cpu/cpu/einsum/20261008_053424/cpu_ops_t4_20261008_053424.csv,https://github.com/tensor4all/tenferro-rs/issues/1904 https://github.com/tensor4all/tenferro-rs/issues/1762
cpu/linalg_batch_families,batched_qr,f64,1,1024x4x4,tenferro-direct,0.603957,0.004078,pytorch-cpu,0.531841,0.004819,1.1355969171237268,#1878 #2000,#1878:CLOSED #2000:OPEN,batch-linalg cluster,short isolated-clock diagnostic,data/results/amd-cpu/cpu/public_api/20261008_060822/cpu_public_api_t1_20261008_060822.csv,https://github.com/tensor4all/tenferro-rs/issues/1878 https://github.com/tensor4all/tenferro-rs/issues/2000
large,qr,f64,1,256x256,tenferro-trace,3.144961,0.011782,jax-cpu,2.770866,0.121439,1.1350101376248436,#1927,#1927:OPEN,umbrella only; no focused gap issue verified,unconfirmed observation,data/results/amd-cpu/cpu/einsum/20261008_044146/cpu_ops_t1_20261008_044146.csv,https://github.com/tensor4all/tenferro-rs/issues/1927
batched,batched_svd,f64,1,4x4xbatch64 (native batch layout),tenferro-eager,0.301913,0.000819,jax-cpu,0.266051,0.008267,1.134793704966341,#1878 #2000,#1878:CLOSED #2000:OPEN,batch-linalg cluster,unconfirmed observation,data/results/amd-cpu/cpu/einsum/20261008_044146/cpu_ops_t1_20261008_044146.csv,https://github.com/tensor4all/tenferro-rs/issues/1878 https://github.com/tensor4all/tenferro-rs/issues/2000
cpu/linalg_uncovered,lu,f64,1,1024x1024,tenferro-trace,28.535117,0.301587,julia-base,25.149763,11.659193,1.1346077893457684,#1956 #1660,#1956:OPEN #1660:OPEN,related provider/extraction issues; no focused gap issue verified,unconfirmed observation,data/results/amd-cpu/cpu/public_api/20261008_060822/cpu_public_api_t1_20261008_060822.csv,https://github.com/tensor4all/tenferro-rs/issues/1956 https://github.com/tensor4all/tenferro-rs/issues/1660
cpu/elementwise_reduction,clamp,f64,1,8388608,tenferro-direct,23.205041,0.781813,pytorch-cpu,20.46343,0.197733,1.1339761222825304,#1927,#1927:OPEN,umbrella only; no focused gap issue verified,excluded: timed session entry,data/results/amd-cpu/cpu/public_api/20261008_060822/cpu_public_api_t1_20261008_060822.csv,https://github.com/tensor4all/tenferro-rs/issues/1927
cpu/linalg_batch_families,batched_eigvalsh,f64,1,1024x4x4,tenferro-trace,1.184991,0.018975,pytorch-cpu,1.045358,0.007044,1.1335743352994858,#1878 #2000,#1878:CLOSED #2000:OPEN,batch-linalg cluster,unconfirmed observation,data/results/amd-cpu/cpu/public_api/20261008_060822/cpu_public_api_t1_20261008_060822.csv,https://github.com/tensor4all/tenferro-rs/issues/1878 https://github.com/tensor4all/tenferro-rs/issues/2000
batched,batched_matmul_ikb_kjb_ijb,f64,4,4x4xbatch1024 (native batch layout),tenferro-eager,0.070857,0.000225,pytorch-cpu,0.062538,0.006759,1.1330231219418594,#1878 #2000,#1878:CLOSED #2000:OPEN,batch-linalg cluster,unconfirmed observation,data/results/amd-cpu/cpu/einsum/20261008_053424/cpu_ops_t4_20261008_053424.csv,https://github.com/tensor4all/tenferro-rs/issues/1878 https://github.com/tensor4all/tenferro-rs/issues/2000
large,qr,f64,1,256x256,tenferro-eager,3.13933,0.022467,jax-cpu,2.770866,0.121439,1.1329779209821047,#1927,#1927:OPEN,umbrella only; no focused gap issue verified,unconfirmed observation,data/results/amd-cpu/cpu/einsum/20261008_044146/cpu_ops_t1_20261008_044146.csv,https://github.com/tensor4all/tenferro-rs/issues/1927
large,grad_sum_solve_vjp,f64,1,"256x256,rhs=1",tenferro-trace,0.705469,0.006416,jax-cpu,0.622986,0.002821,1.1323994439682432,#1328 #1803,#1328:CLOSED #1803:OPEN,AD cluster; #1803 primarily eager,unconfirmed observation,data/results/amd-cpu/cpu/einsum/20261008_044146/cpu_ops_t1_20261008_044146.csv,https://github.com/tensor4all/tenferro-rs/issues/1328 https://github.com/tensor4all/tenferro-rs/issues/1803
cpu/complex,mul,c64,1,8388608,tenferro-trace,41.129831,1.74205,pytorch-cpu,36.328481,0.555116,1.1321648983892283,#1900 #1660,#1900:OPEN #1660:OPEN,related provider issues; #1900 is Apple-specific,unconfirmed observation,data/results/amd-cpu/cpu/public_api/20261008_060822/cpu_public_api_t1_20261008_060822.csv,https://github.com/tensor4all/tenferro-rs/issues/1900 https://github.com/tensor4all/tenferro-rs/issues/1660
cpu/elementwise_reduction,reduce_max_axis0,f64,4,2048x2048,tenferro-direct,0.6218,0.041407,jax-cpu,0.549514,0.029325,1.1315453291453905,#1719 #1001,#1719:CLOSED #1001:CLOSED,historical cluster,excluded: timed session entry,data/results/amd-cpu/cpu/public_api/20261008_060822/cpu_public_api_t4_20261008_060822.csv,https://github.com/tensor4all/tenferro-rs/issues/1719 https://github.com/tensor4all/tenferro-rs/issues/1001
small,solve,f64,1,"32x32,rhs=1",tenferro-eager,0.014083,2.5e-05,jax-cpu,0.012448,0.000724,1.1313464010282777,#1904 #1762,#1904:OPEN #1762:CLOSED,small-call cluster,unconfirmed observation,data/results/amd-cpu/cpu/einsum/20261008_044146/cpu_ops_t1_20261008_044146.csv,https://github.com/tensor4all/tenferro-rs/issues/1904 https://github.com/tensor4all/tenferro-rs/issues/1762
batched,batched_svd,f64,1,4x4xbatch256 (native batch layout),tenferro-trace,1.191726,0.002009,jax-cpu,1.053576,0.033377,1.131124854780291,#1878 #2000,#1878:CLOSED #2000:OPEN,batch-linalg cluster,unconfirmed observation,data/results/amd-cpu/cpu/einsum/20261008_044146/cpu_ops_t1_20261008_044146.csv,https://github.com/tensor4all/tenferro-rs/issues/1878 https://github.com/tensor4all/tenferro-rs/issues/2000
cpu/elementwise_reduction,sqrt,f64,1,33554432,tenferro-trace,77.517784,1.854612,jax-cpu,68.539639,2.795955,1.1309920088724135,#1927,#1927:OPEN,umbrella only; no focused gap issue verified,unconfirmed observation,data/results/amd-cpu/cpu/public_api/20261008_060822/cpu_public_api_t1_20261008_060822.csv,https://github.com/tensor4all/tenferro-rs/issues/1927
cpu/linalg_batch_families,batched_eigh,f64,4,4x8x8,tenferro-direct,0.033833,0.00016,pytorch-cpu,0.029917,0.00019,1.130895477487716,#1878 #2000,#1878:CLOSED #2000:OPEN,batch-linalg cluster,short isolated-clock diagnostic,data/results/amd-cpu/cpu/public_api/20261008_060822/cpu_public_api_t4_20261008_060822.csv,https://github.com/tensor4all/tenferro-rs/issues/1878 https://github.com/tensor4all/tenferro-rs/issues/2000
batched,batched_svd,f64,4,2x2xbatch16 (native batch layout),tenferro-eager,0.027147,0.000248,pytorch-cpu,0.024007,0.000237,1.1307951847377848,#1878 #2000,#1878:CLOSED #2000:OPEN,batch-linalg cluster,unconfirmed observation,data/results/amd-cpu/cpu/einsum/20261008_053424/cpu_ops_t4_20261008_053424.csv,https://github.com/tensor4all/tenferro-rs/issues/1878 https://github.com/tensor4all/tenferro-rs/issues/2000
cpu/einsum,bin_permuted_r4_abcd_dbef_acef_d32 / opt_flops,f64 (see instance),1,see instance JSON,tenferro-rs eager mode (ms),61.233,,OMEinsum.jl OpenBLAS (ms),54.196,,1.1298435308878885,#1865 #1899 #1904 #975,#1865:OPEN #1899:OPEN #1904:OPEN #975:CLOSED,related contraction/planning cluster,unconfirmed observation,data/results/amd-cpu/cpu/einsum/20261008_044146/einsum_table_t1_20261008_044146.md,https://github.com/tensor4all/tenferro-rs/issues/1865 https://github.com/tensor4all/tenferro-rs/issues/1899 https://github.com/tensor4all/tenferro-rs/issues/1904 https://github.com/tensor4all/tenferro-rs/issues/975
cpu/einsum,bin_permuted_r4_abcd_dbef_acef_d32 / opt_size,f64 (see instance),1,see instance JSON,tenferro-rs eager mode (ms),61.233,,OMEinsum.jl OpenBLAS (ms),54.196,,1.1298435308878885,#1865 #1899 #1904 #975,#1865:OPEN #1899:OPEN #1904:OPEN #975:CLOSED,related contraction/planning cluster,unconfirmed observation,data/results/amd-cpu/cpu/einsum/20261008_044146/einsum_table_t1_20261008_044146.md,https://github.com/tensor4all/tenferro-rs/issues/1865 https://github.com/tensor4all/tenferro-rs/issues/1899 https://github.com/tensor4all/tenferro-rs/issues/1904 https://github.com/tensor4all/tenferro-rs/issues/975
batched,batched_svd,f64,4,4x4xbatch64 (native batch layout),tenferro-trace,0.303423,0.000486,pytorch-cpu,0.2687,0.000764,1.1292259024934872,#1878 #2000,#1878:CLOSED #2000:OPEN,batch-linalg cluster,unconfirmed observation,data/results/amd-cpu/cpu/einsum/20261008_053424/cpu_ops_t4_20261008_053424.csv,https://github.com/tensor4all/tenferro-rs/issues/1878 https://github.com/tensor4all/tenferro-rs/issues/2000
cpu/indexing_layout,dynamic_update_slice,f64,1,2097152,tenferro-direct,0.847696,0.017774,jax-cpu,0.750844,0.008977,1.128990842305459,#1482 #1719 #1512,#1482:CLOSED #1719:CLOSED #1512:CLOSED,historical indexing cluster,excluded: timed session entry,data/results/amd-cpu/cpu/public_api/20261008_060822/cpu_public_api_t1_20261008_060822.csv,https://github.com/tensor4all/tenferro-rs/issues/1482 https://github.com/tensor4all/tenferro-rs/issues/1719 https://github.com/tensor4all/tenferro-rs/issues/1512
batched,batched_qr,f64,4,4x4xbatch16 (native batch layout),tenferro-eager,0.015433,6.1e-05,pytorch-cpu,0.01367,9.8e-05,1.1289685442574982,#1878 #2000,#1878:CLOSED #2000:OPEN,batch-linalg cluster,unconfirmed observation,data/results/amd-cpu/cpu/einsum/20261008_053424/cpu_ops_t4_20261008_053424.csv,https://github.com/tensor4all/tenferro-rs/issues/1878 https://github.com/tensor4all/tenferro-rs/issues/2000
small,eigh,f64,1,8x8,tenferro-trace,0.013935,3e-05,pytorch-cpu,0.012344,9.3e-05,1.1288885288399222,#1904 #1762,#1904:OPEN #1762:CLOSED,small-call cluster,unconfirmed observation,data/results/amd-cpu/cpu/einsum/20261008_044146/cpu_ops_t1_20261008_044146.csv,https://github.com/tensor4all/tenferro-rs/issues/1904 https://github.com/tensor4all/tenferro-rs/issues/1762
cpu/linalg_batch_families,batched_solve,f64,1,"1024x4x4,rhs=1",tenferro-direct,0.133912,0.000711,pytorch-cpu,0.118683,0.000692,1.128316608107311,#1884 #1878 #2000,#1884:OPEN #1878:CLOSED #2000:OPEN,batch-linalg cluster,short isolated-clock diagnostic,data/results/amd-cpu/cpu/public_api/20261008_060822/cpu_public_api_t1_20261008_060822.csv,https://github.com/tensor4all/tenferro-rs/issues/1884 https://github.com/tensor4all/tenferro-rs/issues/1878 https://github.com/tensor4all/tenferro-rs/issues/2000
cpu/linalg_batch_families,batched_svd,c64,1,1x64x24,tenferro-trace,0.229272,0.009247,jax-cpu,0.203263,0.002485,1.1279573754200223,#1878 #2000,#1878:CLOSED #2000:OPEN,batch-linalg cluster,short isolated-clock diagnostic,data/results/amd-cpu/cpu/public_api/20261008_060822/cpu_public_api_t1_20261008_060822.csv,https://github.com/tensor4all/tenferro-rs/issues/1878 https://github.com/tensor4all/tenferro-rs/issues/2000
batched,batched_svd,f64,1,4x4xbatch256 (native batch layout),tenferro-eager,1.188224,0.001932,jax-cpu,1.053576,0.033377,1.127800936999324,#1878 #2000,#1878:CLOSED #2000:OPEN,batch-linalg cluster,unconfirmed observation,data/results/amd-cpu/cpu/einsum/20261008_044146/cpu_ops_t1_20261008_044146.csv,https://github.com/tensor4all/tenferro-rs/issues/1878 https://github.com/tensor4all/tenferro-rs/issues/2000
cpu/linalg_batch_families,batched_svdvals,f64,4,4x8x8,tenferro-direct,0.031089,0.000141,pytorch-cpu,0.027572,0.000221,1.12755694182504,#1878 #2000,#1878:CLOSED #2000:OPEN,batch-linalg cluster,short isolated-clock diagnostic,data/results/amd-cpu/cpu/public_api/20261008_060822/cpu_public_api_t4_20261008_060822.csv,https://github.com/tensor4all/tenferro-rs/issues/1878 https://github.com/tensor4all/tenferro-rs/issues/2000
batched,batched_svd,f64,1,2x2xbatch16 (native batch layout),tenferro-eager,0.027981,9.7e-05,pytorch-cpu,0.024824,4.9e-05,1.1271753142120529,#1878 #2000,#1878:CLOSED #2000:OPEN,batch-linalg cluster,unconfirmed observation,data/results/amd-cpu/cpu/einsum/20261008_044146/cpu_ops_t1_20261008_044146.csv,https://github.com/tensor4all/tenferro-rs/issues/1878 https://github.com/tensor4all/tenferro-rs/issues/2000
small,grad_sum_svd_s_jvp,f64,4,32x32,tenferro-trace,0.183312,0.000633,jax-cpu,0.162657,0.001996,1.12698500525646,#1328 #1803,#1328:CLOSED #1803:OPEN,AD cluster; #1803 primarily eager,unconfirmed observation,data/results/amd-cpu/cpu/einsum/20261008_053424/cpu_ops_t4_20261008_053424.csv,https://github.com/tensor4all/tenferro-rs/issues/1328 https://github.com/tensor4all/tenferro-rs/issues/1803
cpu/linalg_batch_families,batched_eigvalsh,f64,4,1024x4x4,tenferro-trace,1.180042,0.014157,pytorch-cpu,1.047773,0.001453,1.126238221446821,#1878 #2000,#1878:CLOSED #2000:OPEN,batch-linalg cluster,unconfirmed observation,data/results/amd-cpu/cpu/public_api/20261008_060822/cpu_public_api_t4_20261008_060822.csv,https://github.com/tensor4all/tenferro-rs/issues/1878 https://github.com/tensor4all/tenferro-rs/issues/2000
batched,batched_svd,f64,4,4x4xbatch256 (native batch layout),tenferro-trace,1.189106,0.00128,pytorch-cpu,1.056562,0.002172,1.1254483882630646,#1878 #2000,#1878:CLOSED #2000:OPEN,batch-linalg cluster,unconfirmed observation,data/results/amd-cpu/cpu/einsum/20261008_053424/cpu_ops_t4_20261008_053424.csv,https://github.com/tensor4all/tenferro-rs/issues/1878 https://github.com/tensor4all/tenferro-rs/issues/2000
batched,batched_svd,f64,1,4x4xbatch1024 (native batch layout),tenferro-trace,4.740489,0.008426,jax-cpu,4.212991,0.126233,1.1252074832345953,#1878 #2000,#1878:CLOSED #2000:OPEN,batch-linalg cluster,unconfirmed observation,data/results/amd-cpu/cpu/einsum/20261008_044146/cpu_ops_t1_20261008_044146.csv,https://github.com/tensor4all/tenferro-rs/issues/1878 https://github.com/tensor4all/tenferro-rs/issues/2000
batched,batched_qr,f64,1,8x8xbatch16 (native batch layout),tenferro-trace,0.029748,5.7e-05,pytorch-cpu,0.026444,8.1e-05,1.124943276357586,#1878 #2000,#1878:CLOSED #2000:OPEN,batch-linalg cluster,unconfirmed observation,data/results/amd-cpu/cpu/einsum/20261008_044146/cpu_ops_t1_20261008_044146.csv,https://github.com/tensor4all/tenferro-rs/issues/1878 https://github.com/tensor4all/tenferro-rs/issues/2000
batched,batched_svd,f64,1,8x8xbatch256 (native batch layout),tenferro-trace,3.835881,0.006657,jax-cpu,3.411993,0.093797,1.1242347214663102,#1878 #2000,#1878:CLOSED #2000:OPEN,batch-linalg cluster,unconfirmed observation,data/results/amd-cpu/cpu/einsum/20261008_044146/cpu_ops_t1_20261008_044146.csv,https://github.com/tensor4all/tenferro-rs/issues/1878 https://github.com/tensor4all/tenferro-rs/issues/2000
small,solve,f64,1,"32x32,rhs=4",tenferro-trace,0.018816,3.2e-05,jax-cpu,0.016747,0.003246,1.1235445154356003,#1904 #1762,#1904:OPEN #1762:CLOSED,small-call cluster,unconfirmed observation,data/results/amd-cpu/cpu/einsum/20261008_044146/cpu_ops_t1_20261008_044146.csv,https://github.com/tensor4all/tenferro-rs/issues/1904 https://github.com/tensor4all/tenferro-rs/issues/1762
batched,batched_svd,f64,1,4x4xbatch1024 (native batch layout),tenferro-eager,4.731762,0.007855,jax-cpu,4.212991,0.126233,1.123136033283717,#1878 #2000,#1878:CLOSED #2000:OPEN,batch-linalg cluster,unconfirmed observation,data/results/amd-cpu/cpu/einsum/20261008_044146/cpu_ops_t1_20261008_044146.csv,https://github.com/tensor4all/tenferro-rs/issues/1878 https://github.com/tensor4all/tenferro-rs/issues/2000
cpu/linalg_batch_families,batched_eigvalsh,f64,1,8x32x32,tenferro-trace,0.30261,0.010952,pytorch-cpu,0.269597,0.002384,1.1224531430245885,#1878 #2000,#1878:CLOSED #2000:OPEN,batch-linalg cluster,short isolated-clock diagnostic,data/results/amd-cpu/cpu/public_api/20261008_060822/cpu_public_api_t1_20261008_060822.csv,https://github.com/tensor4all/tenferro-rs/issues/1878 https://github.com/tensor4all/tenferro-rs/issues/2000
large,eigh,f64,1,256x256,tenferro-eager,7.576673,0.017783,jax-cpu,6.760175,0.193744,1.1207806010939065,#1927,#1927:OPEN,umbrella only; no focused gap issue verified,unconfirmed observation,data/results/amd-cpu/cpu/einsum/20261008_044146/cpu_ops_t1_20261008_044146.csv,https://github.com/tensor4all/tenferro-rs/issues/1927
cpu/linalg_batched,batched_triangular_solve,f64,1,"1024x4x4,rhs=1",tenferro-direct,0.090561,0.005901,pytorch-cpu,0.080812,0.000852,1.1206380240558333,#1884 #1878 #2000,#1884:OPEN #1878:CLOSED #2000:OPEN,batch-linalg cluster,short isolated-clock diagnostic,data/results/amd-cpu/cpu/public_api/20261008_060822/cpu_public_api_t1_20261008_060822.csv,https://github.com/tensor4all/tenferro-rs/issues/1884 https://github.com/tensor4all/tenferro-rs/issues/1878 https://github.com/tensor4all/tenferro-rs/issues/2000
small,qr,f64,4,2x2,tenferro-eager,0.005993,7e-06,pytorch-cpu,0.005348,0.000184,1.1206058339566192,#1904 #1762,#1904:OPEN #1762:CLOSED,small-call cluster,unconfirmed observation,data/results/amd-cpu/cpu/einsum/20261008_053424/cpu_ops_t4_20261008_053424.csv,https://github.com/tensor4all/tenferro-rs/issues/1904 https://github.com/tensor4all/tenferro-rs/issues/1762
batched,batched_svd,f64,1,8x8xbatch256 (native batch layout),tenferro-eager,3.816805,0.007129,jax-cpu,3.411993,0.093797,1.1186438541931358,#1878 #2000,#1878:CLOSED #2000:OPEN,batch-linalg cluster,unconfirmed observation,data/results/amd-cpu/cpu/einsum/20261008_044146/cpu_ops_t1_20261008_044146.csv,https://github.com/tensor4all/tenferro-rs/issues/1878 https://github.com/tensor4all/tenferro-rs/issues/2000
large,eigh,f64,1,256x256,tenferro-trace,7.561414,0.029345,jax-cpu,6.760175,0.193744,1.1185234110063718,#1927,#1927:OPEN,umbrella only; no focused gap issue verified,unconfirmed observation,data/results/amd-cpu/cpu/einsum/20261008_044146/cpu_ops_t1_20261008_044146.csv,https://github.com/tensor4all/tenferro-rs/issues/1927
batched,batched_svd,f64,4,4x4xbatch256 (native batch layout),tenferro-eager,1.181295,0.000541,pytorch-cpu,1.056562,0.002172,1.1180555424101946,#1878 #2000,#1878:CLOSED #2000:OPEN,batch-linalg cluster,unconfirmed observation,data/results/amd-cpu/cpu/einsum/20261008_053424/cpu_ops_t4_20261008_053424.csv,https://github.com/tensor4all/tenferro-rs/issues/1878 https://github.com/tensor4all/tenferro-rs/issues/2000
batched,grad_sum_batched_matmul_backward,f64,1,4x4xbatch256 (native batch layout),tenferro-trace,0.129054,0.000342,jax-cpu,0.115455,0.00281,1.1177861504482265,#1328 #1803,#1328:CLOSED #1803:OPEN,AD cluster; #1803 primarily eager,unconfirmed observation,data/results/amd-cpu/cpu/einsum/20261008_044146/cpu_ops_t1_20261008_044146.csv,https://github.com/tensor4all/tenferro-rs/issues/1328 https://github.com/tensor4all/tenferro-rs/issues/1803
batched,grad_sum_batched_matmul_backward,f64,4,4x4xbatch64 (native batch layout),tenferro-trace,0.052122,0.000732,jax-cpu,0.046631,0.00205,1.117754283631061,#1328 #1803,#1328:CLOSED #1803:OPEN,AD cluster; #1803 primarily eager,unconfirmed observation,data/results/amd-cpu/cpu/einsum/20261008_053424/cpu_ops_t4_20261008_053424.csv,https://github.com/tensor4all/tenferro-rs/issues/1328 https://github.com/tensor4all/tenferro-rs/issues/1803
cpu/elementwise_reduction,reduce_prod_axis0,f64,1,2048x2048,tenferro-direct,0.715677,0.1332,julia-base,0.640356,0.052319,1.117623634353391,#1719 #1001,#1719:CLOSED #1001:CLOSED,historical cluster,excluded: timed session entry,data/results/amd-cpu/cpu/public_api/20261008_060822/cpu_public_api_t1_20261008_060822.csv,https://github.com/tensor4all/tenferro-rs/issues/1719 https://github.com/tensor4all/tenferro-rs/issues/1001
cpu/elementwise_reduction,clamp,f64,1,8388608,tenferro-trace,22.863138,0.258978,pytorch-cpu,20.46343,0.197733,1.1172681217176201,#1927,#1927:OPEN,umbrella only; no focused gap issue verified,unconfirmed observation,data/results/amd-cpu/cpu/public_api/20261008_060822/cpu_public_api_t1_20261008_060822.csv,https://github.com/tensor4all/tenferro-rs/issues/1927
batched,batched_svd,f64,4,4x4xbatch64 (native batch layout),tenferro-eager,0.300128,0.000483,pytorch-cpu,0.2687,0.000764,1.116963155935988,#1878 #2000,#1878:CLOSED #2000:OPEN,batch-linalg cluster,unconfirmed observation,data/results/amd-cpu/cpu/einsum/20261008_053424/cpu_ops_t4_20261008_053424.csv,https://github.com/tensor4all/tenferro-rs/issues/1878 https://github.com/tensor4all/tenferro-rs/issues/2000
large,grad_sum_svd_s_backward,f64,1,1024x1024,tenferro-trace,681.870418,2.59226,jax-cpu,611.028608,3.764527,1.1159386141213212,#1328 #1803,#1328:CLOSED #1803:OPEN,AD cluster; #1803 primarily eager,unconfirmed observation,data/results/amd-cpu/cpu/einsum/20261008_044146/cpu_ops_t1_20261008_044146.csv,https://github.com/tensor4all/tenferro-rs/issues/1328 https://github.com/tensor4all/tenferro-rs/issues/1803
cpu/complex,div,c64,4,8388608,tenferro-direct,19.567803,0.598967,pytorch-cpu,17.536268,0.164259,1.1158476250477012,#1900 #1660,#1900:OPEN #1660:OPEN,related provider issues; #1900 is Apple-specific,excluded: timed session entry,data/results/amd-cpu/cpu/public_api/20261008_060822/cpu_public_api_t4_20261008_060822.csv,https://github.com/tensor4all/tenferro-rs/issues/1900 https://github.com/tensor4all/tenferro-rs/issues/1660
cpu/linalg_batch_families,batched_svd,c64,4,1x32x32,tenferro-direct,0.259889,0.008226,jax-cpu,0.232989,0.041679,1.1154560944937313,#1878 #2000,#1878:CLOSED #2000:OPEN,batch-linalg cluster,short isolated-clock diagnostic,data/results/amd-cpu/cpu/public_api/20261008_060822/cpu_public_api_t4_20261008_060822.csv,https://github.com/tensor4all/tenferro-rs/issues/1878 https://github.com/tensor4all/tenferro-rs/issues/2000
cpu/complex,mul,c64,4,8388608,tenferro-direct,14.638171,0.570214,pytorch-cpu,13.12373,0.222078,1.1153971470001287,#1900 #1660,#1900:OPEN #1660:OPEN,related provider issues; #1900 is Apple-specific,excluded: timed session entry,data/results/amd-cpu/cpu/public_api/20261008_060822/cpu_public_api_t4_20261008_060822.csv,https://github.com/tensor4all/tenferro-rs/issues/1900 https://github.com/tensor4all/tenferro-rs/issues/1660
small,qr,f64,1,16x16,tenferro-eager,0.010366,2.4e-05,pytorch-cpu,0.009294,0.000183,1.1153432321928125,#1904 #1762,#1904:OPEN #1762:CLOSED,small-call cluster,unconfirmed observation,data/results/amd-cpu/cpu/einsum/20261008_044146/cpu_ops_t1_20261008_044146.csv,https://github.com/tensor4all/tenferro-rs/issues/1904 https://github.com/tensor4all/tenferro-rs/issues/1762
cpu/linalg_batch_families,batched_eigh,c64,4,1024x4x4,tenferro-direct,2.250136,0.015539,jax-cpu,2.017769,0.15894,1.115160357801116,#1878 #2000,#1878:CLOSED #2000:OPEN,batch-linalg cluster,unconfirmed observation,data/results/amd-cpu/cpu/public_api/20261008_060822/cpu_public_api_t4_20261008_060822.csv,https://github.com/tensor4all/tenferro-rs/issues/1878 https://github.com/tensor4all/tenferro-rs/issues/2000
cpu/perf_issues,conj_dot_c64_dot-general-rank1_len100,c64,1,"{'len': 100, 'kind': 'rank1_dot', 'arm': 'dot-general-rank1', 'dtype': 'c64'}",dot-general-rank1,0.00139787646484375,,pytorch-cpu,0.00125363525390625,,1.1150583556804528,#1615,#1615:OPEN,explicit workload issue IDs,screening only: original PyTorch retention-list growth timed,data/results/amd-cpu/cpu/perf_issues/20261008_063605/samples_t1.jsonl,https://github.com/tensor4all/tenferro-rs/issues/1615
cpu/linalg_uncovered,pinv_with_rtol,f64,4,512x256,tenferro-trace,14.444115,1.013559,pytorch-cpu,12.954471,0.036689,1.114990724051951,#1956 #1660,#1956:OPEN #1660:OPEN,related provider/extraction issues; no focused gap issue verified,unconfirmed observation,data/results/amd-cpu/cpu/public_api/20261008_060822/cpu_public_api_t4_20261008_060822.csv,https://github.com/tensor4all/tenferro-rs/issues/1956 https://github.com/tensor4all/tenferro-rs/issues/1660
small,solve,f64,1,"16x16,rhs=4",tenferro-trace,0.011971,1.4e-05,jax-cpu,0.010743,6.1e-05,1.1143069905985292,#1904 #1762,#1904:OPEN #1762:CLOSED,small-call cluster,unconfirmed observation,data/results/amd-cpu/cpu/einsum/20261008_044146/cpu_ops_t1_20261008_044146.csv,https://github.com/tensor4all/tenferro-rs/issues/1904 https://github.com/tensor4all/tenferro-rs/issues/1762
batched,batched_matmul_ikb_kjb_ijb,f64,1,16x16xbatch256 (native batch layout),tenferro-eager,0.193427,0.001538,jax-cpu,0.17359,0.019145,1.1142750158419263,#1878 #2000,#1878:CLOSED #2000:OPEN,batch-linalg cluster,unconfirmed observation,data/results/amd-cpu/cpu/einsum/20261008_044146/cpu_ops_t1_20261008_044146.csv,https://github.com/tensor4all/tenferro-rs/issues/1878 https://github.com/tensor4all/tenferro-rs/issues/2000
cpu/complex,div,c64,4,8388608,tenferro-trace,19.538869,0.155053,pytorch-cpu,17.536268,0.164259,1.1141976730738832,#1900 #1660,#1900:OPEN #1660:OPEN,related provider issues; #1900 is Apple-specific,unconfirmed observation,data/results/amd-cpu/cpu/public_api/20261008_060822/cpu_public_api_t4_20261008_060822.csv,https://github.com/tensor4all/tenferro-rs/issues/1900 https://github.com/tensor4all/tenferro-rs/issues/1660
small,solve,f64,1,"16x16,rhs=1",tenferro-trace,0.011245,4.1e-05,jax-cpu,0.010096,0.000104,1.1138074484944531,#1904 #1762,#1904:OPEN #1762:CLOSED,small-call cluster,unconfirmed observation,data/results/amd-cpu/cpu/einsum/20261008_044146/cpu_ops_t1_20261008_044146.csv,https://github.com/tensor4all/tenferro-rs/issues/1904 https://github.com/tensor4all/tenferro-rs/issues/1762
cpu/complex,div,c64,1,8388608,tenferro-direct,72.575979,0.851262,jax-cpu,65.176066,0.444356,1.1135372760915025,#1900 #1660,#1900:OPEN #1660:OPEN,related provider issues; #1900 is Apple-specific,excluded: timed session entry,data/results/amd-cpu/cpu/public_api/20261008_060822/cpu_public_api_t1_20261008_060822.csv,https://github.com/tensor4all/tenferro-rs/issues/1900 https://github.com/tensor4all/tenferro-rs/issues/1660
large,grad_sum_svd_s_jvp,f64,1,1024x1024,tenferro-trace,676.216125,3.14474,jax-cpu,607.557204,3.247042,1.113008158816927,#1328 #1803,#1328:CLOSED #1803:OPEN,AD cluster; #1803 primarily eager,unconfirmed observation,data/results/amd-cpu/cpu/einsum/20261008_044146/cpu_ops_t1_20261008_044146.csv,https://github.com/tensor4all/tenferro-rs/issues/1328 https://github.com/tensor4all/tenferro-rs/issues/1803
small,solve,f64,4,"16x16,rhs=4",tenferro-trace,0.012009,4.1e-05,jax-cpu,0.010794,0.000103,1.1125625347415231,#1904 #1762,#1904:OPEN #1762:CLOSED,small-call cluster,unconfirmed observation,data/results/amd-cpu/cpu/einsum/20261008_053424/cpu_ops_t4_20261008_053424.csv,https://github.com/tensor4all/tenferro-rs/issues/1904 https://github.com/tensor4all/tenferro-rs/issues/1762
cpu/linalg_batch_families,batched_svd,f64,1,1x128x128,tenferro-direct,2.52812,0.027281,jax-cpu,2.274683,0.027633,1.1114164039560677,#1878 #2000,#1878:CLOSED #2000:OPEN,batch-linalg cluster,unconfirmed observation,data/results/amd-cpu/cpu/public_api/20261008_060822/cpu_public_api_t1_20261008_060822.csv,https://github.com/tensor4all/tenferro-rs/issues/1878 https://github.com/tensor4all/tenferro-rs/issues/2000
large,matmul,f64,1,128x128,tenferro-eager,0.159059,0.001118,jax-cpu,0.143129,0.016774,1.1112981995263014,#1927,#1927:OPEN,umbrella only; no focused gap issue verified,unconfirmed observation,data/results/amd-cpu/cpu/einsum/20261008_044146/cpu_ops_t1_20261008_044146.csv,https://github.com/tensor4all/tenferro-rs/issues/1927
cpu/einsum,str_mps_varying_inner_product_200 / opt_flops,f64 (see instance),4,see instance JSON,tenferro-rs eager mode (ms),15.559,,PyTorch Python (ms),14.009,,1.1106431579698763,#1865 #1899 #1904 #975,#1865:OPEN #1899:OPEN #1904:OPEN #975:CLOSED,related contraction/planning cluster,unconfirmed observation,data/results/amd-cpu/cpu/einsum/20261008_053424/einsum_table_t4_20261008_053424.md,https://github.com/tensor4all/tenferro-rs/issues/1865 https://github.com/tensor4all/tenferro-rs/issues/1899 https://github.com/tensor4all/tenferro-rs/issues/1904 https://github.com/tensor4all/tenferro-rs/issues/975
cpu/linalg_batch_families,batched_eigvalsh,f64,4,1x128x128,tenferro-trace,0.649854,0.147107,pytorch-cpu,0.585192,0.007024,1.1104970676290857,#1878 #2000,#1878:CLOSED #2000:OPEN,batch-linalg cluster,short isolated-clock diagnostic,data/results/amd-cpu/cpu/public_api/20261008_060822/cpu_public_api_t4_20261008_060822.csv,https://github.com/tensor4all/tenferro-rs/issues/1878 https://github.com/tensor4all/tenferro-rs/issues/2000
cpu/linalg_batched,batched_triangular_solve,f64,4,"1024x4x4,rhs=1",tenferro-direct,0.09003,0.000119,pytorch-cpu,0.081073,0.001243,1.1104806779075647,#1884 #1878 #2000,#1884:OPEN #1878:CLOSED #2000:OPEN,batch-linalg cluster,short isolated-clock diagnostic,data/results/amd-cpu/cpu/public_api/20261008_060822/cpu_public_api_t4_20261008_060822.csv,https://github.com/tensor4all/tenferro-rs/issues/1884 https://github.com/tensor4all/tenferro-rs/issues/1878 https://github.com/tensor4all/tenferro-rs/issues/2000
large,grad_sum_svd_s_jvp,f64,1,256x256,tenferro-trace,16.134262,0.090882,jax-cpu,14.536925,0.023023,1.1098813538626635,#1328 #1803,#1328:CLOSED #1803:OPEN,AD cluster; #1803 primarily eager,unconfirmed observation,data/results/amd-cpu/cpu/einsum/20261008_044146/cpu_ops_t1_20261008_044146.csv,https://github.com/tensor4all/tenferro-rs/issues/1328 https://github.com/tensor4all/tenferro-rs/issues/1803
cpu/linalg_batch_families,batched_eigh,f64,1,1024x4x4,tenferro-trace,2.296313,0.011181,pytorch-cpu,2.070839,0.017132,1.1088805068863394,#1878 #2000,#1878:CLOSED #2000:OPEN,batch-linalg cluster,unconfirmed observation,data/results/amd-cpu/cpu/public_api/20261008_060822/cpu_public_api_t1_20261008_060822.csv,https://github.com/tensor4all/tenferro-rs/issues/1878 https://github.com/tensor4all/tenferro-rs/issues/2000
large,svd,f64,1,512x512,tenferro-eager,91.733151,0.685881,jax-cpu,82.792237,0.278584,1.1079921780589164,#1927,#1927:OPEN,umbrella only; no focused gap issue verified,unconfirmed observation,data/results/amd-cpu/cpu/einsum/20261008_044146/cpu_ops_t1_20261008_044146.csv,https://github.com/tensor4all/tenferro-rs/issues/1927
large,svd,f64,1,512x512,tenferro-trace,91.705789,0.674311,jax-cpu,82.792237,0.278584,1.1076616881362922,#1927,#1927:OPEN,umbrella only; no focused gap issue verified,unconfirmed observation,data/results/amd-cpu/cpu/einsum/20261008_044146/cpu_ops_t1_20261008_044146.csv,https://github.com/tensor4all/tenferro-rs/issues/1927
batched,batched_eigh,f64,1,4x4xbatch16 (native batch layout),tenferro-trace,0.043046,0.000107,pytorch-cpu,0.038932,0.000314,1.1056714271036678,#1878 #2000,#1878:CLOSED #2000:OPEN,batch-linalg cluster,unconfirmed observation,data/results/amd-cpu/cpu/einsum/20261008_044146/cpu_ops_t1_20261008_044146.csv,https://github.com/tensor4all/tenferro-rs/issues/1878 https://github.com/tensor4all/tenferro-rs/issues/2000
cpu/indexing_layout,pad,f64,4,2097152,tenferro-direct,0.288453,0.165822,pytorch-cpu,0.260911,0.007494,1.105560900077038,#1482 #1719 #1512,#1482:CLOSED #1719:CLOSED #1512:CLOSED,historical indexing cluster,excluded: timed session entry,data/results/amd-cpu/cpu/public_api/20261008_060822/cpu_public_api_t4_20261008_060822.csv,https://github.com/tensor4all/tenferro-rs/issues/1482 https://github.com/tensor4all/tenferro-rs/issues/1719 https://github.com/tensor4all/tenferro-rs/issues/1512
large,grad_sum_svd_s_vjp,f64,1,256x256,tenferro-trace,16.094467,0.038713,jax-cpu,14.568534,0.050266,1.1047416987872631,#1328 #1803,#1328:CLOSED #1803:OPEN,AD cluster; #1803 primarily eager,unconfirmed observation,data/results/amd-cpu/cpu/einsum/20261008_044146/cpu_ops_t1_20261008_044146.csv,https://github.com/tensor4all/tenferro-rs/issues/1328 https://github.com/tensor4all/tenferro-rs/issues/1803
cpu/perf_issues,conj_dot_c64_dot-general-rank1_len100,c64,4,"{'len': 100, 'kind': 'rank1_dot', 'arm': 'dot-general-rank1', 'dtype': 'c64'}",dot-general-rank1,0.001396599609375,,pytorch-cpu,0.001264255859375,,1.1046811442625433,#1615,#1615:OPEN,explicit workload issue IDs,screening only: original PyTorch retention-list growth timed,data/results/amd-cpu/cpu/perf_issues/20261008_063605/samples_t4.jsonl,https://github.com/tensor4all/tenferro-rs/issues/1615
batched,batched_qr,f64,1,4x4xbatch64 (native batch layout),tenferro-eager,0.042455,8.1e-05,pytorch-cpu,0.038438,0.000227,1.1045059576460794,#1878 #2000,#1878:CLOSED #2000:OPEN,batch-linalg cluster,unconfirmed observation,data/results/amd-cpu/cpu/einsum/20261008_044146/cpu_ops_t1_20261008_044146.csv,https://github.com/tensor4all/tenferro-rs/issues/1878 https://github.com/tensor4all/tenferro-rs/issues/2000
cpu/linalg_batch_families,batched_eigvalsh,f64,4,1024x4x4,tenferro-direct,1.157179,0.004849,pytorch-cpu,1.047773,0.001453,1.1044176553509204,#1878 #2000,#1878:CLOSED #2000:OPEN,batch-linalg cluster,unconfirmed observation,data/results/amd-cpu/cpu/public_api/20261008_060822/cpu_public_api_t4_20261008_060822.csv,https://github.com/tensor4all/tenferro-rs/issues/1878 https://github.com/tensor4all/tenferro-rs/issues/2000
cpu/elementwise_reduction,reduce_min_all,f64,4,8192x4096,tenferro-trace,5.531756,0.156896,pytorch-cpu,5.015103,0.077827,1.1030194195413334,#1719 #1001,#1719:CLOSED #1001:CLOSED,historical cluster,unconfirmed observation,data/results/amd-cpu/cpu/public_api/20261008_060822/cpu_public_api_t4_20261008_060822.csv,https://github.com/tensor4all/tenferro-rs/issues/1719 https://github.com/tensor4all/tenferro-rs/issues/1001
cpu/linalg_batch_families,batched_solve,f64,1,"1024x4x4,rhs=1",tenferro-trace,0.130896,0.009387,pytorch-cpu,0.118683,0.000692,1.102904375521347,#1884 #1878 #2000,#1884:OPEN #1878:CLOSED #2000:OPEN,batch-linalg cluster,short isolated-clock diagnostic,data/results/amd-cpu/cpu/public_api/20261008_060822/cpu_public_api_t1_20261008_060822.csv,https://github.com/tensor4all/tenferro-rs/issues/1884 https://github.com/tensor4all/tenferro-rs/issues/1878 https://github.com/tensor4all/tenferro-rs/issues/2000
batched,batched_svd,f64,1,4x4xbatch16 (native batch layout),tenferro-eager,0.080499,0.000234,pytorch-cpu,0.073029,0.000192,1.102288132111901,#1878 #2000,#1878:CLOSED #2000:OPEN,batch-linalg cluster,unconfirmed observation,data/results/amd-cpu/cpu/einsum/20261008_044146/cpu_ops_t1_20261008_044146.csv,https://github.com/tensor4all/tenferro-rs/issues/1878 https://github.com/tensor4all/tenferro-rs/issues/2000
cpu/indexing_layout,concatenate,f64,1,1048576+1048576,tenferro-direct,0.57905,0.109195,pytorch-cpu,0.52539,0.136296,1.1021336530957955,#1482 #1719 #1512,#1482:CLOSED #1719:CLOSED #1512:CLOSED,historical indexing cluster,excluded: timed session entry,data/results/amd-cpu/cpu/public_api/20261008_060822/cpu_public_api_t1_20261008_060822.csv,https://github.com/tensor4all/tenferro-rs/issues/1482 https://github.com/tensor4all/tenferro-rs/issues/1719 https://github.com/tensor4all/tenferro-rs/issues/1512
batched,batched_qr,f64,4,8x8xbatch16 (native batch layout),tenferro-trace,0.029225,0.00031,pytorch-cpu,0.02652,0.000171,1.1019984917043741,#1878 #2000,#1878:CLOSED #2000:OPEN,batch-linalg cluster,unconfirmed observation,data/results/amd-cpu/cpu/einsum/20261008_053424/cpu_ops_t4_20261008_053424.csv,https://github.com/tensor4all/tenferro-rs/issues/1878 https://github.com/tensor4all/tenferro-rs/issues/2000
small,grad_sum_svd_s_jvp,f64,1,32x32,tenferro-trace,0.174032,0.000204,jax-cpu,0.158007,0.001493,1.1014195573613825,#1328 #1803,#1328:CLOSED #1803:OPEN,AD cluster; #1803 primarily eager,unconfirmed observation,data/results/amd-cpu/cpu/einsum/20261008_044146/cpu_ops_t1_20261008_044146.csv,https://github.com/tensor4all/tenferro-rs/issues/1328 https://github.com/tensor4all/tenferro-rs/issues/1803
batched,batched_svd,f64,4,4x4xbatch16 (native batch layout),tenferro-eager,0.080346,0.000151,pytorch-cpu,0.072973,0.000388,1.1010373699861593,#1878 #2000,#1878:CLOSED #2000:OPEN,batch-linalg cluster,unconfirmed observation,data/results/amd-cpu/cpu/einsum/20261008_053424/cpu_ops_t4_20261008_053424.csv,https://github.com/tensor4all/tenferro-rs/issues/1878 https://github.com/tensor4all/tenferro-rs/issues/2000
batched,batched_svd,f64,1,8x8xbatch16 (native batch layout),tenferro-trace,0.246246,0.000489,jax-cpu,0.223686,0.013435,1.1008556637429254,#1878 #2000,#1878:CLOSED #2000:OPEN,batch-linalg cluster,unconfirmed observation,data/results/amd-cpu/cpu/einsum/20261008_044146/cpu_ops_t1_20261008_044146.csv,https://github.com/tensor4all/tenferro-rs/issues/1878 https://github.com/tensor4all/tenferro-rs/issues/2000
cpu/linalg_batch_families,batched_cholesky,f64,1,1024x8x8,tenferro-trace,0.300866,0.01654,pytorch-cpu,0.273374,0.003907,1.1005655256169204,#1878 #2000,#1878:CLOSED #2000:OPEN,batch-linalg cluster,short isolated-clock diagnostic,data/results/amd-cpu/cpu/public_api/20261008_060822/cpu_public_api_t1_20261008_060822.csv,https://github.com/tensor4all/tenferro-rs/issues/1878 https://github.com/tensor4all/tenferro-rs/issues/2000
cpu/linalg_batch_families,batched_eigvalsh,f64,1,1024x2x2,tenferro-direct,0.230935,0.002415,pytorch-cpu,0.209955,0.002665,1.099926174656474,#1878 #2000,#1878:CLOSED #2000:OPEN,batch-linalg cluster,short isolated-clock diagnostic,data/results/amd-cpu/cpu/public_api/20261008_060822/cpu_public_api_t1_20261008_060822.csv,https://github.com/tensor4all/tenferro-rs/issues/1878 https://github.com/tensor4all/tenferro-rs/issues/2000
batched,batched_eigh,f64,4,4x4xbatch16 (native batch layout),tenferro-trace,0.042412,7.6e-05,pytorch-cpu,0.038569,0.000403,1.0996396069382146,#1878 #2000,#1878:CLOSED #2000:OPEN,batch-linalg cluster,unconfirmed observation,data/results/amd-cpu/cpu/einsum/20261008_053424/cpu_ops_t4_20261008_053424.csv,https://github.com/tensor4all/tenferro-rs/issues/1878 https://github.com/tensor4all/tenferro-rs/issues/2000
cpu/einsum,tensornetwork_permutation_focus_step409_316 / opt_flops,f64 (see instance),1,see instance JSON,tenferro-rs eager mode (ms),507.99,,OMEinsum.jl OpenBLAS (ms),462.041,,1.099447884495099,#1865 #1899 #1904 #975,#1865:OPEN #1899:OPEN #1904:OPEN #975:CLOSED,related contraction/planning cluster,unconfirmed observation,data/results/amd-cpu/cpu/einsum/20261008_044146/einsum_table_t1_20261008_044146.md,https://github.com/tensor4all/tenferro-rs/issues/1865 https://github.com/tensor4all/tenferro-rs/issues/1899 https://github.com/tensor4all/tenferro-rs/issues/1904 https://github.com/tensor4all/tenferro-rs/issues/975
cpu/einsum,tensornetwork_permutation_focus_step409_316 / opt_size,f64 (see instance),1,see instance JSON,tenferro-rs eager mode (ms),507.99,,OMEinsum.jl OpenBLAS (ms),462.041,,1.099447884495099,#1865 #1899 #1904 #975,#1865:OPEN #1899:OPEN #1904:OPEN #975:CLOSED,related contraction/planning cluster,unconfirmed observation,data/results/amd-cpu/cpu/einsum/20261008_044146/einsum_table_t1_20261008_044146.md,https://github.com/tensor4all/tenferro-rs/issues/1865 https://github.com/tensor4all/tenferro-rs/issues/1899 https://github.com/tensor4all/tenferro-rs/issues/1904 https://github.com/tensor4all/tenferro-rs/issues/975
batched,batched_matmul_ikb_kjb_ijb,f64,4,8x8xbatch64 (native batch layout),tenferro-trace,0.019037,6.5e-05,pytorch-cpu,0.017318,0.000499,1.09926088462871,#1878 #2000,#1878:CLOSED #2000:OPEN,batch-linalg cluster,unconfirmed observation,data/results/amd-cpu/cpu/einsum/20261008_053424/cpu_ops_t4_20261008_053424.csv,https://github.com/tensor4all/tenferro-rs/issues/1878 https://github.com/tensor4all/tenferro-rs/issues/2000
cpu/einsum,bin_matmul_256 / opt_flops,f64 (see instance),1,see instance JSON,tenferro-rs eager mode (ms),1.023,,OMEinsum.jl OpenBLAS (ms),0.931,,1.0988184747583243,#1865 #1899 #1904 #975,#1865:OPEN #1899:OPEN #1904:OPEN #975:CLOSED,related contraction/planning cluster,unconfirmed observation,data/results/amd-cpu/cpu/einsum/20261008_044146/einsum_table_t1_20261008_044146.md,https://github.com/tensor4all/tenferro-rs/issues/1865 https://github.com/tensor4all/tenferro-rs/issues/1899 https://github.com/tensor4all/tenferro-rs/issues/1904 https://github.com/tensor4all/tenferro-rs/issues/975
cpu/einsum,bin_matmul_256 / opt_size,f64 (see instance),1,see instance JSON,tenferro-rs eager mode (ms),1.023,,OMEinsum.jl OpenBLAS (ms),0.931,,1.0988184747583243,#1865 #1899 #1904 #975,#1865:OPEN #1899:OPEN #1904:OPEN #975:CLOSED,related contraction/planning cluster,unconfirmed observation,data/results/amd-cpu/cpu/einsum/20261008_044146/einsum_table_t1_20261008_044146.md,https://github.com/tensor4all/tenferro-rs/issues/1865 https://github.com/tensor4all/tenferro-rs/issues/1899 https://github.com/tensor4all/tenferro-rs/issues/1904 https://github.com/tensor4all/tenferro-rs/issues/975
large,svd,f64,1,256x256,tenferro-trace,14.232251,0.053541,jax-cpu,12.952592,0.137449,1.0987955924188766,#1927,#1927:OPEN,umbrella only; no focused gap issue verified,unconfirmed observation,data/results/amd-cpu/cpu/einsum/20261008_044146/cpu_ops_t1_20261008_044146.csv,https://github.com/tensor4all/tenferro-rs/issues/1927
cpu/linalg_batch_families,batched_eigvalsh,f64,1,1024x4x4,tenferro-direct,1.14744,0.007032,pytorch-cpu,1.045358,0.007044,1.0976526701857163,#1878 #2000,#1878:CLOSED #2000:OPEN,batch-linalg cluster,unconfirmed observation,data/results/amd-cpu/cpu/public_api/20261008_060822/cpu_public_api_t1_20261008_060822.csv,https://github.com/tensor4all/tenferro-rs/issues/1878 https://github.com/tensor4all/tenferro-rs/issues/2000
cpu/linalg_batch_families,batched_solve,f64,1,"1024x8x8,rhs=1",tenferro-trace,0.470175,0.017994,pytorch-cpu,0.428767,0.004197,1.0965745964591491,#1884 #1878 #2000,#1884:OPEN #1878:CLOSED #2000:OPEN,batch-linalg cluster,short isolated-clock diagnostic,data/results/amd-cpu/cpu/public_api/20261008_060822/cpu_public_api_t1_20261008_060822.csv,https://github.com/tensor4all/tenferro-rs/issues/1884 https://github.com/tensor4all/tenferro-rs/issues/1878 https://github.com/tensor4all/tenferro-rs/issues/2000
cpu/linalg_batch_families,batched_svd,c64,4,4x2x2,tenferro-direct,0.013907,0.00018,pytorch-cpu,0.012684,0.00041,1.09642068748029,#1878 #2000,#1878:CLOSED #2000:OPEN,batch-linalg cluster,short isolated-clock diagnostic,data/results/amd-cpu/cpu/public_api/20261008_060822/cpu_public_api_t4_20261008_060822.csv,https://github.com/tensor4all/tenferro-rs/issues/1878 https://github.com/tensor4all/tenferro-rs/issues/2000
cpu/complex,mul,c64,4,8388608,tenferro-trace,14.382811,0.174067,pytorch-cpu,13.12373,0.222078,1.095939264218328,#1900 #1660,#1900:OPEN #1660:OPEN,related provider issues; #1900 is Apple-specific,unconfirmed observation,data/results/amd-cpu/cpu/public_api/20261008_060822/cpu_public_api_t4_20261008_060822.csv,https://github.com/tensor4all/tenferro-rs/issues/1900 https://github.com/tensor4all/tenferro-rs/issues/1660
batched,grad_sum_batched_solve_backward,f64,4,"8x8xbatch256 (native batch layout),rhs=1",tenferro-trace,0.292385,0.000721,pytorch-cpu,0.266878,0.002219,1.0955755064111692,#1328 #1803,#1328:CLOSED #1803:OPEN,AD cluster; #1803 primarily eager,unconfirmed observation,data/results/amd-cpu/cpu/einsum/20261008_053424/cpu_ops_t4_20261008_053424.csv,https://github.com/tensor4all/tenferro-rs/issues/1328 https://github.com/tensor4all/tenferro-rs/issues/1803
batched,batched_qr,f64,1,4x4xbatch256 (native batch layout),tenferro-trace,0.151646,0.000376,pytorch-cpu,0.138427,0.000652,1.0954943760971487,#1878 #2000,#1878:CLOSED #2000:OPEN,batch-linalg cluster,unconfirmed observation,data/results/amd-cpu/cpu/einsum/20261008_044146/cpu_ops_t1_20261008_044146.csv,https://github.com/tensor4all/tenferro-rs/issues/1878 https://github.com/tensor4all/tenferro-rs/issues/2000
cpu/einsum,bin_elementwise_mul_512x512 / opt_flops,f64 (see instance),4,see instance JSON,tenferro-rs eager mode (ms),0.046,,PyTorch Python (ms),0.042,,1.0952380952380951,#1865 #1899 #1904 #975,#1865:OPEN #1899:OPEN #1904:OPEN #975:CLOSED,related contraction/planning cluster,short isolated-clock diagnostic,data/results/amd-cpu/cpu/einsum/20261008_053424/einsum_table_t4_20261008_053424.md,https://github.com/tensor4all/tenferro-rs/issues/1865 https://github.com/tensor4all/tenferro-rs/issues/1899 https://github.com/tensor4all/tenferro-rs/issues/1904 https://github.com/tensor4all/tenferro-rs/issues/975
cpu/einsum,bin_elementwise_mul_512x512 / opt_size,f64 (see instance),4,see instance JSON,tenferro-rs eager mode (ms),0.046,,PyTorch Python (ms),0.042,,1.0952380952380951,#1865 #1899 #1904 #975,#1865:OPEN #1899:OPEN #1904:OPEN #975:CLOSED,related contraction/planning cluster,short isolated-clock diagnostic,data/results/amd-cpu/cpu/einsum/20261008_053424/einsum_table_t4_20261008_053424.md,https://github.com/tensor4all/tenferro-rs/issues/1865 https://github.com/tensor4all/tenferro-rs/issues/1899 https://github.com/tensor4all/tenferro-rs/issues/1904 https://github.com/tensor4all/tenferro-rs/issues/975
large,svd,f64,1,256x256,tenferro-eager,14.185933,0.055895,jax-cpu,12.952592,0.137449,1.0952196286272278,#1927,#1927:OPEN,umbrella only; no focused gap issue verified,unconfirmed observation,data/results/amd-cpu/cpu/einsum/20261008_044146/cpu_ops_t1_20261008_044146.csv,https://github.com/tensor4all/tenferro-rs/issues/1927
cpu/linalg_batch_families,batched_eigvalsh,f64,1,1024x8x8,tenferro-trace,3.619444,0.052929,pytorch-cpu,3.306516,0.016712,1.0946397960874832,#1878 #2000,#1878:CLOSED #2000:OPEN,batch-linalg cluster,unconfirmed observation,data/results/amd-cpu/cpu/public_api/20261008_060822/cpu_public_api_t1_20261008_060822.csv,https://github.com/tensor4all/tenferro-rs/issues/1878 https://github.com/tensor4all/tenferro-rs/issues/2000
cpu/einsum,gm_queen5_5_3.wcsp / opt_size,f64 (see instance),4,see instance JSON,tenferro-rs trace mode (ms),701.87,,JAX Python (XLA CPU dot) (ms),641.971,,1.0933048377574688,#1865 #1899 #1904 #975,#1865:OPEN #1899:OPEN #1904:OPEN #975:CLOSED,related contraction/planning cluster,unconfirmed observation,data/results/amd-cpu/cpu/einsum/20261008_053424/einsum_table_t4_20261008_053424.md,https://github.com/tensor4all/tenferro-rs/issues/1865 https://github.com/tensor4all/tenferro-rs/issues/1899 https://github.com/tensor4all/tenferro-rs/issues/1904 https://github.com/tensor4all/tenferro-rs/issues/975
large,grad_sum_eigh_vjp,f64,1,1024x1024,tenferro-trace,350.55899,0.475745,jax-cpu,320.924912,0.413328,1.092339599987177,#1328 #1803,#1328:CLOSED #1803:OPEN,AD cluster; #1803 primarily eager,unconfirmed observation,data/results/amd-cpu/cpu/einsum/20261008_044146/cpu_ops_t1_20261008_044146.csv,https://github.com/tensor4all/tenferro-rs/issues/1328 https://github.com/tensor4all/tenferro-rs/issues/1803
cpu/linalg_batch_families,batched_eigh,f64,1,1x128x128,tenferro-trace,1.540852,0.046037,jax-cpu,1.410896,0.02636,1.092108844308865,#1878 #2000,#1878:CLOSED #2000:OPEN,batch-linalg cluster,unconfirmed observation,data/results/amd-cpu/cpu/public_api/20261008_060822/cpu_public_api_t1_20261008_060822.csv,https://github.com/tensor4all/tenferro-rs/issues/1878 https://github.com/tensor4all/tenferro-rs/issues/2000
large,grad_sum_svd_s_backward,f64,1,256x256,tenferro-trace,16.13391,0.092474,jax-cpu,14.793828,0.174378,1.0905838569976616,#1328 #1803,#1328:CLOSED #1803:OPEN,AD cluster; #1803 primarily eager,unconfirmed observation,data/results/amd-cpu/cpu/einsum/20261008_044146/cpu_ops_t1_20261008_044146.csv,https://github.com/tensor4all/tenferro-rs/issues/1328 https://github.com/tensor4all/tenferro-rs/issues/1803
large,grad_sum_svd_s_vjp,f64,1,1024x1024,tenferro-trace,661.977851,15.387015,jax-cpu,607.308094,1.993853,1.090019806322555,#1328 #1803,#1328:CLOSED #1803:OPEN,AD cluster; #1803 primarily eager,unconfirmed observation,data/results/amd-cpu/cpu/einsum/20261008_044146/cpu_ops_t1_20261008_044146.csv,https://github.com/tensor4all/tenferro-rs/issues/1328 https://github.com/tensor4all/tenferro-rs/issues/1803
batched,batched_svd,f64,1,8x8xbatch64 (native batch layout),tenferro-eager,0.960775,0.002274,jax-cpu,0.88174,0.008715,1.0896352666318871,#1878 #2000,#1878:CLOSED #2000:OPEN,batch-linalg cluster,unconfirmed observation,data/results/amd-cpu/cpu/einsum/20261008_044146/cpu_ops_t1_20261008_044146.csv,https://github.com/tensor4all/tenferro-rs/issues/1878 https://github.com/tensor4all/tenferro-rs/issues/2000
large,qr,f64,4,64x64,tenferro-trace,0.10795,0.000524,jax-cpu,0.099084,0.00607,1.0894796334423318,#1927,#1927:OPEN,umbrella only; no focused gap issue verified,unconfirmed observation,data/results/amd-cpu/cpu/einsum/20261008_053424/cpu_ops_t4_20261008_053424.csv,https://github.com/tensor4all/tenferro-rs/issues/1927
cpu/fft,fft,c32,4,1d_n1048576,tenferro-fft-executor-cached,5.007849,0.068439,pytorch-cpu,4.596916,2.181397,1.0893931931755987,#1765 #1484,#1765:CLOSED #1484:CLOSED,related historical; no focused large single-lane issue,unconfirmed observation,data/results/amd-cpu/cpu/fft/20261008_060740/cpu_fft_t4_20261008_060740.csv,https://github.com/tensor4all/tenferro-rs/issues/1765 https://github.com/tensor4all/tenferro-rs/issues/1484
batched,batched_svd,f64,1,8x8xbatch64 (native batch layout),tenferro-trace,0.960305,0.001186,jax-cpu,0.88174,0.008715,1.0891022296822193,#1878 #2000,#1878:CLOSED #2000:OPEN,batch-linalg cluster,unconfirmed observation,data/results/amd-cpu/cpu/einsum/20261008_044146/cpu_ops_t1_20261008_044146.csv,https://github.com/tensor4all/tenferro-rs/issues/1878 https://github.com/tensor4all/tenferro-rs/issues/2000
cpu/linalg_uncovered,lu,f64,1,1024x1024,tenferro-direct,27.381375,0.237086,julia-base,25.149763,11.659193,1.0887329236462386,#1956 #1660,#1956:OPEN #1660:OPEN,related provider/extraction issues; no focused gap issue verified,unconfirmed observation,data/results/amd-cpu/cpu/public_api/20261008_060822/cpu_public_api_t1_20261008_060822.csv,https://github.com/tensor4all/tenferro-rs/issues/1956 https://github.com/tensor4all/tenferro-rs/issues/1660
cpu/complex,mul,c64,1,8388608,tenferro-direct,39.545558,0.208393,pytorch-cpu,36.328481,0.555116,1.088555230261348,#1900 #1660,#1900:OPEN #1660:OPEN,related provider issues; #1900 is Apple-specific,excluded: timed session entry,data/results/amd-cpu/cpu/public_api/20261008_060822/cpu_public_api_t1_20261008_060822.csv,https://github.com/tensor4all/tenferro-rs/issues/1900 https://github.com/tensor4all/tenferro-rs/issues/1660
large,grad_sum_qr_vjp,f64,1,1024x1024,tenferro-trace,360.288735,0.407777,jax-cpu,331.027479,0.619175,1.0883952476948293,#1328 #1803,#1328:CLOSED #1803:OPEN,AD cluster; #1803 primarily eager,unconfirmed observation,data/results/amd-cpu/cpu/einsum/20261008_044146/cpu_ops_t1_20261008_044146.csv,https://github.com/tensor4all/tenferro-rs/issues/1328 https://github.com/tensor4all/tenferro-rs/issues/1803
batched,batched_eigh,f64,1,4x4xbatch64 (native batch layout),tenferro-trace,0.147649,0.000189,pytorch-cpu,0.13577,9.8e-05,1.0874935552773073,#1878 #2000,#1878:CLOSED #2000:OPEN,batch-linalg cluster,unconfirmed observation,data/results/amd-cpu/cpu/einsum/20261008_044146/cpu_ops_t1_20261008_044146.csv,https://github.com/tensor4all/tenferro-rs/issues/1878 https://github.com/tensor4all/tenferro-rs/issues/2000
batched,batched_eigh,f64,4,4x4xbatch64 (native batch layout),tenferro-trace,0.145225,5.6e-05,pytorch-cpu,0.133558,0.000297,1.0873553063088695,#1878 #2000,#1878:CLOSED #2000:OPEN,batch-linalg cluster,unconfirmed observation,data/results/amd-cpu/cpu/einsum/20261008_053424/cpu_ops_t4_20261008_053424.csv,https://github.com/tensor4all/tenferro-rs/issues/1878 https://github.com/tensor4all/tenferro-rs/issues/2000
cpu/linalg_batch_families,batched_cholesky,f64,1,1024x4x4,tenferro-direct,0.115979,0.000641,pytorch-cpu,0.106751,0.000572,1.086444155089882,#1878 #2000,#1878:CLOSED #2000:OPEN,batch-linalg cluster,short isolated-clock diagnostic,data/results/amd-cpu/cpu/public_api/20261008_060822/cpu_public_api_t1_20261008_060822.csv,https://github.com/tensor4all/tenferro-rs/issues/1878 https://github.com/tensor4all/tenferro-rs/issues/2000
cpu/elementwise_reduction,reduce_max_all,f64,4,8192x4096,tenferro-trace,5.466142,0.241885,pytorch-cpu,5.031393,0.079429,1.0864072832315026,#1719 #1001,#1719:CLOSED #1001:CLOSED,historical cluster,unconfirmed observation,data/results/amd-cpu/cpu/public_api/20261008_060822/cpu_public_api_t4_20261008_060822.csv,https://github.com/tensor4all/tenferro-rs/issues/1719 https://github.com/tensor4all/tenferro-rs/issues/1001
small,grad_sum_svd_s_vjp,f64,1,32x32,tenferro-trace,0.173283,0.000657,jax-cpu,0.159641,0.000872,1.085454237946392,#1328 #1803,#1328:CLOSED #1803:OPEN,AD cluster; #1803 primarily eager,unconfirmed observation,data/results/amd-cpu/cpu/einsum/20261008_044146/cpu_ops_t1_20261008_044146.csv,https://github.com/tensor4all/tenferro-rs/issues/1328 https://github.com/tensor4all/tenferro-rs/issues/1803
cpu/structural_shape,cast_f64_f32,f64->f32,1,33554432,tenferro-direct,35.498508,1.526174,pytorch-cpu,32.727861,1.197153,1.0846571366213027,#1001 #674,#1001:CLOSED #674:CLOSED,historical cluster,excluded: timed session entry,data/results/amd-cpu/cpu/public_api/20261008_060822/cpu_public_api_t1_20261008_060822.csv,https://github.com/tensor4all/tenferro-rs/issues/1001 https://github.com/tensor4all/tenferro-rs/issues/674
cpu/linalg_batch_families,batched_eigh,f64,1,1024x4x4,tenferro-direct,2.245488,0.01068,pytorch-cpu,2.070839,0.017132,1.0843373144894413,#1878 #2000,#1878:CLOSED #2000:OPEN,batch-linalg cluster,unconfirmed observation,data/results/amd-cpu/cpu/public_api/20261008_060822/cpu_public_api_t1_20261008_060822.csv,https://github.com/tensor4all/tenferro-rs/issues/1878 https://github.com/tensor4all/tenferro-rs/issues/2000
batched,batched_qr,f64,1,2x2xbatch64 (native batch layout),tenferro-eager,0.018744,3.4e-05,pytorch-cpu,0.017291,0.000143,1.084032155456596,#1878 #2000,#1878:CLOSED #2000:OPEN,batch-linalg cluster,unconfirmed observation,data/results/amd-cpu/cpu/einsum/20261008_044146/cpu_ops_t1_20261008_044146.csv,https://github.com/tensor4all/tenferro-rs/issues/1878 https://github.com/tensor4all/tenferro-rs/issues/2000
batched,grad_sum_batched_matmul_backward,f64,1,8x8xbatch1024 (native batch layout),tenferro-trace,0.861135,0.00289,jax-cpu,0.794948,0.026964,1.083259533956938,#1328 #1803,#1328:CLOSED #1803:OPEN,AD cluster; #1803 primarily eager,unconfirmed observation,data/results/amd-cpu/cpu/einsum/20261008_044146/cpu_ops_t1_20261008_044146.csv,https://github.com/tensor4all/tenferro-rs/issues/1328 https://github.com/tensor4all/tenferro-rs/issues/1803
batched,batched_qr,f64,1,4x4xbatch256 (native batch layout),tenferro-eager,0.149879,0.000471,pytorch-cpu,0.138427,0.000652,1.082729525309369,#1878 #2000,#1878:CLOSED #2000:OPEN,batch-linalg cluster,unconfirmed observation,data/results/amd-cpu/cpu/einsum/20261008_044146/cpu_ops_t1_20261008_044146.csv,https://github.com/tensor4all/tenferro-rs/issues/1878 https://github.com/tensor4all/tenferro-rs/issues/2000
batched,batched_svd,f64,1,8x8xbatch16 (native batch layout),tenferro-eager,0.241939,0.000396,jax-cpu,0.223686,0.013435,1.0816009942508695,#1878 #2000,#1878:CLOSED #2000:OPEN,batch-linalg cluster,unconfirmed observation,data/results/amd-cpu/cpu/einsum/20261008_044146/cpu_ops_t1_20261008_044146.csv,https://github.com/tensor4all/tenferro-rs/issues/1878 https://github.com/tensor4all/tenferro-rs/issues/2000
batched,batched_matmul_ikb_kjb_ijb,f64,1,16x16xbatch1024 (native batch layout),tenferro-trace,0.894013,0.004329,pytorch-cpu,0.826656,0.009839,1.0814812933070104,#1878 #2000,#1878:CLOSED #2000:OPEN,batch-linalg cluster,unconfirmed observation,data/results/amd-cpu/cpu/einsum/20261008_044146/cpu_ops_t1_20261008_044146.csv,https://github.com/tensor4all/tenferro-rs/issues/1878 https://github.com/tensor4all/tenferro-rs/issues/2000
large,grad_sum_matmul,f64,1,128x128,tenferro-eager,0.161446,0.00107,pytorch-cpu,0.149285,0.003097,1.0814616337877214,#1328 #1803,#1328:CLOSED #1803:OPEN,AD cluster; #1803 primarily eager,unconfirmed observation,data/results/amd-cpu/cpu/einsum/20261008_044146/cpu_ops_t1_20261008_044146.csv,https://github.com/tensor4all/tenferro-rs/issues/1328 https://github.com/tensor4all/tenferro-rs/issues/1803
large,grad_sum_eigh_vjp,f64,1,512x512,tenferro-trace,55.276093,0.129002,jax-cpu,51.123754,0.305095,1.0812213242400002,#1328 #1803,#1328:CLOSED #1803:OPEN,AD cluster; #1803 primarily eager,unconfirmed observation,data/results/amd-cpu/cpu/einsum/20261008_044146/cpu_ops_t1_20261008_044146.csv,https://github.com/tensor4all/tenferro-rs/issues/1328 https://github.com/tensor4all/tenferro-rs/issues/1803
batched,batched_eigh,f64,1,4x4xbatch256 (native batch layout),tenferro-trace,0.566056,0.000584,pytorch-cpu,0.523801,0.001389,1.080669949083717,#1878 #2000,#1878:CLOSED #2000:OPEN,batch-linalg cluster,unconfirmed observation,data/results/amd-cpu/cpu/einsum/20261008_044146/cpu_ops_t1_20261008_044146.csv,https://github.com/tensor4all/tenferro-rs/issues/1878 https://github.com/tensor4all/tenferro-rs/issues/2000
large,qr,f64,4,64x64,tenferro-eager,0.107067,0.000118,jax-cpu,0.099084,0.00607,1.0805680029066245,#1927,#1927:OPEN,umbrella only; no focused gap issue verified,unconfirmed observation,data/results/amd-cpu/cpu/einsum/20261008_053424/cpu_ops_t4_20261008_053424.csv,https://github.com/tensor4all/tenferro-rs/issues/1927
cpu/complex,log,c64,1,4194304,tenferro-direct,125.63448,1.102997,julia-base,116.316706,0.49933,1.080106928062423,#1719 #1001,#1719:CLOSED #1001:CLOSED,historical cluster,excluded: timed session entry,data/results/amd-cpu/cpu/public_api/20261008_060822/cpu_public_api_t1_20261008_060822.csv,https://github.com/tensor4all/tenferro-rs/issues/1719 https://github.com/tensor4all/tenferro-rs/issues/1001
large,grad_sum_svd_s_backward,f64,1,512x512,tenferro-trace,108.161385,1.699559,jax-cpu,100.16071,0.448765,1.0798783774595848,#1328 #1803,#1328:CLOSED #1803:OPEN,AD cluster; #1803 primarily eager,unconfirmed observation,data/results/amd-cpu/cpu/einsum/20261008_044146/cpu_ops_t1_20261008_044146.csv,https://github.com/tensor4all/tenferro-rs/issues/1328 https://github.com/tensor4all/tenferro-rs/issues/1803
batched,batched_eigh,f64,4,4x4xbatch256 (native batch layout),tenferro-trace,0.558377,0.002051,pytorch-cpu,0.517178,0.001869,1.0796611611476126,#1878 #2000,#1878:CLOSED #2000:OPEN,batch-linalg cluster,unconfirmed observation,data/results/amd-cpu/cpu/einsum/20261008_053424/cpu_ops_t4_20261008_053424.csv,https://github.com/tensor4all/tenferro-rs/issues/1878 https://github.com/tensor4all/tenferro-rs/issues/2000
batched,batched_eigh,f64,1,4x4xbatch1024 (native batch layout),tenferro-trace,2.243989,0.003171,pytorch-cpu,2.078628,0.006091,1.079552955122321,#1878 #2000,#1878:CLOSED #2000:OPEN,batch-linalg cluster,unconfirmed observation,data/results/amd-cpu/cpu/einsum/20261008_044146/cpu_ops_t1_20261008_044146.csv,https://github.com/tensor4all/tenferro-rs/issues/1878 https://github.com/tensor4all/tenferro-rs/issues/2000
cpu/linalg_batch_families,batched_eigh,f64,4,3x8x8,tenferro-direct,0.025859,0.00017,pytorch-cpu,0.023955,0.00028,1.0794823627635148,#1878 #2000,#1878:CLOSED #2000:OPEN,batch-linalg cluster,short isolated-clock diagnostic,data/results/amd-cpu/cpu/public_api/20261008_060822/cpu_public_api_t4_20261008_060822.csv,https://github.com/tensor4all/tenferro-rs/issues/1878 https://github.com/tensor4all/tenferro-rs/issues/2000
large,grad_sum_solve_backward,f64,4,"128x128,rhs=1",tenferro-trace,0.167561,0.001814,jax-cpu,0.155237,0.001109,1.0793882901627831,#1328 #1803,#1328:CLOSED #1803:OPEN,AD cluster; #1803 primarily eager,unconfirmed observation,data/results/amd-cpu/cpu/einsum/20261008_053424/cpu_ops_t4_20261008_053424.csv,https://github.com/tensor4all/tenferro-rs/issues/1328 https://github.com/tensor4all/tenferro-rs/issues/1803
large,grad_sum_svd_s_jvp,f64,1,512x512,tenferro-trace,107.399631,0.992718,jax-cpu,99.509355,0.661234,1.0792918012582837,#1328 #1803,#1328:CLOSED #1803:OPEN,AD cluster; #1803 primarily eager,unconfirmed observation,data/results/amd-cpu/cpu/einsum/20261008_044146/cpu_ops_t1_20261008_044146.csv,https://github.com/tensor4all/tenferro-rs/issues/1328 https://github.com/tensor4all/tenferro-rs/issues/1803
large,grad_sum_eigh_jvp,f64,1,1024x1024,tenferro-trace,348.894126,0.536819,jax-cpu,323.310613,0.573941,1.0791298273898606,#1328 #1803,#1328:CLOSED #1803:OPEN,AD cluster; #1803 primarily eager,unconfirmed observation,data/results/amd-cpu/cpu/einsum/20261008_044146/cpu_ops_t1_20261008_044146.csv,https://github.com/tensor4all/tenferro-rs/issues/1328 https://github.com/tensor4all/tenferro-rs/issues/1803
cpu/einsum,bin_matmul_1024 / opt_flops,f64 (see instance),4,see instance JSON,tenferro-rs eager mode (ms),17.526,,JAX Python (XLA CPU dot) (ms),16.242,,1.079054303657185,#1865 #1899 #1904 #975,#1865:OPEN #1899:OPEN #1904:OPEN #975:CLOSED,related contraction/planning cluster,unconfirmed observation,data/results/amd-cpu/cpu/einsum/20261008_053424/einsum_table_t4_20261008_053424.md,https://github.com/tensor4all/tenferro-rs/issues/1865 https://github.com/tensor4all/tenferro-rs/issues/1899 https://github.com/tensor4all/tenferro-rs/issues/1904 https://github.com/tensor4all/tenferro-rs/issues/975
cpu/einsum,bin_matmul_1024 / opt_size,f64 (see instance),4,see instance JSON,tenferro-rs eager mode (ms),17.526,,JAX Python (XLA CPU dot) (ms),16.242,,1.079054303657185,#1865 #1899 #1904 #975,#1865:OPEN #1899:OPEN #1904:OPEN #975:CLOSED,related contraction/planning cluster,unconfirmed observation,data/results/amd-cpu/cpu/einsum/20261008_053424/einsum_table_t4_20261008_053424.md,https://github.com/tensor4all/tenferro-rs/issues/1865 https://github.com/tensor4all/tenferro-rs/issues/1899 https://github.com/tensor4all/tenferro-rs/issues/1904 https://github.com/tensor4all/tenferro-rs/issues/975
large,grad_sum_eigh_jvp,f64,1,512x512,tenferro-trace,55.309686,0.214164,jax-cpu,51.286451,0.246664,1.0784463522344332,#1328 #1803,#1328:CLOSED #1803:OPEN,AD cluster; #1803 primarily eager,unconfirmed observation,data/results/amd-cpu/cpu/einsum/20261008_044146/cpu_ops_t1_20261008_044146.csv,https://github.com/tensor4all/tenferro-rs/issues/1328 https://github.com/tensor4all/tenferro-rs/issues/1803
batched,batched_eigh,f64,4,4x4xbatch64 (native batch layout),tenferro-eager,0.144029,0.000217,pytorch-cpu,0.133558,0.000297,1.0784003953338623,#1878 #2000,#1878:CLOSED #2000:OPEN,batch-linalg cluster,unconfirmed observation,data/results/amd-cpu/cpu/einsum/20261008_053424/cpu_ops_t4_20261008_053424.csv,https://github.com/tensor4all/tenferro-rs/issues/1878 https://github.com/tensor4all/tenferro-rs/issues/2000
cpu/linalg_batch_families,batched_eigvalsh,f64,4,1024x2x2,tenferro-direct,0.226436,0.006402,pytorch-cpu,0.210126,0.001363,1.0776200946099006,#1878 #2000,#1878:CLOSED #2000:OPEN,batch-linalg cluster,short isolated-clock diagnostic,data/results/amd-cpu/cpu/public_api/20261008_060822/cpu_public_api_t4_20261008_060822.csv,https://github.com/tensor4all/tenferro-rs/issues/1878 https://github.com/tensor4all/tenferro-rs/issues/2000
batched,batched_qr,f64,1,4x4xbatch1024 (native batch layout),tenferro-trace,0.581563,0.001338,pytorch-cpu,0.539737,0.001892,1.077493297661639,#1878 #2000,#1878:CLOSED #2000:OPEN,batch-linalg cluster,unconfirmed observation,data/results/amd-cpu/cpu/einsum/20261008_044146/cpu_ops_t1_20261008_044146.csv,https://github.com/tensor4all/tenferro-rs/issues/1878 https://github.com/tensor4all/tenferro-rs/issues/2000
cpu/linalg_batch_families,batched_svdvals,f64,1,1024x4x4,tenferro-direct,2.187208,0.012303,pytorch-cpu,2.030263,0.011943,1.0773027927908847,#1878 #2000,#1878:CLOSED #2000:OPEN,batch-linalg cluster,unconfirmed observation,data/results/amd-cpu/cpu/public_api/20261008_060822/cpu_public_api_t1_20261008_060822.csv,https://github.com/tensor4all/tenferro-rs/issues/1878 https://github.com/tensor4all/tenferro-rs/issues/2000
batched,batched_eigh,f64,1,4x4xbatch1024 (native batch layout),tenferro-eager,2.238852,0.010642,pytorch-cpu,2.078628,0.006091,1.077081613448871,#1878 #2000,#1878:CLOSED #2000:OPEN,batch-linalg cluster,unconfirmed observation,data/results/amd-cpu/cpu/einsum/20261008_044146/cpu_ops_t1_20261008_044146.csv,https://github.com/tensor4all/tenferro-rs/issues/1878 https://github.com/tensor4all/tenferro-rs/issues/2000
large,grad_sum_matmul_backward,f64,4,1024x1024,tenferro-trace,52.029024,0.48409,jax-cpu,48.312225,1.548385,1.0769328881044085,#1328 #1803,#1328:CLOSED #1803:OPEN,AD cluster; #1803 primarily eager,unconfirmed observation,data/results/amd-cpu/cpu/einsum/20261008_053424/cpu_ops_t4_20261008_053424.csv,https://github.com/tensor4all/tenferro-rs/issues/1328 https://github.com/tensor4all/tenferro-rs/issues/1803
batched,batched_eigh,f64,4,4x4xbatch256 (native batch layout),tenferro-eager,0.556806,0.000728,pytorch-cpu,0.517178,0.001869,1.0766235222689287,#1878 #2000,#1878:CLOSED #2000:OPEN,batch-linalg cluster,unconfirmed observation,data/results/amd-cpu/cpu/einsum/20261008_053424/cpu_ops_t4_20261008_053424.csv,https://github.com/tensor4all/tenferro-rs/issues/1878 https://github.com/tensor4all/tenferro-rs/issues/2000
cpu/structural_shape,broadcast_in_dim,f64,1,8192x1 -> 8192x4096,tenferro-trace,63.66972,2.206495,pytorch-cpu,59.159808,1.256867,1.0762327017694175,#1001 #1512 #1480,#1001:CLOSED #1512:CLOSED #1480:CLOSED,related structural cluster,unconfirmed observation,data/results/amd-cpu/cpu/public_api/20261008_060822/cpu_public_api_t1_20261008_060822.csv,https://github.com/tensor4all/tenferro-rs/issues/1001 https://github.com/tensor4all/tenferro-rs/issues/1512 https://github.com/tensor4all/tenferro-rs/issues/1480
cpu/einsum,bin_permuted_r4_abcd_dbef_acef_d32 / opt_flops,f64 (see instance),4,see instance JSON,tenferro-rs trace mode (ms),19.83,,JAX Python (XLA CPU dot) (ms),18.428,,1.0760798784458432,#1865 #1899 #1904 #975,#1865:OPEN #1899:OPEN #1904:OPEN #975:CLOSED,related contraction/planning cluster,unconfirmed observation,data/results/amd-cpu/cpu/einsum/20261008_053424/einsum_table_t4_20261008_053424.md,https://github.com/tensor4all/tenferro-rs/issues/1865 https://github.com/tensor4all/tenferro-rs/issues/1899 https://github.com/tensor4all/tenferro-rs/issues/1904 https://github.com/tensor4all/tenferro-rs/issues/975
cpu/einsum,bin_permuted_r4_abcd_dbef_acef_d32 / opt_size,f64 (see instance),4,see instance JSON,tenferro-rs trace mode (ms),19.83,,JAX Python (XLA CPU dot) (ms),18.428,,1.0760798784458432,#1865 #1899 #1904 #975,#1865:OPEN #1899:OPEN #1904:OPEN #975:CLOSED,related contraction/planning cluster,unconfirmed observation,data/results/amd-cpu/cpu/einsum/20261008_053424/einsum_table_t4_20261008_053424.md,https://github.com/tensor4all/tenferro-rs/issues/1865 https://github.com/tensor4all/tenferro-rs/issues/1899 https://github.com/tensor4all/tenferro-rs/issues/1904 https://github.com/tensor4all/tenferro-rs/issues/975
batched,batched_eigh,f64,1,4x4xbatch256 (native batch layout),tenferro-eager,0.562966,0.001454,pytorch-cpu,0.523801,0.001389,1.0747707621787663,#1878 #2000,#1878:CLOSED #2000:OPEN,batch-linalg cluster,unconfirmed observation,data/results/amd-cpu/cpu/einsum/20261008_044146/cpu_ops_t1_20261008_044146.csv,https://github.com/tensor4all/tenferro-rs/issues/1878 https://github.com/tensor4all/tenferro-rs/issues/2000
cpu/einsum,bin_outer_product_4096 / opt_flops,f64 (see instance),1,see instance JSON,tenferro-rs trace mode (ms),32.203,,PyTorch Python (ms),29.972,,1.0744361403977045,#1865 #1899 #1904 #975,#1865:OPEN #1899:OPEN #1904:OPEN #975:CLOSED,related contraction/planning cluster,unconfirmed observation,data/results/amd-cpu/cpu/einsum/20261008_044146/einsum_table_t1_20261008_044146.md,https://github.com/tensor4all/tenferro-rs/issues/1865 https://github.com/tensor4all/tenferro-rs/issues/1899 https://github.com/tensor4all/tenferro-rs/issues/1904 https://github.com/tensor4all/tenferro-rs/issues/975
cpu/einsum,bin_outer_product_4096 / opt_size,f64 (see instance),1,see instance JSON,tenferro-rs trace mode (ms),32.203,,PyTorch Python (ms),29.972,,1.0744361403977045,#1865 #1899 #1904 #975,#1865:OPEN #1899:OPEN #1904:OPEN #975:CLOSED,related contraction/planning cluster,unconfirmed observation,data/results/amd-cpu/cpu/einsum/20261008_044146/einsum_table_t1_20261008_044146.md,https://github.com/tensor4all/tenferro-rs/issues/1865 https://github.com/tensor4all/tenferro-rs/issues/1899 https://github.com/tensor4all/tenferro-rs/issues/1904 https://github.com/tensor4all/tenferro-rs/issues/975
batched,batched_solve,f64,4,"4x4xbatch1024 (native batch layout),rhs=1",tenferro-trace,0.104953,0.000295,pytorch-cpu,0.097704,0.00267,1.0741934823548678,#1884 #1878 #2000,#1884:OPEN #1878:CLOSED #2000:OPEN,batch-linalg cluster,unconfirmed observation,data/results/amd-cpu/cpu/einsum/20261008_053424/cpu_ops_t4_20261008_053424.csv,https://github.com/tensor4all/tenferro-rs/issues/1884 https://github.com/tensor4all/tenferro-rs/issues/1878 https://github.com/tensor4all/tenferro-rs/issues/2000
cpu/linalg_batch_families,batched_svd,f64,4,8x8x8,tenferro-direct,0.119495,0.000902,jax-cpu,0.111249,0.004688,1.0741220145799064,#1878 #2000,#1878:CLOSED #2000:OPEN,batch-linalg cluster,short isolated-clock diagnostic,data/results/amd-cpu/cpu/public_api/20261008_060822/cpu_public_api_t4_20261008_060822.csv,https://github.com/tensor4all/tenferro-rs/issues/1878 https://github.com/tensor4all/tenferro-rs/issues/2000
small,qr,f64,4,4x4,tenferro-eager,0.006507,2.6e-05,pytorch-cpu,0.006063,0.000172,1.0732310737258783,#1904 #1762,#1904:OPEN #1762:CLOSED,small-call cluster,unconfirmed observation,data/results/amd-cpu/cpu/einsum/20261008_053424/cpu_ops_t4_20261008_053424.csv,https://github.com/tensor4all/tenferro-rs/issues/1904 https://github.com/tensor4all/tenferro-rs/issues/1762
batched,batched_qr,f64,1,4x4xbatch1024 (native batch layout),tenferro-eager,0.57889,0.001819,pytorch-cpu,0.539737,0.001892,1.0725408856535683,#1878 #2000,#1878:CLOSED #2000:OPEN,batch-linalg cluster,unconfirmed observation,data/results/amd-cpu/cpu/einsum/20261008_044146/cpu_ops_t1_20261008_044146.csv,https://github.com/tensor4all/tenferro-rs/issues/1878 https://github.com/tensor4all/tenferro-rs/issues/2000
cpu/linalg_batch_families,batched_eigvalsh,f64,4,1024x8x8,tenferro-direct,3.52669,0.016782,pytorch-cpu,3.289825,0.004379,1.0719992704779129,#1878 #2000,#1878:CLOSED #2000:OPEN,batch-linalg cluster,unconfirmed observation,data/results/amd-cpu/cpu/public_api/20261008_060822/cpu_public_api_t4_20261008_060822.csv,https://github.com/tensor4all/tenferro-rs/issues/1878 https://github.com/tensor4all/tenferro-rs/issues/2000
batched,batched_eigh,f64,1,4x4xbatch64 (native batch layout),tenferro-eager,0.1455,0.00022,pytorch-cpu,0.13577,9.8e-05,1.0716653163438166,#1878 #2000,#1878:CLOSED #2000:OPEN,batch-linalg cluster,unconfirmed observation,data/results/amd-cpu/cpu/einsum/20261008_044146/cpu_ops_t1_20261008_044146.csv,https://github.com/tensor4all/tenferro-rs/issues/1878 https://github.com/tensor4all/tenferro-rs/issues/2000
cpu/einsum,str_nw_mera_closed_120 / opt_size,f64 (see instance),4,see instance JSON,tenferro-rs trace mode (ms),461.765,,JAX Python (XLA CPU dot) (ms),430.97,,1.0714550896814163,#1865 #1899 #1904 #975,#1865:OPEN #1899:OPEN #1904:OPEN #975:CLOSED,related contraction/planning cluster,unconfirmed observation,data/results/amd-cpu/cpu/einsum/20261008_053424/einsum_table_t4_20261008_053424.md,https://github.com/tensor4all/tenferro-rs/issues/1865 https://github.com/tensor4all/tenferro-rs/issues/1899 https://github.com/tensor4all/tenferro-rs/issues/1904 https://github.com/tensor4all/tenferro-rs/issues/975
batched,grad_sum_batched_solve_backward,f64,1,"8x8xbatch1024 (native batch layout),rhs=1",tenferro-trace,1.089381,0.002695,pytorch-cpu,1.016801,0.01084,1.071380732316353,#1328 #1803,#1328:CLOSED #1803:OPEN,AD cluster; #1803 primarily eager,unconfirmed observation,data/results/amd-cpu/cpu/einsum/20261008_044146/cpu_ops_t1_20261008_044146.csv,https://github.com/tensor4all/tenferro-rs/issues/1328 https://github.com/tensor4all/tenferro-rs/issues/1803
cpu/linalg_batch_families,batched_eigh,c64,1,8x32x32,tenferro-trace,0.976829,0.016591,pytorch-cpu,0.912217,0.003666,1.070829638123385,#1878 #2000,#1878:CLOSED #2000:OPEN,batch-linalg cluster,short isolated-clock diagnostic,data/results/amd-cpu/cpu/public_api/20261008_060822/cpu_public_api_t1_20261008_060822.csv,https://github.com/tensor4all/tenferro-rs/issues/1878 https://github.com/tensor4all/tenferro-rs/issues/2000
small,solve,f64,4,"16x16,rhs=1",tenferro-trace,0.011075,1.3e-05,jax-cpu,0.010348,0.000136,1.0702551217626595,#1904 #1762,#1904:OPEN #1762:CLOSED,small-call cluster,unconfirmed observation,data/results/amd-cpu/cpu/einsum/20261008_053424/cpu_ops_t4_20261008_053424.csv,https://github.com/tensor4all/tenferro-rs/issues/1904 https://github.com/tensor4all/tenferro-rs/issues/1762
cpu/linalg_batch_families,batched_svdvals,f64,4,3x8x8,tenferro-direct,0.023484,0.00031,pytorch-cpu,0.021952,0.000351,1.0697886297376094,#1878 #2000,#1878:CLOSED #2000:OPEN,batch-linalg cluster,short isolated-clock diagnostic,data/results/amd-cpu/cpu/public_api/20261008_060822/cpu_public_api_t4_20261008_060822.csv,https://github.com/tensor4all/tenferro-rs/issues/1878 https://github.com/tensor4all/tenferro-rs/issues/2000
cpu/einsum,str_matrix_chain_multiplication_100 / opt_size,f64 (see instance),1,see instance JSON,tenferro-rs eager mode (ms),13.884,,JAX Python (XLA CPU dot) (ms),12.985,,1.0692337312283404,#1865 #1899 #1904 #975,#1865:OPEN #1899:OPEN #1904:OPEN #975:CLOSED,related contraction/planning cluster,unconfirmed observation,data/results/amd-cpu/cpu/einsum/20261008_044146/einsum_table_t1_20261008_044146.md,https://github.com/tensor4all/tenferro-rs/issues/1865 https://github.com/tensor4all/tenferro-rs/issues/1899 https://github.com/tensor4all/tenferro-rs/issues/1904 https://github.com/tensor4all/tenferro-rs/issues/975
cpu/linalg_batch_families,batched_eigvalsh,f64,1,1024x8x8,tenferro-direct,3.534284,0.007535,pytorch-cpu,3.306516,0.016712,1.0688845903059294,#1878 #2000,#1878:CLOSED #2000:OPEN,batch-linalg cluster,unconfirmed observation,data/results/amd-cpu/cpu/public_api/20261008_060822/cpu_public_api_t1_20261008_060822.csv,https://github.com/tensor4all/tenferro-rs/issues/1878 https://github.com/tensor4all/tenferro-rs/issues/2000
cpu/fft,fft,c32,4,1d_n1048576,tenferro-fft-eager,4.91268,0.106671,pytorch-cpu,4.596916,2.181397,1.0686904002596522,#1765 #1484,#1765:CLOSED #1484:CLOSED,related historical; no focused large single-lane issue,excluded: timed eager session entry,data/results/amd-cpu/cpu/fft/20261008_060740/cpu_fft_t4_20261008_060740.csv,https://github.com/tensor4all/tenferro-rs/issues/1765 https://github.com/tensor4all/tenferro-rs/issues/1484
cpu/einsum,bin_elementwise_mul_512x512 / opt_flops,f64 (see instance),1,see instance JSON,tenferro-rs eager mode (ms),0.109,,PyTorch Python (ms),0.102,,1.0686274509803921,#1865 #1899 #1904 #975,#1865:OPEN #1899:OPEN #1904:OPEN #975:CLOSED,related contraction/planning cluster,short isolated-clock diagnostic,data/results/amd-cpu/cpu/einsum/20261008_044146/einsum_table_t1_20261008_044146.md,https://github.com/tensor4all/tenferro-rs/issues/1865 https://github.com/tensor4all/tenferro-rs/issues/1899 https://github.com/tensor4all/tenferro-rs/issues/1904 https://github.com/tensor4all/tenferro-rs/issues/975
cpu/einsum,bin_elementwise_mul_512x512 / opt_size,f64 (see instance),1,see instance JSON,tenferro-rs eager mode (ms),0.109,,PyTorch Python (ms),0.102,,1.0686274509803921,#1865 #1899 #1904 #975,#1865:OPEN #1899:OPEN #1904:OPEN #975:CLOSED,related contraction/planning cluster,short isolated-clock diagnostic,data/results/amd-cpu/cpu/einsum/20261008_044146/einsum_table_t1_20261008_044146.md,https://github.com/tensor4all/tenferro-rs/issues/1865 https://github.com/tensor4all/tenferro-rs/issues/1899 https://github.com/tensor4all/tenferro-rs/issues/1904 https://github.com/tensor4all/tenferro-rs/issues/975
cpu/linalg_uncovered,eig,f64,1,160x160,tenferro-trace,8.093639,0.117341,jax-cpu,7.575473,0.237527,1.068400481395683,#1956 #1660,#1956:OPEN #1660:OPEN,related provider/extraction issues; no focused gap issue verified,unconfirmed observation,data/results/amd-cpu/cpu/public_api/20261008_060822/cpu_public_api_t1_20261008_060822.csv,https://github.com/tensor4all/tenferro-rs/issues/1956 https://github.com/tensor4all/tenferro-rs/issues/1660
cpu/elementwise_reduction,reduce_min_all,f64,4,8192x4096,tenferro-direct,5.357558,0.072167,pytorch-cpu,5.015103,0.077827,1.0682847391170232,#1719 #1001,#1719:CLOSED #1001:CLOSED,historical cluster,excluded: timed session entry,data/results/amd-cpu/cpu/public_api/20261008_060822/cpu_public_api_t4_20261008_060822.csv,https://github.com/tensor4all/tenferro-rs/issues/1719 https://github.com/tensor4all/tenferro-rs/issues/1001
cpu/linalg_batch_families,batched_svd,c64,1,8x32x32,tenferro-trace,1.688219,0.040075,jax-cpu,1.581318,0.005861,1.06760246832073,#1878 #2000,#1878:CLOSED #2000:OPEN,batch-linalg cluster,unconfirmed observation,data/results/amd-cpu/cpu/public_api/20261008_060822/cpu_public_api_t1_20261008_060822.csv,https://github.com/tensor4all/tenferro-rs/issues/1878 https://github.com/tensor4all/tenferro-rs/issues/2000
batched,batched_qr,f64,1,2x2xbatch256 (native batch layout),tenferro-trace,0.058248,0.000122,pytorch-cpu,0.054594,0.000221,1.0669304319155952,#1878 #2000,#1878:CLOSED #2000:OPEN,batch-linalg cluster,unconfirmed observation,data/results/amd-cpu/cpu/einsum/20261008_044146/cpu_ops_t1_20261008_044146.csv,https://github.com/tensor4all/tenferro-rs/issues/1878 https://github.com/tensor4all/tenferro-rs/issues/2000
cpu/linalg_batch_families,batched_cholesky,f64,4,1x128x128,tenferro-trace,0.108394,0.017823,jax-cpu,0.101692,0.004499,1.0659048892734926,#1878 #2000,#1878:CLOSED #2000:OPEN,batch-linalg cluster,short isolated-clock diagnostic,data/results/amd-cpu/cpu/public_api/20261008_060822/cpu_public_api_t4_20261008_060822.csv,https://github.com/tensor4all/tenferro-rs/issues/1878 https://github.com/tensor4all/tenferro-rs/issues/2000
large,grad_sum_svd_s_vjp,f64,1,512x512,tenferro-trace,106.148687,2.118618,jax-cpu,99.615244,0.461087,1.0655867790676694,#1328 #1803,#1328:CLOSED #1803:OPEN,AD cluster; #1803 primarily eager,unconfirmed observation,data/results/amd-cpu/cpu/einsum/20261008_044146/cpu_ops_t1_20261008_044146.csv,https://github.com/tensor4all/tenferro-rs/issues/1328 https://github.com/tensor4all/tenferro-rs/issues/1803
cpu/linalg_batch_families,batched_svd,c64,4,8x8x8,tenferro-direct,0.149321,0.000792,jax-cpu,0.140214,0.004499,1.0649507181879128,#1878 #2000,#1878:CLOSED #2000:OPEN,batch-linalg cluster,short isolated-clock diagnostic,data/results/amd-cpu/cpu/public_api/20261008_060822/cpu_public_api_t4_20261008_060822.csv,https://github.com/tensor4all/tenferro-rs/issues/1878 https://github.com/tensor4all/tenferro-rs/issues/2000
large,grad_sum_eigh_jvp,f64,1,256x256,tenferro-trace,8.925151,0.018605,jax-cpu,8.383752,0.027121,1.064577172607205,#1328 #1803,#1328:CLOSED #1803:OPEN,AD cluster; #1803 primarily eager,unconfirmed observation,data/results/amd-cpu/cpu/einsum/20261008_044146/cpu_ops_t1_20261008_044146.csv,https://github.com/tensor4all/tenferro-rs/issues/1328 https://github.com/tensor4all/tenferro-rs/issues/1803
batched,batched_solve,f64,4,"8x8xbatch64 (native batch layout),rhs=1",tenferro-eager,0.035574,6.9e-05,pytorch-cpu,0.033417,0.000289,1.0645479845587575,#1884 #1878 #2000,#1884:OPEN #1878:CLOSED #2000:OPEN,batch-linalg cluster,unconfirmed observation,data/results/amd-cpu/cpu/einsum/20261008_053424/cpu_ops_t4_20261008_053424.csv,https://github.com/tensor4all/tenferro-rs/issues/1884 https://github.com/tensor4all/tenferro-rs/issues/1878 https://github.com/tensor4all/tenferro-rs/issues/2000
large,grad_sum_eigh_vjp,f64,1,256x256,tenferro-trace,8.877552,0.022583,jax-cpu,8.349737,0.06386,1.0632133682773481,#1328 #1803,#1328:CLOSED #1803:OPEN,AD cluster; #1803 primarily eager,unconfirmed observation,data/results/amd-cpu/cpu/einsum/20261008_044146/cpu_ops_t1_20261008_044146.csv,https://github.com/tensor4all/tenferro-rs/issues/1328 https://github.com/tensor4all/tenferro-rs/issues/1803
cpu/elementwise_reduction,reduce_max_all,f64,4,8192x4096,tenferro-direct,5.347879,0.046607,pytorch-cpu,5.031393,0.079429,1.062902261858694,#1719 #1001,#1719:CLOSED #1001:CLOSED,historical cluster,excluded: timed session entry,data/results/amd-cpu/cpu/public_api/20261008_060822/cpu_public_api_t4_20261008_060822.csv,https://github.com/tensor4all/tenferro-rs/issues/1719 https://github.com/tensor4all/tenferro-rs/issues/1001
cpu/linalg_uncovered,lu,f64,4,1024x1024,tenferro-trace,10.818369,2.004554,pytorch-cpu,10.180248,0.306246,1.0626822647149656,#1956 #1660,#1956:OPEN #1660:OPEN,related provider/extraction issues; no focused gap issue verified,unconfirmed observation,data/results/amd-cpu/cpu/public_api/20261008_060822/cpu_public_api_t4_20261008_060822.csv,https://github.com/tensor4all/tenferro-rs/issues/1956 https://github.com/tensor4all/tenferro-rs/issues/1660
large,grad_sum_svd_s_backward,f64,1,64x64,tenferro-trace,0.642378,0.002159,jax-cpu,0.605413,0.017343,1.0610574929841283,#1328 #1803,#1328:CLOSED #1803:OPEN,AD cluster; #1803 primarily eager,unconfirmed observation,data/results/amd-cpu/cpu/einsum/20261008_044146/cpu_ops_t1_20261008_044146.csv,https://github.com/tensor4all/tenferro-rs/issues/1328 https://github.com/tensor4all/tenferro-rs/issues/1803
cpu/complex,log,c64,1,4194304,tenferro-trace,123.416724,0.543333,julia-base,116.316706,0.49933,1.0610403977567935,#1719 #1001,#1719:CLOSED #1001:CLOSED,historical cluster,unconfirmed observation,data/results/amd-cpu/cpu/public_api/20261008_060822/cpu_public_api_t1_20261008_060822.csv,https://github.com/tensor4all/tenferro-rs/issues/1719 https://github.com/tensor4all/tenferro-rs/issues/1001
cpu/linalg_uncovered,eig,f64,1,160x160,tenferro-direct,8.021543,0.01591,jax-cpu,7.575473,0.237527,1.058883451897987,#1956 #1660,#1956:OPEN #1660:OPEN,related provider/extraction issues; no focused gap issue verified,unconfirmed observation,data/results/amd-cpu/cpu/public_api/20261008_060822/cpu_public_api_t1_20261008_060822.csv,https://github.com/tensor4all/tenferro-rs/issues/1956 https://github.com/tensor4all/tenferro-rs/issues/1660
small,matmul,f64,4,64x64,tenferro-trace,0.023264,0.000111,pytorch-cpu,0.02198,0.002104,1.0584167424931756,#1904 #1762,#1904:OPEN #1762:CLOSED,small-call cluster,unconfirmed observation,data/results/amd-cpu/cpu/einsum/20261008_053424/cpu_ops_t4_20261008_053424.csv,https://github.com/tensor4all/tenferro-rs/issues/1904 https://github.com/tensor4all/tenferro-rs/issues/1762
small,qr,f64,4,16x16,tenferro-trace,0.011985,2.8e-05,pytorch-cpu,0.011324,0.000113,1.0583716001412928,#1904 #1762,#1904:OPEN #1762:CLOSED,small-call cluster,unconfirmed observation,data/results/amd-cpu/cpu/einsum/20261008_053424/cpu_ops_t4_20261008_053424.csv,https://github.com/tensor4all/tenferro-rs/issues/1904 https://github.com/tensor4all/tenferro-rs/issues/1762
cpu/complex,conj,c64,1,16777216,tenferro-direct,66.0913,1.640859,pytorch-cpu,62.450123,0.526972,1.0583053615442841,#1900 #1660,#1900:OPEN #1660:OPEN,related provider issues; #1900 is Apple-specific,excluded: timed session entry,data/results/amd-cpu/cpu/public_api/20261008_060822/cpu_public_api_t1_20261008_060822.csv,https://github.com/tensor4all/tenferro-rs/issues/1900 https://github.com/tensor4all/tenferro-rs/issues/1660
cpu/linalg_batch_families,batched_lu,f64,4,1x128x128,tenferro-trace,0.173958,0.027171,pytorch-cpu,0.16441,0.001102,1.058074326379174,#1884 #1878 #2000,#1884:OPEN #1878:CLOSED #2000:OPEN,batch-linalg cluster,short isolated-clock diagnostic,data/results/amd-cpu/cpu/public_api/20261008_060822/cpu_public_api_t4_20261008_060822.csv,https://github.com/tensor4all/tenferro-rs/issues/1884 https://github.com/tensor4all/tenferro-rs/issues/1878 https://github.com/tensor4all/tenferro-rs/issues/2000
batched,batched_solve,f64,4,"8x8xbatch64 (native batch layout),rhs=1",tenferro-trace,0.035356,0.000155,pytorch-cpu,0.033417,0.000289,1.058024358859263,#1884 #1878 #2000,#1884:OPEN #1878:CLOSED #2000:OPEN,batch-linalg cluster,unconfirmed observation,data/results/amd-cpu/cpu/einsum/20261008_053424/cpu_ops_t4_20261008_053424.csv,https://github.com/tensor4all/tenferro-rs/issues/1884 https://github.com/tensor4all/tenferro-rs/issues/1878 https://github.com/tensor4all/tenferro-rs/issues/2000
cpu/linalg_batch_families,batched_qr,f64,1,1024x2x2,tenferro-direct,0.206088,0.004228,pytorch-cpu,0.194827,0.000451,1.0577999969203447,#1878 #2000,#1878:CLOSED #2000:OPEN,batch-linalg cluster,short isolated-clock diagnostic,data/results/amd-cpu/cpu/public_api/20261008_060822/cpu_public_api_t1_20261008_060822.csv,https://github.com/tensor4all/tenferro-rs/issues/1878 https://github.com/tensor4all/tenferro-rs/issues/2000
batched,batched_eigh,f64,4,4x4xbatch16 (native batch layout),tenferro-eager,0.040796,0.000224,pytorch-cpu,0.038569,0.000403,1.057740672560865,#1878 #2000,#1878:CLOSED #2000:OPEN,batch-linalg cluster,unconfirmed observation,data/results/amd-cpu/cpu/einsum/20261008_053424/cpu_ops_t4_20261008_053424.csv,https://github.com/tensor4all/tenferro-rs/issues/1878 https://github.com/tensor4all/tenferro-rs/issues/2000
cpu/einsum,bin_outer_product_4096 / opt_flops,f64 (see instance),1,see instance JSON,tenferro-rs eager mode (ms),31.695,,PyTorch Python (ms),29.972,,1.0574869878553317,#1865 #1899 #1904 #975,#1865:OPEN #1899:OPEN #1904:OPEN #975:CLOSED,related contraction/planning cluster,unconfirmed observation,data/results/amd-cpu/cpu/einsum/20261008_044146/einsum_table_t1_20261008_044146.md,https://github.com/tensor4all/tenferro-rs/issues/1865 https://github.com/tensor4all/tenferro-rs/issues/1899 https://github.com/tensor4all/tenferro-rs/issues/1904 https://github.com/tensor4all/tenferro-rs/issues/975
cpu/einsum,bin_outer_product_4096 / opt_size,f64 (see instance),1,see instance JSON,tenferro-rs eager mode (ms),31.695,,PyTorch Python (ms),29.972,,1.0574869878553317,#1865 #1899 #1904 #975,#1865:OPEN #1899:OPEN #1904:OPEN #975:CLOSED,related contraction/planning cluster,unconfirmed observation,data/results/amd-cpu/cpu/einsum/20261008_044146/einsum_table_t1_20261008_044146.md,https://github.com/tensor4all/tenferro-rs/issues/1865 https://github.com/tensor4all/tenferro-rs/issues/1899 https://github.com/tensor4all/tenferro-rs/issues/1904 https://github.com/tensor4all/tenferro-rs/issues/975
batched,batched_eigh,f64,1,4x4xbatch16 (native batch layout),tenferro-eager,0.041155,0.000128,pytorch-cpu,0.038932,0.000314,1.0570995582040479,#1878 #2000,#1878:CLOSED #2000:OPEN,batch-linalg cluster,unconfirmed observation,data/results/amd-cpu/cpu/einsum/20261008_044146/cpu_ops_t1_20261008_044146.csv,https://github.com/tensor4all/tenferro-rs/issues/1878 https://github.com/tensor4all/tenferro-rs/issues/2000
cpu/linalg_batch_families,batched_eigvalsh,f64,1,4x4x4,tenferro-direct,0.011882,0.000101,pytorch-cpu,0.011241,0.00026,1.0570233964949738,#1878 #2000,#1878:CLOSED #2000:OPEN,batch-linalg cluster,short isolated-clock diagnostic,data/results/amd-cpu/cpu/public_api/20261008_060822/cpu_public_api_t1_20261008_060822.csv,https://github.com/tensor4all/tenferro-rs/issues/1878 https://github.com/tensor4all/tenferro-rs/issues/2000
batched,batched_matmul_ikb_kjb_ijb,f64,4,16x16xbatch64 (native batch layout),tenferro-trace,0.036522,0.000289,pytorch-cpu,0.034553,0.004677,1.0569849217144676,#1878 #2000,#1878:CLOSED #2000:OPEN,batch-linalg cluster,unconfirmed observation,data/results/amd-cpu/cpu/einsum/20261008_053424/cpu_ops_t4_20261008_053424.csv,https://github.com/tensor4all/tenferro-rs/issues/1878 https://github.com/tensor4all/tenferro-rs/issues/2000
large,grad_sum_solve_backward,f64,1,"256x256,rhs=1",tenferro-trace,0.741277,0.003736,jax-cpu,0.701466,0.023909,1.0567539980555007,#1328 #1803,#1328:CLOSED #1803:OPEN,AD cluster; #1803 primarily eager,unconfirmed observation,data/results/amd-cpu/cpu/einsum/20261008_044146/cpu_ops_t1_20261008_044146.csv,https://github.com/tensor4all/tenferro-rs/issues/1328 https://github.com/tensor4all/tenferro-rs/issues/1803
cpu/einsum,str_matrix_chain_multiplication_100 / opt_size,f64 (see instance),1,see instance JSON,tenferro-rs trace mode (ms),13.72,,JAX Python (XLA CPU dot) (ms),12.985,,1.0566037735849056,#1865 #1899 #1904 #975,#1865:OPEN #1899:OPEN #1904:OPEN #975:CLOSED,related contraction/planning cluster,unconfirmed observation,data/results/amd-cpu/cpu/einsum/20261008_044146/einsum_table_t1_20261008_044146.md,https://github.com/tensor4all/tenferro-rs/issues/1865 https://github.com/tensor4all/tenferro-rs/issues/1899 https://github.com/tensor4all/tenferro-rs/issues/1904 https://github.com/tensor4all/tenferro-rs/issues/975
large,grad_sum_matmul_backward,f64,4,256x256,tenferro-trace,1.09085,0.005772,pytorch-cpu,1.032619,0.030878,1.0563915635873447,#1328 #1803,#1328:CLOSED #1803:OPEN,AD cluster; #1803 primarily eager,unconfirmed observation,data/results/amd-cpu/cpu/einsum/20261008_053424/cpu_ops_t4_20261008_053424.csv,https://github.com/tensor4all/tenferro-rs/issues/1328 https://github.com/tensor4all/tenferro-rs/issues/1803
large,matmul,f64,1,128x128,tenferro-trace,0.151142,0.001097,jax-cpu,0.143129,0.016774,1.055984461569633,#1927,#1927:OPEN,umbrella only; no focused gap issue verified,unconfirmed observation,data/results/amd-cpu/cpu/einsum/20261008_044146/cpu_ops_t1_20261008_044146.csv,https://github.com/tensor4all/tenferro-rs/issues/1927
large,grad_sum_eigh_vjp,f64,4,256x256,tenferro-trace,4.343336,0.053431,pytorch-cpu,4.113285,0.016841,1.055928777120963,#1328 #1803,#1328:CLOSED #1803:OPEN,AD cluster; #1803 primarily eager,unconfirmed observation,data/results/amd-cpu/cpu/einsum/20261008_053424/cpu_ops_t4_20261008_053424.csv,https://github.com/tensor4all/tenferro-rs/issues/1328 https://github.com/tensor4all/tenferro-rs/issues/1803
large,grad_sum_solve_jvp,f64,1,"512x512,rhs=1",tenferro-trace,4.273515,0.066464,jax-cpu,4.050835,0.019938,1.0549713824433726,#1328 #1803,#1328:CLOSED #1803:OPEN,AD cluster; #1803 primarily eager,unconfirmed observation,data/results/amd-cpu/cpu/einsum/20261008_044146/cpu_ops_t1_20261008_044146.csv,https://github.com/tensor4all/tenferro-rs/issues/1328 https://github.com/tensor4all/tenferro-rs/issues/1803
cpu/linalg_batch_families,batched_svd,c64,1,8x8x8,tenferro-direct,0.149532,0.000381,pytorch-cpu,0.141827,0.000481,1.0543267501956608,#1878 #2000,#1878:CLOSED #2000:OPEN,batch-linalg cluster,short isolated-clock diagnostic,data/results/amd-cpu/cpu/public_api/20261008_060822/cpu_public_api_t1_20261008_060822.csv,https://github.com/tensor4all/tenferro-rs/issues/1878 https://github.com/tensor4all/tenferro-rs/issues/2000
batched,batched_qr,f64,1,8x8xbatch16 (native batch layout),tenferro-eager,0.027867,0.000139,pytorch-cpu,0.026444,8.1e-05,1.0538118287702314,#1878 #2000,#1878:CLOSED #2000:OPEN,batch-linalg cluster,unconfirmed observation,data/results/amd-cpu/cpu/einsum/20261008_044146/cpu_ops_t1_20261008_044146.csv,https://github.com/tensor4all/tenferro-rs/issues/1878 https://github.com/tensor4all/tenferro-rs/issues/2000
cpu/elementwise_reduction,reduce_prod_all,f64,1,8192x4096,tenferro-direct,6.047045,0.064622,pytorch-cpu,5.755787,0.105449,1.0506026369634596,#1719 #1001,#1719:CLOSED #1001:CLOSED,historical cluster,excluded: timed session entry,data/results/amd-cpu/cpu/public_api/20261008_060822/cpu_public_api_t1_20261008_060822.csv,https://github.com/tensor4all/tenferro-rs/issues/1719 https://github.com/tensor4all/tenferro-rs/issues/1001
cpu/linalg_batch_families,batched_lu,f64,4,1024x4x4,tenferro-direct,0.135636,0.001152,pytorch-cpu,0.129274,0.025859,1.04921329888454,#1884 #1878 #2000,#1884:OPEN #1878:CLOSED #2000:OPEN,batch-linalg cluster,short isolated-clock diagnostic,data/results/amd-cpu/cpu/public_api/20261008_060822/cpu_public_api_t4_20261008_060822.csv,https://github.com/tensor4all/tenferro-rs/issues/1884 https://github.com/tensor4all/tenferro-rs/issues/1878 https://github.com/tensor4all/tenferro-rs/issues/2000
cpu/perf_issues,decode_proj_f32_eager-shared_in1024_out4096_len512,f32,4,"{'in': 1024, 'out': 4096, 'len': 512, 'kind': 'decode_projection', 'arm': 'eager-shared', 'dtype': 'f32'}",eager-shared,22.567937,,pytorch-cpu,21.511748,,1.0490982415747898,#1992 #2003 #1995,#1992:OPEN #2003:OPEN #1995:OPEN,explicit workload issue IDs,screening only: original PyTorch retention-list growth timed,data/results/amd-cpu/cpu/perf_issues/20261008_063605/samples_t4.jsonl,https://github.com/tensor4all/tenferro-rs/issues/1992 https://github.com/tensor4all/tenferro-rs/issues/2003 https://github.com/tensor4all/tenferro-rs/issues/1995
small,matmul,f64,1,64x64,tenferro-trace,0.029284,0.000124,pytorch-cpu,0.027926,0.000973,1.048628518226742,#1904 #1762,#1904:OPEN #1762:CLOSED,small-call cluster,unconfirmed observation,data/results/amd-cpu/cpu/einsum/20261008_044146/cpu_ops_t1_20261008_044146.csv,https://github.com/tensor4all/tenferro-rs/issues/1904 https://github.com/tensor4all/tenferro-rs/issues/1762
large,grad_sum_matmul,f64,4,1024x1024,tenferro-eager,16.927732,0.137378,jax-cpu,16.143074,0.184267,1.0486064797819796,#1328 #1803,#1328:CLOSED #1803:OPEN,AD cluster; #1803 primarily eager,unconfirmed observation,data/results/amd-cpu/cpu/einsum/20261008_053424/cpu_ops_t4_20261008_053424.csv,https://github.com/tensor4all/tenferro-rs/issues/1328 https://github.com/tensor4all/tenferro-rs/issues/1803
cpu/linalg_batch_families,batched_qr,f64,1,1024x8x8,tenferro-trace,1.445622,0.033594,pytorch-cpu,1.379217,0.007925,1.04814688334033,#1878 #2000,#1878:CLOSED #2000:OPEN,batch-linalg cluster,unconfirmed observation,data/results/amd-cpu/cpu/public_api/20261008_060822/cpu_public_api_t1_20261008_060822.csv,https://github.com/tensor4all/tenferro-rs/issues/1878 https://github.com/tensor4all/tenferro-rs/issues/2000
large,grad_sum_matmul_backward,f64,4,512x512,tenferro-trace,7.223446,0.064281,jax-cpu,6.894832,0.330922,1.047660914725696,#1328 #1803,#1328:CLOSED #1803:OPEN,AD cluster; #1803 primarily eager,unconfirmed observation,data/results/amd-cpu/cpu/einsum/20261008_053424/cpu_ops_t4_20261008_053424.csv,https://github.com/tensor4all/tenferro-rs/issues/1328 https://github.com/tensor4all/tenferro-rs/issues/1803
cpu/complex,svd,c64,4,160x160,tenferro-trace,3.995222,1.549026,julia-base,3.819593,0.075283,1.0459810770414544,#1900 #1660,#1900:OPEN #1660:OPEN,related provider issues; #1900 is Apple-specific,unconfirmed observation,data/results/amd-cpu/cpu/public_api/20261008_060822/cpu_public_api_t4_20261008_060822.csv,https://github.com/tensor4all/tenferro-rs/issues/1900 https://github.com/tensor4all/tenferro-rs/issues/1660
batched,grad_sum_batched_solve_backward,f64,1,"2x2xbatch256 (native batch layout),rhs=1",tenferro-trace,0.093543,0.000192,pytorch-cpu,0.089445,0.000421,1.045815864497736,#1328 #1803,#1328:CLOSED #1803:OPEN,AD cluster; #1803 primarily eager,unconfirmed observation,data/results/amd-cpu/cpu/einsum/20261008_044146/cpu_ops_t1_20261008_044146.csv,https://github.com/tensor4all/tenferro-rs/issues/1328 https://github.com/tensor4all/tenferro-rs/issues/1803
small,qr,f64,4,8x8,tenferro-eager,0.007215,1.8e-05,pytorch-cpu,0.0069,0.000167,1.0456521739130435,#1904 #1762,#1904:OPEN #1762:CLOSED,small-call cluster,unconfirmed observation,data/results/amd-cpu/cpu/einsum/20261008_053424/cpu_ops_t4_20261008_053424.csv,https://github.com/tensor4all/tenferro-rs/issues/1904 https://github.com/tensor4all/tenferro-rs/issues/1762
cpu/indexing_layout,dynamic_slice,f64,1,4194304 -> 2097152,tenferro-direct,0.542341,0.041368,pytorch-cpu,0.518666,0.032171,1.0456459455603413,#1482 #1719 #1512,#1482:CLOSED #1719:CLOSED #1512:CLOSED,historical indexing cluster,excluded: timed session entry,data/results/amd-cpu/cpu/public_api/20261008_060822/cpu_public_api_t1_20261008_060822.csv,https://github.com/tensor4all/tenferro-rs/issues/1482 https://github.com/tensor4all/tenferro-rs/issues/1719 https://github.com/tensor4all/tenferro-rs/issues/1512
batched,batched_qr,f64,4,8x8xbatch16 (native batch layout),tenferro-eager,0.027643,7.1e-05,pytorch-cpu,0.02652,0.000171,1.042345399698341,#1878 #2000,#1878:CLOSED #2000:OPEN,batch-linalg cluster,unconfirmed observation,data/results/amd-cpu/cpu/einsum/20261008_053424/cpu_ops_t4_20261008_053424.csv,https://github.com/tensor4all/tenferro-rs/issues/1878 https://github.com/tensor4all/tenferro-rs/issues/2000
batched,batched_matmul_ikb_kjb_ijb,f64,1,16x16xbatch64 (native batch layout),tenferro-trace,0.061712,0.000143,pytorch-cpu,0.059212,0.000916,1.042221171384179,#1878 #2000,#1878:CLOSED #2000:OPEN,batch-linalg cluster,unconfirmed observation,data/results/amd-cpu/cpu/einsum/20261008_044146/cpu_ops_t1_20261008_044146.csv,https://github.com/tensor4all/tenferro-rs/issues/1878 https://github.com/tensor4all/tenferro-rs/issues/2000
cpu/elementwise_reduction,clamp,f64,4,8388608,tenferro-trace,8.336747,0.42459,pytorch-cpu,8.003429,0.074691,1.0416468990978742,#1927,#1927:OPEN,umbrella only; no focused gap issue verified,unconfirmed observation,data/results/amd-cpu/cpu/public_api/20261008_060822/cpu_public_api_t4_20261008_060822.csv,https://github.com/tensor4all/tenferro-rs/issues/1927
cpu/einsum,bin_permuted_r4_abcd_dbef_acef_d32 / opt_flops,f64 (see instance),4,see instance JSON,tenferro-rs eager mode (ms),19.187,,JAX Python (XLA CPU dot) (ms),18.428,,1.0411873236379423,#1865 #1899 #1904 #975,#1865:OPEN #1899:OPEN #1904:OPEN #975:CLOSED,related contraction/planning cluster,unconfirmed observation,data/results/amd-cpu/cpu/einsum/20261008_053424/einsum_table_t4_20261008_053424.md,https://github.com/tensor4all/tenferro-rs/issues/1865 https://github.com/tensor4all/tenferro-rs/issues/1899 https://github.com/tensor4all/tenferro-rs/issues/1904 https://github.com/tensor4all/tenferro-rs/issues/975
cpu/einsum,bin_permuted_r4_abcd_dbef_acef_d32 / opt_size,f64 (see instance),4,see instance JSON,tenferro-rs eager mode (ms),19.187,,JAX Python (XLA CPU dot) (ms),18.428,,1.0411873236379423,#1865 #1899 #1904 #975,#1865:OPEN #1899:OPEN #1904:OPEN #975:CLOSED,related contraction/planning cluster,unconfirmed observation,data/results/amd-cpu/cpu/einsum/20261008_053424/einsum_table_t4_20261008_053424.md,https://github.com/tensor4all/tenferro-rs/issues/1865 https://github.com/tensor4all/tenferro-rs/issues/1899 https://github.com/tensor4all/tenferro-rs/issues/1904 https://github.com/tensor4all/tenferro-rs/issues/975
batched,batched_qr,f64,4,8x8xbatch64 (native batch layout),tenferro-trace,0.091474,0.000254,pytorch-cpu,0.087868,0.000364,1.0410388309737333,#1878 #2000,#1878:CLOSED #2000:OPEN,batch-linalg cluster,unconfirmed observation,data/results/amd-cpu/cpu/einsum/20261008_053424/cpu_ops_t4_20261008_053424.csv,https://github.com/tensor4all/tenferro-rs/issues/1878 https://github.com/tensor4all/tenferro-rs/issues/2000
cpu/einsum,str_nw_mera_closed_120 / opt_flops,f64 (see instance),4,see instance JSON,tenferro-rs eager mode (ms),521.686,,JAX Python (XLA CPU dot) (ms),501.404,,1.040450415234023,#1865 #1899 #1904 #975,#1865:OPEN #1899:OPEN #1904:OPEN #975:CLOSED,related contraction/planning cluster,unconfirmed observation,data/results/amd-cpu/cpu/einsum/20261008_053424/einsum_table_t4_20261008_053424.md,https://github.com/tensor4all/tenferro-rs/issues/1865 https://github.com/tensor4all/tenferro-rs/issues/1899 https://github.com/tensor4all/tenferro-rs/issues/1904 https://github.com/tensor4all/tenferro-rs/issues/975
cpu/elementwise_reduction,clamp,f64,4,8388608,tenferro-direct,8.325676,0.245543,pytorch-cpu,8.003429,0.074691,1.0402636170071602,#1927,#1927:OPEN,umbrella only; no focused gap issue verified,excluded: timed session entry,data/results/amd-cpu/cpu/public_api/20261008_060822/cpu_public_api_t4_20261008_060822.csv,https://github.com/tensor4all/tenferro-rs/issues/1927
batched,batched_qr,f64,1,8x8xbatch64 (native batch layout),tenferro-trace,0.094309,0.000244,pytorch-cpu,0.090684,0.000126,1.0399739755634954,#1878 #2000,#1878:CLOSED #2000:OPEN,batch-linalg cluster,unconfirmed observation,data/results/amd-cpu/cpu/einsum/20261008_044146/cpu_ops_t1_20261008_044146.csv,https://github.com/tensor4all/tenferro-rs/issues/1878 https://github.com/tensor4all/tenferro-rs/issues/2000
batched,batched_qr,f64,4,8x8xbatch256 (native batch layout),tenferro-trace,0.34618,0.003127,pytorch-cpu,0.332978,0.001165,1.0396482650505439,#1878 #2000,#1878:CLOSED #2000:OPEN,batch-linalg cluster,unconfirmed observation,data/results/amd-cpu/cpu/einsum/20261008_053424/cpu_ops_t4_20261008_053424.csv,https://github.com/tensor4all/tenferro-rs/issues/1878 https://github.com/tensor4all/tenferro-rs/issues/2000
cpu/elementwise_reduction,sign,f64,4,33554432,tenferro-direct,23.015875,0.234972,pytorch-cpu,22.158962,0.252875,1.0386711706080818,#1927,#1927:OPEN,umbrella only; no focused gap issue verified,excluded: timed session entry,data/results/amd-cpu/cpu/public_api/20261008_060822/cpu_public_api_t4_20261008_060822.csv,https://github.com/tensor4all/tenferro-rs/issues/1927
cpu/structural_shape,broadcast_in_dim,f64,1,8192x1 -> 8192x4096,tenferro-direct,61.443789,1.416567,pytorch-cpu,59.159808,1.256867,1.038606971138243,#1001 #1512 #1480,#1001:CLOSED #1512:CLOSED #1480:CLOSED,related structural cluster,excluded: timed session entry,data/results/amd-cpu/cpu/public_api/20261008_060822/cpu_public_api_t1_20261008_060822.csv,https://github.com/tensor4all/tenferro-rs/issues/1001 https://github.com/tensor4all/tenferro-rs/issues/1512 https://github.com/tensor4all/tenferro-rs/issues/1480
batched,batched_solve,f64,1,"8x8xbatch1024 (native batch layout),rhs=1",tenferro-eager,0.447092,0.001238,pytorch-cpu,0.430685,0.003345,1.0380951275294008,#1884 #1878 #2000,#1884:OPEN #1878:CLOSED #2000:OPEN,batch-linalg cluster,unconfirmed observation,data/results/amd-cpu/cpu/einsum/20261008_044146/cpu_ops_t1_20261008_044146.csv,https://github.com/tensor4all/tenferro-rs/issues/1884 https://github.com/tensor4all/tenferro-rs/issues/1878 https://github.com/tensor4all/tenferro-rs/issues/2000
cpu/complex,eig,c64,4,112x112,tenferro-direct,11.06317,1.620431,pytorch-cpu,10.663578,0.016892,1.0374726006599286,#1900 #1660,#1900:OPEN #1660:OPEN,related provider issues; #1900 is Apple-specific,unconfirmed observation,data/results/amd-cpu/cpu/public_api/20261008_060822/cpu_public_api_t4_20261008_060822.csv,https://github.com/tensor4all/tenferro-rs/issues/1900 https://github.com/tensor4all/tenferro-rs/issues/1660
large,grad_sum_matmul,f64,1,128x128,tenferro-trace,0.154784,0.000449,pytorch-cpu,0.149285,0.003097,1.036835582945373,#1328 #1803,#1328:CLOSED #1803:OPEN,AD cluster; #1803 primarily eager,unconfirmed observation,data/results/amd-cpu/cpu/einsum/20261008_044146/cpu_ops_t1_20261008_044146.csv,https://github.com/tensor4all/tenferro-rs/issues/1328 https://github.com/tensor4all/tenferro-rs/issues/1803
small,grad_sum_svd_s_vjp,f64,4,32x32,tenferro-trace,0.181892,0.000476,jax-cpu,0.175514,0.002513,1.0363389815057489,#1328 #1803,#1328:CLOSED #1803:OPEN,AD cluster; #1803 primarily eager,unconfirmed observation,data/results/amd-cpu/cpu/einsum/20261008_053424/cpu_ops_t4_20261008_053424.csv,https://github.com/tensor4all/tenferro-rs/issues/1328 https://github.com/tensor4all/tenferro-rs/issues/1803
cpu/linalg_batch_families,batched_eigvalsh,f64,4,8x8x8,tenferro-direct,0.034014,7e-05,pytorch-cpu,0.032822,0.000241,1.0363171043812078,#1878 #2000,#1878:CLOSED #2000:OPEN,batch-linalg cluster,short isolated-clock diagnostic,data/results/amd-cpu/cpu/public_api/20261008_060822/cpu_public_api_t4_20261008_060822.csv,https://github.com/tensor4all/tenferro-rs/issues/1878 https://github.com/tensor4all/tenferro-rs/issues/2000
cpu/elementwise_reduction,neg,f64,4,33554432,tenferro-direct,21.726858,0.322848,pytorch-cpu,20.968941,1.478173,1.0361447437903517,#1927,#1927:OPEN,umbrella only; no focused gap issue verified,excluded: timed session entry,data/results/amd-cpu/cpu/public_api/20261008_060822/cpu_public_api_t4_20261008_060822.csv,https://github.com/tensor4all/tenferro-rs/issues/1927
cpu/linalg_batched,batched_lu_factor,f64,4,"1024x2x2,rhs=1",tenferro-direct,0.032591,0.000891,pytorch-cpu,0.031469,0.001172,1.0356541358162001,#1884 #1878 #2000,#1884:OPEN #1878:CLOSED #2000:OPEN,batch-linalg cluster,short isolated-clock diagnostic,data/results/amd-cpu/cpu/public_api/20261008_060822/cpu_public_api_t4_20261008_060822.csv,https://github.com/tensor4all/tenferro-rs/issues/1884 https://github.com/tensor4all/tenferro-rs/issues/1878 https://github.com/tensor4all/tenferro-rs/issues/2000
large,grad_sum_matmul,f64,4,1024x1024,tenferro-trace,16.717878,0.36128,jax-cpu,16.143074,0.184267,1.0356068491044519,#1328 #1803,#1328:CLOSED #1803:OPEN,AD cluster; #1803 primarily eager,unconfirmed observation,data/results/amd-cpu/cpu/einsum/20261008_053424/cpu_ops_t4_20261008_053424.csv,https://github.com/tensor4all/tenferro-rs/issues/1328 https://github.com/tensor4all/tenferro-rs/issues/1803
cpu/einsum,str_matrix_chain_multiplication_100 / opt_flops,f64 (see instance),1,see instance JSON,tenferro-rs eager mode (ms),13.691,,OMEinsum.jl OpenBLAS (ms),13.238,,1.0342196706451126,#1865 #1899 #1904 #975,#1865:OPEN #1899:OPEN #1904:OPEN #975:CLOSED,related contraction/planning cluster,unconfirmed observation,data/results/amd-cpu/cpu/einsum/20261008_044146/einsum_table_t1_20261008_044146.md,https://github.com/tensor4all/tenferro-rs/issues/1865 https://github.com/tensor4all/tenferro-rs/issues/1899 https://github.com/tensor4all/tenferro-rs/issues/1904 https://github.com/tensor4all/tenferro-rs/issues/975
cpu/linalg_batch_families,batched_eigh,f64,1,1x128x128,tenferro-direct,1.458005,0.046357,jax-cpu,1.410896,0.02636,1.0333894206234904,#1878 #2000,#1878:CLOSED #2000:OPEN,batch-linalg cluster,unconfirmed observation,data/results/amd-cpu/cpu/public_api/20261008_060822/cpu_public_api_t1_20261008_060822.csv,https://github.com/tensor4all/tenferro-rs/issues/1878 https://github.com/tensor4all/tenferro-rs/issues/2000
cpu/elementwise_reduction,mul,f64,1,33554432,tenferro-direct,72.953219,0.815055,pytorch-cpu,70.630435,1.023567,1.0328864461899463,#1927,#1927:OPEN,umbrella only; no focused gap issue verified,excluded: timed session entry,data/results/amd-cpu/cpu/public_api/20261008_060822/cpu_public_api_t1_20261008_060822.csv,https://github.com/tensor4all/tenferro-rs/issues/1927
cpu/perf_issues,small_solve_f64_solve-loop_k64_b64,f64,1,"{'k': 64, 'batch': 64, 'kind': 'small_solves', 'arm': 'solve-loop', 'dtype': 'f64'}",solve-loop,4.884568,,pytorch-cpu,4.729175,,1.0328583738178436,#2007,#2007:OPEN,explicit workload issue IDs,screening only: original PyTorch retention-list growth timed,data/results/amd-cpu/cpu/perf_issues/20261008_063605/samples_t1.jsonl,https://github.com/tensor4all/tenferro-rs/issues/2007
batched,batched_matmul_ikb_kjb_ijb,f64,1,4x4xbatch1024 (native batch layout),tenferro-trace,0.129569,0.000622,jax-cpu,0.125479,0.00102,1.032595095593685,#1878 #2000,#1878:CLOSED #2000:OPEN,batch-linalg cluster,unconfirmed observation,data/results/amd-cpu/cpu/einsum/20261008_044146/cpu_ops_t1_20261008_044146.csv,https://github.com/tensor4all/tenferro-rs/issues/1878 https://github.com/tensor4all/tenferro-rs/issues/2000
cpu/einsum,str_nw_mera_closed_120 / opt_size,f64 (see instance),4,see instance JSON,tenferro-rs eager mode (ms),445.002,,JAX Python (XLA CPU dot) (ms),430.97,,1.0325591108429821,#1865 #1899 #1904 #975,#1865:OPEN #1899:OPEN #1904:OPEN #975:CLOSED,related contraction/planning cluster,unconfirmed observation,data/results/amd-cpu/cpu/einsum/20261008_053424/einsum_table_t4_20261008_053424.md,https://github.com/tensor4all/tenferro-rs/issues/1865 https://github.com/tensor4all/tenferro-rs/issues/1899 https://github.com/tensor4all/tenferro-rs/issues/1904 https://github.com/tensor4all/tenferro-rs/issues/975
cpu/einsum,bin_matmul_1024 / opt_flops,f64 (see instance),1,see instance JSON,tenferro-rs eager mode (ms),60.173,,OMEinsum.jl OpenBLAS (ms),58.29,,1.0323039972551038,#1865 #1899 #1904 #975,#1865:OPEN #1899:OPEN #1904:OPEN #975:CLOSED,related contraction/planning cluster,unconfirmed observation,data/results/amd-cpu/cpu/einsum/20261008_044146/einsum_table_t1_20261008_044146.md,https://github.com/tensor4all/tenferro-rs/issues/1865 https://github.com/tensor4all/tenferro-rs/issues/1899 https://github.com/tensor4all/tenferro-rs/issues/1904 https://github.com/tensor4all/tenferro-rs/issues/975
cpu/einsum,bin_matmul_1024 / opt_size,f64 (see instance),1,see instance JSON,tenferro-rs eager mode (ms),60.173,,OMEinsum.jl OpenBLAS (ms),58.29,,1.0323039972551038,#1865 #1899 #1904 #975,#1865:OPEN #1899:OPEN #1904:OPEN #975:CLOSED,related contraction/planning cluster,unconfirmed observation,data/results/amd-cpu/cpu/einsum/20261008_044146/einsum_table_t1_20261008_044146.md,https://github.com/tensor4all/tenferro-rs/issues/1865 https://github.com/tensor4all/tenferro-rs/issues/1899 https://github.com/tensor4all/tenferro-rs/issues/1904 https://github.com/tensor4all/tenferro-rs/issues/975
large,grad_sum_lu_jvp,f64,4,256x256,tenferro-trace,1.911045,0.025212,jax-cpu,1.851586,0.324619,1.0321124700662028,#1328 #1803,#1328:CLOSED #1803:OPEN,AD cluster; #1803 primarily eager,unconfirmed observation,data/results/amd-cpu/cpu/einsum/20261008_053424/cpu_ops_t4_20261008_053424.csv,https://github.com/tensor4all/tenferro-rs/issues/1328 https://github.com/tensor4all/tenferro-rs/issues/1803
cpu/output_reuse,copy_read_into,f64,1,33554432,tenferro-direct,14.729734,0.043563,julia-base,14.27662,0.116119,1.0317381845282707,#1899 #1904,#1899:OPEN #1904:OPEN,related public contraction path,excluded: timed session entry,data/results/amd-cpu/cpu/public_api/20261008_060822/cpu_public_api_t1_20261008_060822.csv,https://github.com/tensor4all/tenferro-rs/issues/1899 https://github.com/tensor4all/tenferro-rs/issues/1904
large,grad_sum_solve_vjp,f64,1,"512x512,rhs=1",tenferro-trace,4.216047,0.025728,jax-cpu,4.087133,0.014617,1.0315414252484565,#1328 #1803,#1328:CLOSED #1803:OPEN,AD cluster; #1803 primarily eager,unconfirmed observation,data/results/amd-cpu/cpu/einsum/20261008_044146/cpu_ops_t1_20261008_044146.csv,https://github.com/tensor4all/tenferro-rs/issues/1328 https://github.com/tensor4all/tenferro-rs/issues/1803
large,grad_sum_matmul,f64,1,1024x1024,tenferro-eager,63.075285,0.306165,jax-cpu,61.157461,0.194747,1.031358790385363,#1328 #1803,#1328:CLOSED #1803:OPEN,AD cluster; #1803 primarily eager,unconfirmed observation,data/results/amd-cpu/cpu/einsum/20261008_044146/cpu_ops_t1_20261008_044146.csv,https://github.com/tensor4all/tenferro-rs/issues/1328 https://github.com/tensor4all/tenferro-rs/issues/1803
cpu/linalg_batch_families,batched_qr,f64,4,1x8x8,tenferro-direct,0.006642,0.000481,pytorch-cpu,0.006442,0.000381,1.0310462589257996,#1878 #2000,#1878:CLOSED #2000:OPEN,batch-linalg cluster,short isolated-clock diagnostic,data/results/amd-cpu/cpu/public_api/20261008_060822/cpu_public_api_t4_20261008_060822.csv,https://github.com/tensor4all/tenferro-rs/issues/1878 https://github.com/tensor4all/tenferro-rs/issues/2000
cpu/structural_shape,reshape,f64,4,33554432 -> 8192x4096,tenferro-trace,21.805245,0.812961,pytorch-cpu,21.151816,0.618825,1.0308923356746296,#2029,#2029:OPEN,focused,unconfirmed observation,data/results/amd-cpu/cpu/public_api/20261008_060822/cpu_public_api_t4_20261008_060822.csv,https://github.com/tensor4all/tenferro-rs/issues/2029
batched,batched_solve,f64,1,"2x2xbatch1024 (native batch layout),rhs=1",tenferro-eager,0.086033,0.000211,pytorch-cpu,0.083458,0.000358,1.0308538426513933,#1884 #1878 #2000,#1884:OPEN #1878:CLOSED #2000:OPEN,batch-linalg cluster,unconfirmed observation,data/results/amd-cpu/cpu/einsum/20261008_044146/cpu_ops_t1_20261008_044146.csv,https://github.com/tensor4all/tenferro-rs/issues/1884 https://github.com/tensor4all/tenferro-rs/issues/1878 https://github.com/tensor4all/tenferro-rs/issues/2000
cpu/indexing_layout,pad,f64,1,2097152,tenferro-direct,0.775711,0.059722,pytorch-cpu,0.752898,0.022922,1.030300253155142,#1482 #1719 #1512,#1482:CLOSED #1719:CLOSED #1512:CLOSED,historical indexing cluster,excluded: timed session entry,data/results/amd-cpu/cpu/public_api/20261008_060822/cpu_public_api_t1_20261008_060822.csv,https://github.com/tensor4all/tenferro-rs/issues/1482 https://github.com/tensor4all/tenferro-rs/issues/1719 https://github.com/tensor4all/tenferro-rs/issues/1512
cpu/linalg_batch_families,batched_qr,f64,1,1x128x128,tenferro-trace,0.57926,0.009398,jax-cpu,0.562239,0.007705,1.0302736025071189,#1878 #2000,#1878:CLOSED #2000:OPEN,batch-linalg cluster,short isolated-clock diagnostic,data/results/amd-cpu/cpu/public_api/20261008_060822/cpu_public_api_t1_20261008_060822.csv,https://github.com/tensor4all/tenferro-rs/issues/1878 https://github.com/tensor4all/tenferro-rs/issues/2000
small,solve,f64,4,"32x32,rhs=1",tenferro-eager,0.014139,3.9e-05,jax-cpu,0.013727,0.001212,1.030013841334596,#1904 #1762,#1904:OPEN #1762:CLOSED,small-call cluster,unconfirmed observation,data/results/amd-cpu/cpu/einsum/20261008_053424/cpu_ops_t4_20261008_053424.csv,https://github.com/tensor4all/tenferro-rs/issues/1904 https://github.com/tensor4all/tenferro-rs/issues/1762
cpu/structural_shape,embed_diagonal,f64,4,8192 -> 8192x8192,tenferro-trace,36.236648,0.538454,pytorch-cpu,35.215255,1.071207,1.0290042766976983,#1001 #1512 #1480,#1001:CLOSED #1512:CLOSED #1480:CLOSED,related structural cluster,unconfirmed observation,data/results/amd-cpu/cpu/public_api/20261008_060822/cpu_public_api_t4_20261008_060822.csv,https://github.com/tensor4all/tenferro-rs/issues/1001 https://github.com/tensor4all/tenferro-rs/issues/1512 https://github.com/tensor4all/tenferro-rs/issues/1480
cpu/einsum,bin_elementwise_mul_2048x2048 / opt_flops,f64 (see instance),4,see instance JSON,tenferro-rs trace mode (ms),3.237,,PyTorch Python (ms),3.146,,1.0289256198347108,#1865 #1899 #1904 #975,#1865:OPEN #1899:OPEN #1904:OPEN #975:CLOSED,related contraction/planning cluster,unconfirmed observation,data/results/amd-cpu/cpu/einsum/20261008_053424/einsum_table_t4_20261008_053424.md,https://github.com/tensor4all/tenferro-rs/issues/1865 https://github.com/tensor4all/tenferro-rs/issues/1899 https://github.com/tensor4all/tenferro-rs/issues/1904 https://github.com/tensor4all/tenferro-rs/issues/975
cpu/einsum,bin_elementwise_mul_2048x2048 / opt_size,f64 (see instance),4,see instance JSON,tenferro-rs trace mode (ms),3.237,,PyTorch Python (ms),3.146,,1.0289256198347108,#1865 #1899 #1904 #975,#1865:OPEN #1899:OPEN #1904:OPEN #975:CLOSED,related contraction/planning cluster,unconfirmed observation,data/results/amd-cpu/cpu/einsum/20261008_053424/einsum_table_t4_20261008_053424.md,https://github.com/tensor4all/tenferro-rs/issues/1865 https://github.com/tensor4all/tenferro-rs/issues/1899 https://github.com/tensor4all/tenferro-rs/issues/1904 https://github.com/tensor4all/tenferro-rs/issues/975
cpu/linalg_batch_families,batched_svd,c64,4,1x128x128,tenferro-direct,3.701479,0.014647,pytorch-cpu,3.601281,0.024136,1.0278228774705445,#1878 #2000,#1878:CLOSED #2000:OPEN,batch-linalg cluster,unconfirmed observation,data/results/amd-cpu/cpu/public_api/20261008_060822/cpu_public_api_t4_20261008_060822.csv,https://github.com/tensor4all/tenferro-rs/issues/1878 https://github.com/tensor4all/tenferro-rs/issues/2000
large,qr,f64,4,128x128,tenferro-trace,0.423428,0.006359,pytorch-cpu,0.41244,0.003021,1.0266414508777035,#1927,#1927:OPEN,umbrella only; no focused gap issue verified,unconfirmed observation,data/results/amd-cpu/cpu/einsum/20261008_053424/cpu_ops_t4_20261008_053424.csv,https://github.com/tensor4all/tenferro-rs/issues/1927
batched,batched_qr,f64,4,8x8xbatch64 (native batch layout),tenferro-eager,0.090208,0.000365,pytorch-cpu,0.087868,0.000364,1.02663085537397,#1878 #2000,#1878:CLOSED #2000:OPEN,batch-linalg cluster,unconfirmed observation,data/results/amd-cpu/cpu/einsum/20261008_053424/cpu_ops_t4_20261008_053424.csv,https://github.com/tensor4all/tenferro-rs/issues/1878 https://github.com/tensor4all/tenferro-rs/issues/2000
batched,batched_qr,f64,1,2x2xbatch256 (native batch layout),tenferro-eager,0.056043,0.000207,pytorch-cpu,0.054594,0.000221,1.0265413781734258,#1878 #2000,#1878:CLOSED #2000:OPEN,batch-linalg cluster,unconfirmed observation,data/results/amd-cpu/cpu/einsum/20261008_044146/cpu_ops_t1_20261008_044146.csv,https://github.com/tensor4all/tenferro-rs/issues/1878 https://github.com/tensor4all/tenferro-rs/issues/2000
cpu/einsum,str_mps_varying_inner_product_200 / opt_flops,f64 (see instance),1,see instance JSON,tenferro-rs eager mode (ms),21.493,,JAX Python (XLA CPU dot) (ms),20.941,,1.0263597726947138,#1865 #1899 #1904 #975,#1865:OPEN #1899:OPEN #1904:OPEN #975:CLOSED,related contraction/planning cluster,unconfirmed observation,data/results/amd-cpu/cpu/einsum/20261008_044146/einsum_table_t1_20261008_044146.md,https://github.com/tensor4all/tenferro-rs/issues/1865 https://github.com/tensor4all/tenferro-rs/issues/1899 https://github.com/tensor4all/tenferro-rs/issues/1904 https://github.com/tensor4all/tenferro-rs/issues/975
cpu/elementwise_reduction,reduce_sum_all,f64,1,8192x4096,tenferro-direct,6.207638,0.068158,pytorch-cpu,6.04968,0.094869,1.0261101413628488,#1719 #1001,#1719:CLOSED #1001:CLOSED,historical cluster,excluded: timed session entry,data/results/amd-cpu/cpu/public_api/20261008_060822/cpu_public_api_t1_20261008_060822.csv,https://github.com/tensor4all/tenferro-rs/issues/1719 https://github.com/tensor4all/tenferro-rs/issues/1001
batched,batched_matmul_ikb_kjb_ijb,f64,1,8x8xbatch64 (native batch layout),tenferro-trace,0.023067,7.7e-05,pytorch-cpu,0.022483,0.000167,1.0259751812480542,#1878 #2000,#1878:CLOSED #2000:OPEN,batch-linalg cluster,unconfirmed observation,data/results/amd-cpu/cpu/einsum/20261008_044146/cpu_ops_t1_20261008_044146.csv,https://github.com/tensor4all/tenferro-rs/issues/1878 https://github.com/tensor4all/tenferro-rs/issues/2000
cpu/structural_shape,cast_f64_f32,f64->f32,4,33554432,tenferro-direct,13.484499,0.287271,pytorch-cpu,13.152474,0.173967,1.0252443000457556,#1001 #674,#1001:CLOSED #674:CLOSED,historical cluster,excluded: timed session entry,data/results/amd-cpu/cpu/public_api/20261008_060822/cpu_public_api_t4_20261008_060822.csv,https://github.com/tensor4all/tenferro-rs/issues/1001 https://github.com/tensor4all/tenferro-rs/issues/674
cpu/linalg_batch_families,batched_solve,f64,1,"1x128x128,rhs=1",tenferro-trace,0.14366,0.006392,pytorch-cpu,0.140134,0.001233,1.0251616310103187,#1884 #1878 #2000,#1884:OPEN #1878:CLOSED #2000:OPEN,batch-linalg cluster,short isolated-clock diagnostic,data/results/amd-cpu/cpu/public_api/20261008_060822/cpu_public_api_t1_20261008_060822.csv,https://github.com/tensor4all/tenferro-rs/issues/1884 https://github.com/tensor4all/tenferro-rs/issues/1878 https://github.com/tensor4all/tenferro-rs/issues/2000
small,matmul,f64,1,64x64,tenferro-eager,0.028587,0.001666,pytorch-cpu,0.027926,0.000973,1.0236696984888636,#1904 #1762,#1904:OPEN #1762:CLOSED,small-call cluster,unconfirmed observation,data/results/amd-cpu/cpu/einsum/20261008_044146/cpu_ops_t1_20261008_044146.csv,https://github.com/tensor4all/tenferro-rs/issues/1904 https://github.com/tensor4all/tenferro-rs/issues/1762
batched,batched_solve,f64,4,"16x16xbatch16 (native batch layout),rhs=1",tenferro-trace,0.029764,8.1e-05,pytorch-cpu,0.029081,0.00062,1.023486124961315,#1884 #1878 #2000,#1884:OPEN #1878:CLOSED #2000:OPEN,batch-linalg cluster,unconfirmed observation,data/results/amd-cpu/cpu/einsum/20261008_053424/cpu_ops_t4_20261008_053424.csv,https://github.com/tensor4all/tenferro-rs/issues/1884 https://github.com/tensor4all/tenferro-rs/issues/1878 https://github.com/tensor4all/tenferro-rs/issues/2000
large,matmul,f64,4,1024x1024,tenferro-trace,16.309058,0.058119,jax-cpu,15.93841,0.087125,1.0232550172821506,#1927,#1927:OPEN,umbrella only; no focused gap issue verified,unconfirmed observation,data/results/amd-cpu/cpu/einsum/20261008_053424/cpu_ops_t4_20261008_053424.csv,https://github.com/tensor4all/tenferro-rs/issues/1927
large,grad_sum_eigh_vjp,f64,4,512x512,tenferro-trace,20.180295,0.389483,pytorch-cpu,19.725921,0.055585,1.0230343617415887,#1328 #1803,#1328:CLOSED #1803:OPEN,AD cluster; #1803 primarily eager,unconfirmed observation,data/results/amd-cpu/cpu/einsum/20261008_053424/cpu_ops_t4_20261008_053424.csv,https://github.com/tensor4all/tenferro-rs/issues/1328 https://github.com/tensor4all/tenferro-rs/issues/1803
cpu/elementwise_reduction,maximum,f64,4,33554432,tenferro-direct,27.040734,0.20767,pytorch-cpu,26.434442,0.128732,1.0229356836811612,#1927,#1927:OPEN,umbrella only; no focused gap issue verified,excluded: timed session entry,data/results/amd-cpu/cpu/public_api/20261008_060822/cpu_public_api_t4_20261008_060822.csv,https://github.com/tensor4all/tenferro-rs/issues/1927
cpu/linalg_batch_families,batched_cholesky,f64,1,1x32x32,tenferro-direct,0.008245,0.0001,pytorch-cpu,0.008065,9e-05,1.0223186608803474,#1878 #2000,#1878:CLOSED #2000:OPEN,batch-linalg cluster,short isolated-clock diagnostic,data/results/amd-cpu/cpu/public_api/20261008_060822/cpu_public_api_t1_20261008_060822.csv,https://github.com/tensor4all/tenferro-rs/issues/1878 https://github.com/tensor4all/tenferro-rs/issues/2000
small,grad_sum_svd_s_backward,f64,4,32x32,tenferro-trace,0.18176,0.000227,jax-cpu,0.177792,0.004748,1.0223182145428367,#1328 #1803,#1328:CLOSED #1803:OPEN,AD cluster; #1803 primarily eager,unconfirmed observation,data/results/amd-cpu/cpu/einsum/20261008_053424/cpu_ops_t4_20261008_053424.csv,https://github.com/tensor4all/tenferro-rs/issues/1328 https://github.com/tensor4all/tenferro-rs/issues/1803
cpu/linalg_batch_families,batched_eigh,c64,1,8x32x32,tenferro-direct,0.932396,0.003988,pytorch-cpu,0.912217,0.003666,1.0221208330912492,#1878 #2000,#1878:CLOSED #2000:OPEN,batch-linalg cluster,short isolated-clock diagnostic,data/results/amd-cpu/cpu/public_api/20261008_060822/cpu_public_api_t1_20261008_060822.csv,https://github.com/tensor4all/tenferro-rs/issues/1878 https://github.com/tensor4all/tenferro-rs/issues/2000
cpu/elementwise_reduction,maximum,f64,1,33554432,tenferro-direct,72.193078,0.372593,pytorch-cpu,70.634533,0.794055,1.0220649154713035,#1927,#1927:OPEN,umbrella only; no focused gap issue verified,excluded: timed session entry,data/results/amd-cpu/cpu/public_api/20261008_060822/cpu_public_api_t1_20261008_060822.csv,https://github.com/tensor4all/tenferro-rs/issues/1927
cpu/complex,svd,c64,4,160x160,tenferro-direct,3.90369,0.037941,julia-base,3.819593,0.075283,1.0220172672847605,#1900 #1660,#1900:OPEN #1660:OPEN,related provider issues; #1900 is Apple-specific,unconfirmed observation,data/results/amd-cpu/cpu/public_api/20261008_060822/cpu_public_api_t4_20261008_060822.csv,https://github.com/tensor4all/tenferro-rs/issues/1900 https://github.com/tensor4all/tenferro-rs/issues/1660
batched,batched_qr,f64,4,8x8xbatch256 (native batch layout),tenferro-eager,0.340292,0.000796,pytorch-cpu,0.332978,0.001165,1.0219654151325313,#1878 #2000,#1878:CLOSED #2000:OPEN,batch-linalg cluster,unconfirmed observation,data/results/amd-cpu/cpu/einsum/20261008_053424/cpu_ops_t4_20261008_053424.csv,https://github.com/tensor4all/tenferro-rs/issues/1878 https://github.com/tensor4all/tenferro-rs/issues/2000
cpu/linalg_batched,batched_triangular_solve,f64,4,"1024x8x8,rhs=1",tenferro-direct,0.123302,0.000281,pytorch-cpu,0.120667,0.001313,1.021836956251502,#1884 #1878 #2000,#1884:OPEN #1878:CLOSED #2000:OPEN,batch-linalg cluster,short isolated-clock diagnostic,data/results/amd-cpu/cpu/public_api/20261008_060822/cpu_public_api_t4_20261008_060822.csv,https://github.com/tensor4all/tenferro-rs/issues/1884 https://github.com/tensor4all/tenferro-rs/issues/1878 https://github.com/tensor4all/tenferro-rs/issues/2000
small,solve,f64,4,"32x32,rhs=4",tenferro-eager,0.017511,0.000148,jax-cpu,0.017138,0.001405,1.02176449994165,#1904 #1762,#1904:OPEN #1762:CLOSED,small-call cluster,unconfirmed observation,data/results/amd-cpu/cpu/einsum/20261008_053424/cpu_ops_t4_20261008_053424.csv,https://github.com/tensor4all/tenferro-rs/issues/1904 https://github.com/tensor4all/tenferro-rs/issues/1762
cpu/linalg_batch_families,batched_eigh,f64,1,8x128x128,tenferro-trace,11.366762,0.125455,jax-cpu,11.124836,0.028324,1.0217464778806626,#1878 #2000,#1878:CLOSED #2000:OPEN,batch-linalg cluster,unconfirmed observation,data/results/amd-cpu/cpu/public_api/20261008_060822/cpu_public_api_t1_20261008_060822.csv,https://github.com/tensor4all/tenferro-rs/issues/1878 https://github.com/tensor4all/tenferro-rs/issues/2000
batched,batched_qr,f64,1,8x8xbatch64 (native batch layout),tenferro-eager,0.092616,0.000271,pytorch-cpu,0.090684,0.000126,1.0213047505623924,#1878 #2000,#1878:CLOSED #2000:OPEN,batch-linalg cluster,unconfirmed observation,data/results/amd-cpu/cpu/einsum/20261008_044146/cpu_ops_t1_20261008_044146.csv,https://github.com/tensor4all/tenferro-rs/issues/1878 https://github.com/tensor4all/tenferro-rs/issues/2000
cpu/perf_issues,decode_proj_f32_eager-shared_in1024_out1024_len512,f32,4,"{'in': 1024, 'out': 1024, 'len': 512, 'kind': 'decode_projection', 'arm': 'eager-shared', 'dtype': 'f32'}",eager-shared,5.617698,,pytorch-cpu,5.50172,,1.021080316700959,#1992 #2003 #1995,#1992:OPEN #2003:OPEN #1995:OPEN,explicit workload issue IDs,screening only: original PyTorch retention-list growth timed,data/results/amd-cpu/cpu/perf_issues/20261008_063605/samples_t4.jsonl,https://github.com/tensor4all/tenferro-rs/issues/1992 https://github.com/tensor4all/tenferro-rs/issues/2003 https://github.com/tensor4all/tenferro-rs/issues/1995
cpu/structural_shape,reshape,f64,1,33554432 -> 8192x4096,tenferro-trace,62.676359,0.498107,pytorch-cpu,61.393164,0.504729,1.0209012684213505,#2029,#2029:OPEN,focused,unconfirmed observation,data/results/amd-cpu/cpu/public_api/20261008_060822/cpu_public_api_t1_20261008_060822.csv,https://github.com/tensor4all/tenferro-rs/issues/2029
cpu/elementwise_reduction,sub,f64,4,33554432,tenferro-direct,27.275456,0.453303,pytorch-cpu,26.739596,0.213181,1.0200399437598084,#1927,#1927:OPEN,umbrella only; no focused gap issue verified,excluded: timed session entry,data/results/amd-cpu/cpu/public_api/20261008_060822/cpu_public_api_t4_20261008_060822.csv,https://github.com/tensor4all/tenferro-rs/issues/1927
batched,batched_solve,f64,4,"16x16xbatch16 (native batch layout),rhs=1",tenferro-eager,0.02966,8.9e-05,pytorch-cpu,0.029081,0.00062,1.0199099068120079,#1884 #1878 #2000,#1884:OPEN #1878:CLOSED #2000:OPEN,batch-linalg cluster,unconfirmed observation,data/results/amd-cpu/cpu/einsum/20261008_053424/cpu_ops_t4_20261008_053424.csv,https://github.com/tensor4all/tenferro-rs/issues/1884 https://github.com/tensor4all/tenferro-rs/issues/1878 https://github.com/tensor4all/tenferro-rs/issues/2000
cpu/elementwise_reduction,abs,f64,4,33554432,tenferro-direct,21.523325,0.179257,pytorch-cpu,21.112873,0.221227,1.0194408406662607,#1927,#1927:OPEN,umbrella only; no focused gap issue verified,excluded: timed session entry,data/results/amd-cpu/cpu/public_api/20261008_060822/cpu_public_api_t4_20261008_060822.csv,https://github.com/tensor4all/tenferro-rs/issues/1927
cpu/linalg_batch_families,batched_eigh,f64,1,8x128x128,tenferro-direct,11.333259,0.096502,jax-cpu,11.124836,0.028324,1.0187349278677007,#1878 #2000,#1878:CLOSED #2000:OPEN,batch-linalg cluster,unconfirmed observation,data/results/amd-cpu/cpu/public_api/20261008_060822/cpu_public_api_t1_20261008_060822.csv,https://github.com/tensor4all/tenferro-rs/issues/1878 https://github.com/tensor4all/tenferro-rs/issues/2000
cpu/linalg_batched,batched_triangular_solve,f64,1,"1024x8x8,rhs=1",tenferro-direct,0.122601,0.000321,pytorch-cpu,0.120397,0.000722,1.0183061039726904,#1884 #1878 #2000,#1884:OPEN #1878:CLOSED #2000:OPEN,batch-linalg cluster,short isolated-clock diagnostic,data/results/amd-cpu/cpu/public_api/20261008_060822/cpu_public_api_t1_20261008_060822.csv,https://github.com/tensor4all/tenferro-rs/issues/1884 https://github.com/tensor4all/tenferro-rs/issues/1878 https://github.com/tensor4all/tenferro-rs/issues/2000
cpu/perf_issues,decode_proj_f32_eager-shared_in1024_out1024_len8,f32,4,"{'in': 1024, 'out': 1024, 'len': 8, 'kind': 'decode_projection', 'arm': 'eager-shared', 'dtype': 'f32'}",eager-shared,0.843586,,matrixmultiply-sgemm,0.828435,,1.0182887009843862,#1992 #2003 #1995,#1992:OPEN #2003:OPEN #1995:OPEN,explicit workload issue IDs,diagnostic: preallocated reference vs allocating tenferro,data/results/amd-cpu/cpu/perf_issues/20261008_063605/samples_t4.jsonl,https://github.com/tensor4all/tenferro-rs/issues/1992 https://github.com/tensor4all/tenferro-rs/issues/2003 https://github.com/tensor4all/tenferro-rs/issues/1995
batched,grad_sum_batched_solve_backward,f64,1,"4x4xbatch64 (native batch layout),rhs=1",tenferro-trace,0.058752,0.000161,jax-cpu,0.05772,0.002302,1.017879417879418,#1328 #1803,#1328:CLOSED #1803:OPEN,AD cluster; #1803 primarily eager,unconfirmed observation,data/results/amd-cpu/cpu/einsum/20261008_044146/cpu_ops_t1_20261008_044146.csv,https://github.com/tensor4all/tenferro-rs/issues/1328 https://github.com/tensor4all/tenferro-rs/issues/1803
large,grad_sum_svd_s_backward,f64,1,128x128,tenferro-trace,2.976538,0.018495,jax-cpu,2.92453,0.028659,1.0177833703193335,#1328 #1803,#1328:CLOSED #1803:OPEN,AD cluster; #1803 primarily eager,unconfirmed observation,data/results/amd-cpu/cpu/einsum/20261008_044146/cpu_ops_t1_20261008_044146.csv,https://github.com/tensor4all/tenferro-rs/issues/1328 https://github.com/tensor4all/tenferro-rs/issues/1803
cpu/output_reuse,add_into,f64,1,33554432,tenferro-direct,24.204163,0.110749,julia-base,23.791977,0.156915,1.0173245796261488,#1899 #1904,#1899:OPEN #1904:OPEN,related public contraction path,excluded: timed session entry,data/results/amd-cpu/cpu/public_api/20261008_060822/cpu_public_api_t1_20261008_060822.csv,https://github.com/tensor4all/tenferro-rs/issues/1899 https://github.com/tensor4all/tenferro-rs/issues/1904
large,qr,f64,4,128x128,tenferro-eager,0.419537,0.002317,pytorch-cpu,0.41244,0.003021,1.0172073513723208,#1927,#1927:OPEN,umbrella only; no focused gap issue verified,unconfirmed observation,data/results/amd-cpu/cpu/einsum/20261008_053424/cpu_ops_t4_20261008_053424.csv,https://github.com/tensor4all/tenferro-rs/issues/1927
cpu/linalg_batch_families,batched_svd,c64,4,4x8x8,tenferro-direct,0.076785,0.000221,pytorch-cpu,0.075502,0.000401,1.0169929273396732,#1878 #2000,#1878:CLOSED #2000:OPEN,batch-linalg cluster,short isolated-clock diagnostic,data/results/amd-cpu/cpu/public_api/20261008_060822/cpu_public_api_t4_20261008_060822.csv,https://github.com/tensor4all/tenferro-rs/issues/1878 https://github.com/tensor4all/tenferro-rs/issues/2000
cpu/structural_shape,triu,f64,4,4096x4096,tenferro-direct,10.851883,0.167515,pytorch-cpu,10.673687,0.104597,1.0166948871556756,#1001 #1512 #1480,#1001:CLOSED #1512:CLOSED #1480:CLOSED,related structural cluster,excluded: timed session entry,data/results/amd-cpu/cpu/public_api/20261008_060822/cpu_public_api_t4_20261008_060822.csv,https://github.com/tensor4all/tenferro-rs/issues/1001 https://github.com/tensor4all/tenferro-rs/issues/1512 https://github.com/tensor4all/tenferro-rs/issues/1480
cpu/einsum,bin_batched_matmul_b32_m128_n128_k128 / opt_flops,f64 (see instance),1,see instance JSON,tenferro-rs eager mode (ms),4.497,,JAX Python (XLA CPU dot) (ms),4.424,,1.016500904159132,#1878 #2000,#1878:CLOSED #2000:OPEN,batch-linalg cluster,unconfirmed observation,data/results/amd-cpu/cpu/einsum/20261008_044146/einsum_table_t1_20261008_044146.md,https://github.com/tensor4all/tenferro-rs/issues/1878 https://github.com/tensor4all/tenferro-rs/issues/2000
cpu/einsum,bin_batched_matmul_b32_m128_n128_k128 / opt_size,f64 (see instance),1,see instance JSON,tenferro-rs eager mode (ms),4.497,,JAX Python (XLA CPU dot) (ms),4.424,,1.016500904159132,#1878 #2000,#1878:CLOSED #2000:OPEN,batch-linalg cluster,unconfirmed observation,data/results/amd-cpu/cpu/einsum/20261008_044146/einsum_table_t1_20261008_044146.md,https://github.com/tensor4all/tenferro-rs/issues/1878 https://github.com/tensor4all/tenferro-rs/issues/2000
cpu/output_reuse,sub_into,f64,1,33554432,tenferro-direct,24.180989,0.087926,julia-base,23.798289,0.074981,1.016080988007163,#1899 #1904,#1899:OPEN #1904:OPEN,related public contraction path,excluded: timed session entry,data/results/amd-cpu/cpu/public_api/20261008_060822/cpu_public_api_t1_20261008_060822.csv,https://github.com/tensor4all/tenferro-rs/issues/1899 https://github.com/tensor4all/tenferro-rs/issues/1904
small,eigh,f64,4,16x16,tenferro-trace,0.026762,6.9e-05,pytorch-cpu,0.026351,7.9e-05,1.0155971310386702,#1904 #1762,#1904:OPEN #1762:CLOSED,small-call cluster,unconfirmed observation,data/results/amd-cpu/cpu/einsum/20261008_053424/cpu_ops_t4_20261008_053424.csv,https://github.com/tensor4all/tenferro-rs/issues/1904 https://github.com/tensor4all/tenferro-rs/issues/1762
cpu/output_reuse,mul_into,f64,1,33554432,tenferro-direct,24.148698,0.129294,julia-base,23.779133,0.095771,1.015541567474306,#1899 #1904,#1899:OPEN #1904:OPEN,related public contraction path,excluded: timed session entry,data/results/amd-cpu/cpu/public_api/20261008_060822/cpu_public_api_t1_20261008_060822.csv,https://github.com/tensor4all/tenferro-rs/issues/1899 https://github.com/tensor4all/tenferro-rs/issues/1904
cpu/fft,ifft,c64,1,1d_n1048576,tenferro-fft-eager,15.755144,0.219623,pytorch-cpu,15.518599,0.24382,1.0152426775123191,#1765 #1484,#1765:CLOSED #1484:CLOSED,related historical; no focused large single-lane issue,excluded: timed eager session entry,data/results/amd-cpu/cpu/fft/20261008_060740/cpu_fft_t1_20261008_060740.csv,https://github.com/tensor4all/tenferro-rs/issues/1765 https://github.com/tensor4all/tenferro-rs/issues/1484
batched,grad_sum_batched_solve_backward,f64,1,"8x8xbatch64 (native batch layout),rhs=1",tenferro-trace,0.104095,0.000219,jax-cpu,0.102565,0.004411,1.014917369473017,#1328 #1803,#1328:CLOSED #1803:OPEN,AD cluster; #1803 primarily eager,unconfirmed observation,data/results/amd-cpu/cpu/einsum/20261008_044146/cpu_ops_t1_20261008_044146.csv,https://github.com/tensor4all/tenferro-rs/issues/1328 https://github.com/tensor4all/tenferro-rs/issues/1803
batched,batched_qr,f64,1,2x2xbatch1024 (native batch layout),tenferro-trace,0.20699,0.00048,pytorch-cpu,0.20395,0.000605,1.0149056141211081,#1878 #2000,#1878:CLOSED #2000:OPEN,batch-linalg cluster,unconfirmed observation,data/results/amd-cpu/cpu/einsum/20261008_044146/cpu_ops_t1_20261008_044146.csv,https://github.com/tensor4all/tenferro-rs/issues/1878 https://github.com/tensor4all/tenferro-rs/issues/2000
cpu/elementwise_reduction,sub,f64,1,33554432,tenferro-direct,72.48614,1.41284,pytorch-cpu,71.422517,1.122123,1.014891984274371,#1927,#1927:OPEN,umbrella only; no focused gap issue verified,excluded: timed session entry,data/results/amd-cpu/cpu/public_api/20261008_060822/cpu_public_api_t1_20261008_060822.csv,https://github.com/tensor4all/tenferro-rs/issues/1927
cpu/linalg_batch_families,batched_svd,c64,1,4x8x8,tenferro-direct,0.076844,0.00023,pytorch-cpu,0.075742,0.000361,1.0145493913548624,#1878 #2000,#1878:CLOSED #2000:OPEN,batch-linalg cluster,short isolated-clock diagnostic,data/results/amd-cpu/cpu/public_api/20261008_060822/cpu_public_api_t1_20261008_060822.csv,https://github.com/tensor4all/tenferro-rs/issues/1878 https://github.com/tensor4all/tenferro-rs/issues/2000
cpu/elementwise_reduction,reduce_prod_all,f64,4,8192x4096,tenferro-direct,5.12506,0.145895,pytorch-cpu,5.052483,0.087224,1.0143646203262833,#1719 #1001,#1719:CLOSED #1001:CLOSED,historical cluster,excluded: timed session entry,data/results/amd-cpu/cpu/public_api/20261008_060822/cpu_public_api_t4_20261008_060822.csv,https://github.com/tensor4all/tenferro-rs/issues/1719 https://github.com/tensor4all/tenferro-rs/issues/1001
small,eigh,f64,1,16x16,tenferro-trace,0.026751,0.000105,pytorch-cpu,0.026375,6.3e-05,1.0142559241706162,#1904 #1762,#1904:OPEN #1762:CLOSED,small-call cluster,unconfirmed observation,data/results/amd-cpu/cpu/einsum/20261008_044146/cpu_ops_t1_20261008_044146.csv,https://github.com/tensor4all/tenferro-rs/issues/1904 https://github.com/tensor4all/tenferro-rs/issues/1762
cpu/linalg_batch_families,batched_svd,c64,1,8x32x32,tenferro-direct,1.60378,0.009509,jax-cpu,1.581318,0.005861,1.0142046065370784,#1878 #2000,#1878:CLOSED #2000:OPEN,batch-linalg cluster,unconfirmed observation,data/results/amd-cpu/cpu/public_api/20261008_060822/cpu_public_api_t1_20261008_060822.csv,https://github.com/tensor4all/tenferro-rs/issues/1878 https://github.com/tensor4all/tenferro-rs/issues/2000
batched,batched_solve,f64,1,"4x4xbatch256 (native batch layout),rhs=1",tenferro-eager,0.042238,0.000206,pytorch-cpu,0.041655,0.000278,1.01399591885728,#1884 #1878 #2000,#1884:OPEN #1878:CLOSED #2000:OPEN,batch-linalg cluster,unconfirmed observation,data/results/amd-cpu/cpu/einsum/20261008_044146/cpu_ops_t1_20261008_044146.csv,https://github.com/tensor4all/tenferro-rs/issues/1884 https://github.com/tensor4all/tenferro-rs/issues/1878 https://github.com/tensor4all/tenferro-rs/issues/2000
batched,batched_qr,f64,1,8x8xbatch256 (native batch layout),tenferro-trace,0.352236,0.000823,pytorch-cpu,0.347441,0.000376,1.0138009043262022,#1878 #2000,#1878:CLOSED #2000:OPEN,batch-linalg cluster,unconfirmed observation,data/results/amd-cpu/cpu/einsum/20261008_044146/cpu_ops_t1_20261008_044146.csv,https://github.com/tensor4all/tenferro-rs/issues/1878 https://github.com/tensor4all/tenferro-rs/issues/2000
cpu/structural_shape,embed_diagonal,f64,1,8192 -> 8192x8192,tenferro-direct,118.322532,0.98785,pytorch-cpu,116.724373,0.549615,1.0136917334308577,#1001 #1512 #1480,#1001:CLOSED #1512:CLOSED #1480:CLOSED,related structural cluster,excluded: timed session entry,data/results/amd-cpu/cpu/public_api/20261008_060822/cpu_public_api_t1_20261008_060822.csv,https://github.com/tensor4all/tenferro-rs/issues/1001 https://github.com/tensor4all/tenferro-rs/issues/1512 https://github.com/tensor4all/tenferro-rs/issues/1480
cpu/elementwise_reduction,reduce_prod_all,f64,1,8192x4096,tenferro-trace,5.832642,0.070263,pytorch-cpu,5.755787,0.105449,1.0133526483867454,#1719 #1001,#1719:CLOSED #1001:CLOSED,historical cluster,unconfirmed observation,data/results/amd-cpu/cpu/public_api/20261008_060822/cpu_public_api_t1_20261008_060822.csv,https://github.com/tensor4all/tenferro-rs/issues/1719 https://github.com/tensor4all/tenferro-rs/issues/1001
cpu/output_reuse,neg_into,f64,1,33554432,tenferro-direct,17.763135,0.147777,julia-base,17.538021,0.091593,1.0128357697826909,#1899 #1904,#1899:OPEN #1904:OPEN,related public contraction path,excluded: timed session entry,data/results/amd-cpu/cpu/public_api/20261008_060822/cpu_public_api_t1_20261008_060822.csv,https://github.com/tensor4all/tenferro-rs/issues/1899 https://github.com/tensor4all/tenferro-rs/issues/1904
cpu/elementwise_reduction,neg,f64,4,33554432,tenferro-trace,21.235804,0.363705,pytorch-cpu,20.968941,1.478173,1.0127265845232718,#1927,#1927:OPEN,umbrella only; no focused gap issue verified,unconfirmed observation,data/results/amd-cpu/cpu/public_api/20261008_060822/cpu_public_api_t4_20261008_060822.csv,https://github.com/tensor4all/tenferro-rs/issues/1927
cpu/linalg_batch_families,batched_svdvals,f64,1,1024x8x8,tenferro-direct,5.495167,0.022542,pytorch-cpu,5.426307,0.008055,1.0126900302544621,#1878 #2000,#1878:CLOSED #2000:OPEN,batch-linalg cluster,unconfirmed observation,data/results/amd-cpu/cpu/public_api/20261008_060822/cpu_public_api_t1_20261008_060822.csv,https://github.com/tensor4all/tenferro-rs/issues/1878 https://github.com/tensor4all/tenferro-rs/issues/2000
cpu/linalg_batch_families,batched_eigh,f64,1,1024x8x8,tenferro-trace,6.329046,0.045916,pytorch-cpu,6.25118,0.017422,1.012456208267879,#1878 #2000,#1878:CLOSED #2000:OPEN,batch-linalg cluster,unconfirmed observation,data/results/amd-cpu/cpu/public_api/20261008_060822/cpu_public_api_t1_20261008_060822.csv,https://github.com/tensor4all/tenferro-rs/issues/1878 https://github.com/tensor4all/tenferro-rs/issues/2000
cpu/output_reuse,div_into,f64,1,33554432,tenferro-direct,24.164188,0.204224,julia-base,23.872699,0.109336,1.0122101401270127,#1899 #1904,#1899:OPEN #1904:OPEN,related public contraction path,excluded: timed session entry,data/results/amd-cpu/cpu/public_api/20261008_060822/cpu_public_api_t1_20261008_060822.csv,https://github.com/tensor4all/tenferro-rs/issues/1899 https://github.com/tensor4all/tenferro-rs/issues/1904
cpu/fft,ifft,c64,1,1d_n1048576,tenferro-fft-trace,15.707916,0.153949,pytorch-cpu,15.518599,0.24382,1.012199361553192,#1765 #1484,#1765:CLOSED #1484:CLOSED,related historical; no focused large single-lane issue,unconfirmed observation,data/results/amd-cpu/cpu/fft/20261008_060740/cpu_fft_t1_20261008_060740.csv,https://github.com/tensor4all/tenferro-rs/issues/1765 https://github.com/tensor4all/tenferro-rs/issues/1484
cpu/fft,ifft,c64,1,1d_n1048576,tenferro-fft-executor-cached,15.695903,0.204466,pytorch-cpu,15.518599,0.24382,1.0114252581692458,#1765 #1484,#1765:CLOSED #1484:CLOSED,related historical; no focused large single-lane issue,unconfirmed observation,data/results/amd-cpu/cpu/fft/20261008_060740/cpu_fft_t1_20261008_060740.csv,https://github.com/tensor4all/tenferro-rs/issues/1765 https://github.com/tensor4all/tenferro-rs/issues/1484
cpu/elementwise_reduction,add,f64,4,33554432,tenferro-direct,27.253484,0.573119,pytorch-cpu,26.9538,0.442192,1.0111184322804205,#1927,#1927:OPEN,umbrella only; no focused gap issue verified,excluded: timed session entry,data/results/amd-cpu/cpu/public_api/20261008_060822/cpu_public_api_t4_20261008_060822.csv,https://github.com/tensor4all/tenferro-rs/issues/1927
batched,batched_qr,f64,1,8x8xbatch256 (native batch layout),tenferro-eager,0.351259,0.000525,pytorch-cpu,0.347441,0.000376,1.0109889161037413,#1878 #2000,#1878:CLOSED #2000:OPEN,batch-linalg cluster,unconfirmed observation,data/results/amd-cpu/cpu/einsum/20261008_044146/cpu_ops_t1_20261008_044146.csv,https://github.com/tensor4all/tenferro-rs/issues/1878 https://github.com/tensor4all/tenferro-rs/issues/2000
cpu/elementwise_reduction,minimum,f64,4,33554432,tenferro-direct,26.717074,0.223802,pytorch-cpu,26.42823,0.108514,1.0109293736281242,#1927,#1927:OPEN,umbrella only; no focused gap issue verified,excluded: timed session entry,data/results/amd-cpu/cpu/public_api/20261008_060822/cpu_public_api_t4_20261008_060822.csv,https://github.com/tensor4all/tenferro-rs/issues/1927
cpu/linalg_batch_families,batched_qr,f64,1,1024x8x8,tenferro-direct,1.394245,0.009578,pytorch-cpu,1.379217,0.007925,1.0108960373893303,#1878 #2000,#1878:CLOSED #2000:OPEN,batch-linalg cluster,unconfirmed observation,data/results/amd-cpu/cpu/public_api/20261008_060822/cpu_public_api_t1_20261008_060822.csv,https://github.com/tensor4all/tenferro-rs/issues/1878 https://github.com/tensor4all/tenferro-rs/issues/2000
cpu/linalg_uncovered,svd_full,f64,4,768x384,tenferro-eager,26.371564,3.859787,pytorch-cpu,26.090905,0.063069,1.0107569668434269,#1956 #1660,#1956:OPEN #1660:OPEN,related provider/extraction issues; no focused gap issue verified,excluded: timed session entry,data/results/amd-cpu/cpu/public_api/20261008_060822/cpu_public_api_t4_20261008_060822.csv,https://github.com/tensor4all/tenferro-rs/issues/1956 https://github.com/tensor4all/tenferro-rs/issues/1660
cpu/elementwise_reduction,mul,f64,4,33554432,tenferro-direct,27.040233,0.362072,pytorch-cpu,26.773711,0.183535,1.0099546155555352,#1927,#1927:OPEN,umbrella only; no focused gap issue verified,excluded: timed session entry,data/results/amd-cpu/cpu/public_api/20261008_060822/cpu_public_api_t4_20261008_060822.csv,https://github.com/tensor4all/tenferro-rs/issues/1927
batched,batched_qr,f64,1,8x8xbatch1024 (native batch layout),tenferro-trace,1.379965,0.003672,pytorch-cpu,1.366725,0.005966,1.009687391391831,#1878 #2000,#1878:CLOSED #2000:OPEN,batch-linalg cluster,unconfirmed observation,data/results/amd-cpu/cpu/einsum/20261008_044146/cpu_ops_t1_20261008_044146.csv,https://github.com/tensor4all/tenferro-rs/issues/1878 https://github.com/tensor4all/tenferro-rs/issues/2000
cpu/elementwise_reduction,minimum,f64,1,33554432,tenferro-direct,72.301052,0.422665,pytorch-cpu,71.625118,0.778826,1.0094371083619018,#1927,#1927:OPEN,umbrella only; no focused gap issue verified,excluded: timed session entry,data/results/amd-cpu/cpu/public_api/20261008_060822/cpu_public_api_t1_20261008_060822.csv,https://github.com/tensor4all/tenferro-rs/issues/1927
large,grad_sum_qr_jvp,f64,4,1024x1024,tenferro-trace,113.90385,0.650224,jax-cpu,112.847394,0.719634,1.0093618112262301,#1328 #1803,#1328:CLOSED #1803:OPEN,AD cluster; #1803 primarily eager,unconfirmed observation,data/results/amd-cpu/cpu/einsum/20261008_053424/cpu_ops_t4_20261008_053424.csv,https://github.com/tensor4all/tenferro-rs/issues/1328 https://github.com/tensor4all/tenferro-rs/issues/1803
cpu/output_reuse,sub_into,f64,4,33554432,tenferro-direct,23.813016,0.083979,pytorch-cpu,23.594044,0.079089,1.0092808168027492,#1899 #1904,#1899:OPEN #1904:OPEN,related public contraction path,excluded: timed session entry,data/results/amd-cpu/cpu/public_api/20261008_060822/cpu_public_api_t4_20261008_060822.csv,https://github.com/tensor4all/tenferro-rs/issues/1899 https://github.com/tensor4all/tenferro-rs/issues/1904
batched,batched_eigh,f64,4,8x8xbatch16 (native batch layout),tenferro-trace,0.103959,0.000294,pytorch-cpu,0.103013,0.000335,1.0091833069612572,#1878 #2000,#1878:CLOSED #2000:OPEN,batch-linalg cluster,unconfirmed observation,data/results/amd-cpu/cpu/einsum/20261008_053424/cpu_ops_t4_20261008_053424.csv,https://github.com/tensor4all/tenferro-rs/issues/1878 https://github.com/tensor4all/tenferro-rs/issues/2000
cpu/fft,fft,c64,1,1d_n1048576,tenferro-fft-trace,15.424001,0.182344,pytorch-cpu,15.284128,0.20222,1.0091515197988397,#1765 #1484,#1765:CLOSED #1484:CLOSED,related historical; no focused large single-lane issue,unconfirmed observation,data/results/amd-cpu/cpu/fft/20261008_060740/cpu_fft_t1_20261008_060740.csv,https://github.com/tensor4all/tenferro-rs/issues/1765 https://github.com/tensor4all/tenferro-rs/issues/1484
cpu/linalg_batch_families,batched_eigh,f64,1,1x4x4,tenferro-direct,0.007684,0.000291,pytorch-cpu,0.007615,0.00023,1.0090610636900854,#1878 #2000,#1878:CLOSED #2000:OPEN,batch-linalg cluster,short isolated-clock diagnostic,data/results/amd-cpu/cpu/public_api/20261008_060822/cpu_public_api_t1_20261008_060822.csv,https://github.com/tensor4all/tenferro-rs/issues/1878 https://github.com/tensor4all/tenferro-rs/issues/2000
batched,batched_qr,f64,1,8x8xbatch1024 (native batch layout),tenferro-eager,1.378462,0.004248,pytorch-cpu,1.366725,0.005966,1.0085876822330755,#1878 #2000,#1878:CLOSED #2000:OPEN,batch-linalg cluster,unconfirmed observation,data/results/amd-cpu/cpu/einsum/20261008_044146/cpu_ops_t1_20261008_044146.csv,https://github.com/tensor4all/tenferro-rs/issues/1878 https://github.com/tensor4all/tenferro-rs/issues/2000
cpu/structural_shape,embed_diagonal,f64,1,8192 -> 8192x8192,tenferro-trace,117.71059,0.534386,pytorch-cpu,116.724373,0.549615,1.0084491094246444,#1001 #1512 #1480,#1001:CLOSED #1512:CLOSED #1480:CLOSED,related structural cluster,unconfirmed observation,data/results/amd-cpu/cpu/public_api/20261008_060822/cpu_public_api_t1_20261008_060822.csv,https://github.com/tensor4all/tenferro-rs/issues/1001 https://github.com/tensor4all/tenferro-rs/issues/1512 https://github.com/tensor4all/tenferro-rs/issues/1480
cpu/linalg_batch_families,batched_solve,f64,1,"1024x2x2,rhs=1",tenferro-trace,0.083187,0.004177,pytorch-cpu,0.082535,0.000512,1.0078996789240928,#1884 #1878 #2000,#1884:OPEN #1878:CLOSED #2000:OPEN,batch-linalg cluster,short isolated-clock diagnostic,data/results/amd-cpu/cpu/public_api/20261008_060822/cpu_public_api_t1_20261008_060822.csv,https://github.com/tensor4all/tenferro-rs/issues/1884 https://github.com/tensor4all/tenferro-rs/issues/1878 https://github.com/tensor4all/tenferro-rs/issues/2000
cpu/elementwise_reduction,sign,f64,4,33554432,tenferro-trace,22.310066,0.434358,pytorch-cpu,22.158962,0.252875,1.0068190919773228,#1927,#1927:OPEN,umbrella only; no focused gap issue verified,unconfirmed observation,data/results/amd-cpu/cpu/public_api/20261008_060822/cpu_public_api_t4_20261008_060822.csv,https://github.com/tensor4all/tenferro-rs/issues/1927
cpu/linalg_batch_families,batched_svd,f64,1,8x8x8,tenferro-direct,0.119305,0.00029,pytorch-cpu,0.118523,0.00024,1.006597875517832,#1878 #2000,#1878:CLOSED #2000:OPEN,batch-linalg cluster,short isolated-clock diagnostic,data/results/amd-cpu/cpu/public_api/20261008_060822/cpu_public_api_t1_20261008_060822.csv,https://github.com/tensor4all/tenferro-rs/issues/1878 https://github.com/tensor4all/tenferro-rs/issues/2000
large,qr,f64,1,64x64,tenferro-trace,0.097236,0.00027,jax-cpu,0.09665,0.004833,1.006063114330057,#1927,#1927:OPEN,umbrella only; no focused gap issue verified,unconfirmed observation,data/results/amd-cpu/cpu/einsum/20261008_044146/cpu_ops_t1_20261008_044146.csv,https://github.com/tensor4all/tenferro-rs/issues/1927
cpu/output_reuse,add_into,f64,4,33554432,tenferro-direct,23.961857,0.200657,pytorch-cpu,23.818617,0.093176,1.006013783251983,#1899 #1904,#1899:OPEN #1904:OPEN,related public contraction path,excluded: timed session entry,data/results/amd-cpu/cpu/public_api/20261008_060822/cpu_public_api_t4_20261008_060822.csv,https://github.com/tensor4all/tenferro-rs/issues/1899 https://github.com/tensor4all/tenferro-rs/issues/1904
cpu/elementwise_reduction,sqrt,f64,4,33554432,tenferro-direct,22.860733,0.316437,jax-cpu,22.734426,0.291218,1.0055557593580766,#1927,#1927:OPEN,umbrella only; no focused gap issue verified,excluded: timed session entry,data/results/amd-cpu/cpu/public_api/20261008_060822/cpu_public_api_t4_20261008_060822.csv,https://github.com/tensor4all/tenferro-rs/issues/1927
small,eigh,f64,4,4x4,tenferro-eager,0.007837,2.7e-05,pytorch-cpu,0.007794,0.000168,1.0055170644085194,#1904 #1762,#1904:OPEN #1762:CLOSED,small-call cluster,unconfirmed observation,data/results/amd-cpu/cpu/einsum/20261008_053424/cpu_ops_t4_20261008_053424.csv,https://github.com/tensor4all/tenferro-rs/issues/1904 https://github.com/tensor4all/tenferro-rs/issues/1762
cpu/einsum,str_mps_varying_inner_product_200 / opt_size,f64 (see instance),1,see instance JSON,tenferro-rs eager mode (ms),18.282,,OMEinsum.jl OpenBLAS (ms),18.182,,1.0054999450005502,#1865 #1899 #1904 #975,#1865:OPEN #1899:OPEN #1904:OPEN #975:CLOSED,related contraction/planning cluster,unconfirmed observation,data/results/amd-cpu/cpu/einsum/20261008_044146/einsum_table_t1_20261008_044146.md,https://github.com/tensor4all/tenferro-rs/issues/1865 https://github.com/tensor4all/tenferro-rs/issues/1899 https://github.com/tensor4all/tenferro-rs/issues/1904 https://github.com/tensor4all/tenferro-rs/issues/975
cpu/fft,fft,c64,1,1d_n1048576,tenferro-fft-eager,15.363547,0.142318,pytorch-cpu,15.284128,0.20222,1.0051961747506957,#1765 #1484,#1765:CLOSED #1484:CLOSED,related historical; no focused large single-lane issue,excluded: timed eager session entry,data/results/amd-cpu/cpu/fft/20261008_060740/cpu_fft_t1_20261008_060740.csv,https://github.com/tensor4all/tenferro-rs/issues/1765 https://github.com/tensor4all/tenferro-rs/issues/1484
cpu/elementwise_reduction,abs,f64,4,33554432,tenferro-trace,21.219423,0.369676,pytorch-cpu,21.112873,0.221227,1.0050466840775294,#1927,#1927:OPEN,umbrella only; no focused gap issue verified,unconfirmed observation,data/results/amd-cpu/cpu/public_api/20261008_060822/cpu_public_api_t4_20261008_060822.csv,https://github.com/tensor4all/tenferro-rs/issues/1927
cpu/output_reuse,conj_into,c64,4,16777216,tenferro-direct,17.593666,0.156133,pytorch-cpu,17.50534,0.132128,1.0050456603527838,#1899 #1904,#1899:OPEN #1904:OPEN,related public contraction path,excluded: timed session entry,data/results/amd-cpu/cpu/public_api/20261008_060822/cpu_public_api_t4_20261008_060822.csv,https://github.com/tensor4all/tenferro-rs/issues/1899 https://github.com/tensor4all/tenferro-rs/issues/1904
cpu/elementwise_reduction,mul,f64,1,33554432,tenferro-trace,70.965016,0.40366,pytorch-cpu,70.630435,1.023567,1.0047370655440533,#1927,#1927:OPEN,umbrella only; no focused gap issue verified,unconfirmed observation,data/results/amd-cpu/cpu/public_api/20261008_060822/cpu_public_api_t1_20261008_060822.csv,https://github.com/tensor4all/tenferro-rs/issues/1927
cpu/complex,cholesky,c64,4,448x448,tenferro-direct,1.596987,0.012032,julia-base,1.589503,0.080521,1.0047083899810192,#1900 #1660,#1900:OPEN #1660:OPEN,related provider issues; #1900 is Apple-specific,unconfirmed observation,data/results/amd-cpu/cpu/public_api/20261008_060822/cpu_public_api_t4_20261008_060822.csv,https://github.com/tensor4all/tenferro-rs/issues/1900 https://github.com/tensor4all/tenferro-rs/issues/1660
cpu/complex,conj,c64,1,16777216,tenferro-trace,62.737234,1.687126,pytorch-cpu,62.450123,0.526972,1.004597444908155,#1900 #1660,#1900:OPEN #1660:OPEN,related provider issues; #1900 is Apple-specific,unconfirmed observation,data/results/amd-cpu/cpu/public_api/20261008_060822/cpu_public_api_t1_20261008_060822.csv,https://github.com/tensor4all/tenferro-rs/issues/1900 https://github.com/tensor4all/tenferro-rs/issues/1660
cpu/linalg_batch_families,batched_eigvalsh,f64,4,8x32x32,tenferro-direct,0.270008,0.003105,jax-cpu,0.268796,0.018725,1.0045089956695785,#1878 #2000,#1878:CLOSED #2000:OPEN,batch-linalg cluster,short isolated-clock diagnostic,data/results/amd-cpu/cpu/public_api/20261008_060822/cpu_public_api_t4_20261008_060822.csv,https://github.com/tensor4all/tenferro-rs/issues/1878 https://github.com/tensor4all/tenferro-rs/issues/2000
cpu/output_reuse,conj_into,c64,1,16777216,tenferro-direct,17.598315,0.100819,julia-base,17.523524,0.139773,1.0042680342150359,#1899 #1904,#1899:OPEN #1904:OPEN,related public contraction path,excluded: timed session entry,data/results/amd-cpu/cpu/public_api/20261008_060822/cpu_public_api_t1_20261008_060822.csv,https://github.com/tensor4all/tenferro-rs/issues/1899 https://github.com/tensor4all/tenferro-rs/issues/1904
cpu/elementwise_reduction,reduce_sum_all,f64,1,8192x4096,tenferro-trace,6.071532,0.200056,pytorch-cpu,6.04968,0.094869,1.00361209187924,#1719 #1001,#1719:CLOSED #1001:CLOSED,historical cluster,unconfirmed observation,data/results/amd-cpu/cpu/public_api/20261008_060822/cpu_public_api_t1_20261008_060822.csv,https://github.com/tensor4all/tenferro-rs/issues/1719 https://github.com/tensor4all/tenferro-rs/issues/1001
batched,batched_eigh,f64,1,8x8xbatch16 (native batch layout),tenferro-trace,0.104132,0.000162,pytorch-cpu,0.103758,0.000276,1.0036045413365717,#1878 #2000,#1878:CLOSED #2000:OPEN,batch-linalg cluster,unconfirmed observation,data/results/amd-cpu/cpu/einsum/20261008_044146/cpu_ops_t1_20261008_044146.csv,https://github.com/tensor4all/tenferro-rs/issues/1878 https://github.com/tensor4all/tenferro-rs/issues/2000
small,grad_sum_svd_s_backward,f64,1,32x32,tenferro-trace,0.173267,0.000721,jax-cpu,0.172696,0.002822,1.0033063881039515,#1328 #1803,#1328:CLOSED #1803:OPEN,AD cluster; #1803 primarily eager,unconfirmed observation,data/results/amd-cpu/cpu/einsum/20261008_044146/cpu_ops_t1_20261008_044146.csv,https://github.com/tensor4all/tenferro-rs/issues/1328 https://github.com/tensor4all/tenferro-rs/issues/1803
cpu/elementwise_reduction,div,f64,4,33554432,tenferro-direct,26.798026,0.29191,pytorch-cpu,26.710902,0.315343,1.0032617393452306,#1927,#1927:OPEN,umbrella only; no focused gap issue verified,excluded: timed session entry,data/results/amd-cpu/cpu/public_api/20261008_060822/cpu_public_api_t4_20261008_060822.csv,https://github.com/tensor4all/tenferro-rs/issues/1927
cpu/linalg_batch_families,batched_eigh,c64,1,1x32x32,tenferro-direct,0.118403,0.001112,pytorch-cpu,0.118032,0.00038,1.0031432153992137,#1878 #2000,#1878:CLOSED #2000:OPEN,batch-linalg cluster,short isolated-clock diagnostic,data/results/amd-cpu/cpu/public_api/20261008_060822/cpu_public_api_t1_20261008_060822.csv,https://github.com/tensor4all/tenferro-rs/issues/1878 https://github.com/tensor4all/tenferro-rs/issues/2000
cpu/elementwise_reduction,maximum,f64,1,33554432,tenferro-trace,70.830122,0.535349,pytorch-cpu,70.634533,0.794055,1.002769028005041,#1927,#1927:OPEN,umbrella only; no focused gap issue verified,unconfirmed observation,data/results/amd-cpu/cpu/public_api/20261008_060822/cpu_public_api_t1_20261008_060822.csv,https://github.com/tensor4all/tenferro-rs/issues/1927
cpu/linalg_uncovered,eigvals,f64,4,192x192,tenferro-direct,8.585736,0.028484,pytorch-cpu,8.563644,0.016882,1.0025797429225223,#1956 #1660,#1956:OPEN #1660:OPEN,related provider/extraction issues; no focused gap issue verified,unconfirmed observation,data/results/amd-cpu/cpu/public_api/20261008_060822/cpu_public_api_t4_20261008_060822.csv,https://github.com/tensor4all/tenferro-rs/issues/1956 https://github.com/tensor4all/tenferro-rs/issues/1660
cpu/linalg_batch_families,batched_svd,c64,1,8x4x4,tenferro-direct,0.050465,0.000342,pytorch-cpu,0.050355,0.000191,1.002184490120147,#1878 #2000,#1878:CLOSED #2000:OPEN,batch-linalg cluster,short isolated-clock diagnostic,data/results/amd-cpu/cpu/public_api/20261008_060822/cpu_public_api_t1_20261008_060822.csv,https://github.com/tensor4all/tenferro-rs/issues/1878 https://github.com/tensor4all/tenferro-rs/issues/2000
cpu/fft,ifft,c64,4,1d_n1048576,tenferro-fft-eager,15.709549,0.299815,pytorch-cpu,15.680474,0.217369,1.0018542169069635,#1765 #1484,#1765:CLOSED #1484:CLOSED,related historical; no focused large single-lane issue,excluded: timed eager session entry,data/results/amd-cpu/cpu/fft/20261008_060740/cpu_fft_t4_20261008_060740.csv,https://github.com/tensor4all/tenferro-rs/issues/1765 https://github.com/tensor4all/tenferro-rs/issues/1484
cpu/output_reuse,neg_into,f64,4,33554432,tenferro-direct,17.598736,0.075482,julia-base,17.573492,0.139894,1.001436481719171,#1899 #1904,#1899:OPEN #1904:OPEN,related public contraction path,excluded: timed session entry,data/results/amd-cpu/cpu/public_api/20261008_060822/cpu_public_api_t4_20261008_060822.csv,https://github.com/tensor4all/tenferro-rs/issues/1899 https://github.com/tensor4all/tenferro-rs/issues/1904
cpu/structural_shape,embed_diagonal,f64,4,8192 -> 8192x8192,tenferro-direct,35.257063,1.363457,pytorch-cpu,35.215255,1.071207,1.0011872127576529,#1001 #1512 #1480,#1001:CLOSED #1512:CLOSED #1480:CLOSED,related structural cluster,excluded: timed session entry,data/results/amd-cpu/cpu/public_api/20261008_060822/cpu_public_api_t4_20261008_060822.csv,https://github.com/tensor4all/tenferro-rs/issues/1001 https://github.com/tensor4all/tenferro-rs/issues/1512 https://github.com/tensor4all/tenferro-rs/issues/1480
cpu/perf_issues,decode_proj_f32_eager-shared_in1024_out1024_len512,f32,1,"{'in': 1024, 'out': 1024, 'len': 512, 'kind': 'decode_projection', 'arm': 'eager-shared', 'dtype': 'f32'}",eager-shared,15.829257,,pytorch-cpu,15.815111,,1.0008944609999892,#1992 #2003 #1995,#1992:OPEN #2003:OPEN #1995:OPEN,explicit workload issue IDs,screening only: original PyTorch retention-list growth timed,data/results/amd-cpu/cpu/perf_issues/20261008_063605/samples_t1.jsonl,https://github.com/tensor4all/tenferro-rs/issues/1992 https://github.com/tensor4all/tenferro-rs/issues/2003 https://github.com/tensor4all/tenferro-rs/issues/1995
cpu/output_reuse,mul_into,f64,4,33554432,tenferro-direct,23.601768,0.247105,pytorch-cpu,23.581981,0.097082,1.0008390728497323,#1899 #1904,#1899:OPEN #1904:OPEN,related public contraction path,excluded: timed session entry,data/results/amd-cpu/cpu/public_api/20261008_060822/cpu_public_api_t4_20261008_060822.csv,https://github.com/tensor4all/tenferro-rs/issues/1899 https://github.com/tensor4all/tenferro-rs/issues/1904
