suite,benchmark,dtype,threads,shape,backend,median_ms,iqr_ms,status,notes
cpu/elementwise_reduction,add,f64,1,"33554432",tenferro-direct,155.865507,6.158553,ok,"binary elementwise"
cpu/elementwise_reduction,add,f64,1,"33554432",tenferro-trace,163.101657,1.737692,ok,"binary elementwise"
cpu/elementwise_reduction,sub,f64,1,"33554432",tenferro-direct,166.485905,4.686837,ok,"binary elementwise"
cpu/elementwise_reduction,sub,f64,1,"33554432",tenferro-trace,160.391749,14.208333,ok,"binary elementwise"
cpu/elementwise_reduction,mul,f64,1,"33554432",tenferro-direct,156.232284,11.162386,ok,"binary elementwise"
cpu/elementwise_reduction,mul,f64,1,"33554432",tenferro-trace,157.138480,7.110206,ok,"binary elementwise"
cpu/elementwise_reduction,div,f64,1,"33554432",tenferro-direct,156.015598,3.861549,ok,"binary elementwise"
cpu/elementwise_reduction,div,f64,1,"33554432",tenferro-trace,148.846997,5.428871,ok,"binary elementwise"
cpu/elementwise_reduction,neg,f64,1,"33554432",tenferro-direct,143.840811,6.230163,ok,"unary elementwise"
cpu/elementwise_reduction,neg,f64,1,"33554432",tenferro-trace,144.995659,8.556660,ok,"unary elementwise"
cpu/elementwise_reduction,abs,f64,1,"33554432",tenferro-direct,146.297701,6.624769,ok,"unary elementwise"
cpu/elementwise_reduction,abs,f64,1,"33554432",tenferro-trace,149.666806,6.384697,ok,"unary elementwise"
cpu/elementwise_reduction,sign,f64,1,"33554432",tenferro-direct,159.635320,11.474910,ok,"unary elementwise"
cpu/elementwise_reduction,sign,f64,1,"33554432",tenferro-trace,146.411821,7.635791,ok,"unary elementwise"
cpu/elementwise_reduction,maximum,f64,1,"33554432",tenferro-direct,155.859382,10.496472,ok,"binary elementwise"
cpu/elementwise_reduction,maximum,f64,1,"33554432",tenferro-trace,149.180526,4.519241,ok,"binary elementwise"
cpu/elementwise_reduction,minimum,f64,1,"33554432",tenferro-direct,160.275587,11.446628,ok,"binary elementwise"
cpu/elementwise_reduction,minimum,f64,1,"33554432",tenferro-trace,147.907408,4.921597,ok,"binary elementwise"
cpu/elementwise_reduction,compare_lt,f64,1,"33554432",tenferro-direct,40.421661,1.970769,ok,"ordered compare"
cpu/elementwise_reduction,compare_lt,f64,1,"33554432",tenferro-trace,38.306140,1.128991,ok,"ordered compare"
cpu/elementwise_reduction,select,f64,1,"33554432",tenferro-direct,153.008264,4.945721,ok,"ternary select"
cpu/elementwise_reduction,select,f64,1,"33554432",tenferro-trace,149.228555,3.363710,ok,"ternary select"
cpu/elementwise_reduction,sqrt,f64,1,"33554432",tenferro-direct,159.552496,7.032860,ok,"analytic unary"
cpu/elementwise_reduction,sqrt,f64,1,"33554432",tenferro-trace,155.816962,12.987022,ok,"analytic unary"
cpu/elementwise_reduction,rsqrt,f64,1,"33554432",tenferro-direct,167.899787,8.375572,ok,"analytic unary"
cpu/elementwise_reduction,rsqrt,f64,1,"33554432",tenferro-trace,164.824750,4.197490,ok,"analytic unary"
cpu/elementwise_reduction,rem,f64,1,"8388608",tenferro-direct,68.162419,2.727091,ok,"binary elementwise"
cpu/elementwise_reduction,rem,f64,1,"8388608",tenferro-trace,68.898424,3.836174,ok,"binary elementwise"
cpu/elementwise_reduction,clamp,f64,1,"8388608",tenferro-direct,43.819865,3.070737,ok,"clamp with tensor bounds"
cpu/elementwise_reduction,clamp,f64,1,"8388608",tenferro-trace,46.375358,2.616981,ok,"clamp with tensor bounds"
cpu/elementwise_reduction,exp,f64,1,"8388608",tenferro-direct,78.673162,8.006110,ok,"analytic unary"
cpu/elementwise_reduction,exp,f64,1,"8388608",tenferro-trace,77.229601,3.958217,ok,"analytic unary"
cpu/elementwise_reduction,log,f64,1,"8388608",tenferro-direct,68.774860,2.562900,ok,"analytic unary"
cpu/elementwise_reduction,log,f64,1,"8388608",tenferro-trace,73.973699,3.258893,ok,"analytic unary"
cpu/elementwise_reduction,sin,f64,1,"8388608",tenferro-direct,106.655165,6.285270,ok,"analytic unary"
cpu/elementwise_reduction,sin,f64,1,"8388608",tenferro-trace,107.953808,6.774243,ok,"analytic unary"
cpu/elementwise_reduction,cos,f64,1,"8388608",tenferro-direct,108.181534,6.795009,ok,"analytic unary"
cpu/elementwise_reduction,cos,f64,1,"8388608",tenferro-trace,104.837811,8.194959,ok,"analytic unary"
cpu/elementwise_reduction,tanh,f64,1,"8388608",tenferro-direct,136.171296,8.908338,ok,"analytic unary"
cpu/elementwise_reduction,tanh,f64,1,"8388608",tenferro-trace,139.991704,10.700111,ok,"analytic unary"
cpu/elementwise_reduction,pow,f64,1,"4194304",tenferro-direct,71.191938,5.207257,ok,"binary analytic"
cpu/elementwise_reduction,pow,f64,1,"4194304",tenferro-trace,72.499097,3.278229,ok,"binary analytic"
cpu/elementwise_reduction,expm1,f64,1,"4194304",tenferro-direct,43.405513,1.685891,ok,"analytic unary"
cpu/elementwise_reduction,expm1,f64,1,"4194304",tenferro-trace,39.280661,1.151206,ok,"analytic unary"
cpu/elementwise_reduction,log1p,f64,1,"4194304",tenferro-direct,55.334702,4.172787,ok,"analytic unary"
cpu/elementwise_reduction,log1p,f64,1,"4194304",tenferro-trace,52.584730,4.334187,ok,"analytic unary"
cpu/elementwise_reduction,chain_log1p_exp_mul,f64,1,"4194304",tenferro-direct,128.305708,8.931423,ok,"short elementwise chain"
cpu/elementwise_reduction,chain_log1p_exp_mul,f64,1,"4194304",tenferro-trace,193.489703,12.165917,ok,"short elementwise chain"
cpu/elementwise_reduction,reduce_sum_all,f64,1,"8192x4096",tenferro-direct,10.124096,0.153222,ok,"full reduction"
cpu/elementwise_reduction,reduce_sum_all,f64,1,"8192x4096",tenferro-trace,10.295048,0.314833,ok,"full reduction"
cpu/elementwise_reduction,reduce_prod_all,f64,1,"8192x4096",tenferro-direct,10.145576,0.265113,ok,"full reduction"
cpu/elementwise_reduction,reduce_prod_all,f64,1,"8192x4096",tenferro-trace,10.274268,0.061850,ok,"full reduction"
cpu/elementwise_reduction,reduce_max_all,f64,1,"8192x4096",tenferro-direct,14.788558,0.776270,ok,"full reduction"
cpu/elementwise_reduction,reduce_max_all,f64,1,"8192x4096",tenferro-trace,15.131083,0.725519,ok,"full reduction"
cpu/elementwise_reduction,reduce_min_all,f64,1,"8192x4096",tenferro-direct,16.561663,0.210663,ok,"full reduction"
cpu/elementwise_reduction,reduce_min_all,f64,1,"8192x4096",tenferro-trace,14.930790,0.559927,ok,"full reduction"
cpu/elementwise_reduction,reduce_max_axis0,f64,1,"2048x2048",tenferro-direct,1.920906,0.034180,ok,"axis reduction"
cpu/elementwise_reduction,reduce_max_axis0,f64,1,"2048x2048",tenferro-trace,1.862735,0.018240,ok,"axis reduction"
cpu/elementwise_reduction,reduce_min_axis1,f64,1,"4096x4096",tenferro-direct,5.535145,0.205122,ok,"axis reduction"
cpu/elementwise_reduction,reduce_min_axis1,f64,1,"4096x4096",tenferro-trace,6.332785,0.231363,ok,"axis reduction"
cpu/elementwise_reduction,reduce_max_axis1,f64,1,"2048x2048",tenferro-direct,1.584581,0.016120,ok,"axis reduction"
cpu/elementwise_reduction,reduce_max_axis1,f64,1,"2048x2048",tenferro-trace,1.605042,0.020269,ok,"axis reduction"
cpu/elementwise_reduction,reduce_min_axis0,f64,1,"2048x2048",tenferro-direct,2.035437,0.047501,ok,"axis reduction"
cpu/elementwise_reduction,reduce_min_axis0,f64,1,"2048x2048",tenferro-trace,1.860615,0.036702,ok,"axis reduction"
cpu/elementwise_reduction,reduce_sum_axis0,f64,1,"2048x2048",tenferro-direct,1.052514,0.017389,ok,"axis reduction"
cpu/elementwise_reduction,reduce_sum_axis0,f64,1,"2048x2048",tenferro-trace,0.866702,0.070611,ok,"axis reduction"
cpu/elementwise_reduction,reduce_sum_axis1,f64,1,"2048x2048",tenferro-direct,0.830191,0.069980,ok,"axis reduction"
cpu/elementwise_reduction,reduce_sum_axis1,f64,1,"2048x2048",tenferro-trace,0.766000,0.017430,ok,"axis reduction"
cpu/elementwise_reduction,reduce_prod_axis0,f64,1,"2048x2048",tenferro-direct,0.947493,0.034501,ok,"axis reduction"
cpu/elementwise_reduction,reduce_prod_axis0,f64,1,"2048x2048",tenferro-trace,0.849961,0.053180,ok,"axis reduction"
cpu/elementwise_reduction,reduce_prod_axis1,f64,1,"2048x2048",tenferro-direct,0.838911,0.014210,ok,"axis reduction"
cpu/elementwise_reduction,reduce_prod_axis1,f64,1,"2048x2048",tenferro-trace,0.734340,0.016540,ok,"axis reduction"
cpu/indexing_layout,gather,f64,1,"262144",tenferro-direct,0.504987,0.011339,ok,"1D StableHLO-style gather"
cpu/indexing_layout,gather,f64,1,"262144",tenferro-trace,0.574088,0.009660,ok,"1D StableHLO-style gather"
cpu/indexing_layout,scatter,f64,1,"262144",tenferro-direct,0.813751,0.011610,ok,"1D StableHLO-style scatter"
cpu/indexing_layout,scatter,f64,1,"262144",tenferro-trace,1.150645,0.109281,ok,"1D StableHLO-style scatter"
cpu/indexing_layout,slice,f64,1,"4194304 -> 2096128",tenferro-direct,1.530240,0.007330,ok,"static slice"
cpu/indexing_layout,slice,f64,1,"4194304 -> 2096128",tenferro-trace,3.740230,0.178713,ok,"static slice"
cpu/indexing_layout,dynamic_slice,f64,1,"4194304 -> 2097152",tenferro-direct,0.735220,0.079040,ok,"runtime-start slice"
cpu/indexing_layout,dynamic_slice,f64,1,"4194304 -> 2097152",tenferro-trace,3.330095,0.170181,ok,"runtime-start slice"
cpu/indexing_layout,dynamic_update_slice,f64,1,"2097152",tenferro-direct,1.083465,0.018060,ok,"runtime-start update"
cpu/indexing_layout,dynamic_update_slice,f64,1,"2097152",tenferro-trace,,,unsupported,"tenferro-rs has no TracedTensor dynamic_update_slice API"
cpu/indexing_layout,pad,f64,1,"2097152",tenferro-direct,1.124305,0.039151,ok,"edge padding"
cpu/indexing_layout,pad,f64,1,"2097152",tenferro-trace,2.303381,0.151492,ok,"edge padding"
cpu/indexing_layout,concatenate,f64,1,"1048576+1048576",tenferro-direct,0.830262,0.053092,ok,"concatenate along axis 0"
cpu/indexing_layout,concatenate,f64,1,"1048576+1048576",tenferro-trace,1.705173,0.071410,ok,"concatenate along axis 0"
cpu/indexing_layout,reverse,f64,1,"2097152",tenferro-direct,0.833501,0.088711,ok,"reverse axis 0"
cpu/indexing_layout,reverse,f64,1,"2097152",tenferro-trace,1.816935,0.051011,ok,"reverse axis 0"
cpu/structural_shape,transpose,f64,1,"4096x4096",tenferro-direct,126.369601,6.225162,ok,"materialized matrix transpose"
cpu/structural_shape,transpose,f64,1,"4096x4096",tenferro-trace,121.546468,9.635966,ok,"materialized matrix transpose"
cpu/structural_shape,reshape,f64,1,"33554432 -> 8192x4096",tenferro-direct,154.207798,8.583868,ok,"materialized reshape output"
cpu/structural_shape,reshape,f64,1,"33554432 -> 8192x4096",tenferro-trace,142.366284,6.742667,ok,"materialized reshape output"
cpu/structural_shape,broadcast_in_dim,f64,1,"8192x1 -> 8192x4096",tenferro-direct,137.166570,7.951766,ok,"materialized broadcast"
cpu/structural_shape,broadcast_in_dim,f64,1,"8192x1 -> 8192x4096",tenferro-trace,135.775270,8.951912,ok,"materialized broadcast"
cpu/structural_shape,cast_f64_f32,f64->f32,1,"33554432",tenferro-direct,78.938692,4.532133,ok,"dtype cast"
cpu/structural_shape,cast_f64_f32,f64->f32,1,"33554432",tenferro-trace,229.732404,3.939162,ok,"dtype cast"
cpu/structural_shape,extract_diagonal,f64,1,"8388608x2x2 -> 8388608x2",tenferro-direct,73.814639,3.886528,ok,"batched matrix diagonal extraction"
cpu/structural_shape,extract_diagonal,f64,1,"8388608x2x2 -> 8388608x2",tenferro-trace,221.037864,5.543736,ok,"batched matrix diagonal extraction"
cpu/structural_shape,embed_diagonal,f64,1,"8192 -> 8192x8192",tenferro-direct,244.278304,9.457647,ok,"embed vector as matrix diagonal"
cpu/structural_shape,embed_diagonal,f64,1,"8192 -> 8192x8192",tenferro-trace,263.578270,10.994303,ok,"embed vector as matrix diagonal"
cpu/structural_shape,tril,f64,1,"4096x4096",tenferro-direct,71.695469,3.023005,ok,"lower triangle"
cpu/structural_shape,tril,f64,1,"4096x4096",tenferro-trace,151.964987,7.206429,ok,"lower triangle"
cpu/structural_shape,triu,f64,1,"4096x4096",tenferro-direct,73.884984,3.037094,ok,"upper triangle"
cpu/structural_shape,triu,f64,1,"4096x4096",tenferro-trace,152.521460,5.994311,ok,"upper triangle"
cpu/view_metadata,reshape_view,f64,1,"33554432 -> 8192x4096",tenferro-direct,0.000276,0.000054,ok,"metadata-only view reshape; no output-sized copy; operations_per_sample=16; median_batch_ms=0.004410; session=not_required"
cpu/view_metadata,reshape_view,f64,1,"33554432 -> 8192x4096",tenferro-trace,,,unsupported,"TensorValue view metadata APIs are concrete-only; traced tensors use graph operations"
cpu/view_metadata,transpose_view,f64,1,"4096x4096",tenferro-direct,0.000191,0.000023,ok,"metadata-only transpose view; no output-sized copy; operations_per_sample=16; median_batch_ms=0.003060; session=not_required"
cpu/view_metadata,transpose_view,f64,1,"4096x4096",tenferro-trace,,,unsupported,"TensorValue view metadata APIs are concrete-only; traced tensors use graph operations"
cpu/view_metadata,slice_view,f64,1,"4194304 -> 2096128",tenferro-direct,0.000254,0.000044,ok,"metadata-only strided slice view; no output-sized copy; operations_per_sample=16; median_batch_ms=0.004060; session=not_required"
cpu/view_metadata,slice_view,f64,1,"4194304 -> 2096128",tenferro-trace,,,unsupported,"TensorValue view metadata APIs are concrete-only; traced tensors use graph operations"
cpu/view_metadata,broadcast_in_dim_view,f64,1,"8192x1 -> 8192x4096",tenferro-direct,0.000174,0.000002,ok,"metadata-only zero-stride broadcast view; no output-sized copy; operations_per_sample=16; median_batch_ms=0.002780; session=not_required"
cpu/view_metadata,broadcast_in_dim_view,f64,1,"8192x1 -> 8192x4096",tenferro-trace,,,unsupported,"TensorValue view metadata APIs are concrete-only; traced tensors use graph operations"
cpu/output_reuse,add_into,f64,1,"33554432",tenferro-direct,28.088828,0.248365,ok,"caller-owned output"
cpu/output_reuse,add_into,f64,1,"33554432",tenferro-trace,,,unsupported,"compiled traced execution owns its output tensors; no caller-output API"
cpu/output_reuse,sub_into,f64,1,"33554432",tenferro-direct,27.948285,0.157463,ok,"caller-owned output"
cpu/output_reuse,sub_into,f64,1,"33554432",tenferro-trace,,,unsupported,"compiled traced execution owns its output tensors; no caller-output API"
cpu/output_reuse,mul_into,f64,1,"33554432",tenferro-direct,27.651990,0.266415,ok,"caller-owned output"
cpu/output_reuse,mul_into,f64,1,"33554432",tenferro-trace,,,unsupported,"compiled traced execution owns its output tensors; no caller-output API"
cpu/output_reuse,div_into,f64,1,"33554432",tenferro-direct,26.956559,0.142821,ok,"caller-owned output"
cpu/output_reuse,div_into,f64,1,"33554432",tenferro-trace,,,unsupported,"compiled traced execution owns its output tensors; no caller-output API"
cpu/output_reuse,neg_into,f64,1,"33554432",tenferro-direct,21.067234,0.159133,ok,"caller-owned output"
cpu/output_reuse,neg_into,f64,1,"33554432",tenferro-trace,,,unsupported,"compiled traced execution owns its output tensors; no caller-output API"
cpu/output_reuse,conj_into,c64,1,"16777216",tenferro-direct,21.237538,1.019849,ok,"physical conjugate into caller-owned output"
cpu/output_reuse,conj_into,c64,1,"16777216",tenferro-trace,,,unsupported,"compiled traced execution owns its output tensors; no caller-output API"
cpu/output_reuse,copy_read_into,f64,1,"33554432",tenferro-direct,13.241276,0.181425,ok,"copy into caller-owned output"
cpu/output_reuse,copy_read_into,f64,1,"33554432",tenferro-trace,,,unsupported,"compiled traced execution owns its output tensors; no caller-output API"
cpu/output_reuse,dot_general_read_into,f64,1,"1024x1024",tenferro-direct,42.645181,3.268030,ok,"matrix multiply into caller-owned output"
cpu/output_reuse,dot_general_read_into,f64,1,"1024x1024",tenferro-trace,,,unsupported,"compiled traced execution owns its output tensors; no caller-output API"
cpu/output_reuse,dot_general_read_into_accum,f64,1,"1024x1024",tenferro-direct,42.574239,7.881139,ok,"out = lhs @ rhs + out"
cpu/output_reuse,dot_general_read_into_accum,f64,1,"1024x1024",tenferro-trace,,,unsupported,"compiled traced execution owns its output tensors; no caller-output API"
cpu/einsum_concrete,einsum_ij_jk_ik,f64,1,"1024x1024",tenferro-direct,41.552822,4.472672,ok,"TensorEinsumExt allocation-returning API"
cpu/einsum_concrete,einsum_ij_jk_ik,f64,1,"1024x1024",tenferro-trace,,,unsupported,"TensorEinsumExt is a concrete Tensor API; traced einsum is measured by cpu/einsum"
cpu/linalg_uncovered,cholesky,f64,1,"1536x1536",tenferro-direct,42.661484,4.369268,ok,"SPD input"
cpu/linalg_uncovered,cholesky,f64,1,"1536x1536",tenferro-trace,47.283117,6.759112,ok,"SPD input"
cpu/linalg_uncovered,eig,f64,1,"160x160",tenferro-direct,7.656407,0.469679,ok,"general input"
cpu/linalg_uncovered,eig,f64,1,"160x160",tenferro-trace,7.807610,0.097221,ok,"general input"
cpu/linalg_uncovered,eigvals,f64,1,"192x192",tenferro-direct,7.597236,0.389248,ok,"general input values only"
cpu/linalg_uncovered,eigvals,f64,1,"192x192",tenferro-trace,7.920383,0.704862,ok,"general input values only"
cpu/linalg_uncovered,eigvalsh,f64,1,"512x512",tenferro-direct,18.721346,0.653372,ok,"SPD input values only"
cpu/linalg_uncovered,eigvalsh,f64,1,"512x512",tenferro-trace,19.943089,2.155649,ok,"SPD input values only"
cpu/linalg_uncovered,triangular_solve,f64,1,"4096x4096,rhs=64",tenferro-direct,30.367825,3.953012,ok,"lower-triangular solve"
cpu/linalg_uncovered,triangular_solve,f64,1,"4096x4096,rhs=64",tenferro-trace,109.401882,8.654153,ok,"lower-triangular solve"
cpu/linalg_uncovered,det,f64,1,"1024x1024",tenferro-direct,22.709680,2.088497,ok,"well-conditioned input"
cpu/linalg_uncovered,det,f64,1,"1024x1024",tenferro-trace,22.624649,1.711622,ok,"well-conditioned input"
cpu/linalg_uncovered,slogdet,f64,1,"1024x1024",tenferro-direct,22.730391,1.446316,ok,"well-conditioned input"
cpu/linalg_uncovered,slogdet,f64,1,"1024x1024",tenferro-trace,22.749271,1.341464,ok,"well-conditioned input"
cpu/linalg_uncovered,inv,f64,1,"768x768",tenferro-direct,36.406619,2.291222,ok,"well-conditioned input"
cpu/linalg_uncovered,inv,f64,1,"768x768",tenferro-trace,41.398310,4.491092,ok,"well-conditioned input"
cpu/linalg_uncovered,pinv,f64,1,"512x256",tenferro-direct,17.970826,2.519765,ok,"rectangular input"
cpu/linalg_uncovered,pinv,f64,1,"512x256",tenferro-trace,17.655740,1.801223,ok,"rectangular input"
cpu/linalg_uncovered,pinv_with_rtol,f64,1,"512x256",tenferro-direct,17.535188,1.365584,ok,"rectangular input; rtol=1e-12"
cpu/linalg_uncovered,pinv_with_rtol,f64,1,"512x256",tenferro-trace,19.941852,2.657139,ok,"rectangular input; rtol=1e-12"
cpu/linalg_uncovered,lu,f64,1,"1024x1024",tenferro-direct,22.256474,1.131602,ok,"partial-pivot LU"
cpu/linalg_uncovered,lu,f64,1,"1024x1024",tenferro-trace,23.975896,2.418954,ok,"partial-pivot LU"
cpu/linalg_uncovered,lstsq,f64,1,"768x384,rhs=16",tenferro-eager,16.087522,0.803735,ok,"tall full-column-rank QR least-squares solve"
cpu/linalg_uncovered,lstsq,f64,1,"768x384,rhs=16",tenferro-trace,16.834936,1.904654,ok,"tall full-column-rank QR least-squares solve"
cpu/linalg_uncovered,svd_full,f64,1,"768x384",tenferro-eager,53.665948,2.330053,ok,"full-matrices SVD; unsupported providers are reported explicitly"
cpu/linalg_uncovered,svd_full,f64,1,"768x384",tenferro-trace,51.706833,2.853772,ok,"full-matrices SVD; unsupported providers are reported explicitly"
cpu/linalg_uncovered,norm_fro,f64,1,"2048x2048",tenferro-direct,0.966748,0.025319,ok,"Frobenius norm"
cpu/linalg_uncovered,norm_fro,f64,1,"2048x2048",tenferro-trace,1.020019,0.033871,ok,"Frobenius norm"
cpu/linalg_batched,batched_lu_factor,f64,1,"1024x2x2,rhs=1",tenferro-direct,0.039331,0.001181,ok,"packed LU factorization only (LinalgBackend::lu_factor)"
cpu/linalg_batched,batched_lu_factor,f64,1,"1024x2x2,rhs=1",tenferro-trace,,,unsupported,"LinalgOp is not public, so a trace cannot hold a bare LuFactor or LuSolvePrepared; traced solve (LuFactor plus LuSolvePrepared) and its backward are measured by cpu/cpu_ops batched_solve and grad_sum_batched_solve_backward"
cpu/linalg_batched,batched_lu_factor,f64,1,"1024x4x4,rhs=1",tenferro-direct,0.062721,0.000750,ok,"packed LU factorization only (LinalgBackend::lu_factor)"
cpu/linalg_batched,batched_lu_factor,f64,1,"1024x4x4,rhs=1",tenferro-trace,,,unsupported,"LinalgOp is not public, so a trace cannot hold a bare LuFactor or LuSolvePrepared; traced solve (LuFactor plus LuSolvePrepared) and its backward are measured by cpu/cpu_ops batched_solve and grad_sum_batched_solve_backward"
cpu/linalg_batched,batched_lu_factor,f64,1,"1024x8x8,rhs=1",tenferro-direct,0.230755,0.037331,ok,"packed LU factorization only (LinalgBackend::lu_factor)"
cpu/linalg_batched,batched_lu_factor,f64,1,"1024x8x8,rhs=1",tenferro-trace,,,unsupported,"LinalgOp is not public, so a trace cannot hold a bare LuFactor or LuSolvePrepared; traced solve (LuFactor plus LuSolvePrepared) and its backward are measured by cpu/cpu_ops batched_solve and grad_sum_batched_solve_backward"
cpu/linalg_batched,batched_lu_factor,f64,1,"1024x16x16,rhs=1",tenferro-direct,0.962947,0.002720,ok,"packed LU factorization only (LinalgBackend::lu_factor)"
cpu/linalg_batched,batched_lu_factor,f64,1,"1024x16x16,rhs=1",tenferro-trace,,,unsupported,"LinalgOp is not public, so a trace cannot hold a bare LuFactor or LuSolvePrepared; traced solve (LuFactor plus LuSolvePrepared) and its backward are measured by cpu/cpu_ops batched_solve and grad_sum_batched_solve_backward"
cpu/linalg_batched,batched_lu_solve,f64,1,"1024x2x2,rhs=1",tenferro-direct,0.041111,0.000159,ok,"solve with prepared LU factors (LinalgBackend::lu_solve_prepared)"
cpu/linalg_batched,batched_lu_solve,f64,1,"1024x2x2,rhs=1",tenferro-trace,,,unsupported,"LinalgOp is not public, so a trace cannot hold a bare LuFactor or LuSolvePrepared; traced solve (LuFactor plus LuSolvePrepared) and its backward are measured by cpu/cpu_ops batched_solve and grad_sum_batched_solve_backward"
cpu/linalg_batched,batched_lu_solve,f64,1,"1024x4x4,rhs=1",tenferro-direct,0.070871,0.000221,ok,"solve with prepared LU factors (LinalgBackend::lu_solve_prepared)"
cpu/linalg_batched,batched_lu_solve,f64,1,"1024x4x4,rhs=1",tenferro-trace,,,unsupported,"LinalgOp is not public, so a trace cannot hold a bare LuFactor or LuSolvePrepared; traced solve (LuFactor plus LuSolvePrepared) and its backward are measured by cpu/cpu_ops batched_solve and grad_sum_batched_solve_backward"
cpu/linalg_batched,batched_lu_solve,f64,1,"1024x8x8,rhs=1",tenferro-direct,0.209554,0.005240,ok,"solve with prepared LU factors (LinalgBackend::lu_solve_prepared)"
cpu/linalg_batched,batched_lu_solve,f64,1,"1024x8x8,rhs=1",tenferro-trace,,,unsupported,"LinalgOp is not public, so a trace cannot hold a bare LuFactor or LuSolvePrepared; traced solve (LuFactor plus LuSolvePrepared) and its backward are measured by cpu/cpu_ops batched_solve and grad_sum_batched_solve_backward"
cpu/linalg_batched,batched_lu_solve,f64,1,"1024x16x16,rhs=1",tenferro-direct,0.329466,0.004590,ok,"solve with prepared LU factors (LinalgBackend::lu_solve_prepared)"
cpu/linalg_batched,batched_lu_solve,f64,1,"1024x16x16,rhs=1",tenferro-trace,,,unsupported,"LinalgOp is not public, so a trace cannot hold a bare LuFactor or LuSolvePrepared; traced solve (LuFactor plus LuSolvePrepared) and its backward are measured by cpu/cpu_ops batched_solve and grad_sum_batched_solve_backward"
cpu/linalg_batched,batched_triangular_solve,f64,1,"1024x2x2,rhs=1",tenferro-direct,0.087382,0.000080,ok,"lower-triangular solve (TensorLinalgExt::triangular_solve)"
cpu/linalg_batched,batched_triangular_solve,f64,1,"1024x2x2,rhs=1",tenferro-trace,0.118362,0.002319,ok,"lower-triangular solve (TensorLinalgExt::triangular_solve)"
cpu/linalg_batched,batched_triangular_solve,f64,1,"1024x4x4,rhs=1",tenferro-direct,0.096921,0.000090,ok,"lower-triangular solve (TensorLinalgExt::triangular_solve)"
cpu/linalg_batched,batched_triangular_solve,f64,1,"1024x4x4,rhs=1",tenferro-trace,0.135202,0.002790,ok,"lower-triangular solve (TensorLinalgExt::triangular_solve)"
cpu/linalg_batched,batched_triangular_solve,f64,1,"1024x8x8,rhs=1",tenferro-direct,0.128212,0.000311,ok,"lower-triangular solve (TensorLinalgExt::triangular_solve)"
cpu/linalg_batched,batched_triangular_solve,f64,1,"1024x8x8,rhs=1",tenferro-trace,0.184953,0.002559,ok,"lower-triangular solve (TensorLinalgExt::triangular_solve)"
cpu/linalg_batched,batched_triangular_solve,f64,1,"1024x16x16,rhs=1",tenferro-direct,0.198363,0.000531,ok,"lower-triangular solve (TensorLinalgExt::triangular_solve)"
cpu/linalg_batched,batched_triangular_solve,f64,1,"1024x16x16,rhs=1",tenferro-trace,0.330976,0.006700,ok,"lower-triangular solve (TensorLinalgExt::triangular_solve)"
cpu/linalg_batch_families,batched_solve,f64,1,"1x2x2,rhs=1",tenferro-direct,0.001710,0.000079,ok,"general solve, one rhs column (TensorLinalgExt::solve)"
cpu/linalg_batch_families,batched_solve,f64,1,"1x2x2,rhs=1",tenferro-trace,0.042901,0.008410,ok,"general solve, one rhs column (TensorLinalgExt::solve)"
cpu/linalg_batch_families,batched_solve,f64,1,"3x2x2,rhs=1",tenferro-direct,0.001870,0.000160,ok,"general solve, one rhs column (TensorLinalgExt::solve)"
cpu/linalg_batch_families,batched_solve,f64,1,"3x2x2,rhs=1",tenferro-trace,0.045511,0.000820,ok,"general solve, one rhs column (TensorLinalgExt::solve)"
cpu/linalg_batch_families,batched_solve,f64,1,"4x2x2,rhs=1",tenferro-direct,0.001980,0.000140,ok,"general solve, one rhs column (TensorLinalgExt::solve)"
cpu/linalg_batch_families,batched_solve,f64,1,"4x2x2,rhs=1",tenferro-trace,0.042541,0.001219,ok,"general solve, one rhs column (TensorLinalgExt::solve)"
cpu/linalg_batch_families,batched_solve,f64,1,"8x2x2,rhs=1",tenferro-direct,0.002320,0.000130,ok,"general solve, one rhs column (TensorLinalgExt::solve)"
cpu/linalg_batch_families,batched_solve,f64,1,"8x2x2,rhs=1",tenferro-trace,0.036031,0.001250,ok,"general solve, one rhs column (TensorLinalgExt::solve)"
cpu/linalg_batch_families,batched_solve,f64,1,"1024x2x2,rhs=1",tenferro-direct,0.087131,0.019000,ok,"general solve, one rhs column (TensorLinalgExt::solve)"
cpu/linalg_batch_families,batched_solve,f64,1,"1024x2x2,rhs=1",tenferro-trace,0.107962,0.019480,ok,"general solve, one rhs column (TensorLinalgExt::solve)"
cpu/linalg_batch_families,batched_solve,f64,1,"1x4x4,rhs=1",tenferro-direct,0.002210,0.000030,ok,"general solve, one rhs column (TensorLinalgExt::solve)"
cpu/linalg_batch_families,batched_solve,f64,1,"1x4x4,rhs=1",tenferro-trace,0.023871,0.000480,ok,"general solve, one rhs column (TensorLinalgExt::solve)"
cpu/linalg_batch_families,batched_solve,f64,1,"3x4x4,rhs=1",tenferro-direct,0.002500,0.000120,ok,"general solve, one rhs column (TensorLinalgExt::solve)"
cpu/linalg_batch_families,batched_solve,f64,1,"3x4x4,rhs=1",tenferro-trace,0.034541,0.001690,ok,"general solve, one rhs column (TensorLinalgExt::solve)"
cpu/linalg_batch_families,batched_solve,f64,1,"4x4x4,rhs=1",tenferro-direct,0.002150,0.000140,ok,"general solve, one rhs column (TensorLinalgExt::solve)"
cpu/linalg_batch_families,batched_solve,f64,1,"4x4x4,rhs=1",tenferro-trace,0.042221,0.005640,ok,"general solve, one rhs column (TensorLinalgExt::solve)"
cpu/linalg_batch_families,batched_solve,f64,1,"8x4x4,rhs=1",tenferro-direct,0.002700,0.000150,ok,"general solve, one rhs column (TensorLinalgExt::solve)"
cpu/linalg_batch_families,batched_solve,f64,1,"8x4x4,rhs=1",tenferro-trace,0.035581,0.002059,ok,"general solve, one rhs column (TensorLinalgExt::solve)"
cpu/linalg_batch_families,batched_solve,f64,1,"1024x4x4,rhs=1",tenferro-direct,0.141852,0.000741,ok,"general solve, one rhs column (TensorLinalgExt::solve)"
cpu/linalg_batch_families,batched_solve,f64,1,"1024x4x4,rhs=1",tenferro-trace,0.147463,0.003260,ok,"general solve, one rhs column (TensorLinalgExt::solve)"
cpu/linalg_batch_families,batched_solve,f64,1,"1x8x8,rhs=1",tenferro-direct,0.002020,0.000059,ok,"general solve, one rhs column (TensorLinalgExt::solve)"
cpu/linalg_batch_families,batched_solve,f64,1,"1x8x8,rhs=1",tenferro-trace,0.035181,0.001830,ok,"general solve, one rhs column (TensorLinalgExt::solve)"
cpu/linalg_batch_families,batched_solve,f64,1,"3x8x8,rhs=1",tenferro-direct,0.002870,0.000070,ok,"general solve, one rhs column (TensorLinalgExt::solve)"
cpu/linalg_batch_families,batched_solve,f64,1,"3x8x8,rhs=1",tenferro-trace,0.036661,0.001409,ok,"general solve, one rhs column (TensorLinalgExt::solve)"
cpu/linalg_batch_families,batched_solve,f64,1,"4x8x8,rhs=1",tenferro-direct,0.003230,0.000050,ok,"general solve, one rhs column (TensorLinalgExt::solve)"
cpu/linalg_batch_families,batched_solve,f64,1,"4x8x8,rhs=1",tenferro-trace,0.035941,0.001920,ok,"general solve, one rhs column (TensorLinalgExt::solve)"
cpu/linalg_batch_families,batched_solve,f64,1,"8x8x8,rhs=1",tenferro-direct,0.004890,0.000060,ok,"general solve, one rhs column (TensorLinalgExt::solve)"
cpu/linalg_batch_families,batched_solve,f64,1,"8x8x8,rhs=1",tenferro-trace,0.041341,0.001880,ok,"general solve, one rhs column (TensorLinalgExt::solve)"
cpu/linalg_batch_families,batched_solve,f64,1,"1024x8x8,rhs=1",tenferro-direct,0.445359,0.005360,ok,"general solve, one rhs column (TensorLinalgExt::solve)"
cpu/linalg_batch_families,batched_solve,f64,1,"1024x8x8,rhs=1",tenferro-trace,0.461619,0.008021,ok,"general solve, one rhs column (TensorLinalgExt::solve)"
cpu/linalg_batch_families,batched_solve,f64,1,"1x32x32,rhs=1",tenferro-direct,0.009400,0.000090,ok,"general solve, one rhs column (TensorLinalgExt::solve)"
cpu/linalg_batch_families,batched_solve,f64,1,"1x32x32,rhs=1",tenferro-trace,0.042451,0.016520,ok,"general solve, one rhs column (TensorLinalgExt::solve)"
cpu/linalg_batch_families,batched_solve,f64,1,"8x32x32,rhs=1",tenferro-direct,0.062391,0.000869,ok,"general solve, one rhs column (TensorLinalgExt::solve)"
cpu/linalg_batch_families,batched_solve,f64,1,"8x32x32,rhs=1",tenferro-trace,0.142312,0.056591,ok,"general solve, one rhs column (TensorLinalgExt::solve)"
cpu/linalg_batch_families,batched_solve,f64,1,"1x128x128,rhs=1",tenferro-direct,0.106842,0.003270,ok,"general solve, one rhs column (TensorLinalgExt::solve)"
cpu/linalg_batch_families,batched_solve,f64,1,"1x128x128,rhs=1",tenferro-trace,0.149292,0.006460,ok,"general solve, one rhs column (TensorLinalgExt::solve)"
cpu/linalg_batch_families,batched_solve,f64,1,"8x128x128,rhs=1",tenferro-direct,0.840875,0.003331,ok,"general solve, one rhs column (TensorLinalgExt::solve)"
cpu/linalg_batch_families,batched_solve,f64,1,"8x128x128,rhs=1",tenferro-trace,0.935188,0.004800,ok,"general solve, one rhs column (TensorLinalgExt::solve)"
cpu/linalg_batch_families,batched_cholesky,f64,1,"1x2x2",tenferro-direct,0.001230,0.000110,ok,"SPD Cholesky (TensorLinalgExt::cholesky)"
cpu/linalg_batch_families,batched_cholesky,f64,1,"1x2x2",tenferro-trace,0.035681,0.001320,ok,"SPD Cholesky (TensorLinalgExt::cholesky)"
cpu/linalg_batch_families,batched_cholesky,f64,1,"3x2x2",tenferro-direct,0.001050,0.000030,ok,"SPD Cholesky (TensorLinalgExt::cholesky)"
cpu/linalg_batch_families,batched_cholesky,f64,1,"3x2x2",tenferro-trace,0.030191,0.000930,ok,"SPD Cholesky (TensorLinalgExt::cholesky)"
cpu/linalg_batch_families,batched_cholesky,f64,1,"4x2x2",tenferro-direct,0.001110,0.000040,ok,"SPD Cholesky (TensorLinalgExt::cholesky)"
cpu/linalg_batch_families,batched_cholesky,f64,1,"4x2x2",tenferro-trace,0.029110,0.000890,ok,"SPD Cholesky (TensorLinalgExt::cholesky)"
cpu/linalg_batch_families,batched_cholesky,f64,1,"8x2x2",tenferro-direct,0.001360,0.000030,ok,"SPD Cholesky (TensorLinalgExt::cholesky)"
cpu/linalg_batch_families,batched_cholesky,f64,1,"8x2x2",tenferro-trace,0.037840,0.002069,ok,"SPD Cholesky (TensorLinalgExt::cholesky)"
cpu/linalg_batch_families,batched_cholesky,f64,1,"1024x2x2",tenferro-direct,0.059901,0.000060,ok,"SPD Cholesky (TensorLinalgExt::cholesky)"
cpu/linalg_batch_families,batched_cholesky,f64,1,"1024x2x2",tenferro-trace,0.086611,0.001270,ok,"SPD Cholesky (TensorLinalgExt::cholesky)"
cpu/linalg_batch_families,batched_cholesky,f64,1,"1x4x4",tenferro-direct,0.001230,0.000100,ok,"SPD Cholesky (TensorLinalgExt::cholesky)"
cpu/linalg_batch_families,batched_cholesky,f64,1,"1x4x4",tenferro-trace,0.028930,0.000589,ok,"SPD Cholesky (TensorLinalgExt::cholesky)"
cpu/linalg_batch_families,batched_cholesky,f64,1,"3x4x4",tenferro-direct,0.001180,0.000040,ok,"SPD Cholesky (TensorLinalgExt::cholesky)"
cpu/linalg_batch_families,batched_cholesky,f64,1,"3x4x4",tenferro-trace,0.030200,0.000830,ok,"SPD Cholesky (TensorLinalgExt::cholesky)"
cpu/linalg_batch_families,batched_cholesky,f64,1,"4x4x4",tenferro-direct,0.001310,0.000090,ok,"SPD Cholesky (TensorLinalgExt::cholesky)"
cpu/linalg_batch_families,batched_cholesky,f64,1,"4x4x4",tenferro-trace,0.029690,0.000909,ok,"SPD Cholesky (TensorLinalgExt::cholesky)"
cpu/linalg_batch_families,batched_cholesky,f64,1,"8x4x4",tenferro-direct,0.001730,0.000040,ok,"SPD Cholesky (TensorLinalgExt::cholesky)"
cpu/linalg_batch_families,batched_cholesky,f64,1,"8x4x4",tenferro-trace,0.030940,0.007089,ok,"SPD Cholesky (TensorLinalgExt::cholesky)"
cpu/linalg_batch_families,batched_cholesky,f64,1,"1024x4x4",tenferro-direct,0.108852,0.000520,ok,"SPD Cholesky (TensorLinalgExt::cholesky)"
cpu/linalg_batch_families,batched_cholesky,f64,1,"1024x4x4",tenferro-trace,0.140122,0.004680,ok,"SPD Cholesky (TensorLinalgExt::cholesky)"
cpu/linalg_batch_families,batched_cholesky,f64,1,"1x8x8",tenferro-direct,0.001440,0.000069,ok,"SPD Cholesky (TensorLinalgExt::cholesky)"
cpu/linalg_batch_families,batched_cholesky,f64,1,"1x8x8",tenferro-trace,0.029360,0.000460,ok,"SPD Cholesky (TensorLinalgExt::cholesky)"
cpu/linalg_batch_families,batched_cholesky,f64,1,"3x8x8",tenferro-direct,0.002220,0.000040,ok,"SPD Cholesky (TensorLinalgExt::cholesky)"
cpu/linalg_batch_families,batched_cholesky,f64,1,"3x8x8",tenferro-trace,0.029311,0.000790,ok,"SPD Cholesky (TensorLinalgExt::cholesky)"
cpu/linalg_batch_families,batched_cholesky,f64,1,"4x8x8",tenferro-direct,0.002060,0.000060,ok,"SPD Cholesky (TensorLinalgExt::cholesky)"
cpu/linalg_batch_families,batched_cholesky,f64,1,"4x8x8",tenferro-trace,0.033911,0.002440,ok,"SPD Cholesky (TensorLinalgExt::cholesky)"
cpu/linalg_batch_families,batched_cholesky,f64,1,"8x8x8",tenferro-direct,0.004970,0.000070,ok,"SPD Cholesky (TensorLinalgExt::cholesky)"
cpu/linalg_batch_families,batched_cholesky,f64,1,"8x8x8",tenferro-trace,0.037860,0.001370,ok,"SPD Cholesky (TensorLinalgExt::cholesky)"
cpu/linalg_batch_families,batched_cholesky,f64,1,"1024x8x8",tenferro-direct,0.275295,0.067082,ok,"SPD Cholesky (TensorLinalgExt::cholesky)"
cpu/linalg_batch_families,batched_cholesky,f64,1,"1024x8x8",tenferro-trace,0.317815,0.003470,ok,"SPD Cholesky (TensorLinalgExt::cholesky)"
cpu/linalg_batch_families,batched_cholesky,f64,1,"1x32x32",tenferro-direct,0.005510,0.000171,ok,"SPD Cholesky (TensorLinalgExt::cholesky)"
cpu/linalg_batch_families,batched_cholesky,f64,1,"1x32x32",tenferro-trace,0.039161,0.001060,ok,"SPD Cholesky (TensorLinalgExt::cholesky)"
cpu/linalg_batch_families,batched_cholesky,f64,1,"8x32x32",tenferro-direct,0.026731,0.000190,ok,"SPD Cholesky (TensorLinalgExt::cholesky)"
cpu/linalg_batch_families,batched_cholesky,f64,1,"8x32x32",tenferro-trace,0.060302,0.038291,ok,"SPD Cholesky (TensorLinalgExt::cholesky)"
cpu/linalg_batch_families,batched_cholesky,f64,1,"1x128x128",tenferro-direct,0.087532,0.024270,ok,"SPD Cholesky (TensorLinalgExt::cholesky)"
cpu/linalg_batch_families,batched_cholesky,f64,1,"1x128x128",tenferro-trace,0.126102,0.007621,ok,"SPD Cholesky (TensorLinalgExt::cholesky)"
cpu/linalg_batch_families,batched_cholesky,f64,1,"8x128x128",tenferro-direct,0.700113,0.002710,ok,"SPD Cholesky (TensorLinalgExt::cholesky)"
cpu/linalg_batch_families,batched_cholesky,f64,1,"8x128x128",tenferro-trace,0.769964,0.004949,ok,"SPD Cholesky (TensorLinalgExt::cholesky)"
cpu/linalg_batch_families,batched_qr,f64,1,"1x2x2",tenferro-direct,0.002350,0.000070,ok,"thin QR (TensorLinalgExt::qr)"
cpu/linalg_batch_families,batched_qr,f64,1,"1x2x2",tenferro-trace,0.041001,0.001900,ok,"thin QR (TensorLinalgExt::qr)"
cpu/linalg_batch_families,batched_qr,f64,1,"3x2x2",tenferro-direct,0.002310,0.000050,ok,"thin QR (TensorLinalgExt::qr)"
cpu/linalg_batch_families,batched_qr,f64,1,"3x2x2",tenferro-trace,0.049691,0.010340,ok,"thin QR (TensorLinalgExt::qr)"
cpu/linalg_batch_families,batched_qr,f64,1,"4x2x2",tenferro-direct,0.002540,0.000041,ok,"thin QR (TensorLinalgExt::qr)"
cpu/linalg_batch_families,batched_qr,f64,1,"4x2x2",tenferro-trace,0.052461,0.003950,ok,"thin QR (TensorLinalgExt::qr)"
cpu/linalg_batch_families,batched_qr,f64,1,"8x2x2",tenferro-direct,0.003510,0.000150,ok,"thin QR (TensorLinalgExt::qr)"
cpu/linalg_batch_families,batched_qr,f64,1,"8x2x2",tenferro-trace,0.060501,0.006950,ok,"thin QR (TensorLinalgExt::qr)"
cpu/linalg_batch_families,batched_qr,f64,1,"1024x2x2",tenferro-direct,0.242704,0.003421,ok,"thin QR (TensorLinalgExt::qr)"
cpu/linalg_batch_families,batched_qr,f64,1,"1024x2x2",tenferro-trace,0.291335,0.008189,ok,"thin QR (TensorLinalgExt::qr)"
cpu/linalg_batch_families,batched_qr,f64,1,"1x4x4",tenferro-direct,0.002820,0.000050,ok,"thin QR (TensorLinalgExt::qr)"
cpu/linalg_batch_families,batched_qr,f64,1,"1x4x4",tenferro-trace,0.051391,0.012030,ok,"thin QR (TensorLinalgExt::qr)"
cpu/linalg_batch_families,batched_qr,f64,1,"3x4x4",tenferro-direct,0.003281,0.000050,ok,"thin QR (TensorLinalgExt::qr)"
cpu/linalg_batch_families,batched_qr,f64,1,"3x4x4",tenferro-trace,0.056551,0.001820,ok,"thin QR (TensorLinalgExt::qr)"
cpu/linalg_batch_families,batched_qr,f64,1,"4x4x4",tenferro-direct,0.003850,0.000060,ok,"thin QR (TensorLinalgExt::qr)"
cpu/linalg_batch_families,batched_qr,f64,1,"4x4x4",tenferro-trace,0.044181,0.007870,ok,"thin QR (TensorLinalgExt::qr)"
cpu/linalg_batch_families,batched_qr,f64,1,"8x4x4",tenferro-direct,0.006030,0.000041,ok,"thin QR (TensorLinalgExt::qr)"
cpu/linalg_batch_families,batched_qr,f64,1,"8x4x4",tenferro-trace,0.065661,0.007550,ok,"thin QR (TensorLinalgExt::qr)"
cpu/linalg_batch_families,batched_qr,f64,1,"1024x4x4",tenferro-direct,0.568871,0.609941,ok,"thin QR (TensorLinalgExt::qr)"
cpu/linalg_batch_families,batched_qr,f64,1,"1024x4x4",tenferro-trace,0.618231,0.005469,ok,"thin QR (TensorLinalgExt::qr)"
cpu/linalg_batch_families,batched_qr,f64,1,"1x8x8",tenferro-direct,0.003830,0.000080,ok,"thin QR (TensorLinalgExt::qr)"
cpu/linalg_batch_families,batched_qr,f64,1,"1x8x8",tenferro-trace,0.043971,0.006590,ok,"thin QR (TensorLinalgExt::qr)"
cpu/linalg_batch_families,batched_qr,f64,1,"3x8x8",tenferro-direct,0.005760,0.000040,ok,"thin QR (TensorLinalgExt::qr)"
cpu/linalg_batch_families,batched_qr,f64,1,"3x8x8",tenferro-trace,0.054771,0.004060,ok,"thin QR (TensorLinalgExt::qr)"
cpu/linalg_batch_families,batched_qr,f64,1,"4x8x8",tenferro-direct,0.007050,0.000080,ok,"thin QR (TensorLinalgExt::qr)"
cpu/linalg_batch_families,batched_qr,f64,1,"4x8x8",tenferro-trace,0.047391,0.000950,ok,"thin QR (TensorLinalgExt::qr)"
cpu/linalg_batch_families,batched_qr,f64,1,"8x8x8",tenferro-direct,0.012290,0.000070,ok,"thin QR (TensorLinalgExt::qr)"
cpu/linalg_batch_families,batched_qr,f64,1,"8x8x8",tenferro-trace,0.052331,0.029040,ok,"thin QR (TensorLinalgExt::qr)"
cpu/linalg_batch_families,batched_qr,f64,1,"1024x8x8",tenferro-direct,1.369915,0.006280,ok,"thin QR (TensorLinalgExt::qr)"
cpu/linalg_batch_families,batched_qr,f64,1,"1024x8x8",tenferro-trace,1.473377,0.039601,ok,"thin QR (TensorLinalgExt::qr)"
cpu/linalg_batch_families,batched_qr,f64,1,"1x32x32",tenferro-direct,0.024210,0.003580,ok,"thin QR (TensorLinalgExt::qr)"
cpu/linalg_batch_families,batched_qr,f64,1,"1x32x32",tenferro-trace,0.066381,0.006810,ok,"thin QR (TensorLinalgExt::qr)"
cpu/linalg_batch_families,batched_qr,f64,1,"8x32x32",tenferro-direct,0.136172,0.000530,ok,"thin QR (TensorLinalgExt::qr)"
cpu/linalg_batch_families,batched_qr,f64,1,"8x32x32",tenferro-trace,0.186733,0.011060,ok,"thin QR (TensorLinalgExt::qr)"
cpu/linalg_batch_families,batched_qr,f64,1,"1x128x128",tenferro-direct,0.524359,0.005270,ok,"thin QR (TensorLinalgExt::qr)"
cpu/linalg_batch_families,batched_qr,f64,1,"1x128x128",tenferro-trace,0.618891,0.041490,ok,"thin QR (TensorLinalgExt::qr)"
cpu/linalg_batch_families,batched_qr,f64,1,"8x128x128",tenferro-direct,3.986963,0.660012,ok,"thin QR (TensorLinalgExt::qr)"
cpu/linalg_batch_families,batched_qr,f64,1,"8x128x128",tenferro-trace,4.219797,0.012270,ok,"thin QR (TensorLinalgExt::qr)"
cpu/linalg_batch_families,batched_qr,f64,1,"1x64x24",tenferro-direct,0.027241,0.000480,ok,"thin QR (TensorLinalgExt::qr)"
cpu/linalg_batch_families,batched_qr,f64,1,"1x64x24",tenferro-trace,0.071251,0.010489,ok,"thin QR (TensorLinalgExt::qr)"
cpu/linalg_batch_families,batched_eigh,f64,1,"1x2x2",tenferro-direct,0.002940,0.000380,ok,"symmetric/Hermitian eigendecomposition (TensorLinalgExt::eigh)"
cpu/linalg_batch_families,batched_eigh,f64,1,"1x2x2",tenferro-trace,0.050051,0.002030,ok,"symmetric/Hermitian eigendecomposition (TensorLinalgExt::eigh)"
cpu/linalg_batch_families,batched_eigh,f64,1,"3x2x2",tenferro-direct,0.003560,0.000080,ok,"symmetric/Hermitian eigendecomposition (TensorLinalgExt::eigh)"
cpu/linalg_batch_families,batched_eigh,f64,1,"3x2x2",tenferro-trace,0.056831,0.001800,ok,"symmetric/Hermitian eigendecomposition (TensorLinalgExt::eigh)"
cpu/linalg_batch_families,batched_eigh,f64,1,"4x2x2",tenferro-direct,0.004250,0.000110,ok,"symmetric/Hermitian eigendecomposition (TensorLinalgExt::eigh)"
cpu/linalg_batch_families,batched_eigh,f64,1,"4x2x2",tenferro-trace,0.065061,0.006690,ok,"symmetric/Hermitian eigendecomposition (TensorLinalgExt::eigh)"
cpu/linalg_batch_families,batched_eigh,f64,1,"8x2x2",tenferro-direct,0.006920,0.000130,ok,"symmetric/Hermitian eigendecomposition (TensorLinalgExt::eigh)"
cpu/linalg_batch_families,batched_eigh,f64,1,"8x2x2",tenferro-trace,0.050711,0.002050,ok,"symmetric/Hermitian eigendecomposition (TensorLinalgExt::eigh)"
cpu/linalg_batch_families,batched_eigh,f64,1,"1024x2x2",tenferro-direct,1.443277,0.007859,ok,"symmetric/Hermitian eigendecomposition (TensorLinalgExt::eigh)"
cpu/linalg_batch_families,batched_eigh,f64,1,"1024x2x2",tenferro-trace,0.760564,0.048861,ok,"symmetric/Hermitian eigendecomposition (TensorLinalgExt::eigh)"
cpu/linalg_batch_families,batched_eigh,f64,1,"1x4x4",tenferro-direct,0.009210,0.001530,ok,"symmetric/Hermitian eigendecomposition (TensorLinalgExt::eigh)"
cpu/linalg_batch_families,batched_eigh,f64,1,"1x4x4",tenferro-trace,0.078911,0.009961,ok,"symmetric/Hermitian eigendecomposition (TensorLinalgExt::eigh)"
cpu/linalg_batch_families,batched_eigh,f64,1,"3x4x4",tenferro-direct,0.016611,0.003010,ok,"symmetric/Hermitian eigendecomposition (TensorLinalgExt::eigh)"
cpu/linalg_batch_families,batched_eigh,f64,1,"3x4x4",tenferro-trace,0.068531,0.005631,ok,"symmetric/Hermitian eigendecomposition (TensorLinalgExt::eigh)"
cpu/linalg_batch_families,batched_eigh,f64,1,"4x4x4",tenferro-direct,0.021340,0.000141,ok,"symmetric/Hermitian eigendecomposition (TensorLinalgExt::eigh)"
cpu/linalg_batch_families,batched_eigh,f64,1,"4x4x4",tenferro-trace,0.085552,0.021991,ok,"symmetric/Hermitian eigendecomposition (TensorLinalgExt::eigh)"
cpu/linalg_batch_families,batched_eigh,f64,1,"8x4x4",tenferro-direct,0.038221,0.000359,ok,"symmetric/Hermitian eigendecomposition (TensorLinalgExt::eigh)"
cpu/linalg_batch_families,batched_eigh,f64,1,"8x4x4",tenferro-trace,0.078012,0.002270,ok,"symmetric/Hermitian eigendecomposition (TensorLinalgExt::eigh)"
cpu/linalg_batch_families,batched_eigh,f64,1,"1024x4x4",tenferro-direct,2.214540,0.008531,ok,"symmetric/Hermitian eigendecomposition (TensorLinalgExt::eigh)"
cpu/linalg_batch_families,batched_eigh,f64,1,"1024x4x4",tenferro-trace,2.226921,0.255755,ok,"symmetric/Hermitian eigendecomposition (TensorLinalgExt::eigh)"
cpu/linalg_batch_families,batched_eigh,f64,1,"1x8x8",tenferro-direct,0.010841,0.000160,ok,"symmetric/Hermitian eigendecomposition (TensorLinalgExt::eigh)"
cpu/linalg_batch_families,batched_eigh,f64,1,"1x8x8",tenferro-trace,0.073451,0.009030,ok,"symmetric/Hermitian eigendecomposition (TensorLinalgExt::eigh)"
cpu/linalg_batch_families,batched_eigh,f64,1,"3x8x8",tenferro-direct,0.024180,0.000131,ok,"symmetric/Hermitian eigendecomposition (TensorLinalgExt::eigh)"
cpu/linalg_batch_families,batched_eigh,f64,1,"3x8x8",tenferro-trace,0.054921,0.006740,ok,"symmetric/Hermitian eigendecomposition (TensorLinalgExt::eigh)"
cpu/linalg_batch_families,batched_eigh,f64,1,"4x8x8",tenferro-direct,0.031571,0.001230,ok,"symmetric/Hermitian eigendecomposition (TensorLinalgExt::eigh)"
cpu/linalg_batch_families,batched_eigh,f64,1,"4x8x8",tenferro-trace,0.089942,0.003200,ok,"symmetric/Hermitian eigendecomposition (TensorLinalgExt::eigh)"
cpu/linalg_batch_families,batched_eigh,f64,1,"8x8x8",tenferro-direct,0.060671,0.000220,ok,"symmetric/Hermitian eigendecomposition (TensorLinalgExt::eigh)"
cpu/linalg_batch_families,batched_eigh,f64,1,"8x8x8",tenferro-trace,0.091811,0.008480,ok,"symmetric/Hermitian eigendecomposition (TensorLinalgExt::eigh)"
cpu/linalg_batch_families,batched_eigh,f64,1,"1024x8x8",tenferro-direct,5.878938,0.007630,ok,"symmetric/Hermitian eigendecomposition (TensorLinalgExt::eigh)"
cpu/linalg_batch_families,batched_eigh,f64,1,"1024x8x8",tenferro-trace,5.526621,0.363757,ok,"symmetric/Hermitian eigendecomposition (TensorLinalgExt::eigh)"
cpu/linalg_batch_families,batched_eigh,f64,1,"1x32x32",tenferro-direct,0.093091,0.024101,ok,"symmetric/Hermitian eigendecomposition (TensorLinalgExt::eigh)"
cpu/linalg_batch_families,batched_eigh,f64,1,"1x32x32",tenferro-trace,0.121422,0.008380,ok,"symmetric/Hermitian eigendecomposition (TensorLinalgExt::eigh)"
cpu/linalg_batch_families,batched_eigh,f64,1,"8x32x32",tenferro-direct,0.467939,0.005380,ok,"symmetric/Hermitian eigendecomposition (TensorLinalgExt::eigh)"
cpu/linalg_batch_families,batched_eigh,f64,1,"8x32x32",tenferro-trace,0.621362,0.007291,ok,"symmetric/Hermitian eigendecomposition (TensorLinalgExt::eigh)"
cpu/linalg_batch_families,batched_eigh,f64,1,"1x128x128",tenferro-direct,1.395606,0.014409,ok,"symmetric/Hermitian eigendecomposition (TensorLinalgExt::eigh)"
cpu/linalg_batch_families,batched_eigh,f64,1,"1x128x128",tenferro-trace,1.440417,0.051012,ok,"symmetric/Hermitian eigendecomposition (TensorLinalgExt::eigh)"
cpu/linalg_batch_families,batched_eigh,f64,1,"8x128x128",tenferro-direct,10.715716,0.813015,ok,"symmetric/Hermitian eigendecomposition (TensorLinalgExt::eigh)"
cpu/linalg_batch_families,batched_eigh,f64,1,"8x128x128",tenferro-trace,9.799410,1.203632,ok,"symmetric/Hermitian eigendecomposition (TensorLinalgExt::eigh)"
cpu/linalg_batch_families,batched_eigh,c64,1,"1x2x2",tenferro-direct,0.003020,0.000050,ok,"symmetric/Hermitian eigendecomposition (TensorLinalgExt::eigh)"
cpu/linalg_batch_families,batched_eigh,c64,1,"1x2x2",tenferro-trace,0.052781,0.010520,ok,"symmetric/Hermitian eigendecomposition (TensorLinalgExt::eigh)"
cpu/linalg_batch_families,batched_eigh,c64,1,"3x2x2",tenferro-direct,0.003560,0.000090,ok,"symmetric/Hermitian eigendecomposition (TensorLinalgExt::eigh)"
cpu/linalg_batch_families,batched_eigh,c64,1,"3x2x2",tenferro-trace,0.044981,0.001570,ok,"symmetric/Hermitian eigendecomposition (TensorLinalgExt::eigh)"
cpu/linalg_batch_families,batched_eigh,c64,1,"4x2x2",tenferro-direct,0.004180,0.000070,ok,"symmetric/Hermitian eigendecomposition (TensorLinalgExt::eigh)"
cpu/linalg_batch_families,batched_eigh,c64,1,"4x2x2",tenferro-trace,0.056761,0.002711,ok,"symmetric/Hermitian eigendecomposition (TensorLinalgExt::eigh)"
cpu/linalg_batch_families,batched_eigh,c64,1,"8x2x2",tenferro-direct,0.006730,0.000150,ok,"symmetric/Hermitian eigendecomposition (TensorLinalgExt::eigh)"
cpu/linalg_batch_families,batched_eigh,c64,1,"8x2x2",tenferro-trace,0.047271,0.001679,ok,"symmetric/Hermitian eigendecomposition (TensorLinalgExt::eigh)"
cpu/linalg_batch_families,batched_eigh,c64,1,"1024x2x2",tenferro-direct,1.151211,0.004360,ok,"symmetric/Hermitian eigendecomposition (TensorLinalgExt::eigh)"
cpu/linalg_batch_families,batched_eigh,c64,1,"1024x2x2",tenferro-trace,0.699743,0.007211,ok,"symmetric/Hermitian eigendecomposition (TensorLinalgExt::eigh)"
cpu/linalg_batch_families,batched_eigh,c64,1,"1x4x4",tenferro-direct,0.007051,0.000100,ok,"symmetric/Hermitian eigendecomposition (TensorLinalgExt::eigh)"
cpu/linalg_batch_families,batched_eigh,c64,1,"1x4x4",tenferro-trace,0.064691,0.002700,ok,"symmetric/Hermitian eigendecomposition (TensorLinalgExt::eigh)"
cpu/linalg_batch_families,batched_eigh,c64,1,"3x4x4",tenferro-direct,0.016270,0.000090,ok,"symmetric/Hermitian eigendecomposition (TensorLinalgExt::eigh)"
cpu/linalg_batch_families,batched_eigh,c64,1,"3x4x4",tenferro-trace,0.080672,0.015630,ok,"symmetric/Hermitian eigendecomposition (TensorLinalgExt::eigh)"
cpu/linalg_batch_families,batched_eigh,c64,1,"4x4x4",tenferro-direct,0.020761,0.000110,ok,"symmetric/Hermitian eigendecomposition (TensorLinalgExt::eigh)"
cpu/linalg_batch_families,batched_eigh,c64,1,"4x4x4",tenferro-trace,0.070012,0.001301,ok,"symmetric/Hermitian eigendecomposition (TensorLinalgExt::eigh)"
cpu/linalg_batch_families,batched_eigh,c64,1,"8x4x4",tenferro-direct,0.037771,0.000201,ok,"symmetric/Hermitian eigendecomposition (TensorLinalgExt::eigh)"
cpu/linalg_batch_families,batched_eigh,c64,1,"8x4x4",tenferro-trace,0.079642,0.001720,ok,"symmetric/Hermitian eigendecomposition (TensorLinalgExt::eigh)"
cpu/linalg_batch_families,batched_eigh,c64,1,"1024x4x4",tenferro-direct,2.146229,1.188611,ok,"symmetric/Hermitian eigendecomposition (TensorLinalgExt::eigh)"
cpu/linalg_batch_families,batched_eigh,c64,1,"1024x4x4",tenferro-trace,2.201460,0.005091,ok,"symmetric/Hermitian eigendecomposition (TensorLinalgExt::eigh)"
cpu/linalg_batch_families,batched_eigh,c64,1,"1x8x8",tenferro-direct,0.010500,0.000070,ok,"symmetric/Hermitian eigendecomposition (TensorLinalgExt::eigh)"
cpu/linalg_batch_families,batched_eigh,c64,1,"1x8x8",tenferro-trace,0.069681,0.011761,ok,"symmetric/Hermitian eigendecomposition (TensorLinalgExt::eigh)"
cpu/linalg_batch_families,batched_eigh,c64,1,"3x8x8",tenferro-direct,0.027101,0.000181,ok,"symmetric/Hermitian eigendecomposition (TensorLinalgExt::eigh)"
cpu/linalg_batch_families,batched_eigh,c64,1,"3x8x8",tenferro-trace,0.097392,0.004919,ok,"symmetric/Hermitian eigendecomposition (TensorLinalgExt::eigh)"
cpu/linalg_batch_families,batched_eigh,c64,1,"4x8x8",tenferro-direct,0.035330,0.000129,ok,"symmetric/Hermitian eigendecomposition (TensorLinalgExt::eigh)"
cpu/linalg_batch_families,batched_eigh,c64,1,"4x8x8",tenferro-trace,0.072192,0.008891,ok,"symmetric/Hermitian eigendecomposition (TensorLinalgExt::eigh)"
cpu/linalg_batch_families,batched_eigh,c64,1,"8x8x8",tenferro-direct,0.068272,0.015550,ok,"symmetric/Hermitian eigendecomposition (TensorLinalgExt::eigh)"
cpu/linalg_batch_families,batched_eigh,c64,1,"8x8x8",tenferro-trace,0.098302,0.006530,ok,"symmetric/Hermitian eigendecomposition (TensorLinalgExt::eigh)"
cpu/linalg_batch_families,batched_eigh,c64,1,"1024x8x8",tenferro-direct,6.097472,0.492229,ok,"symmetric/Hermitian eigendecomposition (TensorLinalgExt::eigh)"
cpu/linalg_batch_families,batched_eigh,c64,1,"1024x8x8",tenferro-trace,6.640431,0.256925,ok,"symmetric/Hermitian eigendecomposition (TensorLinalgExt::eigh)"
cpu/linalg_batch_families,batched_eigh,c64,1,"1x32x32",tenferro-direct,0.116162,0.000740,ok,"symmetric/Hermitian eigendecomposition (TensorLinalgExt::eigh)"
cpu/linalg_batch_families,batched_eigh,c64,1,"1x32x32",tenferro-trace,0.163323,0.005840,ok,"symmetric/Hermitian eigendecomposition (TensorLinalgExt::eigh)"
cpu/linalg_batch_families,batched_eigh,c64,1,"8x32x32",tenferro-direct,0.913776,0.002001,ok,"symmetric/Hermitian eigendecomposition (TensorLinalgExt::eigh)"
cpu/linalg_batch_families,batched_eigh,c64,1,"8x32x32",tenferro-trace,0.971078,0.008570,ok,"symmetric/Hermitian eigendecomposition (TensorLinalgExt::eigh)"
cpu/linalg_batch_families,batched_eigh,c64,1,"1x128x128",tenferro-direct,3.781929,0.010520,ok,"symmetric/Hermitian eigendecomposition (TensorLinalgExt::eigh)"
cpu/linalg_batch_families,batched_eigh,c64,1,"1x128x128",tenferro-trace,3.830160,0.011441,ok,"symmetric/Hermitian eigendecomposition (TensorLinalgExt::eigh)"
cpu/linalg_batch_families,batched_eigh,c64,1,"8x128x128",tenferro-direct,27.934992,1.893954,ok,"symmetric/Hermitian eigendecomposition (TensorLinalgExt::eigh)"
cpu/linalg_batch_families,batched_eigh,c64,1,"8x128x128",tenferro-trace,27.263430,3.504224,ok,"symmetric/Hermitian eigendecomposition (TensorLinalgExt::eigh)"
cpu/linalg_batch_families,batched_eigvalsh,f64,1,"1x2x2",tenferro-direct,0.003320,0.000211,ok,"symmetric eigenvalues only (TensorLinalgExt::eigvalsh)"
cpu/linalg_batch_families,batched_eigvalsh,f64,1,"1x2x2",tenferro-trace,0.040490,0.008160,ok,"symmetric eigenvalues only (TensorLinalgExt::eigvalsh)"
cpu/linalg_batch_families,batched_eigvalsh,f64,1,"3x2x2",tenferro-direct,0.001820,0.000040,ok,"symmetric eigenvalues only (TensorLinalgExt::eigvalsh)"
cpu/linalg_batch_families,batched_eigvalsh,f64,1,"3x2x2",tenferro-trace,0.029520,0.001731,ok,"symmetric eigenvalues only (TensorLinalgExt::eigvalsh)"
cpu/linalg_batch_families,batched_eigvalsh,f64,1,"4x2x2",tenferro-direct,0.002070,0.000120,ok,"symmetric eigenvalues only (TensorLinalgExt::eigvalsh)"
cpu/linalg_batch_families,batched_eigvalsh,f64,1,"4x2x2",tenferro-trace,0.032831,0.001450,ok,"symmetric eigenvalues only (TensorLinalgExt::eigvalsh)"
cpu/linalg_batch_families,batched_eigvalsh,f64,1,"8x2x2",tenferro-direct,0.003070,0.000030,ok,"symmetric eigenvalues only (TensorLinalgExt::eigvalsh)"
cpu/linalg_batch_families,batched_eigvalsh,f64,1,"8x2x2",tenferro-trace,0.044521,0.002169,ok,"symmetric eigenvalues only (TensorLinalgExt::eigvalsh)"
cpu/linalg_batch_families,batched_eigvalsh,f64,1,"1024x2x2",tenferro-direct,0.654072,0.025830,ok,"symmetric eigenvalues only (TensorLinalgExt::eigvalsh)"
cpu/linalg_batch_families,batched_eigvalsh,f64,1,"1024x2x2",tenferro-trace,0.358987,0.009000,ok,"symmetric eigenvalues only (TensorLinalgExt::eigvalsh)"
cpu/linalg_batch_families,batched_eigvalsh,f64,1,"1x4x4",tenferro-direct,0.005030,0.000130,ok,"symmetric eigenvalues only (TensorLinalgExt::eigvalsh)"
cpu/linalg_batch_families,batched_eigvalsh,f64,1,"1x4x4",tenferro-trace,0.048581,0.000861,ok,"symmetric eigenvalues only (TensorLinalgExt::eigvalsh)"
cpu/linalg_batch_families,batched_eigvalsh,f64,1,"3x4x4",tenferro-direct,0.009170,0.000291,ok,"symmetric eigenvalues only (TensorLinalgExt::eigvalsh)"
cpu/linalg_batch_families,batched_eigvalsh,f64,1,"3x4x4",tenferro-trace,0.047151,0.002030,ok,"symmetric eigenvalues only (TensorLinalgExt::eigvalsh)"
cpu/linalg_batch_families,batched_eigvalsh,f64,1,"4x4x4",tenferro-direct,0.011810,0.000151,ok,"symmetric eigenvalues only (TensorLinalgExt::eigvalsh)"
cpu/linalg_batch_families,batched_eigvalsh,f64,1,"4x4x4",tenferro-trace,0.052361,0.001300,ok,"symmetric eigenvalues only (TensorLinalgExt::eigvalsh)"
cpu/linalg_batch_families,batched_eigvalsh,f64,1,"8x4x4",tenferro-direct,0.019950,0.000090,ok,"symmetric eigenvalues only (TensorLinalgExt::eigvalsh)"
cpu/linalg_batch_families,batched_eigvalsh,f64,1,"8x4x4",tenferro-trace,0.067531,0.018410,ok,"symmetric eigenvalues only (TensorLinalgExt::eigvalsh)"
cpu/linalg_batch_families,batched_eigvalsh,f64,1,"1024x4x4",tenferro-direct,2.271712,0.237004,ok,"symmetric eigenvalues only (TensorLinalgExt::eigvalsh)"
cpu/linalg_batch_families,batched_eigvalsh,f64,1,"1024x4x4",tenferro-trace,1.121101,0.180974,ok,"symmetric eigenvalues only (TensorLinalgExt::eigvalsh)"
cpu/linalg_batch_families,batched_eigvalsh,f64,1,"1x8x8",tenferro-direct,0.005411,0.000060,ok,"symmetric eigenvalues only (TensorLinalgExt::eigvalsh)"
cpu/linalg_batch_families,batched_eigvalsh,f64,1,"1x8x8",tenferro-trace,0.037331,0.006091,ok,"symmetric eigenvalues only (TensorLinalgExt::eigvalsh)"
cpu/linalg_batch_families,batched_eigvalsh,f64,1,"3x8x8",tenferro-direct,0.010340,0.000050,ok,"symmetric eigenvalues only (TensorLinalgExt::eigvalsh)"
cpu/linalg_batch_families,batched_eigvalsh,f64,1,"3x8x8",tenferro-trace,0.054191,0.003970,ok,"symmetric eigenvalues only (TensorLinalgExt::eigvalsh)"
cpu/linalg_batch_families,batched_eigvalsh,f64,1,"4x8x8",tenferro-direct,0.024441,0.000129,ok,"symmetric eigenvalues only (TensorLinalgExt::eigvalsh)"
cpu/linalg_batch_families,batched_eigvalsh,f64,1,"4x8x8",tenferro-trace,0.057871,0.002610,ok,"symmetric eigenvalues only (TensorLinalgExt::eigvalsh)"
cpu/linalg_batch_families,batched_eigvalsh,f64,1,"8x8x8",tenferro-direct,0.052991,0.000290,ok,"symmetric eigenvalues only (TensorLinalgExt::eigvalsh)"
cpu/linalg_batch_families,batched_eigvalsh,f64,1,"8x8x8",tenferro-trace,0.102472,0.033930,ok,"symmetric eigenvalues only (TensorLinalgExt::eigvalsh)"
cpu/linalg_batch_families,batched_eigvalsh,f64,1,"1024x8x8",tenferro-direct,2.844112,0.298995,ok,"symmetric eigenvalues only (TensorLinalgExt::eigvalsh)"
cpu/linalg_batch_families,batched_eigvalsh,f64,1,"1024x8x8",tenferro-trace,2.705140,0.334985,ok,"symmetric eigenvalues only (TensorLinalgExt::eigvalsh)"
cpu/linalg_batch_families,batched_eigvalsh,f64,1,"1x32x32",tenferro-direct,0.036390,0.014861,ok,"symmetric eigenvalues only (TensorLinalgExt::eigvalsh)"
cpu/linalg_batch_families,batched_eigvalsh,f64,1,"1x32x32",tenferro-trace,0.056441,0.002410,ok,"symmetric eigenvalues only (TensorLinalgExt::eigvalsh)"
cpu/linalg_batch_families,batched_eigvalsh,f64,1,"8x32x32",tenferro-direct,0.245644,0.007841,ok,"symmetric eigenvalues only (TensorLinalgExt::eigvalsh)"
cpu/linalg_batch_families,batched_eigvalsh,f64,1,"8x32x32",tenferro-trace,0.285865,0.015969,ok,"symmetric eigenvalues only (TensorLinalgExt::eigvalsh)"
cpu/linalg_batch_families,batched_eigvalsh,f64,1,"1x128x128",tenferro-direct,0.560731,0.004899,ok,"symmetric eigenvalues only (TensorLinalgExt::eigvalsh)"
cpu/linalg_batch_families,batched_eigvalsh,f64,1,"1x128x128",tenferro-trace,0.605111,0.007121,ok,"symmetric eigenvalues only (TensorLinalgExt::eigvalsh)"
cpu/linalg_batch_families,batched_eigvalsh,f64,1,"8x128x128",tenferro-direct,4.166866,0.548000,ok,"symmetric eigenvalues only (TensorLinalgExt::eigvalsh)"
cpu/linalg_batch_families,batched_eigvalsh,f64,1,"8x128x128",tenferro-trace,4.037534,0.646602,ok,"symmetric eigenvalues only (TensorLinalgExt::eigvalsh)"
cpu/linalg_batch_families,batched_svd,f64,1,"1x2x2",tenferro-direct,0.004610,0.000240,ok,"thin SVD (TensorLinalgExt::svd)"
cpu/linalg_batch_families,batched_svd,f64,1,"1x2x2",tenferro-trace,0.081581,0.013241,ok,"thin SVD (TensorLinalgExt::svd)"
cpu/linalg_batch_families,batched_svd,f64,1,"3x2x2",tenferro-direct,0.008170,0.000110,ok,"thin SVD (TensorLinalgExt::svd)"
cpu/linalg_batch_families,batched_svd,f64,1,"3x2x2",tenferro-trace,0.079471,0.006430,ok,"thin SVD (TensorLinalgExt::svd)"
cpu/linalg_batch_families,batched_svd,f64,1,"4x2x2",tenferro-direct,0.009831,0.000080,ok,"thin SVD (TensorLinalgExt::svd)"
cpu/linalg_batch_families,batched_svd,f64,1,"4x2x2",tenferro-trace,0.106532,0.019090,ok,"thin SVD (TensorLinalgExt::svd)"
cpu/linalg_batch_families,batched_svd,f64,1,"8x2x2",tenferro-direct,0.026881,0.000201,ok,"thin SVD (TensorLinalgExt::svd)"
cpu/linalg_batch_families,batched_svd,f64,1,"8x2x2",tenferro-trace,0.079701,0.017720,ok,"thin SVD (TensorLinalgExt::svd)"
cpu/linalg_batch_families,batched_svd,f64,1,"1024x2x2",tenferro-direct,1.381186,0.003630,ok,"thin SVD (TensorLinalgExt::svd)"
cpu/linalg_batch_families,batched_svd,f64,1,"1024x2x2",tenferro-trace,1.428836,0.008340,ok,"thin SVD (TensorLinalgExt::svd)"
cpu/linalg_batch_families,batched_svd,f64,1,"1x4x4",tenferro-direct,0.009380,0.000100,ok,"thin SVD (TensorLinalgExt::svd)"
cpu/linalg_batch_families,batched_svd,f64,1,"1x4x4",tenferro-trace,0.059001,0.002750,ok,"thin SVD (TensorLinalgExt::svd)"
cpu/linalg_batch_families,batched_svd,f64,1,"3x4x4",tenferro-direct,0.022570,0.000111,ok,"thin SVD (TensorLinalgExt::svd)"
cpu/linalg_batch_families,batched_svd,f64,1,"3x4x4",tenferro-trace,0.089471,0.013300,ok,"thin SVD (TensorLinalgExt::svd)"
cpu/linalg_batch_families,batched_svd,f64,1,"4x4x4",tenferro-direct,0.029430,0.006641,ok,"thin SVD (TensorLinalgExt::svd)"
cpu/linalg_batch_families,batched_svd,f64,1,"4x4x4",tenferro-trace,0.110842,0.028061,ok,"thin SVD (TensorLinalgExt::svd)"
cpu/linalg_batch_families,batched_svd,f64,1,"8x4x4",tenferro-direct,0.042631,0.007011,ok,"thin SVD (TensorLinalgExt::svd)"
cpu/linalg_batch_families,batched_svd,f64,1,"8x4x4",tenferro-trace,0.102632,0.008571,ok,"thin SVD (TensorLinalgExt::svd)"
cpu/linalg_batch_families,batched_svd,f64,1,"1024x4x4",tenferro-direct,5.138625,0.168302,ok,"thin SVD (TensorLinalgExt::svd)"
cpu/linalg_batch_families,batched_svd,f64,1,"1024x4x4",tenferro-trace,4.806539,0.827105,ok,"thin SVD (TensorLinalgExt::svd)"
cpu/linalg_batch_families,batched_svd,f64,1,"1x8x8",tenferro-direct,0.022040,0.000101,ok,"thin SVD (TensorLinalgExt::svd)"
cpu/linalg_batch_families,batched_svd,f64,1,"1x8x8",tenferro-trace,0.066181,0.010791,ok,"thin SVD (TensorLinalgExt::svd)"
cpu/linalg_batch_families,batched_svd,f64,1,"3x8x8",tenferro-direct,0.055581,0.019750,ok,"thin SVD (TensorLinalgExt::svd)"
cpu/linalg_batch_families,batched_svd,f64,1,"3x8x8",tenferro-trace,0.111962,0.018010,ok,"thin SVD (TensorLinalgExt::svd)"
cpu/linalg_batch_families,batched_svd,f64,1,"4x8x8",tenferro-direct,0.074531,0.023441,ok,"thin SVD (TensorLinalgExt::svd)"
cpu/linalg_batch_families,batched_svd,f64,1,"4x8x8",tenferro-trace,0.117782,0.009330,ok,"thin SVD (TensorLinalgExt::svd)"
cpu/linalg_batch_families,batched_svd,f64,1,"8x8x8",tenferro-direct,0.116252,0.034421,ok,"thin SVD (TensorLinalgExt::svd)"
cpu/linalg_batch_families,batched_svd,f64,1,"8x8x8",tenferro-trace,0.182763,0.037871,ok,"thin SVD (TensorLinalgExt::svd)"
cpu/linalg_batch_families,batched_svd,f64,1,"1024x8x8",tenferro-direct,13.459098,1.585669,ok,"thin SVD (TensorLinalgExt::svd)"
cpu/linalg_batch_families,batched_svd,f64,1,"1024x8x8",tenferro-trace,15.359942,0.017800,ok,"thin SVD (TensorLinalgExt::svd)"
cpu/linalg_batch_families,batched_svd,f64,1,"1x32x32",tenferro-direct,0.134333,0.005771,ok,"thin SVD (TensorLinalgExt::svd)"
cpu/linalg_batch_families,batched_svd,f64,1,"1x32x32",tenferro-trace,0.196113,0.009311,ok,"thin SVD (TensorLinalgExt::svd)"
cpu/linalg_batch_families,batched_svd,f64,1,"8x32x32",tenferro-direct,1.048860,0.004381,ok,"thin SVD (TensorLinalgExt::svd)"
cpu/linalg_batch_families,batched_svd,f64,1,"8x32x32",tenferro-trace,1.113970,0.009470,ok,"thin SVD (TensorLinalgExt::svd)"
cpu/linalg_batch_families,batched_svd,f64,1,"1x128x128",tenferro-direct,2.445535,0.019400,ok,"thin SVD (TensorLinalgExt::svd)"
cpu/linalg_batch_families,batched_svd,f64,1,"1x128x128",tenferro-trace,2.505206,0.009041,ok,"thin SVD (TensorLinalgExt::svd)"
cpu/linalg_batch_families,batched_svd,f64,1,"8x128x128",tenferro-direct,18.844297,3.209609,ok,"thin SVD (TensorLinalgExt::svd)"
cpu/linalg_batch_families,batched_svd,f64,1,"8x128x128",tenferro-trace,16.820299,3.219189,ok,"thin SVD (TensorLinalgExt::svd)"
cpu/linalg_batch_families,batched_svd,f64,1,"1x64x24",tenferro-direct,0.090682,0.002100,ok,"thin SVD (TensorLinalgExt::svd)"
cpu/linalg_batch_families,batched_svd,f64,1,"1x64x24",tenferro-trace,0.151193,0.026661,ok,"thin SVD (TensorLinalgExt::svd)"
cpu/linalg_batch_families,batched_svd,c64,1,"1x2x2",tenferro-direct,0.007630,0.000140,ok,"thin SVD (TensorLinalgExt::svd)"
cpu/linalg_batch_families,batched_svd,c64,1,"1x2x2",tenferro-trace,0.070481,0.013760,ok,"thin SVD (TensorLinalgExt::svd)"
cpu/linalg_batch_families,batched_svd,c64,1,"3x2x2",tenferro-direct,0.013740,0.000150,ok,"thin SVD (TensorLinalgExt::svd)"
cpu/linalg_batch_families,batched_svd,c64,1,"3x2x2",tenferro-trace,0.065081,0.013790,ok,"thin SVD (TensorLinalgExt::svd)"
cpu/linalg_batch_families,batched_svd,c64,1,"4x2x2",tenferro-direct,0.016720,0.000830,ok,"thin SVD (TensorLinalgExt::svd)"
cpu/linalg_batch_families,batched_svd,c64,1,"4x2x2",tenferro-trace,0.067321,0.002690,ok,"thin SVD (TensorLinalgExt::svd)"
cpu/linalg_batch_families,batched_svd,c64,1,"8x2x2",tenferro-direct,0.019781,0.003059,ok,"thin SVD (TensorLinalgExt::svd)"
cpu/linalg_batch_families,batched_svd,c64,1,"8x2x2",tenferro-trace,0.097041,0.030200,ok,"thin SVD (TensorLinalgExt::svd)"
cpu/linalg_batch_families,batched_svd,c64,1,"1024x2x2",tenferro-direct,1.836804,0.659812,ok,"thin SVD (TensorLinalgExt::svd)"
cpu/linalg_batch_families,batched_svd,c64,1,"1024x2x2",tenferro-trace,1.877205,0.007351,ok,"thin SVD (TensorLinalgExt::svd)"
cpu/linalg_batch_families,batched_svd,c64,1,"1x4x4",tenferro-direct,0.011581,0.000180,ok,"thin SVD (TensorLinalgExt::svd)"
cpu/linalg_batch_families,batched_svd,c64,1,"1x4x4",tenferro-trace,0.079111,0.012279,ok,"thin SVD (TensorLinalgExt::svd)"
cpu/linalg_batch_families,batched_svd,c64,1,"3x4x4",tenferro-direct,0.025550,0.000120,ok,"thin SVD (TensorLinalgExt::svd)"
cpu/linalg_batch_families,batched_svd,c64,1,"3x4x4",tenferro-trace,0.085211,0.035001,ok,"thin SVD (TensorLinalgExt::svd)"
cpu/linalg_batch_families,batched_svd,c64,1,"4x4x4",tenferro-direct,0.033410,0.000219,ok,"thin SVD (TensorLinalgExt::svd)"
cpu/linalg_batch_families,batched_svd,c64,1,"4x4x4",tenferro-trace,0.085972,0.002371,ok,"thin SVD (TensorLinalgExt::svd)"
cpu/linalg_batch_families,batched_svd,c64,1,"8x4x4",tenferro-direct,0.063471,0.000360,ok,"thin SVD (TensorLinalgExt::svd)"
cpu/linalg_batch_families,batched_svd,c64,1,"8x4x4",tenferro-trace,0.175143,0.003759,ok,"thin SVD (TensorLinalgExt::svd)"
cpu/linalg_batch_families,batched_svd,c64,1,"1024x4x4",tenferro-direct,6.039761,0.321886,ok,"thin SVD (TensorLinalgExt::svd)"
cpu/linalg_batch_families,batched_svd,c64,1,"1024x4x4",tenferro-trace,6.145513,0.784834,ok,"thin SVD (TensorLinalgExt::svd)"
cpu/linalg_batch_families,batched_svd,c64,1,"1x8x8",tenferro-direct,0.036631,0.000810,ok,"thin SVD (TensorLinalgExt::svd)"
cpu/linalg_batch_families,batched_svd,c64,1,"1x8x8",tenferro-trace,0.086411,0.017491,ok,"thin SVD (TensorLinalgExt::svd)"
cpu/linalg_batch_families,batched_svd,c64,1,"3x8x8",tenferro-direct,0.056101,0.040651,ok,"thin SVD (TensorLinalgExt::svd)"
cpu/linalg_batch_families,batched_svd,c64,1,"3x8x8",tenferro-trace,0.136293,0.054671,ok,"thin SVD (TensorLinalgExt::svd)"
cpu/linalg_batch_families,batched_svd,c64,1,"4x8x8",tenferro-direct,0.074741,0.000560,ok,"thin SVD (TensorLinalgExt::svd)"
cpu/linalg_batch_families,batched_svd,c64,1,"4x8x8",tenferro-trace,0.137223,0.017361,ok,"thin SVD (TensorLinalgExt::svd)"
cpu/linalg_batch_families,batched_svd,c64,1,"8x8x8",tenferro-direct,0.144683,0.000241,ok,"thin SVD (TensorLinalgExt::svd)"
cpu/linalg_batch_families,batched_svd,c64,1,"8x8x8",tenferro-trace,0.224555,0.007800,ok,"thin SVD (TensorLinalgExt::svd)"
cpu/linalg_batch_families,batched_svd,c64,1,"1024x8x8",tenferro-direct,15.667798,1.579678,ok,"thin SVD (TensorLinalgExt::svd)"
cpu/linalg_batch_families,batched_svd,c64,1,"1024x8x8",tenferro-trace,16.136267,0.862196,ok,"thin SVD (TensorLinalgExt::svd)"
cpu/linalg_batch_families,batched_svd,c64,1,"1x32x32",tenferro-direct,0.203804,0.036141,ok,"thin SVD (TensorLinalgExt::svd)"
cpu/linalg_batch_families,batched_svd,c64,1,"1x32x32",tenferro-trace,0.291935,0.031061,ok,"thin SVD (TensorLinalgExt::svd)"
cpu/linalg_batch_families,batched_svd,c64,1,"8x32x32",tenferro-direct,1.331274,0.254964,ok,"thin SVD (TensorLinalgExt::svd)"
cpu/linalg_batch_families,batched_svd,c64,1,"8x32x32",tenferro-trace,1.676391,0.258825,ok,"thin SVD (TensorLinalgExt::svd)"
cpu/linalg_batch_families,batched_svd,c64,1,"1x128x128",tenferro-direct,4.324969,0.704554,ok,"thin SVD (TensorLinalgExt::svd)"
cpu/linalg_batch_families,batched_svd,c64,1,"1x128x128",tenferro-trace,4.482313,0.475729,ok,"thin SVD (TensorLinalgExt::svd)"
cpu/linalg_batch_families,batched_svd,c64,1,"8x128x128",tenferro-direct,34.545957,1.041959,ok,"thin SVD (TensorLinalgExt::svd)"
cpu/linalg_batch_families,batched_svd,c64,1,"8x128x128",tenferro-trace,35.012886,0.845257,ok,"thin SVD (TensorLinalgExt::svd)"
cpu/linalg_batch_families,batched_svd,c64,1,"1x64x24",tenferro-direct,0.184744,0.005920,ok,"thin SVD (TensorLinalgExt::svd)"
cpu/linalg_batch_families,batched_svd,c64,1,"1x64x24",tenferro-trace,0.267975,0.003640,ok,"thin SVD (TensorLinalgExt::svd)"
cpu/linalg_batch_families,batched_svdvals,f64,1,"1x2x2",tenferro-direct,0.003740,0.000579,ok,"singular values only (TensorLinalgExt::svdvals)"
cpu/linalg_batch_families,batched_svdvals,f64,1,"1x2x2",tenferro-trace,,,unsupported,"tenferro-rs has no TracedTensor svdvals API; traced singular values come from svd"
cpu/linalg_batch_families,batched_svdvals,f64,1,"3x2x2",tenferro-direct,0.005200,0.000110,ok,"singular values only (TensorLinalgExt::svdvals)"
cpu/linalg_batch_families,batched_svdvals,f64,1,"3x2x2",tenferro-trace,,,unsupported,"tenferro-rs has no TracedTensor svdvals API; traced singular values come from svd"
cpu/linalg_batch_families,batched_svdvals,f64,1,"4x2x2",tenferro-direct,0.005840,0.000080,ok,"singular values only (TensorLinalgExt::svdvals)"
cpu/linalg_batch_families,batched_svdvals,f64,1,"4x2x2",tenferro-trace,,,unsupported,"tenferro-rs has no TracedTensor svdvals API; traced singular values come from svd"
cpu/linalg_batch_families,batched_svdvals,f64,1,"8x2x2",tenferro-direct,0.008850,0.000141,ok,"singular values only (TensorLinalgExt::svdvals)"
cpu/linalg_batch_families,batched_svdvals,f64,1,"8x2x2",tenferro-trace,,,unsupported,"tenferro-rs has no TracedTensor svdvals API; traced singular values come from svd"
cpu/linalg_batch_families,batched_svdvals,f64,1,"1024x2x2",tenferro-direct,0.454039,0.004970,ok,"singular values only (TensorLinalgExt::svdvals)"
cpu/linalg_batch_families,batched_svdvals,f64,1,"1024x2x2",tenferro-trace,,,unsupported,"tenferro-rs has no TracedTensor svdvals API; traced singular values come from svd"
cpu/linalg_batch_families,batched_svdvals,f64,1,"1x4x4",tenferro-direct,0.003640,0.000110,ok,"singular values only (TensorLinalgExt::svdvals)"
cpu/linalg_batch_families,batched_svdvals,f64,1,"1x4x4",tenferro-trace,,,unsupported,"tenferro-rs has no TracedTensor svdvals API; traced singular values come from svd"
cpu/linalg_batch_families,batched_svdvals,f64,1,"3x4x4",tenferro-direct,0.007790,0.000149,ok,"singular values only (TensorLinalgExt::svdvals)"
cpu/linalg_batch_families,batched_svdvals,f64,1,"3x4x4",tenferro-trace,,,unsupported,"tenferro-rs has no TracedTensor svdvals API; traced singular values come from svd"
cpu/linalg_batch_families,batched_svdvals,f64,1,"4x4x4",tenferro-direct,0.009680,0.000050,ok,"singular values only (TensorLinalgExt::svdvals)"
cpu/linalg_batch_families,batched_svdvals,f64,1,"4x4x4",tenferro-trace,,,unsupported,"tenferro-rs has no TracedTensor svdvals API; traced singular values come from svd"
cpu/linalg_batch_families,batched_svdvals,f64,1,"8x4x4",tenferro-direct,0.017980,0.000160,ok,"singular values only (TensorLinalgExt::svdvals)"
cpu/linalg_batch_families,batched_svdvals,f64,1,"8x4x4",tenferro-trace,,,unsupported,"tenferro-rs has no TracedTensor svdvals API; traced singular values come from svd"
cpu/linalg_batch_families,batched_svdvals,f64,1,"1024x4x4",tenferro-direct,1.810954,0.352447,ok,"singular values only (TensorLinalgExt::svdvals)"
cpu/linalg_batch_families,batched_svdvals,f64,1,"1024x4x4",tenferro-trace,,,unsupported,"tenferro-rs has no TracedTensor svdvals API; traced singular values come from svd"
cpu/linalg_batch_families,batched_svdvals,f64,1,"1x8x8",tenferro-direct,0.005570,0.000110,ok,"singular values only (TensorLinalgExt::svdvals)"
cpu/linalg_batch_families,batched_svdvals,f64,1,"1x8x8",tenferro-trace,,,unsupported,"tenferro-rs has no TracedTensor svdvals API; traced singular values come from svd"
cpu/linalg_batch_families,batched_svdvals,f64,1,"3x8x8",tenferro-direct,0.014250,0.000060,ok,"singular values only (TensorLinalgExt::svdvals)"
cpu/linalg_batch_families,batched_svdvals,f64,1,"3x8x8",tenferro-trace,,,unsupported,"tenferro-rs has no TracedTensor svdvals API; traced singular values come from svd"
cpu/linalg_batch_families,batched_svdvals,f64,1,"4x8x8",tenferro-direct,0.018921,0.000150,ok,"singular values only (TensorLinalgExt::svdvals)"
cpu/linalg_batch_families,batched_svdvals,f64,1,"4x8x8",tenferro-trace,,,unsupported,"tenferro-rs has no TracedTensor svdvals API; traced singular values come from svd"
cpu/linalg_batch_families,batched_svdvals,f64,1,"8x8x8",tenferro-direct,0.036311,0.000120,ok,"singular values only (TensorLinalgExt::svdvals)"
cpu/linalg_batch_families,batched_svdvals,f64,1,"8x8x8",tenferro-trace,,,unsupported,"tenferro-rs has no TracedTensor svdvals API; traced singular values come from svd"
cpu/linalg_batch_families,batched_svdvals,f64,1,"1024x8x8",tenferro-direct,4.560474,0.094002,ok,"singular values only (TensorLinalgExt::svdvals)"
cpu/linalg_batch_families,batched_svdvals,f64,1,"1024x8x8",tenferro-trace,,,unsupported,"tenferro-rs has no TracedTensor svdvals API; traced singular values come from svd"
cpu/linalg_batch_families,batched_svdvals,f64,1,"1x32x32",tenferro-direct,0.040661,0.000249,ok,"singular values only (TensorLinalgExt::svdvals)"
cpu/linalg_batch_families,batched_svdvals,f64,1,"1x32x32",tenferro-trace,,,unsupported,"tenferro-rs has no TracedTensor svdvals API; traced singular values come from svd"
cpu/linalg_batch_families,batched_svdvals,f64,1,"8x32x32",tenferro-direct,0.319046,0.003360,ok,"singular values only (TensorLinalgExt::svdvals)"
cpu/linalg_batch_families,batched_svdvals,f64,1,"8x32x32",tenferro-trace,,,unsupported,"tenferro-rs has no TracedTensor svdvals API; traced singular values come from svd"
cpu/linalg_batch_families,batched_svdvals,f64,1,"1x128x128",tenferro-direct,0.850425,0.009141,ok,"singular values only (TensorLinalgExt::svdvals)"
cpu/linalg_batch_families,batched_svdvals,f64,1,"1x128x128",tenferro-trace,,,unsupported,"tenferro-rs has no TracedTensor svdvals API; traced singular values come from svd"
cpu/linalg_batch_families,batched_svdvals,f64,1,"8x128x128",tenferro-direct,6.641883,0.043171,ok,"singular values only (TensorLinalgExt::svdvals)"
cpu/linalg_batch_families,batched_svdvals,f64,1,"8x128x128",tenferro-trace,,,unsupported,"tenferro-rs has no TracedTensor svdvals API; traced singular values come from svd"
cpu/linalg_batch_families,batched_svdvals,f64,1,"1x64x24",tenferro-direct,0.033761,0.000279,ok,"singular values only (TensorLinalgExt::svdvals)"
cpu/linalg_batch_families,batched_svdvals,f64,1,"1x64x24",tenferro-trace,,,unsupported,"tenferro-rs has no TracedTensor svdvals API; traced singular values come from svd"
cpu/linalg_batch_families,batched_lu,f64,1,"1x2x2",tenferro-direct,0.001940,0.000060,ok,"partial-pivot LU, P L U and pivots (TensorLinalgExt::lu)"
cpu/linalg_batch_families,batched_lu,f64,1,"1x2x2",tenferro-trace,0.062151,0.015981,ok,"partial-pivot LU, P L U and pivots (TensorLinalgExt::lu)"
cpu/linalg_batch_families,batched_lu,f64,1,"3x2x2",tenferro-direct,0.002120,0.000060,ok,"partial-pivot LU, P L U and pivots (TensorLinalgExt::lu)"
cpu/linalg_batch_families,batched_lu,f64,1,"3x2x2",tenferro-trace,0.070861,0.016720,ok,"partial-pivot LU, P L U and pivots (TensorLinalgExt::lu)"
cpu/linalg_batch_families,batched_lu,f64,1,"4x2x2",tenferro-direct,0.002610,0.000070,ok,"partial-pivot LU, P L U and pivots (TensorLinalgExt::lu)"
cpu/linalg_batch_families,batched_lu,f64,1,"4x2x2",tenferro-trace,0.083521,0.011490,ok,"partial-pivot LU, P L U and pivots (TensorLinalgExt::lu)"
cpu/linalg_batch_families,batched_lu,f64,1,"8x2x2",tenferro-direct,0.005050,0.000140,ok,"partial-pivot LU, P L U and pivots (TensorLinalgExt::lu)"
cpu/linalg_batch_families,batched_lu,f64,1,"8x2x2",tenferro-trace,0.107372,0.022261,ok,"partial-pivot LU, P L U and pivots (TensorLinalgExt::lu)"
cpu/linalg_batch_families,batched_lu,f64,1,"1024x2x2",tenferro-direct,0.084552,0.004911,ok,"partial-pivot LU, P L U and pivots (TensorLinalgExt::lu)"
cpu/linalg_batch_families,batched_lu,f64,1,"1024x2x2",tenferro-trace,0.176313,0.019911,ok,"partial-pivot LU, P L U and pivots (TensorLinalgExt::lu)"
cpu/linalg_batch_families,batched_lu,f64,1,"1x4x4",tenferro-direct,0.004140,0.000170,ok,"partial-pivot LU, P L U and pivots (TensorLinalgExt::lu)"
cpu/linalg_batch_families,batched_lu,f64,1,"1x4x4",tenferro-trace,0.070801,0.001940,ok,"partial-pivot LU, P L U and pivots (TensorLinalgExt::lu)"
cpu/linalg_batch_families,batched_lu,f64,1,"3x4x4",tenferro-direct,0.002700,0.000040,ok,"partial-pivot LU, P L U and pivots (TensorLinalgExt::lu)"
cpu/linalg_batch_families,batched_lu,f64,1,"3x4x4",tenferro-trace,0.071701,0.019871,ok,"partial-pivot LU, P L U and pivots (TensorLinalgExt::lu)"
cpu/linalg_batch_families,batched_lu,f64,1,"4x4x4",tenferro-direct,0.002850,0.000150,ok,"partial-pivot LU, P L U and pivots (TensorLinalgExt::lu)"
cpu/linalg_batch_families,batched_lu,f64,1,"4x4x4",tenferro-trace,0.072341,0.002449,ok,"partial-pivot LU, P L U and pivots (TensorLinalgExt::lu)"
cpu/linalg_batch_families,batched_lu,f64,1,"8x4x4",tenferro-direct,0.006170,0.000260,ok,"partial-pivot LU, P L U and pivots (TensorLinalgExt::lu)"
cpu/linalg_batch_families,batched_lu,f64,1,"8x4x4",tenferro-trace,0.071531,0.005929,ok,"partial-pivot LU, P L U and pivots (TensorLinalgExt::lu)"
cpu/linalg_batch_families,batched_lu,f64,1,"1024x4x4",tenferro-direct,0.152313,0.001011,ok,"partial-pivot LU, P L U and pivots (TensorLinalgExt::lu)"
cpu/linalg_batch_families,batched_lu,f64,1,"1024x4x4",tenferro-trace,0.253984,0.004330,ok,"partial-pivot LU, P L U and pivots (TensorLinalgExt::lu)"
cpu/linalg_batch_families,batched_lu,f64,1,"1x8x8",tenferro-direct,0.004570,0.000120,ok,"partial-pivot LU, P L U and pivots (TensorLinalgExt::lu)"
cpu/linalg_batch_families,batched_lu,f64,1,"1x8x8",tenferro-trace,0.076761,0.002780,ok,"partial-pivot LU, P L U and pivots (TensorLinalgExt::lu)"
cpu/linalg_batch_families,batched_lu,f64,1,"3x8x8",tenferro-direct,0.003590,0.000080,ok,"partial-pivot LU, P L U and pivots (TensorLinalgExt::lu)"
cpu/linalg_batch_families,batched_lu,f64,1,"3x8x8",tenferro-trace,0.098632,0.019801,ok,"partial-pivot LU, P L U and pivots (TensorLinalgExt::lu)"
cpu/linalg_batch_families,batched_lu,f64,1,"4x8x8",tenferro-direct,0.004000,0.000080,ok,"partial-pivot LU, P L U and pivots (TensorLinalgExt::lu)"
cpu/linalg_batch_families,batched_lu,f64,1,"4x8x8",tenferro-trace,0.074912,0.003679,ok,"partial-pivot LU, P L U and pivots (TensorLinalgExt::lu)"
cpu/linalg_batch_families,batched_lu,f64,1,"8x8x8",tenferro-direct,0.005570,0.000080,ok,"partial-pivot LU, P L U and pivots (TensorLinalgExt::lu)"
cpu/linalg_batch_families,batched_lu,f64,1,"8x8x8",tenferro-trace,0.078052,0.010629,ok,"partial-pivot LU, P L U and pivots (TensorLinalgExt::lu)"
cpu/linalg_batch_families,batched_lu,f64,1,"1024x8x8",tenferro-direct,0.414878,0.003469,ok,"partial-pivot LU, P L U and pivots (TensorLinalgExt::lu)"
cpu/linalg_batch_families,batched_lu,f64,1,"1024x8x8",tenferro-trace,0.531390,0.004930,ok,"partial-pivot LU, P L U and pivots (TensorLinalgExt::lu)"
cpu/linalg_batch_families,batched_lu,f64,1,"1x32x32",tenferro-direct,0.018490,0.000260,ok,"partial-pivot LU, P L U and pivots (TensorLinalgExt::lu)"
cpu/linalg_batch_families,batched_lu,f64,1,"1x32x32",tenferro-trace,0.080111,0.002170,ok,"partial-pivot LU, P L U and pivots (TensorLinalgExt::lu)"
cpu/linalg_batch_families,batched_lu,f64,1,"8x32x32",tenferro-direct,0.073981,0.049601,ok,"partial-pivot LU, P L U and pivots (TensorLinalgExt::lu)"
cpu/linalg_batch_families,batched_lu,f64,1,"8x32x32",tenferro-trace,0.168243,0.062051,ok,"partial-pivot LU, P L U and pivots (TensorLinalgExt::lu)"
cpu/linalg_batch_families,batched_lu,f64,1,"1x128x128",tenferro-direct,0.116822,0.007531,ok,"partial-pivot LU, P L U and pivots (TensorLinalgExt::lu)"
cpu/linalg_batch_families,batched_lu,f64,1,"1x128x128",tenferro-trace,0.211614,0.030420,ok,"partial-pivot LU, P L U and pivots (TensorLinalgExt::lu)"
cpu/linalg_batch_families,batched_lu,f64,1,"8x128x128",tenferro-direct,0.908377,0.003840,ok,"partial-pivot LU, P L U and pivots (TensorLinalgExt::lu)"
cpu/linalg_batch_families,batched_lu,f64,1,"8x128x128",tenferro-trace,1.041519,0.008441,ok,"partial-pivot LU, P L U and pivots (TensorLinalgExt::lu)"
cpu/linalg_batch_families,batched_lu,f64,1,"1x64x24",tenferro-direct,0.018880,0.000330,ok,"partial-pivot LU, P L U and pivots (TensorLinalgExt::lu)"
cpu/linalg_batch_families,batched_lu,f64,1,"1x64x24",tenferro-trace,0.075781,0.004271,ok,"partial-pivot LU, P L U and pivots (TensorLinalgExt::lu)"
cpu/complex,conj,c64,1,"16777216",tenferro-direct,148.395203,5.038818,ok,"complex elementwise"
cpu/complex,conj,c64,1,"16777216",tenferro-trace,147.381114,12.758205,ok,"complex elementwise"
cpu/complex,mul,c64,1,"8388608",tenferro-direct,82.377429,2.521965,ok,"complex elementwise"
cpu/complex,mul,c64,1,"8388608",tenferro-trace,78.336800,2.664808,ok,"complex elementwise"
cpu/complex,div,c64,1,"8388608",tenferro-direct,114.678336,5.511337,ok,"complex elementwise"
cpu/complex,div,c64,1,"8388608",tenferro-trace,118.049706,4.691307,ok,"complex elementwise"
cpu/complex,exp,c64,1,"4194304",tenferro-direct,105.165831,4.479816,ok,"complex analytic"
cpu/complex,exp,c64,1,"4194304",tenferro-trace,106.491424,4.118716,ok,"complex analytic"
cpu/complex,log,c64,1,"4194304",tenferro-direct,145.388701,5.037646,ok,"complex analytic"
cpu/complex,log,c64,1,"4194304",tenferro-trace,143.597677,7.864294,ok,"complex analytic"
cpu/complex,dot_general,c64,1,"640x640",tenferro-direct,39.668171,3.643221,ok,"complex matrix multiply"
cpu/complex,dot_general,c64,1,"640x640",tenferro-trace,41.749552,3.113519,ok,"complex matrix multiply"
cpu/complex,dot_general_with_conj,c64,1,"640x640",tenferro-direct,40.054670,3.823523,ok,"conjugated-lhs complex matrix multiply"
cpu/complex,dot_general_with_conj,c64,1,"640x640",tenferro-trace,,,unsupported,"no public TracedTensor dot_general_with_conj API; an explicit conj+dot graph is different work"
cpu/complex,tensordot,c64,1,"640x640",tenferro-direct,37.821447,0.744495,ok,"complex matrix contraction over one axis"
cpu/complex,tensordot,c64,1,"640x640",tenferro-trace,41.866487,2.856165,ok,"complex matrix contraction over one axis"
cpu/complex,svd,c64,1,"160x160",tenferro-direct,6.054787,0.553241,ok,"complex SVD"
cpu/complex,svd,c64,1,"160x160",tenferro-trace,6.837242,0.141183,ok,"complex SVD"
cpu/complex,qr,c64,1,"256x256",tenferro-direct,8.051475,0.549001,ok,"complex QR"
cpu/complex,qr,c64,1,"256x256",tenferro-trace,8.354801,0.392987,ok,"complex QR"
cpu/complex,eig,c64,1,"112x112",tenferro-direct,10.688046,1.229154,ok,"complex eig"
cpu/complex,eig,c64,1,"112x112",tenferro-trace,10.252388,1.171792,ok,"complex eig"
cpu/complex,solve,c64,1,"384x384,rhs=8",tenferro-direct,4.959345,0.431867,ok,"complex solve"
cpu/complex,solve,c64,1,"384x384,rhs=8",tenferro-trace,5.865083,0.014830,ok,"complex solve"
cpu/complex,cholesky,c64,1,"448x448",tenferro-direct,3.857065,0.342236,ok,"Hermitian positive definite"
cpu/complex,cholesky,c64,1,"448x448",tenferro-trace,4.611369,0.138383,ok,"Hermitian positive definite"
cpu/complex,norm_fro,c64,1,"2048x1536",tenferro-direct,51.054595,2.283163,ok,"complex Frobenius norm"
cpu/complex,norm_fro,c64,1,"2048x1536",tenferro-trace,21.232840,0.930497,ok,"complex Frobenius norm"
cpu/elementwise_reduction,add,f64,1,33554432,pytorch-cpu,146.879509,4.129533,ok,binary elementwise; input allocation outside timed region
cpu/elementwise_reduction,sub,f64,1,33554432,pytorch-cpu,146.679563,3.290223,ok,binary elementwise; input allocation outside timed region
cpu/elementwise_reduction,mul,f64,1,33554432,pytorch-cpu,146.308772,3.575033,ok,binary elementwise; input allocation outside timed region
cpu/elementwise_reduction,div,f64,1,33554432,pytorch-cpu,145.013344,4.334338,ok,binary elementwise; input allocation outside timed region
cpu/elementwise_reduction,rem,f64,1,8388608,pytorch-cpu,54.882225,1.133943,ok,binary elementwise; input allocation outside timed region
cpu/elementwise_reduction,neg,f64,1,33554432,pytorch-cpu,136.541279,2.642315,ok,unary elementwise; input allocation outside timed region
cpu/elementwise_reduction,abs,f64,1,33554432,pytorch-cpu,137.289979,7.324070,ok,unary elementwise; input allocation outside timed region
cpu/elementwise_reduction,sign,f64,1,33554432,pytorch-cpu,139.403714,3.859701,ok,unary elementwise; input allocation outside timed region
cpu/elementwise_reduction,maximum,f64,1,33554432,pytorch-cpu,146.789949,8.945115,ok,binary elementwise; input allocation outside timed region
cpu/elementwise_reduction,minimum,f64,1,33554432,pytorch-cpu,145.804858,3.194012,ok,binary elementwise; input allocation outside timed region
cpu/elementwise_reduction,compare_lt,f64,1,33554432,pytorch-cpu,52.047728,0.857828,ok,ordered compare; input allocation outside timed region
cpu/elementwise_reduction,select,f64,1,33554432,pytorch-cpu,155.316876,2.193743,ok,ternary select; input allocation outside timed region
cpu/elementwise_reduction,clamp,f64,1,8388608,pytorch-cpu,38.933866,1.247145,ok,clamp with tensor bounds; input allocation outside timed region
cpu/elementwise_reduction,exp,f64,1,8388608,pytorch-cpu,45.246406,2.362147,ok,analytic unary; input allocation outside timed region
cpu/elementwise_reduction,log,f64,1,8388608,pytorch-cpu,50.672248,1.086468,ok,analytic unary; input allocation outside timed region
cpu/elementwise_reduction,sin,f64,1,8388608,pytorch-cpu,56.875223,0.598181,ok,analytic unary; input allocation outside timed region
cpu/elementwise_reduction,cos,f64,1,8388608,pytorch-cpu,55.609522,0.916267,ok,analytic unary; input allocation outside timed region
cpu/elementwise_reduction,tanh,f64,1,8388608,pytorch-cpu,73.260361,1.774214,ok,analytic unary; input allocation outside timed region
cpu/elementwise_reduction,sqrt,f64,1,33554432,pytorch-cpu,190.609014,3.442982,ok,analytic unary; input allocation outside timed region
cpu/elementwise_reduction,rsqrt,f64,1,33554432,pytorch-cpu,156.306641,3.718570,ok,analytic unary; input allocation outside timed region
cpu/elementwise_reduction,pow,f64,1,4194304,pytorch-cpu,58.942202,2.094699,ok,binary analytic with tensor exponent; input allocation outside timed region
cpu/elementwise_reduction,expm1,f64,1,4194304,pytorch-cpu,31.318355,1.076631,ok,analytic unary; input allocation outside timed region
cpu/elementwise_reduction,log1p,f64,1,4194304,pytorch-cpu,31.770064,0.591321,ok,analytic unary; input allocation outside timed region
cpu/elementwise_reduction,chain_log1p_exp_mul,f64,1,4194304,pytorch-cpu,76.948989,0.730254,ok,short elementwise chain; input allocation outside timed region
cpu/elementwise_reduction,reduce_sum_all,f64,1,8192x4096,pytorch-cpu,10.097498,0.053212,ok,full reduction; input allocation outside timed region
cpu/elementwise_reduction,reduce_prod_all,f64,1,8192x4096,pytorch-cpu,10.255232,0.082333,ok,full reduction; input allocation outside timed region
cpu/elementwise_reduction,reduce_max_axis0,f64,1,2048x2048,pytorch-cpu,20.948455,0.535483,ok,axis reduction; input allocation outside timed region
cpu/elementwise_reduction,reduce_min_axis1,f64,1,4096x4096,pytorch-cpu,14.180891,0.128163,ok,axis reduction; input allocation outside timed region
cpu/elementwise_reduction,reduce_max_all,f64,1,8192x4096,pytorch-cpu,10.959730,0.517998,ok,full reduction; input allocation outside timed region
cpu/elementwise_reduction,reduce_min_all,f64,1,8192x4096,pytorch-cpu,11.772472,0.090681,ok,full reduction; input allocation outside timed region
cpu/elementwise_reduction,reduce_max_axis1,f64,1,2048x2048,pytorch-cpu,3.546093,0.123264,ok,axis reduction; input allocation outside timed region
cpu/elementwise_reduction,reduce_min_axis0,f64,1,2048x2048,pytorch-cpu,20.593725,0.386430,ok,axis reduction; input allocation outside timed region
cpu/elementwise_reduction,reduce_sum_axis0,f64,1,2048x2048,pytorch-cpu,1.929479,0.074267,ok,axis reduction; input allocation outside timed region
cpu/elementwise_reduction,reduce_sum_axis1,f64,1,2048x2048,pytorch-cpu,0.830948,0.014089,ok,axis reduction; input allocation outside timed region
cpu/elementwise_reduction,reduce_prod_axis0,f64,1,2048x2048,pytorch-cpu,1.902450,0.027012,ok,axis reduction; input allocation outside timed region
cpu/elementwise_reduction,reduce_prod_axis1,f64,1,2048x2048,pytorch-cpu,0.831949,0.024358,ok,axis reduction; input allocation outside timed region
cpu/indexing_layout,gather,f64,1,262144,pytorch-cpu,0.596112,0.004591,ok,1D gather; input allocation outside timed region
cpu/indexing_layout,scatter,f64,1,262144,pytorch-cpu,0.399878,0.008618,ok,1D scatter; input allocation outside timed region
cpu/indexing_layout,slice,f64,1,4194304 -> 2096128,pytorch-cpu,1.515381,0.011602,ok,static slice materialized to owned output; input allocation outside timed region
cpu/indexing_layout,dynamic_slice,f64,1,4194304 -> 2097152,pytorch-cpu,0.712495,0.074981,ok,runtime-start slice materialized to owned output; input allocation outside timed region
cpu/indexing_layout,dynamic_update_slice,f64,1,2097152,pytorch-cpu,1.083035,0.088165,ok,runtime-start update; input allocation outside timed region
cpu/indexing_layout,pad,f64,1,2097152,pytorch-cpu,1.061061,0.089843,ok,edge padding; input allocation outside timed region
cpu/indexing_layout,concatenate,f64,1,1048576+1048576,pytorch-cpu,0.738913,0.054056,ok,concatenate along axis 0; input allocation outside timed region
cpu/indexing_layout,reverse,f64,1,2097152,pytorch-cpu,0.644563,0.037616,ok,reverse axis 0; input allocation outside timed region
cpu/structural_shape,transpose,f64,1,4096x4096,pytorch-cpu,82.517857,2.020855,ok,materialized matrix transpose; input allocation outside timed region
cpu/structural_shape,reshape,f64,1,33554432 -> 8192x4096,pytorch-cpu,134.971071,4.708553,ok,materialized reshape; clone makes PyTorch perform the same output-sized write; input allocation outside timed region
cpu/structural_shape,broadcast_in_dim,f64,1,8192x1 -> 8192x4096,pytorch-cpu,115.950704,3.507532,ok,materialized broadcast; input allocation outside timed region
cpu/structural_shape,cast_f64_f32,f64->f32,1,33554432,pytorch-cpu,71.351375,3.050506,ok,dtype cast; input allocation outside timed region
cpu/structural_shape,extract_diagonal,f64,1,8388608x2x2 -> 8388608x2,pytorch-cpu,76.630300,3.115347,ok,batched matrix diagonal extraction; input allocation outside timed region
cpu/structural_shape,embed_diagonal,f64,1,8192 -> 8192x8192,pytorch-cpu,234.212413,5.346395,ok,embed vector as matrix diagonal; input allocation outside timed region
cpu/structural_shape,tril,f64,1,4096x4096,pytorch-cpu,68.073329,1.303347,ok,lower triangle; input allocation outside timed region
cpu/structural_shape,triu,f64,1,4096x4096,pytorch-cpu,67.453127,5.234843,ok,upper triangle; input allocation outside timed region
cpu/view_metadata,reshape_view,f64,1,33554432 -> 8192x4096,pytorch-cpu,0.001148,0.000014,ok,metadata-only view reshape; no output-sized copy; operations_per_sample=16; median_batch_ms=0.018360; session=not_required; input allocation outside timed region
cpu/view_metadata,transpose_view,f64,1,4096x4096,pytorch-cpu,0.001094,0.000024,ok,metadata-only transpose view; no output-sized copy; operations_per_sample=16; median_batch_ms=0.017501; session=not_required; input allocation outside timed region
cpu/view_metadata,slice_view,f64,1,4194304 -> 2096128,pytorch-cpu,0.001208,0.000024,ok,metadata-only strided slice view; no output-sized copy; operations_per_sample=16; median_batch_ms=0.019332; session=not_required; input allocation outside timed region
cpu/view_metadata,broadcast_in_dim_view,f64,1,8192x1 -> 8192x4096,pytorch-cpu,0.001290,0.000018,ok,metadata-only zero-stride broadcast view; no output-sized copy; operations_per_sample=16; median_batch_ms=0.020640; session=not_required; input allocation outside timed region
cpu/output_reuse,add_into,f64,1,33554432,pytorch-cpu,26.091473,0.177823,ok,torch.add out= caller-owned output; input allocation outside timed region
cpu/output_reuse,sub_into,f64,1,33554432,pytorch-cpu,26.156014,0.167795,ok,torch.sub out= caller-owned output; input allocation outside timed region
cpu/output_reuse,mul_into,f64,1,33554432,pytorch-cpu,25.937591,0.163373,ok,torch.mul out= caller-owned output; input allocation outside timed region
cpu/output_reuse,div_into,f64,1,33554432,pytorch-cpu,25.944082,0.101782,ok,torch.div out= caller-owned output; input allocation outside timed region
cpu/output_reuse,neg_into,f64,1,33554432,pytorch-cpu,21.290023,1.513602,ok,torch.neg out= caller-owned output; input allocation outside timed region
cpu/output_reuse,conj_into,c64,1,16777216,pytorch-cpu,24.683077,0.130024,ok,torch.conj_physical out= caller-owned output; input allocation outside timed region
cpu/output_reuse,copy_read_into,f64,1,33554432,pytorch-cpu,21.169152,0.164494,ok,Tensor.copy_ caller-owned output; input allocation outside timed region
cpu/output_reuse,dot_general_read_into,f64,1,1024x1024,pytorch-cpu,43.164460,0.976019,ok,torch.mm out= caller-owned output; input allocation outside timed region
cpu/output_reuse,dot_general_read_into_accum,f64,1,1024x1024,pytorch-cpu,42.840544,0.662191,ok,torch.addmm out = lhs @ rhs + out; input allocation outside timed region
cpu/einsum_concrete,einsum_ij_jk_ik,f64,1,1024x1024,pytorch-cpu,43.265184,1.353882,ok,torch.einsum allocation-returning API; input allocation outside timed region
cpu/linalg_batched,batched_lu_factor,f64,1,"1024x2x2,rhs=1",pytorch-cpu,0.058791,0.000842,ok,packed LU factorization only (torch.linalg.lu_factor); input allocation outside timed region
cpu/linalg_batched,batched_lu_factor,f64,1,"1024x4x4,rhs=1",pytorch-cpu,0.085743,0.000909,ok,packed LU factorization only (torch.linalg.lu_factor); input allocation outside timed region
cpu/linalg_batched,batched_lu_factor,f64,1,"1024x8x8,rhs=1",pytorch-cpu,0.251945,0.006752,ok,packed LU factorization only (torch.linalg.lu_factor); input allocation outside timed region
cpu/linalg_batched,batched_lu_factor,f64,1,"1024x16x16,rhs=1",pytorch-cpu,0.987401,0.001799,ok,packed LU factorization only (torch.linalg.lu_factor); input allocation outside timed region
cpu/linalg_batched,batched_lu_solve,f64,1,"1024x2x2,rhs=1",pytorch-cpu,0.046259,0.005553,ok,solve with prepared LU factors (torch.linalg.lu_solve); input allocation outside timed region
cpu/linalg_batched,batched_lu_solve,f64,1,"1024x4x4,rhs=1",pytorch-cpu,0.063671,0.001069,ok,solve with prepared LU factors (torch.linalg.lu_solve); input allocation outside timed region
cpu/linalg_batched,batched_lu_solve,f64,1,"1024x8x8,rhs=1",pytorch-cpu,0.173863,0.015423,ok,solve with prepared LU factors (torch.linalg.lu_solve); input allocation outside timed region
cpu/linalg_batched,batched_lu_solve,f64,1,"1024x16x16,rhs=1",pytorch-cpu,0.324868,0.004407,ok,solve with prepared LU factors (torch.linalg.lu_solve); input allocation outside timed region
cpu/linalg_batched,batched_triangular_solve,f64,1,"1024x2x2,rhs=1",pytorch-cpu,0.063403,0.001501,ok,lower-triangular solve (torch.linalg.solve_triangular); input allocation outside timed region
cpu/linalg_batched,batched_triangular_solve,f64,1,"1024x4x4,rhs=1",pytorch-cpu,0.076303,0.000998,ok,lower-triangular solve (torch.linalg.solve_triangular); input allocation outside timed region
cpu/linalg_batched,batched_triangular_solve,f64,1,"1024x8x8,rhs=1",pytorch-cpu,0.106322,0.000929,ok,lower-triangular solve (torch.linalg.solve_triangular); input allocation outside timed region
cpu/linalg_batched,batched_triangular_solve,f64,1,"1024x16x16,rhs=1",pytorch-cpu,0.168804,0.002991,ok,lower-triangular solve (torch.linalg.solve_triangular); input allocation outside timed region
cpu/linalg_batch_families,batched_solve,f64,1,"1x2x2,rhs=1",pytorch-cpu,0.015119,0.000268,ok,"general solve, one rhs column (torch.linalg.solve); input allocation outside timed region"
cpu/linalg_batch_families,batched_solve,f64,1,"3x2x2,rhs=1",pytorch-cpu,0.014801,0.000170,ok,"general solve, one rhs column (torch.linalg.solve); input allocation outside timed region"
cpu/linalg_batch_families,batched_solve,f64,1,"4x2x2,rhs=1",pytorch-cpu,0.014707,0.000231,ok,"general solve, one rhs column (torch.linalg.solve); input allocation outside timed region"
cpu/linalg_batch_families,batched_solve,f64,1,"8x2x2,rhs=1",pytorch-cpu,0.015160,0.000332,ok,"general solve, one rhs column (torch.linalg.solve); input allocation outside timed region"
cpu/linalg_batch_families,batched_solve,f64,1,"1024x2x2,rhs=1",pytorch-cpu,0.086060,0.005260,ok,"general solve, one rhs column (torch.linalg.solve); input allocation outside timed region"
cpu/linalg_batch_families,batched_solve,f64,1,"1x4x4,rhs=1",pytorch-cpu,0.014840,0.000291,ok,"general solve, one rhs column (torch.linalg.solve); input allocation outside timed region"
cpu/linalg_batch_families,batched_solve,f64,1,"3x4x4,rhs=1",pytorch-cpu,0.017859,0.005221,ok,"general solve, one rhs column (torch.linalg.solve); input allocation outside timed region"
cpu/linalg_batch_families,batched_solve,f64,1,"4x4x4,rhs=1",pytorch-cpu,0.017840,0.000319,ok,"general solve, one rhs column (torch.linalg.solve); input allocation outside timed region"
cpu/linalg_batch_families,batched_solve,f64,1,"8x4x4,rhs=1",pytorch-cpu,0.020731,0.003401,ok,"general solve, one rhs column (torch.linalg.solve); input allocation outside timed region"
cpu/linalg_batch_families,batched_solve,f64,1,"1024x4x4,rhs=1",pytorch-cpu,0.145154,0.029840,ok,"general solve, one rhs column (torch.linalg.solve); input allocation outside timed region"
cpu/linalg_batch_families,batched_solve,f64,1,"1x8x8,rhs=1",pytorch-cpu,0.015380,0.000361,ok,"general solve, one rhs column (torch.linalg.solve); input allocation outside timed region"
cpu/linalg_batch_families,batched_solve,f64,1,"3x8x8,rhs=1",pytorch-cpu,0.016531,0.000812,ok,"general solve, one rhs column (torch.linalg.solve); input allocation outside timed region"
cpu/linalg_batch_families,batched_solve,f64,1,"4x8x8,rhs=1",pytorch-cpu,0.019860,0.000183,ok,"general solve, one rhs column (torch.linalg.solve); input allocation outside timed region"
cpu/linalg_batch_families,batched_solve,f64,1,"8x8x8,rhs=1",pytorch-cpu,0.021441,0.000458,ok,"general solve, one rhs column (torch.linalg.solve); input allocation outside timed region"
cpu/linalg_batch_families,batched_solve,f64,1,"1024x8x8,rhs=1",pytorch-cpu,0.422660,0.006838,ok,"general solve, one rhs column (torch.linalg.solve); input allocation outside timed region"
cpu/linalg_batch_families,batched_solve,f64,1,"1x32x32,rhs=1",pytorch-cpu,0.027822,0.010908,ok,"general solve, one rhs column (torch.linalg.solve); input allocation outside timed region"
cpu/linalg_batch_families,batched_solve,f64,1,"8x32x32,rhs=1",pytorch-cpu,0.083331,0.000896,ok,"general solve, one rhs column (torch.linalg.solve); input allocation outside timed region"
cpu/linalg_batch_families,batched_solve,f64,1,"1x128x128,rhs=1",pytorch-cpu,0.126474,0.002161,ok,"general solve, one rhs column (torch.linalg.solve); input allocation outside timed region"
cpu/linalg_batch_families,batched_solve,f64,1,"8x128x128,rhs=1",pytorch-cpu,0.873636,0.003371,ok,"general solve, one rhs column (torch.linalg.solve); input allocation outside timed region"
cpu/linalg_batch_families,batched_cholesky,f64,1,1x2x2,pytorch-cpu,0.004441,0.000134,ok,SPD Cholesky (torch.linalg.cholesky); input allocation outside timed region
cpu/linalg_batch_families,batched_cholesky,f64,1,3x2x2,pytorch-cpu,0.004401,0.000121,ok,SPD Cholesky (torch.linalg.cholesky); input allocation outside timed region
cpu/linalg_batch_families,batched_cholesky,f64,1,4x2x2,pytorch-cpu,0.004452,0.000080,ok,SPD Cholesky (torch.linalg.cholesky); input allocation outside timed region
cpu/linalg_batch_families,batched_cholesky,f64,1,8x2x2,pytorch-cpu,0.004590,0.000201,ok,SPD Cholesky (torch.linalg.cholesky); input allocation outside timed region
cpu/linalg_batch_families,batched_cholesky,f64,1,1024x2x2,pytorch-cpu,0.065722,0.000203,ok,SPD Cholesky (torch.linalg.cholesky); input allocation outside timed region
cpu/linalg_batch_families,batched_cholesky,f64,1,1x4x4,pytorch-cpu,0.004372,0.000142,ok,SPD Cholesky (torch.linalg.cholesky); input allocation outside timed region
cpu/linalg_batch_families,batched_cholesky,f64,1,3x4x4,pytorch-cpu,0.004372,0.000136,ok,SPD Cholesky (torch.linalg.cholesky); input allocation outside timed region
cpu/linalg_batch_families,batched_cholesky,f64,1,4x4x4,pytorch-cpu,0.004580,0.000069,ok,SPD Cholesky (torch.linalg.cholesky); input allocation outside timed region
cpu/linalg_batch_families,batched_cholesky,f64,1,8x4x4,pytorch-cpu,0.004807,0.000240,ok,SPD Cholesky (torch.linalg.cholesky); input allocation outside timed region
cpu/linalg_batch_families,batched_cholesky,f64,1,1024x4x4,pytorch-cpu,0.109643,0.000607,ok,SPD Cholesky (torch.linalg.cholesky); input allocation outside timed region
cpu/linalg_batch_families,batched_cholesky,f64,1,1x8x8,pytorch-cpu,0.004491,0.000151,ok,SPD Cholesky (torch.linalg.cholesky); input allocation outside timed region
cpu/linalg_batch_families,batched_cholesky,f64,1,3x8x8,pytorch-cpu,0.005120,0.000231,ok,SPD Cholesky (torch.linalg.cholesky); input allocation outside timed region
cpu/linalg_batch_families,batched_cholesky,f64,1,4x8x8,pytorch-cpu,0.005299,0.000119,ok,SPD Cholesky (torch.linalg.cholesky); input allocation outside timed region
cpu/linalg_batch_families,batched_cholesky,f64,1,8x8x8,pytorch-cpu,0.006121,0.000147,ok,SPD Cholesky (torch.linalg.cholesky); input allocation outside timed region
cpu/linalg_batch_families,batched_cholesky,f64,1,1024x8x8,pytorch-cpu,0.242965,0.005240,ok,SPD Cholesky (torch.linalg.cholesky); input allocation outside timed region
cpu/linalg_batch_families,batched_cholesky,f64,1,1x32x32,pytorch-cpu,0.008127,0.000127,ok,SPD Cholesky (torch.linalg.cholesky); input allocation outside timed region
cpu/linalg_batch_families,batched_cholesky,f64,1,8x32x32,pytorch-cpu,0.033680,0.000080,ok,SPD Cholesky (torch.linalg.cholesky); input allocation outside timed region
cpu/linalg_batch_families,batched_cholesky,f64,1,1x128x128,pytorch-cpu,0.126412,0.002218,ok,SPD Cholesky (torch.linalg.cholesky); input allocation outside timed region
cpu/linalg_batch_families,batched_cholesky,f64,1,8x128x128,pytorch-cpu,0.991162,0.190394,ok,SPD Cholesky (torch.linalg.cholesky); input allocation outside timed region
cpu/linalg_batch_families,batched_qr,f64,1,1x2x2,pytorch-cpu,0.004807,0.000229,ok,thin QR (torch.linalg.qr); input allocation outside timed region
cpu/linalg_batch_families,batched_qr,f64,1,3x2x2,pytorch-cpu,0.004960,0.000278,ok,thin QR (torch.linalg.qr); input allocation outside timed region
cpu/linalg_batch_families,batched_qr,f64,1,4x2x2,pytorch-cpu,0.005053,0.000058,ok,thin QR (torch.linalg.qr); input allocation outside timed region
cpu/linalg_batch_families,batched_qr,f64,1,8x2x2,pytorch-cpu,0.005860,0.000061,ok,thin QR (torch.linalg.qr); input allocation outside timed region
cpu/linalg_batch_families,batched_qr,f64,1,1024x2x2,pytorch-cpu,0.196194,0.003932,ok,thin QR (torch.linalg.qr); input allocation outside timed region
cpu/linalg_batch_families,batched_qr,f64,1,1x4x4,pytorch-cpu,0.006011,0.000164,ok,thin QR (torch.linalg.qr); input allocation outside timed region
cpu/linalg_batch_families,batched_qr,f64,1,3x4x4,pytorch-cpu,0.006812,0.000099,ok,thin QR (torch.linalg.qr); input allocation outside timed region
cpu/linalg_batch_families,batched_qr,f64,1,4x4x4,pytorch-cpu,0.007320,0.000101,ok,thin QR (torch.linalg.qr); input allocation outside timed region
cpu/linalg_batch_families,batched_qr,f64,1,8x4x4,pytorch-cpu,0.009561,0.000112,ok,thin QR (torch.linalg.qr); input allocation outside timed region
cpu/linalg_batch_families,batched_qr,f64,1,1024x4x4,pytorch-cpu,0.459429,0.003828,ok,thin QR (torch.linalg.qr); input allocation outside timed region
cpu/linalg_batch_families,batched_qr,f64,1,1x8x8,pytorch-cpu,0.005770,0.000343,ok,thin QR (torch.linalg.qr); input allocation outside timed region
cpu/linalg_batch_families,batched_qr,f64,1,3x8x8,pytorch-cpu,0.008252,0.000104,ok,thin QR (torch.linalg.qr); input allocation outside timed region
cpu/linalg_batch_families,batched_qr,f64,1,4x8x8,pytorch-cpu,0.009380,0.000140,ok,thin QR (torch.linalg.qr); input allocation outside timed region
cpu/linalg_batch_families,batched_qr,f64,1,8x8x8,pytorch-cpu,0.013869,0.000127,ok,thin QR (torch.linalg.qr); input allocation outside timed region
cpu/linalg_batch_families,batched_qr,f64,1,1024x8x8,pytorch-cpu,1.182778,0.070253,ok,thin QR (torch.linalg.qr); input allocation outside timed region
cpu/linalg_batch_families,batched_qr,f64,1,1x32x32,pytorch-cpu,0.023112,0.000218,ok,thin QR (torch.linalg.qr); input allocation outside timed region
cpu/linalg_batch_families,batched_qr,f64,1,8x32x32,pytorch-cpu,0.152553,0.005860,ok,thin QR (torch.linalg.qr); input allocation outside timed region
cpu/linalg_batch_families,batched_qr,f64,1,1x128x128,pytorch-cpu,0.493880,0.008671,ok,thin QR (torch.linalg.qr); input allocation outside timed region
cpu/linalg_batch_families,batched_qr,f64,1,8x128x128,pytorch-cpu,3.854513,0.003323,ok,thin QR (torch.linalg.qr); input allocation outside timed region
cpu/linalg_batch_families,batched_qr,f64,1,1x64x24,pytorch-cpu,0.025028,0.000281,ok,thin QR (torch.linalg.qr); input allocation outside timed region
cpu/linalg_batch_families,batched_eigh,f64,1,1x2x2,pytorch-cpu,0.006873,0.000179,ok,symmetric/Hermitian eigendecomposition (torch.linalg.eigh); input allocation outside timed region
cpu/linalg_batch_families,batched_eigh,f64,1,3x2x2,pytorch-cpu,0.008240,0.000790,ok,symmetric/Hermitian eigendecomposition (torch.linalg.eigh); input allocation outside timed region
cpu/linalg_batch_families,batched_eigh,f64,1,4x2x2,pytorch-cpu,0.008659,0.000207,ok,symmetric/Hermitian eigendecomposition (torch.linalg.eigh); input allocation outside timed region
cpu/linalg_batch_families,batched_eigh,f64,1,8x2x2,pytorch-cpu,0.010120,0.000142,ok,symmetric/Hermitian eigendecomposition (torch.linalg.eigh); input allocation outside timed region
cpu/linalg_batch_families,batched_eigh,f64,1,1024x2x2,pytorch-cpu,0.443552,0.005541,ok,symmetric/Hermitian eigendecomposition (torch.linalg.eigh); input allocation outside timed region
cpu/linalg_batch_families,batched_eigh,f64,1,1x4x4,pytorch-cpu,0.008810,0.000170,ok,symmetric/Hermitian eigendecomposition (torch.linalg.eigh); input allocation outside timed region
cpu/linalg_batch_families,batched_eigh,f64,1,3x4x4,pytorch-cpu,0.012212,0.000242,ok,symmetric/Hermitian eigendecomposition (torch.linalg.eigh); input allocation outside timed region
cpu/linalg_batch_families,batched_eigh,f64,1,4x4x4,pytorch-cpu,0.014080,0.000231,ok,symmetric/Hermitian eigendecomposition (torch.linalg.eigh); input allocation outside timed region
cpu/linalg_batch_families,batched_eigh,f64,1,8x4x4,pytorch-cpu,0.019930,0.000251,ok,symmetric/Hermitian eigendecomposition (torch.linalg.eigh); input allocation outside timed region
cpu/linalg_batch_families,batched_eigh,f64,1,1024x4x4,pytorch-cpu,1.666103,0.005677,ok,symmetric/Hermitian eigendecomposition (torch.linalg.eigh); input allocation outside timed region
cpu/linalg_batch_families,batched_eigh,f64,1,1x8x8,pytorch-cpu,0.012180,0.000216,ok,symmetric/Hermitian eigendecomposition (torch.linalg.eigh); input allocation outside timed region
cpu/linalg_batch_families,batched_eigh,f64,1,3x8x8,pytorch-cpu,0.022173,0.000356,ok,symmetric/Hermitian eigendecomposition (torch.linalg.eigh); input allocation outside timed region
cpu/linalg_batch_families,batched_eigh,f64,1,4x8x8,pytorch-cpu,0.027061,0.000270,ok,symmetric/Hermitian eigendecomposition (torch.linalg.eigh); input allocation outside timed region
cpu/linalg_batch_families,batched_eigh,f64,1,8x8x8,pytorch-cpu,0.046000,0.000302,ok,symmetric/Hermitian eigendecomposition (torch.linalg.eigh); input allocation outside timed region
cpu/linalg_batch_families,batched_eigh,f64,1,1024x8x8,pytorch-cpu,4.931035,0.003541,ok,symmetric/Hermitian eigendecomposition (torch.linalg.eigh); input allocation outside timed region
cpu/linalg_batch_families,batched_eigh,f64,1,1x32x32,pytorch-cpu,0.075651,0.002678,ok,symmetric/Hermitian eigendecomposition (torch.linalg.eigh); input allocation outside timed region
cpu/linalg_batch_families,batched_eigh,f64,1,8x32x32,pytorch-cpu,0.539972,0.006238,ok,symmetric/Hermitian eigendecomposition (torch.linalg.eigh); input allocation outside timed region
cpu/linalg_batch_families,batched_eigh,f64,1,1x128x128,pytorch-cpu,1.161143,0.003509,ok,symmetric/Hermitian eigendecomposition (torch.linalg.eigh); input allocation outside timed region
cpu/linalg_batch_families,batched_eigh,f64,1,8x128x128,pytorch-cpu,9.188147,1.113344,ok,symmetric/Hermitian eigendecomposition (torch.linalg.eigh); input allocation outside timed region
cpu/linalg_batch_families,batched_eigh,c64,1,1x2x2,pytorch-cpu,0.007231,0.000622,ok,symmetric/Hermitian eigendecomposition (torch.linalg.eigh); input allocation outside timed region
cpu/linalg_batch_families,batched_eigh,c64,1,3x2x2,pytorch-cpu,0.009140,0.000631,ok,symmetric/Hermitian eigendecomposition (torch.linalg.eigh); input allocation outside timed region
cpu/linalg_batch_families,batched_eigh,c64,1,4x2x2,pytorch-cpu,0.009650,0.000183,ok,symmetric/Hermitian eigendecomposition (torch.linalg.eigh); input allocation outside timed region
cpu/linalg_batch_families,batched_eigh,c64,1,8x2x2,pytorch-cpu,0.011949,0.000190,ok,symmetric/Hermitian eigendecomposition (torch.linalg.eigh); input allocation outside timed region
cpu/linalg_batch_families,batched_eigh,c64,1,1024x2x2,pytorch-cpu,0.609851,0.005051,ok,symmetric/Hermitian eigendecomposition (torch.linalg.eigh); input allocation outside timed region
cpu/linalg_batch_families,batched_eigh,c64,1,1x4x4,pytorch-cpu,0.011010,0.000358,ok,symmetric/Hermitian eigendecomposition (torch.linalg.eigh); input allocation outside timed region
cpu/linalg_batch_families,batched_eigh,c64,1,3x4x4,pytorch-cpu,0.015752,0.000341,ok,symmetric/Hermitian eigendecomposition (torch.linalg.eigh); input allocation outside timed region
cpu/linalg_batch_families,batched_eigh,c64,1,4x4x4,pytorch-cpu,0.018001,0.000648,ok,symmetric/Hermitian eigendecomposition (torch.linalg.eigh); input allocation outside timed region
cpu/linalg_batch_families,batched_eigh,c64,1,8x4x4,pytorch-cpu,0.026699,0.000259,ok,symmetric/Hermitian eigendecomposition (torch.linalg.eigh); input allocation outside timed region
cpu/linalg_batch_families,batched_eigh,c64,1,1024x4x4,pytorch-cpu,1.862438,0.357896,ok,symmetric/Hermitian eigendecomposition (torch.linalg.eigh); input allocation outside timed region
cpu/linalg_batch_families,batched_eigh,c64,1,1x8x8,pytorch-cpu,0.013227,0.000503,ok,symmetric/Hermitian eigendecomposition (torch.linalg.eigh); input allocation outside timed region
cpu/linalg_batch_families,batched_eigh,c64,1,3x8x8,pytorch-cpu,0.024730,0.000348,ok,symmetric/Hermitian eigendecomposition (torch.linalg.eigh); input allocation outside timed region
cpu/linalg_batch_families,batched_eigh,c64,1,4x8x8,pytorch-cpu,0.030102,0.000322,ok,symmetric/Hermitian eigendecomposition (torch.linalg.eigh); input allocation outside timed region
cpu/linalg_batch_families,batched_eigh,c64,1,8x8x8,pytorch-cpu,0.052111,0.000769,ok,symmetric/Hermitian eigendecomposition (torch.linalg.eigh); input allocation outside timed region
cpu/linalg_batch_families,batched_eigh,c64,1,1024x8x8,pytorch-cpu,5.659580,0.249635,ok,symmetric/Hermitian eigendecomposition (torch.linalg.eigh); input allocation outside timed region
cpu/linalg_batch_families,batched_eigh,c64,1,1x32x32,pytorch-cpu,0.103623,0.002209,ok,symmetric/Hermitian eigendecomposition (torch.linalg.eigh); input allocation outside timed region
cpu/linalg_batch_families,batched_eigh,c64,1,8x32x32,pytorch-cpu,0.755226,0.004711,ok,symmetric/Hermitian eigendecomposition (torch.linalg.eigh); input allocation outside timed region
cpu/linalg_batch_families,batched_eigh,c64,1,1x128x128,pytorch-cpu,2.772350,0.008471,ok,symmetric/Hermitian eigendecomposition (torch.linalg.eigh); input allocation outside timed region
cpu/linalg_batch_families,batched_eigh,c64,1,8x128x128,pytorch-cpu,22.302527,0.706146,ok,symmetric/Hermitian eigendecomposition (torch.linalg.eigh); input allocation outside timed region
cpu/linalg_batch_families,batched_eigvalsh,f64,1,1x2x2,pytorch-cpu,0.008272,0.000393,ok,symmetric eigenvalues only (torch.linalg.eigvalsh); input allocation outside timed region
cpu/linalg_batch_families,batched_eigvalsh,f64,1,3x2x2,pytorch-cpu,0.008753,0.000400,ok,symmetric eigenvalues only (torch.linalg.eigvalsh); input allocation outside timed region
cpu/linalg_batch_families,batched_eigvalsh,f64,1,4x2x2,pytorch-cpu,0.008961,0.000803,ok,symmetric eigenvalues only (torch.linalg.eigvalsh); input allocation outside timed region
cpu/linalg_batch_families,batched_eigvalsh,f64,1,8x2x2,pytorch-cpu,0.009689,0.000281,ok,symmetric eigenvalues only (torch.linalg.eigvalsh); input allocation outside timed region
cpu/linalg_batch_families,batched_eigvalsh,f64,1,1024x2x2,pytorch-cpu,0.205893,0.002548,ok,symmetric eigenvalues only (torch.linalg.eigvalsh); input allocation outside timed region
cpu/linalg_batch_families,batched_eigvalsh,f64,1,1x4x4,pytorch-cpu,0.009280,0.000272,ok,symmetric eigenvalues only (torch.linalg.eigvalsh); input allocation outside timed region
cpu/linalg_batch_families,batched_eigvalsh,f64,1,3x4x4,pytorch-cpu,0.010831,0.000510,ok,symmetric eigenvalues only (torch.linalg.eigvalsh); input allocation outside timed region
cpu/linalg_batch_families,batched_eigvalsh,f64,1,4x4x4,pytorch-cpu,0.011660,0.000305,ok,symmetric eigenvalues only (torch.linalg.eigvalsh); input allocation outside timed region
cpu/linalg_batch_families,batched_eigvalsh,f64,1,8x4x4,pytorch-cpu,0.014899,0.000190,ok,symmetric eigenvalues only (torch.linalg.eigvalsh); input allocation outside timed region
cpu/linalg_batch_families,batched_eigvalsh,f64,1,1024x4x4,pytorch-cpu,0.824319,0.003971,ok,symmetric eigenvalues only (torch.linalg.eigvalsh); input allocation outside timed region
cpu/linalg_batch_families,batched_eigvalsh,f64,1,1x8x8,pytorch-cpu,0.010600,0.000238,ok,symmetric eigenvalues only (torch.linalg.eigvalsh); input allocation outside timed region
cpu/linalg_batch_families,batched_eigvalsh,f64,1,3x8x8,pytorch-cpu,0.016240,0.000373,ok,symmetric eigenvalues only (torch.linalg.eigvalsh); input allocation outside timed region
cpu/linalg_batch_families,batched_eigvalsh,f64,1,4x8x8,pytorch-cpu,0.018911,0.000430,ok,symmetric eigenvalues only (torch.linalg.eigvalsh); input allocation outside timed region
cpu/linalg_batch_families,batched_eigvalsh,f64,1,8x8x8,pytorch-cpu,0.028351,0.000419,ok,symmetric eigenvalues only (torch.linalg.eigvalsh); input allocation outside timed region
cpu/linalg_batch_families,batched_eigvalsh,f64,1,1024x8x8,pytorch-cpu,2.518911,0.005521,ok,symmetric eigenvalues only (torch.linalg.eigvalsh); input allocation outside timed region
cpu/linalg_batch_families,batched_eigvalsh,f64,1,1x32x32,pytorch-cpu,0.034790,0.000518,ok,symmetric eigenvalues only (torch.linalg.eigvalsh); input allocation outside timed region
cpu/linalg_batch_families,batched_eigvalsh,f64,1,8x32x32,pytorch-cpu,0.211885,0.005735,ok,symmetric eigenvalues only (torch.linalg.eigvalsh); input allocation outside timed region
cpu/linalg_batch_families,batched_eigvalsh,f64,1,1x128x128,pytorch-cpu,0.472780,0.004530,ok,symmetric eigenvalues only (torch.linalg.eigvalsh); input allocation outside timed region
cpu/linalg_batch_families,batched_eigvalsh,f64,1,8x128x128,pytorch-cpu,3.719080,0.005390,ok,symmetric eigenvalues only (torch.linalg.eigvalsh); input allocation outside timed region
cpu/linalg_batch_families,batched_svd,f64,1,1x2x2,pytorch-cpu,0.011100,0.000568,ok,thin SVD (torch.linalg.svd full_matrices=False); input allocation outside timed region
cpu/linalg_batch_families,batched_svd,f64,1,3x2x2,pytorch-cpu,0.013271,0.000622,ok,thin SVD (torch.linalg.svd full_matrices=False); input allocation outside timed region
cpu/linalg_batch_families,batched_svd,f64,1,4x2x2,pytorch-cpu,0.013821,0.000309,ok,thin SVD (torch.linalg.svd full_matrices=False); input allocation outside timed region
cpu/linalg_batch_families,batched_svd,f64,1,8x2x2,pytorch-cpu,0.017390,0.000251,ok,thin SVD (torch.linalg.svd full_matrices=False); input allocation outside timed region
cpu/linalg_batch_families,batched_svd,f64,1,1024x2x2,pytorch-cpu,0.925789,0.001920,ok,thin SVD (torch.linalg.svd full_matrices=False); input allocation outside timed region
cpu/linalg_batch_families,batched_svd,f64,1,1x4x4,pytorch-cpu,0.015020,0.000320,ok,thin SVD (torch.linalg.svd full_matrices=False); input allocation outside timed region
cpu/linalg_batch_families,batched_svd,f64,1,3x4x4,pytorch-cpu,0.023149,0.000698,ok,thin SVD (torch.linalg.svd full_matrices=False); input allocation outside timed region
cpu/linalg_batch_families,batched_svd,f64,1,4x4x4,pytorch-cpu,0.026559,0.000756,ok,thin SVD (torch.linalg.svd full_matrices=False); input allocation outside timed region
cpu/linalg_batch_families,batched_svd,f64,1,8x4x4,pytorch-cpu,0.041341,0.000751,ok,thin SVD (torch.linalg.svd full_matrices=False); input allocation outside timed region
cpu/linalg_batch_families,batched_svd,f64,1,1024x4x4,pytorch-cpu,3.781922,0.004208,ok,thin SVD (torch.linalg.svd full_matrices=False); input allocation outside timed region
cpu/linalg_batch_families,batched_svd,f64,1,1x8x8,pytorch-cpu,0.023542,0.001220,ok,thin SVD (torch.linalg.svd full_matrices=False); input allocation outside timed region
cpu/linalg_batch_families,batched_svd,f64,1,3x8x8,pytorch-cpu,0.045553,0.000896,ok,thin SVD (torch.linalg.svd full_matrices=False); input allocation outside timed region
cpu/linalg_batch_families,batched_svd,f64,1,4x8x8,pytorch-cpu,0.056593,0.000741,ok,thin SVD (torch.linalg.svd full_matrices=False); input allocation outside timed region
cpu/linalg_batch_families,batched_svd,f64,1,8x8x8,pytorch-cpu,0.102371,0.002110,ok,thin SVD (torch.linalg.svd full_matrices=False); input allocation outside timed region
cpu/linalg_batch_families,batched_svd,f64,1,1024x8x8,pytorch-cpu,12.067148,0.019312,ok,thin SVD (torch.linalg.svd full_matrices=False); input allocation outside timed region
cpu/linalg_batch_families,batched_svd,f64,1,1x32x32,pytorch-cpu,0.141084,0.005109,ok,thin SVD (torch.linalg.svd full_matrices=False); input allocation outside timed region
cpu/linalg_batch_families,batched_svd,f64,1,8x32x32,pytorch-cpu,1.000602,0.002539,ok,thin SVD (torch.linalg.svd full_matrices=False); input allocation outside timed region
cpu/linalg_batch_families,batched_svd,f64,1,1x128x128,pytorch-cpu,2.151104,0.010021,ok,thin SVD (torch.linalg.svd full_matrices=False); input allocation outside timed region
cpu/linalg_batch_families,batched_svd,f64,1,8x128x128,pytorch-cpu,16.901493,0.361808,ok,thin SVD (torch.linalg.svd full_matrices=False); input allocation outside timed region
cpu/linalg_batch_families,batched_svd,f64,1,1x64x24,pytorch-cpu,0.114474,0.004072,ok,thin SVD (torch.linalg.svd full_matrices=False); input allocation outside timed region
cpu/linalg_batch_families,batched_svd,c64,1,1x2x2,pytorch-cpu,0.011791,0.000661,ok,thin SVD (torch.linalg.svd full_matrices=False); input allocation outside timed region
cpu/linalg_batch_families,batched_svd,c64,1,3x2x2,pytorch-cpu,0.015721,0.000279,ok,thin SVD (torch.linalg.svd full_matrices=False); input allocation outside timed region
cpu/linalg_batch_families,batched_svd,c64,1,4x2x2,pytorch-cpu,0.016220,0.000697,ok,thin SVD (torch.linalg.svd full_matrices=False); input allocation outside timed region
cpu/linalg_batch_families,batched_svd,c64,1,8x2x2,pytorch-cpu,0.026111,0.007778,ok,thin SVD (torch.linalg.svd full_matrices=False); input allocation outside timed region
cpu/linalg_batch_families,batched_svd,c64,1,1024x2x2,pytorch-cpu,1.322275,0.176614,ok,thin SVD (torch.linalg.svd full_matrices=False); input allocation outside timed region
cpu/linalg_batch_families,batched_svd,c64,1,1x4x4,pytorch-cpu,0.016589,0.001121,ok,thin SVD (torch.linalg.svd full_matrices=False); input allocation outside timed region
cpu/linalg_batch_families,batched_svd,c64,1,3x4x4,pytorch-cpu,0.025701,0.000669,ok,thin SVD (torch.linalg.svd full_matrices=False); input allocation outside timed region
cpu/linalg_batch_families,batched_svd,c64,1,4x4x4,pytorch-cpu,0.030013,0.000328,ok,thin SVD (torch.linalg.svd full_matrices=False); input allocation outside timed region
cpu/linalg_batch_families,batched_svd,c64,1,8x4x4,pytorch-cpu,0.048449,0.000669,ok,thin SVD (torch.linalg.svd full_matrices=False); input allocation outside timed region
cpu/linalg_batch_families,batched_svd,c64,1,1024x4x4,pytorch-cpu,4.443314,0.003107,ok,thin SVD (torch.linalg.svd full_matrices=False); input allocation outside timed region
cpu/linalg_batch_families,batched_svd,c64,1,1x8x8,pytorch-cpu,0.027062,0.000939,ok,thin SVD (torch.linalg.svd full_matrices=False); input allocation outside timed region
cpu/linalg_batch_families,batched_svd,c64,1,3x8x8,pytorch-cpu,0.055071,0.001017,ok,thin SVD (torch.linalg.svd full_matrices=False); input allocation outside timed region
cpu/linalg_batch_families,batched_svd,c64,1,4x8x8,pytorch-cpu,0.068620,0.001110,ok,thin SVD (torch.linalg.svd full_matrices=False); input allocation outside timed region
cpu/linalg_batch_families,batched_svd,c64,1,8x8x8,pytorch-cpu,0.122013,0.001615,ok,thin SVD (torch.linalg.svd full_matrices=False); input allocation outside timed region
cpu/linalg_batch_families,batched_svd,c64,1,1024x8x8,pytorch-cpu,13.832726,0.917250,ok,thin SVD (torch.linalg.svd full_matrices=False); input allocation outside timed region
cpu/linalg_batch_families,batched_svd,c64,1,1x32x32,pytorch-cpu,0.198154,0.005499,ok,thin SVD (torch.linalg.svd full_matrices=False); input allocation outside timed region
cpu/linalg_batch_families,batched_svd,c64,1,8x32x32,pytorch-cpu,1.419801,0.018563,ok,thin SVD (torch.linalg.svd full_matrices=False); input allocation outside timed region
cpu/linalg_batch_families,batched_svd,c64,1,1x128x128,pytorch-cpu,4.853657,0.035690,ok,thin SVD (torch.linalg.svd full_matrices=False); input allocation outside timed region
cpu/linalg_batch_families,batched_svd,c64,1,8x128x128,pytorch-cpu,39.043128,1.375152,ok,thin SVD (torch.linalg.svd full_matrices=False); input allocation outside timed region
cpu/linalg_batch_families,batched_svd,c64,1,1x64x24,pytorch-cpu,0.177123,0.006430,ok,thin SVD (torch.linalg.svd full_matrices=False); input allocation outside timed region
cpu/linalg_batch_families,batched_svdvals,f64,1,1x2x2,pytorch-cpu,0.007810,0.000391,ok,singular values only (torch.linalg.svdvals); input allocation outside timed region
cpu/linalg_batch_families,batched_svdvals,f64,1,3x2x2,pytorch-cpu,0.008820,0.000611,ok,singular values only (torch.linalg.svdvals); input allocation outside timed region
cpu/linalg_batch_families,batched_svdvals,f64,1,4x2x2,pytorch-cpu,0.008861,0.000309,ok,singular values only (torch.linalg.svdvals); input allocation outside timed region
cpu/linalg_batch_families,batched_svdvals,f64,1,8x2x2,pytorch-cpu,0.010161,0.000171,ok,singular values only (torch.linalg.svdvals); input allocation outside timed region
cpu/linalg_batch_families,batched_svdvals,f64,1,1024x2x2,pytorch-cpu,0.304895,0.006212,ok,singular values only (torch.linalg.svdvals); input allocation outside timed region
cpu/linalg_batch_families,batched_svdvals,f64,1,1x4x4,pytorch-cpu,0.009639,0.000380,ok,singular values only (torch.linalg.svdvals); input allocation outside timed region
cpu/linalg_batch_families,batched_svdvals,f64,1,3x4x4,pytorch-cpu,0.013560,0.000859,ok,singular values only (torch.linalg.svdvals); input allocation outside timed region
cpu/linalg_batch_families,batched_svdvals,f64,1,4x4x4,pytorch-cpu,0.014540,0.000330,ok,singular values only (torch.linalg.svdvals); input allocation outside timed region
cpu/linalg_batch_families,batched_svdvals,f64,1,8x4x4,pytorch-cpu,0.021219,0.000460,ok,singular values only (torch.linalg.svdvals); input allocation outside timed region
cpu/linalg_batch_families,batched_svdvals,f64,1,1024x4x4,pytorch-cpu,1.667885,0.005370,ok,singular values only (torch.linalg.svdvals); input allocation outside timed region
cpu/linalg_batch_families,batched_svdvals,f64,1,1x8x8,pytorch-cpu,0.012750,0.000395,ok,singular values only (torch.linalg.svdvals); input allocation outside timed region
cpu/linalg_batch_families,batched_svdvals,f64,1,3x8x8,pytorch-cpu,0.022039,0.000939,ok,singular values only (torch.linalg.svdvals); input allocation outside timed region
cpu/linalg_batch_families,batched_svdvals,f64,1,4x8x8,pytorch-cpu,0.026930,0.000281,ok,singular values only (torch.linalg.svdvals); input allocation outside timed region
cpu/linalg_batch_families,batched_svdvals,f64,1,8x8x8,pytorch-cpu,0.044320,0.000212,ok,singular values only (torch.linalg.svdvals); input allocation outside timed region
cpu/linalg_batch_families,batched_svdvals,f64,1,1024x8x8,pytorch-cpu,4.616821,0.129092,ok,singular values only (torch.linalg.svdvals); input allocation outside timed region
cpu/linalg_batch_families,batched_svdvals,f64,1,1x32x32,pytorch-cpu,0.053452,0.001591,ok,singular values only (torch.linalg.svdvals); input allocation outside timed region
cpu/linalg_batch_families,batched_svdvals,f64,1,8x32x32,pytorch-cpu,0.365857,0.007555,ok,singular values only (torch.linalg.svdvals); input allocation outside timed region
cpu/linalg_batch_families,batched_svdvals,f64,1,1x128x128,pytorch-cpu,0.994861,0.005141,ok,singular values only (torch.linalg.svdvals); input allocation outside timed region
cpu/linalg_batch_families,batched_svdvals,f64,1,8x128x128,pytorch-cpu,7.834839,0.018250,ok,singular values only (torch.linalg.svdvals); input allocation outside timed region
cpu/linalg_batch_families,batched_svdvals,f64,1,1x64x24,pytorch-cpu,0.045592,0.001911,ok,singular values only (torch.linalg.svdvals); input allocation outside timed region
cpu/linalg_batch_families,batched_lu,f64,1,1x2x2,pytorch-cpu,0.011360,0.000509,ok,"partial-pivot LU, P L U (torch.linalg.lu); input allocation outside timed region"
cpu/linalg_batch_families,batched_lu,f64,1,3x2x2,pytorch-cpu,0.013649,0.000818,ok,"partial-pivot LU, P L U (torch.linalg.lu); input allocation outside timed region"
cpu/linalg_batch_families,batched_lu,f64,1,4x2x2,pytorch-cpu,0.013480,0.000261,ok,"partial-pivot LU, P L U (torch.linalg.lu); input allocation outside timed region"
cpu/linalg_batch_families,batched_lu,f64,1,8x2x2,pytorch-cpu,0.013661,0.000333,ok,"partial-pivot LU, P L U (torch.linalg.lu); input allocation outside timed region"
cpu/linalg_batch_families,batched_lu,f64,1,1024x2x2,pytorch-cpu,0.163974,0.001201,ok,"partial-pivot LU, P L U (torch.linalg.lu); input allocation outside timed region"
cpu/linalg_batch_families,batched_lu,f64,1,1x4x4,pytorch-cpu,0.011601,0.000229,ok,"partial-pivot LU, P L U (torch.linalg.lu); input allocation outside timed region"
cpu/linalg_batch_families,batched_lu,f64,1,3x4x4,pytorch-cpu,0.013648,0.000179,ok,"partial-pivot LU, P L U (torch.linalg.lu); input allocation outside timed region"
cpu/linalg_batch_families,batched_lu,f64,1,4x4x4,pytorch-cpu,0.013679,0.000592,ok,"partial-pivot LU, P L U (torch.linalg.lu); input allocation outside timed region"
cpu/linalg_batch_families,batched_lu,f64,1,8x4x4,pytorch-cpu,0.014609,0.000238,ok,"partial-pivot LU, P L U (torch.linalg.lu); input allocation outside timed region"
cpu/linalg_batch_families,batched_lu,f64,1,1024x4x4,pytorch-cpu,0.223873,0.002578,ok,"partial-pivot LU, P L U (torch.linalg.lu); input allocation outside timed region"
cpu/linalg_batch_families,batched_lu,f64,1,1x8x8,pytorch-cpu,0.011710,0.000313,ok,"partial-pivot LU, P L U (torch.linalg.lu); input allocation outside timed region"
cpu/linalg_batch_families,batched_lu,f64,1,3x8x8,pytorch-cpu,0.015220,0.000171,ok,"partial-pivot LU, P L U (torch.linalg.lu); input allocation outside timed region"
cpu/linalg_batch_families,batched_lu,f64,1,4x8x8,pytorch-cpu,0.015331,0.000291,ok,"partial-pivot LU, P L U (torch.linalg.lu); input allocation outside timed region"
cpu/linalg_batch_families,batched_lu,f64,1,8x8x8,pytorch-cpu,0.016961,0.000279,ok,"partial-pivot LU, P L U (torch.linalg.lu); input allocation outside timed region"
cpu/linalg_batch_families,batched_lu,f64,1,1024x8x8,pytorch-cpu,0.463441,0.006380,ok,"partial-pivot LU, P L U (torch.linalg.lu); input allocation outside timed region"
cpu/linalg_batch_families,batched_lu,f64,1,1x32x32,pytorch-cpu,0.021160,0.000739,ok,"partial-pivot LU, P L U (torch.linalg.lu); input allocation outside timed region"
cpu/linalg_batch_families,batched_lu,f64,1,8x32x32,pytorch-cpu,0.075560,0.000658,ok,"partial-pivot LU, P L U (torch.linalg.lu); input allocation outside timed region"
cpu/linalg_batch_families,batched_lu,f64,1,1x128x128,pytorch-cpu,0.151044,0.002500,ok,"partial-pivot LU, P L U (torch.linalg.lu); input allocation outside timed region"
cpu/linalg_batch_families,batched_lu,f64,1,8x128x128,pytorch-cpu,1.111064,0.006041,ok,"partial-pivot LU, P L U (torch.linalg.lu); input allocation outside timed region"
cpu/linalg_batch_families,batched_lu,f64,1,1x64x24,pytorch-cpu,0.023710,0.001002,ok,"partial-pivot LU, P L U (torch.linalg.lu); input allocation outside timed region"
cpu/linalg_uncovered,cholesky,f64,1,1536x1536,pytorch-cpu,52.379271,0.985872,ok,SPD input; input allocation outside timed region
cpu/linalg_uncovered,eig,f64,1,160x160,pytorch-cpu,6.917998,0.850635,ok,general input; input allocation outside timed region
cpu/linalg_uncovered,eigvals,f64,1,192x192,pytorch-cpu,7.990481,0.506409,ok,general input values only; input allocation outside timed region
cpu/linalg_uncovered,eigvalsh,f64,1,512x512,pytorch-cpu,16.994195,0.736574,ok,SPD input values only; input allocation outside timed region
cpu/linalg_uncovered,triangular_solve,f64,1,"4096x4096,rhs=64",pytorch-cpu,26.881916,0.412649,ok,lower-triangular solve; input allocation outside timed region
cpu/linalg_uncovered,det,f64,1,1024x1024,pytorch-cpu,21.239687,0.285175,ok,well-conditioned input; input allocation outside timed region
cpu/linalg_uncovered,slogdet,f64,1,1024x1024,pytorch-cpu,21.239216,0.306338,ok,well-conditioned input; input allocation outside timed region
cpu/linalg_uncovered,inv,f64,1,768x768,pytorch-cpu,37.028315,0.783546,ok,well-conditioned input; input allocation outside timed region
cpu/linalg_uncovered,pinv,f64,1,512x256,pytorch-cpu,17.027447,0.304146,ok,rectangular input; input allocation outside timed region
cpu/linalg_uncovered,pinv_with_rtol,f64,1,512x256,pytorch-cpu,17.296532,0.437140,ok,rectangular input; rtol=1e-12; input allocation outside timed region
cpu/linalg_uncovered,lu,f64,1,1024x1024,pytorch-cpu,28.338980,1.068780,ok,partial-pivot LU; input allocation outside timed region
cpu/linalg_uncovered,lstsq,f64,1,"768x384,rhs=16",pytorch-cpu,8.695778,1.268854,ok,tall full-column-rank QR least-squares solve; GEL driver; solution output; input allocation outside timed region
cpu/linalg_uncovered,svd_full,f64,1,768x384,pytorch-cpu,52.590454,0.995172,ok,full-matrices SVD; input allocation outside timed region
cpu/linalg_uncovered,norm_fro,f64,1,2048x2048,pytorch-cpu,1.232035,0.036798,ok,Frobenius norm; input allocation outside timed region
cpu/complex,conj,c64,1,16777216,pytorch-cpu,137.833351,4.246274,ok,physical complex conjugate output; input allocation outside timed region
cpu/complex,mul,c64,1,8388608,pytorch-cpu,74.025953,2.648566,ok,complex elementwise; input allocation outside timed region
cpu/complex,div,c64,1,8388608,pytorch-cpu,95.819678,3.040208,ok,complex elementwise; input allocation outside timed region
cpu/complex,exp,c64,1,4194304,pytorch-cpu,103.936996,5.611185,ok,complex analytic; input allocation outside timed region
cpu/complex,log,c64,1,4194304,pytorch-cpu,147.327697,11.381757,ok,complex analytic; input allocation outside timed region
cpu/complex,dot_general,c64,1,640x640,pytorch-cpu,38.309276,0.860007,ok,complex matrix multiply; input allocation outside timed region
cpu/complex,dot_general_with_conj,c64,1,640x640,pytorch-cpu,39.891811,3.472643,ok,conjugated-lhs matrix multiply using PyTorch's lazy conjugate view; input allocation outside timed region
cpu/complex,tensordot,c64,1,640x640,pytorch-cpu,39.002221,1.740746,ok,complex matrix contraction over one axis; input allocation outside timed region
cpu/complex,svd,c64,1,160x160,pytorch-cpu,6.651996,0.963394,ok,complex SVD; input allocation outside timed region
cpu/complex,qr,c64,1,256x256,pytorch-cpu,7.921863,0.010630,ok,complex QR; input allocation outside timed region
cpu/complex,eig,c64,1,112x112,pytorch-cpu,10.037391,0.204826,ok,complex eig; input allocation outside timed region
cpu/complex,solve,c64,1,"384x384,rhs=8",pytorch-cpu,4.693115,0.029821,ok,complex solve; input allocation outside timed region
cpu/complex,cholesky,c64,1,448x448,pytorch-cpu,3.908556,0.007560,ok,Hermitian positive definite; input allocation outside timed region
cpu/complex,norm_fro,c64,1,2048x1536,pytorch-cpu,21.074519,0.359975,ok,complex Frobenius norm; input allocation outside timed region
cpu/elementwise_reduction,add,f64,1,33554432,jax-cpu,161.987208,9.741660,ok,binary elementwise; inputs and XLA compilation outside timed region
cpu/elementwise_reduction,sub,f64,1,33554432,jax-cpu,162.076632,5.477957,ok,binary elementwise; inputs and XLA compilation outside timed region
cpu/elementwise_reduction,mul,f64,1,33554432,jax-cpu,164.465509,6.326787,ok,binary elementwise; inputs and XLA compilation outside timed region
cpu/elementwise_reduction,div,f64,1,33554432,jax-cpu,163.939187,7.272307,ok,binary elementwise; inputs and XLA compilation outside timed region
cpu/elementwise_reduction,neg,f64,1,33554432,jax-cpu,158.088405,10.299867,ok,unary elementwise; inputs and XLA compilation outside timed region
cpu/elementwise_reduction,abs,f64,1,33554432,jax-cpu,148.912966,9.671630,ok,unary elementwise; inputs and XLA compilation outside timed region
cpu/elementwise_reduction,sign,f64,1,33554432,jax-cpu,163.235690,7.162543,ok,unary elementwise; inputs and XLA compilation outside timed region
cpu/elementwise_reduction,maximum,f64,1,33554432,jax-cpu,161.414988,8.207092,ok,binary elementwise; inputs and XLA compilation outside timed region
cpu/elementwise_reduction,minimum,f64,1,33554432,jax-cpu,166.843329,7.639544,ok,binary elementwise; inputs and XLA compilation outside timed region
cpu/elementwise_reduction,compare_lt,f64,1,33554432,jax-cpu,48.063474,2.391005,ok,ordered compare; inputs and XLA compilation outside timed region
cpu/elementwise_reduction,select,f64,1,33554432,jax-cpu,179.928780,4.946588,ok,ternary select; inputs and XLA compilation outside timed region
cpu/elementwise_reduction,sqrt,f64,1,33554432,jax-cpu,145.055884,5.460553,ok,analytic unary; inputs and XLA compilation outside timed region
cpu/elementwise_reduction,rsqrt,f64,1,33554432,jax-cpu,252.323192,7.870778,ok,analytic unary; inputs and XLA compilation outside timed region
cpu/elementwise_reduction,rem,f64,1,8388608,jax-cpu,80.916772,3.802657,ok,binary elementwise; inputs and XLA compilation outside timed region
cpu/elementwise_reduction,clamp,f64,1,8388608,jax-cpu,50.212158,3.238697,ok,clamp with tensor bounds; inputs and XLA compilation outside timed region
cpu/elementwise_reduction,exp,f64,1,8388608,jax-cpu,42.994663,2.447532,ok,analytic unary; inputs and XLA compilation outside timed region
cpu/elementwise_reduction,log,f64,1,8388608,jax-cpu,64.808166,0.756579,ok,analytic unary; inputs and XLA compilation outside timed region
cpu/elementwise_reduction,sin,f64,1,8388608,jax-cpu,101.460008,3.087595,ok,analytic unary; inputs and XLA compilation outside timed region
cpu/elementwise_reduction,cos,f64,1,8388608,jax-cpu,103.412900,6.239556,ok,analytic unary; inputs and XLA compilation outside timed region
cpu/elementwise_reduction,tanh,f64,1,8388608,jax-cpu,41.459944,3.784860,ok,analytic unary; inputs and XLA compilation outside timed region
cpu/elementwise_reduction,pow,f64,1,4194304,jax-cpu,68.670673,1.320859,ok,binary analytic with tensor exponent; inputs and XLA compilation outside timed region
cpu/elementwise_reduction,expm1,f64,1,4194304,jax-cpu,28.178029,2.879387,ok,analytic unary; inputs and XLA compilation outside timed region
cpu/elementwise_reduction,log1p,f64,1,4194304,jax-cpu,37.059717,1.078606,ok,analytic unary; inputs and XLA compilation outside timed region
cpu/elementwise_reduction,chain_log1p_exp_mul,f64,1,4194304,jax-cpu,50.424185,3.231676,ok,short elementwise chain; inputs and XLA compilation outside timed region
cpu/elementwise_reduction,reduce_sum_all,f64,1,8192x4096,jax-cpu,18.250264,0.125783,ok,full reduction; inputs and XLA compilation outside timed region
cpu/elementwise_reduction,reduce_prod_all,f64,1,8192x4096,jax-cpu,18.320374,0.954494,ok,full reduction; inputs and XLA compilation outside timed region
cpu/elementwise_reduction,reduce_max_all,f64,1,8192x4096,jax-cpu,24.632271,0.951052,ok,full reduction; inputs and XLA compilation outside timed region
cpu/elementwise_reduction,reduce_min_all,f64,1,8192x4096,jax-cpu,24.605880,1.340847,ok,full reduction; inputs and XLA compilation outside timed region
cpu/elementwise_reduction,reduce_max_axis0,f64,1,2048x2048,jax-cpu,2.476467,0.013342,ok,axis reduction; inputs and XLA compilation outside timed region
cpu/elementwise_reduction,reduce_min_axis1,f64,1,4096x4096,jax-cpu,10.988027,0.437891,ok,axis reduction; inputs and XLA compilation outside timed region
cpu/elementwise_reduction,reduce_max_axis1,f64,1,2048x2048,jax-cpu,2.350025,0.273516,ok,axis reduction; inputs and XLA compilation outside timed region
cpu/elementwise_reduction,reduce_min_axis0,f64,1,2048x2048,jax-cpu,2.467908,0.010839,ok,axis reduction; inputs and XLA compilation outside timed region
cpu/elementwise_reduction,reduce_sum_axis0,f64,1,2048x2048,jax-cpu,2.006868,0.006940,ok,axis reduction; inputs and XLA compilation outside timed region
cpu/elementwise_reduction,reduce_sum_axis1,f64,1,2048x2048,jax-cpu,3.017521,0.630263,ok,axis reduction; inputs and XLA compilation outside timed region
cpu/elementwise_reduction,reduce_prod_axis0,f64,1,2048x2048,jax-cpu,3.607875,2.013935,ok,axis reduction; inputs and XLA compilation outside timed region
cpu/elementwise_reduction,reduce_prod_axis1,f64,1,2048x2048,jax-cpu,2.852995,0.365067,ok,axis reduction; inputs and XLA compilation outside timed region
cpu/indexing_layout,gather,f64,1,262144,jax-cpu,0.744397,0.005458,ok,1D gather; inputs and XLA compilation outside timed region
cpu/indexing_layout,scatter,f64,1,262144,jax-cpu,0.800908,0.018120,ok,1D scatter; inputs and XLA compilation outside timed region
cpu/indexing_layout,slice,f64,1,4194304 -> 2096128,jax-cpu,1.440983,0.090765,ok,static slice materialized output; inputs and XLA compilation outside timed region
cpu/indexing_layout,dynamic_slice,f64,1,4194304 -> 2097152,jax-cpu,0.740815,0.181012,ok,runtime-start slice; inputs and XLA compilation outside timed region
cpu/indexing_layout,dynamic_update_slice,f64,1,2097152,jax-cpu,1.198728,0.131521,ok,runtime-start update; inputs and XLA compilation outside timed region
cpu/indexing_layout,pad,f64,1,2097152,jax-cpu,1.788540,0.056431,ok,edge padding; inputs and XLA compilation outside timed region
cpu/indexing_layout,concatenate,f64,1,1048576+1048576,jax-cpu,0.854319,0.080081,ok,concatenate along axis 0; inputs and XLA compilation outside timed region
cpu/indexing_layout,reverse,f64,1,2097152,jax-cpu,0.825951,0.048671,ok,reverse axis 0; inputs and XLA compilation outside timed region
cpu/structural_shape,transpose,f64,1,4096x4096,jax-cpu,90.132035,3.598804,ok,materialized matrix transpose; inputs and XLA compilation outside timed region
cpu/structural_shape,reshape,f64,1,33554432 -> 8192x4096,jax-cpu,146.198492,9.236155,ok,materialized reshape; JAX arrays have value semantics and no public strided-view contract; inputs and XLA compilation outside timed region
cpu/structural_shape,broadcast_in_dim,f64,1,8192x1 -> 8192x4096,jax-cpu,120.053323,4.225628,ok,materialized broadcast; inputs and XLA compilation outside timed region
cpu/structural_shape,cast_f64_f32,f64->f32,1,33554432,jax-cpu,81.015363,3.852274,ok,dtype cast; inputs and XLA compilation outside timed region
cpu/structural_shape,extract_diagonal,f64,1,8388608x2x2 -> 8388608x2,jax-cpu,75.871935,3.306430,ok,batched matrix diagonal extraction; inputs and XLA compilation outside timed region
cpu/structural_shape,embed_diagonal,f64,1,8192 -> 8192x8192,jax-cpu,272.233473,10.790395,ok,embed vector as matrix diagonal; inputs and XLA compilation outside timed region
cpu/structural_shape,tril,f64,1,4096x4096,jax-cpu,73.726095,6.435463,ok,lower triangle; inputs and XLA compilation outside timed region
cpu/structural_shape,triu,f64,1,4096x4096,jax-cpu,76.006781,1.699563,ok,upper triangle; inputs and XLA compilation outside timed region
cpu/einsum_concrete,einsum_ij_jk_ik,f64,1,1024x1024,jax-cpu,47.137627,3.625607,ok,jnp.einsum allocation-returning API; inputs and XLA compilation outside timed region
cpu/linalg_uncovered,cholesky,f64,1,1536x1536,jax-cpu,66.115391,3.849341,ok,SPD input; inputs and XLA compilation outside timed region
cpu/linalg_uncovered,eig,f64,1,160x160,jax-cpu,8.216446,0.048691,ok,general input; inputs and XLA compilation outside timed region
cpu/linalg_uncovered,eigvals,f64,1,192x192,jax-cpu,9.747723,0.989674,ok,general input values only; inputs and XLA compilation outside timed region
cpu/linalg_uncovered,eigvalsh,f64,1,512x512,jax-cpu,36.298854,3.024412,ok,SPD input values only; inputs and XLA compilation outside timed region
cpu/linalg_uncovered,triangular_solve,f64,1,"4096x4096,rhs=64",jax-cpu,126.775987,4.164526,ok,lower-triangular solve; inputs and XLA compilation outside timed region
cpu/linalg_uncovered,det,f64,1,1024x1024,jax-cpu,19.238312,1.249561,ok,well-conditioned input; inputs and XLA compilation outside timed region
cpu/linalg_uncovered,slogdet,f64,1,1024x1024,jax-cpu,18.974813,0.755379,ok,well-conditioned input; inputs and XLA compilation outside timed region
cpu/linalg_uncovered,inv,f64,1,768x768,jax-cpu,27.644802,0.923265,ok,well-conditioned input; inputs and XLA compilation outside timed region
cpu/linalg_uncovered,pinv,f64,1,512x256,jax-cpu,17.533122,0.864919,ok,rectangular input; inputs and XLA compilation outside timed region
cpu/linalg_uncovered,pinv_with_rtol,f64,1,512x256,jax-cpu,17.513592,0.970619,ok,rectangular input; rtol=1e-12; inputs and XLA compilation outside timed region
cpu/linalg_uncovered,lu,f64,1,1024x1024,jax-cpu,29.637780,0.419173,ok,partial-pivot LU; inputs and XLA compilation outside timed region
cpu/linalg_uncovered,lstsq,f64,1,"768x384,rhs=16",jax-cpu,40.058292,1.615930,ok,tall full-column-rank least-squares solve; solution output; JAX chooses its native solver; inputs and XLA compilation outside timed region
cpu/linalg_uncovered,svd_full,f64,1,768x384,jax-cpu,55.770909,2.290765,ok,full-matrices SVD; inputs and XLA compilation outside timed region
cpu/linalg_uncovered,norm_fro,f64,1,2048x2048,jax-cpu,3.771348,2.121180,ok,Frobenius norm; inputs and XLA compilation outside timed region
cpu/linalg_batched,batched_lu_factor,f64,1,"1024x2x2,rhs=1",jax-cpu,0.189116,0.005191,ok,packed LU factorization only (jax.scipy.linalg.lu_factor); inputs and XLA compilation outside timed region
cpu/linalg_batched,batched_lu_factor,f64,1,"1024x4x4,rhs=1",jax-cpu,0.373488,0.019370,ok,packed LU factorization only (jax.scipy.linalg.lu_factor); inputs and XLA compilation outside timed region
cpu/linalg_batched,batched_lu_factor,f64,1,"1024x8x8,rhs=1",jax-cpu,0.518763,0.006499,ok,packed LU factorization only (jax.scipy.linalg.lu_factor); inputs and XLA compilation outside timed region
cpu/linalg_batched,batched_lu_factor,f64,1,"1024x16x16,rhs=1",jax-cpu,3.891533,0.199474,ok,packed LU factorization only (jax.scipy.linalg.lu_factor); inputs and XLA compilation outside timed region
cpu/linalg_batched,batched_lu_solve,f64,1,"1024x2x2,rhs=1",jax-cpu,0.210045,0.006890,ok,solve with prepared LU factors (jax.scipy.linalg.lu_solve); inputs and XLA compilation outside timed region
cpu/linalg_batched,batched_lu_solve,f64,1,"1024x4x4,rhs=1",jax-cpu,0.230776,0.005199,ok,solve with prepared LU factors (jax.scipy.linalg.lu_solve); inputs and XLA compilation outside timed region
cpu/linalg_batched,batched_lu_solve,f64,1,"1024x8x8,rhs=1",jax-cpu,0.404902,0.005120,ok,solve with prepared LU factors (jax.scipy.linalg.lu_solve); inputs and XLA compilation outside timed region
cpu/linalg_batched,batched_lu_solve,f64,1,"1024x16x16,rhs=1",jax-cpu,1.304962,0.020891,ok,solve with prepared LU factors (jax.scipy.linalg.lu_solve); inputs and XLA compilation outside timed region
cpu/linalg_batched,batched_triangular_solve,f64,1,"1024x2x2,rhs=1",jax-cpu,0.163015,0.008320,ok,lower-triangular solve (jax.scipy.linalg.solve_triangular); inputs and XLA compilation outside timed region
cpu/linalg_batched,batched_triangular_solve,f64,1,"1024x4x4,rhs=1",jax-cpu,0.223884,0.021970,ok,lower-triangular solve (jax.scipy.linalg.solve_triangular); inputs and XLA compilation outside timed region
cpu/linalg_batched,batched_triangular_solve,f64,1,"1024x8x8,rhs=1",jax-cpu,0.385059,0.028349,ok,lower-triangular solve (jax.scipy.linalg.solve_triangular); inputs and XLA compilation outside timed region
cpu/linalg_batched,batched_triangular_solve,f64,1,"1024x16x16,rhs=1",jax-cpu,0.848701,0.020940,ok,lower-triangular solve (jax.scipy.linalg.solve_triangular); inputs and XLA compilation outside timed region
cpu/linalg_batch_families,batched_solve,f64,1,"1x2x2,rhs=1",jax-cpu,0.015592,0.004202,ok,"general solve, one rhs column (jnp.linalg.solve); inputs and XLA compilation outside timed region"
cpu/linalg_batch_families,batched_solve,f64,1,"3x2x2,rhs=1",jax-cpu,0.016551,0.013558,ok,"general solve, one rhs column (jnp.linalg.solve); inputs and XLA compilation outside timed region"
cpu/linalg_batch_families,batched_solve,f64,1,"4x2x2,rhs=1",jax-cpu,0.016470,0.002759,ok,"general solve, one rhs column (jnp.linalg.solve); inputs and XLA compilation outside timed region"
cpu/linalg_batch_families,batched_solve,f64,1,"8x2x2,rhs=1",jax-cpu,0.016721,0.001172,ok,"general solve, one rhs column (jnp.linalg.solve); inputs and XLA compilation outside timed region"
cpu/linalg_batch_families,batched_solve,f64,1,"1024x2x2,rhs=1",jax-cpu,0.531774,0.006171,ok,"general solve, one rhs column (jnp.linalg.solve); inputs and XLA compilation outside timed region"
cpu/linalg_batch_families,batched_solve,f64,1,"1x4x4,rhs=1",jax-cpu,0.023801,0.002138,ok,"general solve, one rhs column (jnp.linalg.solve); inputs and XLA compilation outside timed region"
cpu/linalg_batch_families,batched_solve,f64,1,"3x4x4,rhs=1",jax-cpu,0.021061,0.004109,ok,"general solve, one rhs column (jnp.linalg.solve); inputs and XLA compilation outside timed region"
cpu/linalg_batch_families,batched_solve,f64,1,"4x4x4,rhs=1",jax-cpu,0.017570,0.009410,ok,"general solve, one rhs column (jnp.linalg.solve); inputs and XLA compilation outside timed region"
cpu/linalg_batch_families,batched_solve,f64,1,"8x4x4,rhs=1",jax-cpu,0.019988,0.002360,ok,"general solve, one rhs column (jnp.linalg.solve); inputs and XLA compilation outside timed region"
cpu/linalg_batch_families,batched_solve,f64,1,"1024x4x4,rhs=1",jax-cpu,0.788989,0.016492,ok,"general solve, one rhs column (jnp.linalg.solve); inputs and XLA compilation outside timed region"
cpu/linalg_batch_families,batched_solve,f64,1,"1x8x8,rhs=1",jax-cpu,0.015261,0.002097,ok,"general solve, one rhs column (jnp.linalg.solve); inputs and XLA compilation outside timed region"
cpu/linalg_batch_families,batched_solve,f64,1,"3x8x8,rhs=1",jax-cpu,0.019571,0.000842,ok,"general solve, one rhs column (jnp.linalg.solve); inputs and XLA compilation outside timed region"
cpu/linalg_batch_families,batched_solve,f64,1,"4x8x8,rhs=1",jax-cpu,0.021359,0.002008,ok,"general solve, one rhs column (jnp.linalg.solve); inputs and XLA compilation outside timed region"
cpu/linalg_batch_families,batched_solve,f64,1,"8x8x8,rhs=1",jax-cpu,0.024719,0.003226,ok,"general solve, one rhs column (jnp.linalg.solve); inputs and XLA compilation outside timed region"
cpu/linalg_batch_families,batched_solve,f64,1,"1024x8x8,rhs=1",jax-cpu,1.638290,0.012290,ok,"general solve, one rhs column (jnp.linalg.solve); inputs and XLA compilation outside timed region"
cpu/linalg_batch_families,batched_solve,f64,1,"1x32x32,rhs=1",jax-cpu,0.079952,0.005541,ok,"general solve, one rhs column (jnp.linalg.solve); inputs and XLA compilation outside timed region"
cpu/linalg_batch_families,batched_solve,f64,1,"8x32x32,rhs=1",jax-cpu,0.172274,0.032572,ok,"general solve, one rhs column (jnp.linalg.solve); inputs and XLA compilation outside timed region"
cpu/linalg_batch_families,batched_solve,f64,1,"1x128x128,rhs=1",jax-cpu,0.222716,0.012780,ok,"general solve, one rhs column (jnp.linalg.solve); inputs and XLA compilation outside timed region"
cpu/linalg_batch_families,batched_solve,f64,1,"8x128x128,rhs=1",jax-cpu,2.210317,0.013858,ok,"general solve, one rhs column (jnp.linalg.solve); inputs and XLA compilation outside timed region"
cpu/linalg_batch_families,batched_cholesky,f64,1,1x2x2,jax-cpu,0.020899,0.001498,ok,SPD Cholesky (jnp.linalg.cholesky); inputs and XLA compilation outside timed region
cpu/linalg_batch_families,batched_cholesky,f64,1,3x2x2,jax-cpu,0.021152,0.002690,ok,SPD Cholesky (jnp.linalg.cholesky); inputs and XLA compilation outside timed region
cpu/linalg_batch_families,batched_cholesky,f64,1,4x2x2,jax-cpu,0.021180,0.001140,ok,SPD Cholesky (jnp.linalg.cholesky); inputs and XLA compilation outside timed region
cpu/linalg_batch_families,batched_cholesky,f64,1,8x2x2,jax-cpu,0.022661,0.004482,ok,SPD Cholesky (jnp.linalg.cholesky); inputs and XLA compilation outside timed region
cpu/linalg_batch_families,batched_cholesky,f64,1,1024x2x2,jax-cpu,0.187064,0.073841,ok,SPD Cholesky (jnp.linalg.cholesky); inputs and XLA compilation outside timed region
cpu/linalg_batch_families,batched_cholesky,f64,1,1x4x4,jax-cpu,0.020079,0.001220,ok,SPD Cholesky (jnp.linalg.cholesky); inputs and XLA compilation outside timed region
cpu/linalg_batch_families,batched_cholesky,f64,1,3x4x4,jax-cpu,0.020869,0.001680,ok,SPD Cholesky (jnp.linalg.cholesky); inputs and XLA compilation outside timed region
cpu/linalg_batch_families,batched_cholesky,f64,1,4x4x4,jax-cpu,0.021921,0.004198,ok,SPD Cholesky (jnp.linalg.cholesky); inputs and XLA compilation outside timed region
cpu/linalg_batch_families,batched_cholesky,f64,1,8x4x4,jax-cpu,0.023101,0.001408,ok,SPD Cholesky (jnp.linalg.cholesky); inputs and XLA compilation outside timed region
cpu/linalg_batch_families,batched_cholesky,f64,1,1024x4x4,jax-cpu,0.291716,0.050461,ok,SPD Cholesky (jnp.linalg.cholesky); inputs and XLA compilation outside timed region
cpu/linalg_batch_families,batched_cholesky,f64,1,1x8x8,jax-cpu,0.012420,0.000859,ok,SPD Cholesky (jnp.linalg.cholesky); inputs and XLA compilation outside timed region
cpu/linalg_batch_families,batched_cholesky,f64,1,3x8x8,jax-cpu,0.023432,0.006173,ok,SPD Cholesky (jnp.linalg.cholesky); inputs and XLA compilation outside timed region
cpu/linalg_batch_families,batched_cholesky,f64,1,4x8x8,jax-cpu,0.046173,0.005519,ok,SPD Cholesky (jnp.linalg.cholesky); inputs and XLA compilation outside timed region
cpu/linalg_batch_families,batched_cholesky,f64,1,8x8x8,jax-cpu,0.057379,0.005152,ok,SPD Cholesky (jnp.linalg.cholesky); inputs and XLA compilation outside timed region
cpu/linalg_batch_families,batched_cholesky,f64,1,1024x8x8,jax-cpu,0.635307,0.228766,ok,SPD Cholesky (jnp.linalg.cholesky); inputs and XLA compilation outside timed region
cpu/linalg_batch_families,batched_cholesky,f64,1,1x32x32,jax-cpu,0.060240,0.003029,ok,SPD Cholesky (jnp.linalg.cholesky); inputs and XLA compilation outside timed region
cpu/linalg_batch_families,batched_cholesky,f64,1,8x32x32,jax-cpu,0.104012,0.008531,ok,SPD Cholesky (jnp.linalg.cholesky); inputs and XLA compilation outside timed region
cpu/linalg_batch_families,batched_cholesky,f64,1,1x128x128,jax-cpu,0.226945,0.008611,ok,SPD Cholesky (jnp.linalg.cholesky); inputs and XLA compilation outside timed region
cpu/linalg_batch_families,batched_cholesky,f64,1,8x128x128,jax-cpu,1.442736,0.034563,ok,SPD Cholesky (jnp.linalg.cholesky); inputs and XLA compilation outside timed region
cpu/linalg_batch_families,batched_qr,f64,1,1x2x2,jax-cpu,0.039760,0.003072,ok,thin QR (jnp.linalg.qr); inputs and XLA compilation outside timed region
cpu/linalg_batch_families,batched_qr,f64,1,3x2x2,jax-cpu,0.037549,0.001969,ok,thin QR (jnp.linalg.qr); inputs and XLA compilation outside timed region
cpu/linalg_batch_families,batched_qr,f64,1,4x2x2,jax-cpu,0.039941,0.004431,ok,thin QR (jnp.linalg.qr); inputs and XLA compilation outside timed region
cpu/linalg_batch_families,batched_qr,f64,1,8x2x2,jax-cpu,0.042910,0.003831,ok,thin QR (jnp.linalg.qr); inputs and XLA compilation outside timed region
cpu/linalg_batch_families,batched_qr,f64,1,1024x2x2,jax-cpu,0.667896,0.004187,ok,thin QR (jnp.linalg.qr); inputs and XLA compilation outside timed region
cpu/linalg_batch_families,batched_qr,f64,1,1x4x4,jax-cpu,0.039842,0.003792,ok,thin QR (jnp.linalg.qr); inputs and XLA compilation outside timed region
cpu/linalg_batch_families,batched_qr,f64,1,3x4x4,jax-cpu,0.042312,0.003241,ok,thin QR (jnp.linalg.qr); inputs and XLA compilation outside timed region
cpu/linalg_batch_families,batched_qr,f64,1,4x4x4,jax-cpu,0.046259,0.010429,ok,thin QR (jnp.linalg.qr); inputs and XLA compilation outside timed region
cpu/linalg_batch_families,batched_qr,f64,1,8x4x4,jax-cpu,0.052912,0.007022,ok,thin QR (jnp.linalg.qr); inputs and XLA compilation outside timed region
cpu/linalg_batch_families,batched_qr,f64,1,1024x4x4,jax-cpu,1.818866,0.009008,ok,thin QR (jnp.linalg.qr); inputs and XLA compilation outside timed region
cpu/linalg_batch_families,batched_qr,f64,1,1x8x8,jax-cpu,0.044260,0.005011,ok,thin QR (jnp.linalg.qr); inputs and XLA compilation outside timed region
cpu/linalg_batch_families,batched_qr,f64,1,3x8x8,jax-cpu,0.042129,0.004610,ok,thin QR (jnp.linalg.qr); inputs and XLA compilation outside timed region
cpu/linalg_batch_families,batched_qr,f64,1,4x8x8,jax-cpu,0.045439,0.006907,ok,thin QR (jnp.linalg.qr); inputs and XLA compilation outside timed region
cpu/linalg_batch_families,batched_qr,f64,1,8x8x8,jax-cpu,0.060093,0.004059,ok,thin QR (jnp.linalg.qr); inputs and XLA compilation outside timed region
cpu/linalg_batch_families,batched_qr,f64,1,1024x8x8,jax-cpu,4.396508,2.491692,ok,thin QR (jnp.linalg.qr); inputs and XLA compilation outside timed region
cpu/linalg_batch_families,batched_qr,f64,1,1x32x32,jax-cpu,0.065962,0.012148,ok,thin QR (jnp.linalg.qr); inputs and XLA compilation outside timed region
cpu/linalg_batch_families,batched_qr,f64,1,8x32x32,jax-cpu,0.318678,0.084272,ok,thin QR (jnp.linalg.qr); inputs and XLA compilation outside timed region
cpu/linalg_batch_families,batched_qr,f64,1,1x128x128,jax-cpu,1.300672,0.010738,ok,thin QR (jnp.linalg.qr); inputs and XLA compilation outside timed region
cpu/linalg_batch_families,batched_qr,f64,1,8x128x128,jax-cpu,4.953220,0.011621,ok,thin QR (jnp.linalg.qr); inputs and XLA compilation outside timed region
cpu/linalg_batch_families,batched_qr,f64,1,1x64x24,jax-cpu,0.099022,0.013130,ok,thin QR (jnp.linalg.qr); inputs and XLA compilation outside timed region
cpu/linalg_batch_families,batched_eigh,f64,1,1x2x2,jax-cpu,0.022342,0.004049,ok,symmetric/Hermitian eigendecomposition (jnp.linalg.eigh); inputs and XLA compilation outside timed region
cpu/linalg_batch_families,batched_eigh,f64,1,3x2x2,jax-cpu,0.037460,0.004379,ok,symmetric/Hermitian eigendecomposition (jnp.linalg.eigh); inputs and XLA compilation outside timed region
cpu/linalg_batch_families,batched_eigh,f64,1,4x2x2,jax-cpu,0.040634,0.004942,ok,symmetric/Hermitian eigendecomposition (jnp.linalg.eigh); inputs and XLA compilation outside timed region
cpu/linalg_batch_families,batched_eigh,f64,1,8x2x2,jax-cpu,0.043832,0.003383,ok,symmetric/Hermitian eigendecomposition (jnp.linalg.eigh); inputs and XLA compilation outside timed region
cpu/linalg_batch_families,batched_eigh,f64,1,1024x2x2,jax-cpu,0.930514,0.002790,ok,symmetric/Hermitian eigendecomposition (jnp.linalg.eigh); inputs and XLA compilation outside timed region
cpu/linalg_batch_families,batched_eigh,f64,1,1x4x4,jax-cpu,0.044510,0.004200,ok,symmetric/Hermitian eigendecomposition (jnp.linalg.eigh); inputs and XLA compilation outside timed region
cpu/linalg_batch_families,batched_eigh,f64,1,3x4x4,jax-cpu,0.052232,0.003137,ok,symmetric/Hermitian eigendecomposition (jnp.linalg.eigh); inputs and XLA compilation outside timed region
cpu/linalg_batch_families,batched_eigh,f64,1,4x4x4,jax-cpu,0.057213,0.003099,ok,symmetric/Hermitian eigendecomposition (jnp.linalg.eigh); inputs and XLA compilation outside timed region
cpu/linalg_batch_families,batched_eigh,f64,1,8x4x4,jax-cpu,0.072511,0.006998,ok,symmetric/Hermitian eigendecomposition (jnp.linalg.eigh); inputs and XLA compilation outside timed region
cpu/linalg_batch_families,batched_eigh,f64,1,1024x4x4,jax-cpu,2.475353,0.495462,ok,symmetric/Hermitian eigendecomposition (jnp.linalg.eigh); inputs and XLA compilation outside timed region
cpu/linalg_batch_families,batched_eigh,f64,1,1x8x8,jax-cpu,0.026099,0.001878,ok,symmetric/Hermitian eigendecomposition (jnp.linalg.eigh); inputs and XLA compilation outside timed region
cpu/linalg_batch_families,batched_eigh,f64,1,3x8x8,jax-cpu,0.039680,0.007970,ok,symmetric/Hermitian eigendecomposition (jnp.linalg.eigh); inputs and XLA compilation outside timed region
cpu/linalg_batch_families,batched_eigh,f64,1,4x8x8,jax-cpu,0.038942,0.003528,ok,symmetric/Hermitian eigendecomposition (jnp.linalg.eigh); inputs and XLA compilation outside timed region
cpu/linalg_batch_families,batched_eigh,f64,1,8x8x8,jax-cpu,0.150694,0.006819,ok,symmetric/Hermitian eigendecomposition (jnp.linalg.eigh); inputs and XLA compilation outside timed region
cpu/linalg_batch_families,batched_eigh,f64,1,1024x8x8,jax-cpu,6.681476,0.010099,ok,symmetric/Hermitian eigendecomposition (jnp.linalg.eigh); inputs and XLA compilation outside timed region
cpu/linalg_batch_families,batched_eigh,f64,1,1x32x32,jax-cpu,0.133011,0.090951,ok,symmetric/Hermitian eigendecomposition (jnp.linalg.eigh); inputs and XLA compilation outside timed region
cpu/linalg_batch_families,batched_eigh,f64,1,8x32x32,jax-cpu,1.548639,0.006439,ok,symmetric/Hermitian eigendecomposition (jnp.linalg.eigh); inputs and XLA compilation outside timed region
cpu/linalg_batch_families,batched_eigh,f64,1,1x128x128,jax-cpu,3.088318,0.220846,ok,symmetric/Hermitian eigendecomposition (jnp.linalg.eigh); inputs and XLA compilation outside timed region
cpu/linalg_batch_families,batched_eigh,f64,1,8x128x128,jax-cpu,11.005851,1.264283,ok,symmetric/Hermitian eigendecomposition (jnp.linalg.eigh); inputs and XLA compilation outside timed region
cpu/linalg_batch_families,batched_eigh,c64,1,1x2x2,jax-cpu,0.042491,0.002161,ok,symmetric/Hermitian eigendecomposition (jnp.linalg.eigh); inputs and XLA compilation outside timed region
cpu/linalg_batch_families,batched_eigh,c64,1,3x2x2,jax-cpu,0.022307,0.001119,ok,symmetric/Hermitian eigendecomposition (jnp.linalg.eigh); inputs and XLA compilation outside timed region
cpu/linalg_batch_families,batched_eigh,c64,1,4x2x2,jax-cpu,0.023242,0.003230,ok,symmetric/Hermitian eigendecomposition (jnp.linalg.eigh); inputs and XLA compilation outside timed region
cpu/linalg_batch_families,batched_eigh,c64,1,8x2x2,jax-cpu,0.049390,0.003189,ok,symmetric/Hermitian eigendecomposition (jnp.linalg.eigh); inputs and XLA compilation outside timed region
cpu/linalg_batch_families,batched_eigh,c64,1,1024x2x2,jax-cpu,1.837935,0.009138,ok,symmetric/Hermitian eigendecomposition (jnp.linalg.eigh); inputs and XLA compilation outside timed region
cpu/linalg_batch_families,batched_eigh,c64,1,1x4x4,jax-cpu,0.048961,0.003166,ok,symmetric/Hermitian eigendecomposition (jnp.linalg.eigh); inputs and XLA compilation outside timed region
cpu/linalg_batch_families,batched_eigh,c64,1,3x4x4,jax-cpu,0.061970,0.004038,ok,symmetric/Hermitian eigendecomposition (jnp.linalg.eigh); inputs and XLA compilation outside timed region
cpu/linalg_batch_families,batched_eigh,c64,1,4x4x4,jax-cpu,0.066763,0.005253,ok,symmetric/Hermitian eigendecomposition (jnp.linalg.eigh); inputs and XLA compilation outside timed region
cpu/linalg_batch_families,batched_eigh,c64,1,8x4x4,jax-cpu,0.088451,0.003820,ok,symmetric/Hermitian eigendecomposition (jnp.linalg.eigh); inputs and XLA compilation outside timed region
cpu/linalg_batch_families,batched_eigh,c64,1,1024x4x4,jax-cpu,2.804970,1.190258,ok,symmetric/Hermitian eigendecomposition (jnp.linalg.eigh); inputs and XLA compilation outside timed region
cpu/linalg_batch_families,batched_eigh,c64,1,1x8x8,jax-cpu,0.064744,0.010381,ok,symmetric/Hermitian eigendecomposition (jnp.linalg.eigh); inputs and XLA compilation outside timed region
cpu/linalg_batch_families,batched_eigh,c64,1,3x8x8,jax-cpu,0.116205,0.010334,ok,symmetric/Hermitian eigendecomposition (jnp.linalg.eigh); inputs and XLA compilation outside timed region
cpu/linalg_batch_families,batched_eigh,c64,1,4x8x8,jax-cpu,0.079291,0.002738,ok,symmetric/Hermitian eigendecomposition (jnp.linalg.eigh); inputs and XLA compilation outside timed region
cpu/linalg_batch_families,batched_eigh,c64,1,8x8x8,jax-cpu,0.130244,0.003042,ok,symmetric/Hermitian eigendecomposition (jnp.linalg.eigh); inputs and XLA compilation outside timed region
cpu/linalg_batch_families,batched_eigh,c64,1,1024x8x8,jax-cpu,8.182053,0.966055,ok,symmetric/Hermitian eigendecomposition (jnp.linalg.eigh); inputs and XLA compilation outside timed region
cpu/linalg_batch_families,batched_eigh,c64,1,1x32x32,jax-cpu,0.311216,0.010328,ok,symmetric/Hermitian eigendecomposition (jnp.linalg.eigh); inputs and XLA compilation outside timed region
cpu/linalg_batch_families,batched_eigh,c64,1,8x32x32,jax-cpu,2.047770,0.004683,ok,symmetric/Hermitian eigendecomposition (jnp.linalg.eigh); inputs and XLA compilation outside timed region
cpu/linalg_batch_families,batched_eigh,c64,1,1x128x128,jax-cpu,2.876492,2.875071,ok,symmetric/Hermitian eigendecomposition (jnp.linalg.eigh); inputs and XLA compilation outside timed region
cpu/linalg_batch_families,batched_eigh,c64,1,8x128x128,jax-cpu,20.493029,0.965344,ok,symmetric/Hermitian eigendecomposition (jnp.linalg.eigh); inputs and XLA compilation outside timed region
cpu/linalg_batch_families,batched_eigvalsh,f64,1,1x2x2,jax-cpu,0.025330,0.001200,ok,symmetric eigenvalues only (jnp.linalg.eigvalsh); inputs and XLA compilation outside timed region
cpu/linalg_batch_families,batched_eigvalsh,f64,1,3x2x2,jax-cpu,0.026332,0.002580,ok,symmetric eigenvalues only (jnp.linalg.eigvalsh); inputs and XLA compilation outside timed region
cpu/linalg_batch_families,batched_eigvalsh,f64,1,4x2x2,jax-cpu,0.028852,0.002619,ok,symmetric eigenvalues only (jnp.linalg.eigvalsh); inputs and XLA compilation outside timed region
cpu/linalg_batch_families,batched_eigvalsh,f64,1,8x2x2,jax-cpu,0.031913,0.001950,ok,symmetric eigenvalues only (jnp.linalg.eigvalsh); inputs and XLA compilation outside timed region
cpu/linalg_batch_families,batched_eigvalsh,f64,1,1024x2x2,jax-cpu,0.914600,0.006691,ok,symmetric eigenvalues only (jnp.linalg.eigvalsh); inputs and XLA compilation outside timed region
cpu/linalg_batch_families,batched_eigvalsh,f64,1,1x4x4,jax-cpu,0.031920,0.005122,ok,symmetric eigenvalues only (jnp.linalg.eigvalsh); inputs and XLA compilation outside timed region
cpu/linalg_batch_families,batched_eigvalsh,f64,1,3x4x4,jax-cpu,0.038031,0.002848,ok,symmetric eigenvalues only (jnp.linalg.eigvalsh); inputs and XLA compilation outside timed region
cpu/linalg_batch_families,batched_eigvalsh,f64,1,4x4x4,jax-cpu,0.042241,0.001250,ok,symmetric eigenvalues only (jnp.linalg.eigvalsh); inputs and XLA compilation outside timed region
cpu/linalg_batch_families,batched_eigvalsh,f64,1,8x4x4,jax-cpu,0.058699,0.004310,ok,symmetric eigenvalues only (jnp.linalg.eigvalsh); inputs and XLA compilation outside timed region
cpu/linalg_batch_families,batched_eigvalsh,f64,1,1024x4x4,jax-cpu,4.005169,2.130011,ok,symmetric eigenvalues only (jnp.linalg.eigvalsh); inputs and XLA compilation outside timed region
cpu/linalg_batch_families,batched_eigvalsh,f64,1,1x8x8,jax-cpu,0.042690,0.006352,ok,symmetric eigenvalues only (jnp.linalg.eigvalsh); inputs and XLA compilation outside timed region
cpu/linalg_batch_families,batched_eigvalsh,f64,1,3x8x8,jax-cpu,0.053521,0.003381,ok,symmetric eigenvalues only (jnp.linalg.eigvalsh); inputs and XLA compilation outside timed region
cpu/linalg_batch_families,batched_eigvalsh,f64,1,4x8x8,jax-cpu,0.082184,0.009991,ok,symmetric eigenvalues only (jnp.linalg.eigvalsh); inputs and XLA compilation outside timed region
cpu/linalg_batch_families,batched_eigvalsh,f64,1,8x8x8,jax-cpu,0.166744,0.007568,ok,symmetric eigenvalues only (jnp.linalg.eigvalsh); inputs and XLA compilation outside timed region
cpu/linalg_batch_families,batched_eigvalsh,f64,1,1024x8x8,jax-cpu,6.014289,0.718486,ok,symmetric eigenvalues only (jnp.linalg.eigvalsh); inputs and XLA compilation outside timed region
cpu/linalg_batch_families,batched_eigvalsh,f64,1,1x32x32,jax-cpu,0.123564,0.004349,ok,symmetric eigenvalues only (jnp.linalg.eigvalsh); inputs and XLA compilation outside timed region
cpu/linalg_batch_families,batched_eigvalsh,f64,1,8x32x32,jax-cpu,0.996295,0.163997,ok,symmetric eigenvalues only (jnp.linalg.eigvalsh); inputs and XLA compilation outside timed region
cpu/linalg_batch_families,batched_eigvalsh,f64,1,1x128x128,jax-cpu,3.063196,0.147365,ok,symmetric eigenvalues only (jnp.linalg.eigvalsh); inputs and XLA compilation outside timed region
cpu/linalg_batch_families,batched_eigvalsh,f64,1,8x128x128,jax-cpu,10.201504,1.956908,ok,symmetric eigenvalues only (jnp.linalg.eigvalsh); inputs and XLA compilation outside timed region
cpu/linalg_batch_families,batched_svd,f64,1,1x2x2,jax-cpu,0.053950,0.013167,ok,thin SVD (jnp.linalg.svd full_matrices=False); inputs and XLA compilation outside timed region
cpu/linalg_batch_families,batched_svd,f64,1,3x2x2,jax-cpu,0.064205,0.013743,ok,thin SVD (jnp.linalg.svd full_matrices=False); inputs and XLA compilation outside timed region
cpu/linalg_batch_families,batched_svd,f64,1,4x2x2,jax-cpu,0.057479,0.011591,ok,thin SVD (jnp.linalg.svd full_matrices=False); inputs and XLA compilation outside timed region
cpu/linalg_batch_families,batched_svd,f64,1,8x2x2,jax-cpu,0.089172,0.014607,ok,thin SVD (jnp.linalg.svd full_matrices=False); inputs and XLA compilation outside timed region
cpu/linalg_batch_families,batched_svd,f64,1,1024x2x2,jax-cpu,1.740865,0.052532,ok,thin SVD (jnp.linalg.svd full_matrices=False); inputs and XLA compilation outside timed region
cpu/linalg_batch_families,batched_svd,f64,1,1x4x4,jax-cpu,0.044391,0.006180,ok,thin SVD (jnp.linalg.svd full_matrices=False); inputs and XLA compilation outside timed region
cpu/linalg_batch_families,batched_svd,f64,1,3x4x4,jax-cpu,0.091622,0.014471,ok,thin SVD (jnp.linalg.svd full_matrices=False); inputs and XLA compilation outside timed region
cpu/linalg_batch_families,batched_svd,f64,1,4x4x4,jax-cpu,0.104323,0.009511,ok,thin SVD (jnp.linalg.svd full_matrices=False); inputs and XLA compilation outside timed region
cpu/linalg_batch_families,batched_svd,f64,1,8x4x4,jax-cpu,0.144783,0.014538,ok,thin SVD (jnp.linalg.svd full_matrices=False); inputs and XLA compilation outside timed region
cpu/linalg_batch_families,batched_svd,f64,1,1024x4x4,jax-cpu,4.355129,0.187246,ok,thin SVD (jnp.linalg.svd full_matrices=False); inputs and XLA compilation outside timed region
cpu/linalg_batch_families,batched_svd,f64,1,1x8x8,jax-cpu,0.108154,0.008762,ok,thin SVD (jnp.linalg.svd full_matrices=False); inputs and XLA compilation outside timed region
cpu/linalg_batch_families,batched_svd,f64,1,3x8x8,jax-cpu,0.152072,0.025632,ok,thin SVD (jnp.linalg.svd full_matrices=False); inputs and XLA compilation outside timed region
cpu/linalg_batch_families,batched_svd,f64,1,4x8x8,jax-cpu,0.180023,0.019677,ok,thin SVD (jnp.linalg.svd full_matrices=False); inputs and XLA compilation outside timed region
cpu/linalg_batch_families,batched_svd,f64,1,8x8x8,jax-cpu,0.283696,0.016380,ok,thin SVD (jnp.linalg.svd full_matrices=False); inputs and XLA compilation outside timed region
cpu/linalg_batch_families,batched_svd,f64,1,1024x8x8,jax-cpu,11.305662,2.040550,ok,thin SVD (jnp.linalg.svd full_matrices=False); inputs and XLA compilation outside timed region
cpu/linalg_batch_families,batched_svd,f64,1,1x32x32,jax-cpu,0.272647,0.095360,ok,thin SVD (jnp.linalg.svd full_matrices=False); inputs and XLA compilation outside timed region
cpu/linalg_batch_families,batched_svd,f64,1,8x32x32,jax-cpu,2.400240,0.010859,ok,thin SVD (jnp.linalg.svd full_matrices=False); inputs and XLA compilation outside timed region
cpu/linalg_batch_families,batched_svd,f64,1,1x128x128,jax-cpu,4.384449,2.585808,ok,thin SVD (jnp.linalg.svd full_matrices=False); inputs and XLA compilation outside timed region
cpu/linalg_batch_families,batched_svd,f64,1,8x128x128,jax-cpu,17.441997,2.577644,ok,thin SVD (jnp.linalg.svd full_matrices=False); inputs and XLA compilation outside timed region
cpu/linalg_batch_families,batched_svd,f64,1,1x64x24,jax-cpu,0.261677,0.143321,ok,thin SVD (jnp.linalg.svd full_matrices=False); inputs and XLA compilation outside timed region
cpu/linalg_batch_families,batched_svd,c64,1,1x2x2,jax-cpu,0.054961,0.006350,ok,thin SVD (jnp.linalg.svd full_matrices=False); inputs and XLA compilation outside timed region
cpu/linalg_batch_families,batched_svd,c64,1,3x2x2,jax-cpu,0.062333,0.003409,ok,thin SVD (jnp.linalg.svd full_matrices=False); inputs and XLA compilation outside timed region
cpu/linalg_batch_families,batched_svd,c64,1,4x2x2,jax-cpu,0.051152,0.002440,ok,thin SVD (jnp.linalg.svd full_matrices=False); inputs and XLA compilation outside timed region
cpu/linalg_batch_families,batched_svd,c64,1,8x2x2,jax-cpu,0.082713,0.008389,ok,thin SVD (jnp.linalg.svd full_matrices=False); inputs and XLA compilation outside timed region
cpu/linalg_batch_families,batched_svd,c64,1,1024x2x2,jax-cpu,4.198356,2.126742,ok,thin SVD (jnp.linalg.svd full_matrices=False); inputs and XLA compilation outside timed region
cpu/linalg_batch_families,batched_svd,c64,1,1x4x4,jax-cpu,0.061572,0.005020,ok,thin SVD (jnp.linalg.svd full_matrices=False); inputs and XLA compilation outside timed region
cpu/linalg_batch_families,batched_svd,c64,1,3x4x4,jax-cpu,0.088211,0.010813,ok,thin SVD (jnp.linalg.svd full_matrices=False); inputs and XLA compilation outside timed region
cpu/linalg_batch_families,batched_svd,c64,1,4x4x4,jax-cpu,0.095682,0.005817,ok,thin SVD (jnp.linalg.svd full_matrices=False); inputs and XLA compilation outside timed region
cpu/linalg_batch_families,batched_svd,c64,1,8x4x4,jax-cpu,0.083553,0.003451,ok,thin SVD (jnp.linalg.svd full_matrices=False); inputs and XLA compilation outside timed region
cpu/linalg_batch_families,batched_svd,c64,1,1024x4x4,jax-cpu,5.295692,0.012999,ok,thin SVD (jnp.linalg.svd full_matrices=False); inputs and XLA compilation outside timed region
cpu/linalg_batch_families,batched_svd,c64,1,1x8x8,jax-cpu,0.087231,0.006709,ok,thin SVD (jnp.linalg.svd full_matrices=False); inputs and XLA compilation outside timed region
cpu/linalg_batch_families,batched_svd,c64,1,3x8x8,jax-cpu,0.149716,0.008229,ok,thin SVD (jnp.linalg.svd full_matrices=False); inputs and XLA compilation outside timed region
cpu/linalg_batch_families,batched_svd,c64,1,4x8x8,jax-cpu,0.182964,0.015231,ok,thin SVD (jnp.linalg.svd full_matrices=False); inputs and XLA compilation outside timed region
cpu/linalg_batch_families,batched_svd,c64,1,8x8x8,jax-cpu,0.322469,0.010822,ok,thin SVD (jnp.linalg.svd full_matrices=False); inputs and XLA compilation outside timed region
cpu/linalg_batch_families,batched_svd,c64,1,1024x8x8,jax-cpu,13.057025,1.551051,ok,thin SVD (jnp.linalg.svd full_matrices=False); inputs and XLA compilation outside timed region
cpu/linalg_batch_families,batched_svd,c64,1,1x32x32,jax-cpu,0.265487,0.078185,ok,thin SVD (jnp.linalg.svd full_matrices=False); inputs and XLA compilation outside timed region
cpu/linalg_batch_families,batched_svd,c64,1,8x32x32,jax-cpu,3.266983,0.032369,ok,thin SVD (jnp.linalg.svd full_matrices=False); inputs and XLA compilation outside timed region
cpu/linalg_batch_families,batched_svd,c64,1,1x128x128,jax-cpu,4.415540,0.014728,ok,thin SVD (jnp.linalg.svd full_matrices=False); inputs and XLA compilation outside timed region
cpu/linalg_batch_families,batched_svd,c64,1,8x128x128,jax-cpu,30.209891,2.421061,ok,thin SVD (jnp.linalg.svd full_matrices=False); inputs and XLA compilation outside timed region
cpu/linalg_batch_families,batched_svd,c64,1,1x64x24,jax-cpu,0.248618,0.152113,ok,thin SVD (jnp.linalg.svd full_matrices=False); inputs and XLA compilation outside timed region
cpu/linalg_batch_families,batched_svdvals,f64,1,1x2x2,jax-cpu,0.025772,0.007963,ok,singular values only (jnp.linalg.svd compute_uv=False); inputs and XLA compilation outside timed region
cpu/linalg_batch_families,batched_svdvals,f64,1,3x2x2,jax-cpu,0.035468,0.004282,ok,singular values only (jnp.linalg.svd compute_uv=False); inputs and XLA compilation outside timed region
cpu/linalg_batch_families,batched_svdvals,f64,1,4x2x2,jax-cpu,0.032172,0.001321,ok,singular values only (jnp.linalg.svd compute_uv=False); inputs and XLA compilation outside timed region
cpu/linalg_batch_families,batched_svdvals,f64,1,8x2x2,jax-cpu,0.038560,0.002390,ok,singular values only (jnp.linalg.svd compute_uv=False); inputs and XLA compilation outside timed region
cpu/linalg_batch_families,batched_svdvals,f64,1,1024x2x2,jax-cpu,1.554279,0.014320,ok,singular values only (jnp.linalg.svd compute_uv=False); inputs and XLA compilation outside timed region
cpu/linalg_batch_families,batched_svdvals,f64,1,1x4x4,jax-cpu,0.036040,0.006191,ok,singular values only (jnp.linalg.svd compute_uv=False); inputs and XLA compilation outside timed region
cpu/linalg_batch_families,batched_svdvals,f64,1,3x4x4,jax-cpu,0.046542,0.005921,ok,singular values only (jnp.linalg.svd compute_uv=False); inputs and XLA compilation outside timed region
cpu/linalg_batch_families,batched_svdvals,f64,1,4x4x4,jax-cpu,0.053512,0.002880,ok,singular values only (jnp.linalg.svd compute_uv=False); inputs and XLA compilation outside timed region
cpu/linalg_batch_families,batched_svdvals,f64,1,8x4x4,jax-cpu,0.075385,0.011235,ok,singular values only (jnp.linalg.svd compute_uv=False); inputs and XLA compilation outside timed region
cpu/linalg_batch_families,batched_svdvals,f64,1,1024x4x4,jax-cpu,2.900362,3.118299,ok,singular values only (jnp.linalg.svd compute_uv=False); inputs and XLA compilation outside timed region
cpu/linalg_batch_families,batched_svdvals,f64,1,1x8x8,jax-cpu,0.045031,0.003528,ok,singular values only (jnp.linalg.svd compute_uv=False); inputs and XLA compilation outside timed region
cpu/linalg_batch_families,batched_svdvals,f64,1,3x8x8,jax-cpu,0.073543,0.014525,ok,singular values only (jnp.linalg.svd compute_uv=False); inputs and XLA compilation outside timed region
cpu/linalg_batch_families,batched_svdvals,f64,1,4x8x8,jax-cpu,0.088722,0.006018,ok,singular values only (jnp.linalg.svd compute_uv=False); inputs and XLA compilation outside timed region
cpu/linalg_batch_families,batched_svdvals,f64,1,8x8x8,jax-cpu,0.145745,0.005832,ok,singular values only (jnp.linalg.svd compute_uv=False); inputs and XLA compilation outside timed region
cpu/linalg_batch_families,batched_svdvals,f64,1,1024x8x8,jax-cpu,6.682264,1.113988,ok,singular values only (jnp.linalg.svd compute_uv=False); inputs and XLA compilation outside timed region
cpu/linalg_batch_families,batched_svdvals,f64,1,1x32x32,jax-cpu,0.155155,0.008080,ok,singular values only (jnp.linalg.svd compute_uv=False); inputs and XLA compilation outside timed region
cpu/linalg_batch_families,batched_svdvals,f64,1,8x32x32,jax-cpu,1.021696,0.039419,ok,singular values only (jnp.linalg.svd compute_uv=False); inputs and XLA compilation outside timed region
cpu/linalg_batch_families,batched_svdvals,f64,1,1x128x128,jax-cpu,2.349801,0.268707,ok,singular values only (jnp.linalg.svd compute_uv=False); inputs and XLA compilation outside timed region
cpu/linalg_batch_families,batched_svdvals,f64,1,8x128x128,jax-cpu,7.482668,0.391187,ok,singular values only (jnp.linalg.svd compute_uv=False); inputs and XLA compilation outside timed region
cpu/linalg_batch_families,batched_svdvals,f64,1,1x64x24,jax-cpu,0.147171,0.021942,ok,singular values only (jnp.linalg.svd compute_uv=False); inputs and XLA compilation outside timed region
cpu/linalg_batch_families,batched_lu,f64,1,1x2x2,jax-cpu,0.030773,0.006380,ok,"partial-pivot LU, P L U (jax.vmap(jax.scipy.linalg.lu); lu is unbatched); inputs and XLA compilation outside timed region"
cpu/linalg_batch_families,batched_lu,f64,1,3x2x2,jax-cpu,0.018373,0.003457,ok,"partial-pivot LU, P L U (jax.vmap(jax.scipy.linalg.lu); lu is unbatched); inputs and XLA compilation outside timed region"
cpu/linalg_batch_families,batched_lu,f64,1,4x2x2,jax-cpu,0.018349,0.001419,ok,"partial-pivot LU, P L U (jax.vmap(jax.scipy.linalg.lu); lu is unbatched); inputs and XLA compilation outside timed region"
cpu/linalg_batch_families,batched_lu,f64,1,8x2x2,jax-cpu,0.030760,0.002120,ok,"partial-pivot LU, P L U (jax.vmap(jax.scipy.linalg.lu); lu is unbatched); inputs and XLA compilation outside timed region"
cpu/linalg_batch_families,batched_lu,f64,1,1024x2x2,jax-cpu,0.231916,0.111729,ok,"partial-pivot LU, P L U (jax.vmap(jax.scipy.linalg.lu); lu is unbatched); inputs and XLA compilation outside timed region"
cpu/linalg_batch_families,batched_lu,f64,1,1x4x4,jax-cpu,0.030082,0.006309,ok,"partial-pivot LU, P L U (jax.vmap(jax.scipy.linalg.lu); lu is unbatched); inputs and XLA compilation outside timed region"
cpu/linalg_batch_families,batched_lu,f64,1,3x4x4,jax-cpu,0.020491,0.013253,ok,"partial-pivot LU, P L U (jax.vmap(jax.scipy.linalg.lu); lu is unbatched); inputs and XLA compilation outside timed region"
cpu/linalg_batch_families,batched_lu,f64,1,4x4x4,jax-cpu,0.019040,0.022890,ok,"partial-pivot LU, P L U (jax.vmap(jax.scipy.linalg.lu); lu is unbatched); inputs and XLA compilation outside timed region"
cpu/linalg_batch_families,batched_lu,f64,1,8x4x4,jax-cpu,0.054473,0.009339,ok,"partial-pivot LU, P L U (jax.vmap(jax.scipy.linalg.lu); lu is unbatched); inputs and XLA compilation outside timed region"
cpu/linalg_batch_families,batched_lu,f64,1,1024x4x4,jax-cpu,0.424732,0.010664,ok,"partial-pivot LU, P L U (jax.vmap(jax.scipy.linalg.lu); lu is unbatched); inputs and XLA compilation outside timed region"
cpu/linalg_batch_families,batched_lu,f64,1,1x8x8,jax-cpu,0.031373,0.014242,ok,"partial-pivot LU, P L U (jax.vmap(jax.scipy.linalg.lu); lu is unbatched); inputs and XLA compilation outside timed region"
cpu/linalg_batch_families,batched_lu,f64,1,3x8x8,jax-cpu,0.057891,0.006801,ok,"partial-pivot LU, P L U (jax.vmap(jax.scipy.linalg.lu); lu is unbatched); inputs and XLA compilation outside timed region"
cpu/linalg_batch_families,batched_lu,f64,1,4x8x8,jax-cpu,0.055110,0.002822,ok,"partial-pivot LU, P L U (jax.vmap(jax.scipy.linalg.lu); lu is unbatched); inputs and XLA compilation outside timed region"
cpu/linalg_batch_families,batched_lu,f64,1,8x8x8,jax-cpu,0.062993,0.010174,ok,"partial-pivot LU, P L U (jax.vmap(jax.scipy.linalg.lu); lu is unbatched); inputs and XLA compilation outside timed region"
cpu/linalg_batch_families,batched_lu,f64,1,1024x8x8,jax-cpu,1.224240,0.013150,ok,"partial-pivot LU, P L U (jax.vmap(jax.scipy.linalg.lu); lu is unbatched); inputs and XLA compilation outside timed region"
cpu/linalg_batch_families,batched_lu,f64,1,1x32x32,jax-cpu,0.089061,0.005757,ok,"partial-pivot LU, P L U (jax.vmap(jax.scipy.linalg.lu); lu is unbatched); inputs and XLA compilation outside timed region"
cpu/linalg_batch_families,batched_lu,f64,1,8x32x32,jax-cpu,0.177173,0.023820,ok,"partial-pivot LU, P L U (jax.vmap(jax.scipy.linalg.lu); lu is unbatched); inputs and XLA compilation outside timed region"
cpu/linalg_batch_families,batched_lu,f64,1,1x128x128,jax-cpu,0.328748,0.006029,ok,"partial-pivot LU, P L U (jax.vmap(jax.scipy.linalg.lu); lu is unbatched); inputs and XLA compilation outside timed region"
cpu/linalg_batch_families,batched_lu,f64,1,8x128x128,jax-cpu,2.681894,0.051919,ok,"partial-pivot LU, P L U (jax.vmap(jax.scipy.linalg.lu); lu is unbatched); inputs and XLA compilation outside timed region"
cpu/linalg_batch_families,batched_lu,f64,1,1x64x24,jax-cpu,0.058113,0.006270,ok,"partial-pivot LU, P L U (jax.vmap(jax.scipy.linalg.lu); lu is unbatched); inputs and XLA compilation outside timed region"
cpu/complex,conj,c64,1,16777216,jax-cpu,147.222238,10.254903,ok,physical complex conjugate output; inputs and XLA compilation outside timed region
cpu/complex,mul,c64,1,8388608,jax-cpu,80.607403,3.103999,ok,complex elementwise; inputs and XLA compilation outside timed region
cpu/complex,div,c64,1,8388608,jax-cpu,101.506462,7.672811,ok,complex elementwise; inputs and XLA compilation outside timed region
cpu/complex,exp,c64,1,4194304,jax-cpu,99.642279,3.478236,ok,complex analytic; inputs and XLA compilation outside timed region
cpu/complex,log,c64,1,4194304,jax-cpu,163.462196,5.591573,ok,complex analytic; inputs and XLA compilation outside timed region
cpu/complex,dot_general,c64,1,640x640,jax-cpu,59.547925,2.291769,ok,complex matrix multiply; inputs and XLA compilation outside timed region
cpu/complex,dot_general_with_conj,c64,1,640x640,jax-cpu,60.350837,1.269531,ok,conjugated-lhs complex matrix multiply; inputs and XLA compilation outside timed region
cpu/complex,tensordot,c64,1,640x640,jax-cpu,61.071396,2.270564,ok,complex matrix contraction over one axis; inputs and XLA compilation outside timed region
cpu/complex,svd,c64,1,160x160,jax-cpu,5.368283,0.683758,ok,complex SVD; inputs and XLA compilation outside timed region
cpu/complex,qr,c64,1,256x256,jax-cpu,7.112091,1.129858,ok,complex QR; inputs and XLA compilation outside timed region
cpu/complex,eig,c64,1,112x112,jax-cpu,10.412563,1.491928,ok,complex eig; inputs and XLA compilation outside timed region
cpu/complex,solve,c64,1,"384x384,rhs=8",jax-cpu,5.276524,0.600027,ok,complex solve; inputs and XLA compilation outside timed region
cpu/complex,cholesky,c64,1,448x448,jax-cpu,4.050424,0.203213,ok,Hermitian positive definite; inputs and XLA compilation outside timed region
cpu/complex,norm_fro,c64,1,2048x1536,jax-cpu,16.716477,2.548601,ok,complex Frobenius norm; inputs and XLA compilation outside timed region
cpu/elementwise_reduction,add,f64,1,33554432,julia-base,169.349265,6.851675,ok,binary elementwise; input allocation outside timed region
cpu/elementwise_reduction,add,f64,1,33554432,strided-jl,191.826146,5.090082,ok,@strided fused broadcast; input allocation outside timed region
cpu/elementwise_reduction,sub,f64,1,33554432,julia-base,160.953928,11.981335,ok,binary elementwise; input allocation outside timed region
cpu/elementwise_reduction,sub,f64,1,33554432,strided-jl,178.020061,25.21977,ok,@strided fused broadcast; input allocation outside timed region
cpu/elementwise_reduction,mul,f64,1,33554432,julia-base,177.497174,0.877038,ok,binary elementwise; input allocation outside timed region
cpu/elementwise_reduction,mul,f64,1,33554432,strided-jl,196.668183,16.002663,ok,@strided fused broadcast; input allocation outside timed region
cpu/elementwise_reduction,div,f64,1,33554432,julia-base,175.004853,25.258298,ok,binary elementwise; input allocation outside timed region
cpu/elementwise_reduction,div,f64,1,33554432,strided-jl,183.215585,15.69618,ok,@strided fused broadcast; input allocation outside timed region
cpu/elementwise_reduction,neg,f64,1,33554432,julia-base,160.753222,9.765671,ok,unary elementwise; input allocation outside timed region
cpu/elementwise_reduction,neg,f64,1,33554432,strided-jl,158.381354,6.854814,ok,@strided fused broadcast; input allocation outside timed region
cpu/elementwise_reduction,abs,f64,1,33554432,julia-base,148.582836,9.101188,ok,unary elementwise; input allocation outside timed region
cpu/elementwise_reduction,abs,f64,1,33554432,strided-jl,163.260643,13.162993,ok,@strided fused broadcast; input allocation outside timed region
cpu/elementwise_reduction,sign,f64,1,33554432,julia-base,151.083212,7.269945,ok,unary elementwise; input allocation outside timed region
cpu/elementwise_reduction,sign,f64,1,33554432,strided-jl,162.964196,8.449408,ok,@strided fused broadcast; input allocation outside timed region
cpu/elementwise_reduction,maximum,f64,1,33554432,julia-base,166.887144,3.522281,ok,binary elementwise; input allocation outside timed region
cpu/elementwise_reduction,maximum,f64,1,33554432,strided-jl,173.148235,4.37519,ok,@strided fused broadcast; input allocation outside timed region
cpu/elementwise_reduction,minimum,f64,1,33554432,julia-base,162.303175,4.259612,ok,binary elementwise; input allocation outside timed region
cpu/elementwise_reduction,minimum,f64,1,33554432,strided-jl,180.741965,9.109446,ok,@strided fused broadcast; input allocation outside timed region
cpu/elementwise_reduction,compare_lt,f64,1,33554432,julia-base,21.847361,0.224807,ok,ordered compare; input allocation outside timed region
cpu/elementwise_reduction,select,f64,1,33554432,julia-base,166.24285,6.132088,ok,ternary select; input allocation outside timed region
cpu/elementwise_reduction,sqrt,f64,1,33554432,julia-base,217.767959,9.282195,ok,analytic unary; input allocation outside timed region
cpu/elementwise_reduction,sqrt,f64,1,33554432,strided-jl,222.862772,7.445078,ok,@strided fused broadcast; input allocation outside timed region
cpu/elementwise_reduction,rsqrt,f64,1,33554432,julia-base,267.197371,7.832569,ok,analytic unary; input allocation outside timed region
cpu/elementwise_reduction,rsqrt,f64,1,33554432,strided-jl,277.037517,19.768817,ok,@strided fused broadcast; input allocation outside timed region
cpu/elementwise_reduction,rem,f64,1,8388608,julia-base,72.58668,7.864068,ok,binary elementwise; input allocation outside timed region
cpu/elementwise_reduction,rem,f64,1,8388608,strided-jl,83.372087,9.297067,ok,@strided fused broadcast; input allocation outside timed region
cpu/elementwise_reduction,clamp,f64,1,8388608,julia-base,48.140476,9.822181,ok,clamp with tensor bounds; input allocation outside timed region
cpu/elementwise_reduction,clamp,f64,1,8388608,strided-jl,46.02617,17.73659,ok,@strided fused broadcast; input allocation outside timed region
cpu/elementwise_reduction,exp,f64,1,8388608,julia-base,62.030855,14.125196,ok,analytic unary; input allocation outside timed region
cpu/elementwise_reduction,exp,f64,1,8388608,strided-jl,65.800955,14.782932,ok,@strided fused broadcast; input allocation outside timed region
cpu/elementwise_reduction,log,f64,1,8388608,julia-base,84.731169,11.142197,ok,analytic unary; input allocation outside timed region
cpu/elementwise_reduction,log,f64,1,8388608,strided-jl,91.820849,11.357881,ok,@strided fused broadcast; input allocation outside timed region
cpu/elementwise_reduction,sin,f64,1,8388608,julia-base,64.160305,9.43294,ok,analytic unary; input allocation outside timed region
cpu/elementwise_reduction,sin,f64,1,8388608,strided-jl,66.512389,12.540514,ok,@strided fused broadcast; input allocation outside timed region
cpu/elementwise_reduction,cos,f64,1,8388608,julia-base,65.714089,14.130895,ok,analytic unary; input allocation outside timed region
cpu/elementwise_reduction,cos,f64,1,8388608,strided-jl,68.133043,11.709522,ok,@strided fused broadcast; input allocation outside timed region
cpu/elementwise_reduction,tanh,f64,1,8388608,julia-base,75.553742,13.488059,ok,analytic unary; input allocation outside timed region
cpu/elementwise_reduction,tanh,f64,1,8388608,strided-jl,89.263589,9.775231,ok,@strided fused broadcast; input allocation outside timed region
cpu/elementwise_reduction,pow,f64,1,4194304,julia-base,130.15328,12.66415,ok,binary analytic with tensor exponent; input allocation outside timed region
cpu/elementwise_reduction,pow,f64,1,4194304,strided-jl,127.501442,5.852175,ok,@strided fused broadcast; input allocation outside timed region
cpu/elementwise_reduction,expm1,f64,1,4194304,julia-base,40.288009,9.679819,ok,analytic unary; input allocation outside timed region
cpu/elementwise_reduction,expm1,f64,1,4194304,strided-jl,39.299523,9.090864,ok,@strided fused broadcast; input allocation outside timed region
cpu/elementwise_reduction,log1p,f64,1,4194304,julia-base,47.797272,9.087264,ok,analytic unary; input allocation outside timed region
cpu/elementwise_reduction,log1p,f64,1,4194304,strided-jl,55.023274,10.77979,ok,@strided fused broadcast; input allocation outside timed region
cpu/elementwise_reduction,chain_log1p_exp_mul,f64,1,4194304,julia-base,76.703117,10.807098,ok,short elementwise chain; input allocation outside timed region
cpu/elementwise_reduction,chain_log1p_exp_mul,f64,1,4194304,strided-jl,86.877652,10.953573,ok,@strided fused broadcast; input allocation outside timed region
cpu/elementwise_reduction,reduce_sum_all,f64,1,8192x4096,julia-base,10.086692,0.217595,ok,full reduction; input allocation outside timed region
cpu/elementwise_reduction,reduce_prod_all,f64,1,8192x4096,julia-base,10.064641,0.36684,ok,full reduction; input allocation outside timed region
cpu/elementwise_reduction,reduce_max_all,f64,1,8192x4096,julia-base,11.561911,0.569605,ok,full reduction; input allocation outside timed region
cpu/elementwise_reduction,reduce_min_all,f64,1,8192x4096,julia-base,11.5272,0.256336,ok,full reduction; input allocation outside timed region
cpu/elementwise_reduction,reduce_max_axis0,f64,1,2048x2048,julia-base,1.1249,0.208916,ok,axis reduction; input allocation outside timed region
cpu/elementwise_reduction,reduce_min_axis1,f64,1,4096x4096,julia-base,6.100885,0.229317,ok,axis reduction; input allocation outside timed region
cpu/elementwise_reduction,reduce_max_axis1,f64,1,2048x2048,julia-base,1.12912,0.173325,ok,axis reduction; input allocation outside timed region
cpu/elementwise_reduction,reduce_min_axis0,f64,1,2048x2048,julia-base,1.12442,0.109163,ok,axis reduction; input allocation outside timed region
cpu/elementwise_reduction,reduce_sum_axis0,f64,1,2048x2048,julia-base,0.861453,0.036881,ok,axis reduction; input allocation outside timed region
cpu/elementwise_reduction,reduce_sum_axis1,f64,1,2048x2048,julia-base,0.947475,0.134133,ok,axis reduction; input allocation outside timed region
cpu/elementwise_reduction,reduce_prod_axis0,f64,1,2048x2048,julia-base,0.853143,0.077223,ok,axis reduction; input allocation outside timed region
cpu/elementwise_reduction,reduce_prod_axis1,f64,1,2048x2048,julia-base,0.954185,0.053242,ok,axis reduction; input allocation outside timed region
cpu/structural_shape,transpose,f64,1,4096x4096,julia-base,199.740961,16.622999,ok,materialized matrix transpose; input allocation outside timed region
cpu/structural_shape,transpose,f64,1,4096x4096,strided-jl,130.448074,9.356254,ok,@strided permutedims; input allocation outside timed region
cpu/structural_shape,reshape,f64,1,33554432 -> 8192x4096,julia-base,164.295284,6.444943,ok,materialized reshape; copy makes Julia perform the same output-sized write; input allocation outside timed region
cpu/structural_shape,broadcast_in_dim,f64,1,8192x1 -> 8192x4096,julia-base,146.862806,5.562363,ok,materialized broadcast; input allocation outside timed region
cpu/structural_shape,cast_f64_f32,f64->f32,1,33554432,julia-base,86.626013,10.071543,ok,dtype cast; input allocation outside timed region
cpu/structural_shape,embed_diagonal,f64,1,8192 -> 8192x8192,julia-base,283.622218,10.626279,ok,embed vector as matrix diagonal; input allocation outside timed region
cpu/structural_shape,tril,f64,1,4096x4096,julia-base,87.533702,5.154419,ok,lower triangle; input allocation outside timed region
cpu/structural_shape,triu,f64,1,4096x4096,julia-base,84.351267,3.682351,ok,upper triangle; input allocation outside timed region
cpu/linalg_uncovered,cholesky,f64,1,1536x1536,julia-base,46.897199,11.447412,ok,SPD input; factor materialized; input allocation outside timed region
cpu/linalg_uncovered,eig,f64,1,160x160,julia-base,6.910478,0.088123,ok,general input; input allocation outside timed region
cpu/linalg_uncovered,eigvals,f64,1,192x192,julia-base,7.974178,0.459603,ok,general input values only; input allocation outside timed region
cpu/linalg_uncovered,eigvalsh,f64,1,512x512,julia-base,12.06862,0.7206,ok,SPD input values only; input allocation outside timed region
cpu/linalg_uncovered,triangular_solve,f64,1,"4096x4096,rhs=64",julia-base,27.299826,2.389765,ok,lower-triangular solve; input allocation outside timed region
cpu/linalg_uncovered,det,f64,1,1024x1024,julia-base,18.493045,0.760761,ok,well-conditioned input; input allocation outside timed region
cpu/linalg_uncovered,slogdet,f64,1,1024x1024,julia-base,18.551566,0.570495,ok,well-conditioned input; input allocation outside timed region
cpu/linalg_uncovered,inv,f64,1,768x768,julia-base,25.98519,2.91924,ok,well-conditioned input; input allocation outside timed region
cpu/linalg_uncovered,pinv,f64,1,512x256,julia-base,16.937653,1.604484,ok,rectangular input; input allocation outside timed region
cpu/linalg_uncovered,pinv_with_rtol,f64,1,512x256,julia-base,17.373395,0.646618,ok,rectangular input; rtol=1e-12; input allocation outside timed region
cpu/linalg_uncovered,lu,f64,1,1024x1024,julia-base,33.67534,7.564936,ok,partial-pivot LU; P/L/U materialized; input allocation outside timed region
cpu/linalg_uncovered,lstsq,f64,1,"768x384,rhs=16",julia-base,9.543611,1.523061,ok,tall full-column-rank QR least-squares solve; unpivoted QR to match the GELS driver; input allocation outside timed region
cpu/linalg_uncovered,svd_full,f64,1,768x384,julia-base,56.612169,2.954391,ok,full-matrices SVD; input allocation outside timed region
cpu/linalg_uncovered,norm_fro,f64,1,2048x2048,julia-base,2.362735,0.025301,ok,Frobenius norm; input allocation outside timed region
cpu/linalg_batched,batched_lu_factor,f64,1,"1024x2x2,rhs=1",julia-base,0.085823,0.00162,ok,packed LU factorization only (LAPACK.getrf! per matrix); input allocation outside timed region
cpu/linalg_batched,batched_lu_factor,f64,1,"1024x4x4,rhs=1",julia-base,0.157364,0.002921,ok,packed LU factorization only (LAPACK.getrf! per matrix); input allocation outside timed region
cpu/linalg_batched,batched_lu_factor,f64,1,"1024x8x8,rhs=1",julia-base,0.699839,0.125903,ok,packed LU factorization only (LAPACK.getrf! per matrix); input allocation outside timed region
cpu/linalg_batched,batched_lu_factor,f64,1,"1024x16x16,rhs=1",julia-base,1.771538,0.788732,ok,packed LU factorization only (LAPACK.getrf! per matrix); input allocation outside timed region
cpu/linalg_batched,batched_lu_solve,f64,1,"1024x2x2,rhs=1",julia-base,0.064322,0.000371,ok,solve with prepared LU factors (LAPACK.getrs! per matrix); input allocation outside timed region
cpu/linalg_batched,batched_lu_solve,f64,1,"1024x4x4,rhs=1",julia-base,0.101172,0.000671,ok,solve with prepared LU factors (LAPACK.getrs! per matrix); input allocation outside timed region
cpu/linalg_batched,batched_lu_solve,f64,1,"1024x8x8,rhs=1",julia-base,0.185475,0.034261,ok,solve with prepared LU factors (LAPACK.getrs! per matrix); input allocation outside timed region
cpu/linalg_batched,batched_lu_solve,f64,1,"1024x16x16,rhs=1",julia-base,0.36951,0.005411,ok,solve with prepared LU factors (LAPACK.getrs! per matrix); input allocation outside timed region
cpu/linalg_batched,batched_triangular_solve,f64,1,"1024x2x2,rhs=1",julia-base,0.061072,0.000569,ok,lower-triangular solve (LAPACK.trtrs! per matrix); input allocation outside timed region
cpu/linalg_batched,batched_triangular_solve,f64,1,"1024x4x4,rhs=1",julia-base,0.088192,0.010091,ok,lower-triangular solve (LAPACK.trtrs! per matrix); input allocation outside timed region
cpu/linalg_batched,batched_triangular_solve,f64,1,"1024x8x8,rhs=1",julia-base,0.121503,0.000899,ok,lower-triangular solve (LAPACK.trtrs! per matrix); input allocation outside timed region
cpu/linalg_batched,batched_triangular_solve,f64,1,"1024x16x16,rhs=1",julia-base,0.270928,0.048001,ok,lower-triangular solve (LAPACK.trtrs! per matrix); input allocation outside timed region
cpu/indexing_layout,gather,f64,1,262144,julia-base,1.488941,0.263877,ok,1D gather; input allocation outside timed region
cpu/indexing_layout,scatter,f64,1,262144,julia-base,0.452203,0.925096,ok,1D scatter; input allocation outside timed region
cpu/indexing_layout,slice,f64,1,4194304 -> 2096128,julia-base,9.46257,4.201804,ok,static slice materialized to owned output; input allocation outside timed region
cpu/indexing_layout,dynamic_slice,f64,1,4194304 -> 2097152,julia-base,7.955148,4.432542,ok,runtime-start slice materialized to owned output; input allocation outside timed region
cpu/indexing_layout,dynamic_update_slice,f64,1,2097152,julia-base,8.584055,4.929506,ok,runtime-start update; input allocation outside timed region
cpu/indexing_layout,concatenate,f64,1,1048576+1048576,julia-base,1.209953,0.266568,ok,concatenate along axis 0; input allocation outside timed region
cpu/indexing_layout,reverse,f64,1,2097152,julia-base,1.282176,7.503566,ok,reverse axis 0; input allocation outside timed region
cpu/view_metadata,reshape_view,f64,1,33554432 -> 8192x4096,julia-base,1.0e-5,3.0e-6,ok,metadata-only view reshape; no output-sized copy; input allocation outside timed region; operations_per_sample=16; median_batch_ms=0.00016; session=not_required
cpu/view_metadata,transpose_view,f64,1,4096x4096,julia-base,6.0e-6,1.0e-6,ok,metadata-only transpose view; no output-sized copy; input allocation outside timed region; operations_per_sample=16; median_batch_ms=9.0e-5; session=not_required
cpu/view_metadata,slice_view,f64,1,4194304 -> 2096128,julia-base,6.0e-6,4.0e-6,ok,metadata-only strided slice view; no output-sized copy; input allocation outside timed region; operations_per_sample=16; median_batch_ms=0.0001; session=not_required
cpu/output_reuse,add_into,f64,1,33554432,julia-base,30.375017,0.484323,ok,broadcast add into caller-owned output; input allocation outside timed region
cpu/output_reuse,add_into,f64,1,33554432,strided-jl,36.448303,2.638373,ok,@strided fused broadcast into caller-owned output; input allocation outside timed region
cpu/output_reuse,sub_into,f64,1,33554432,julia-base,30.451078,0.679469,ok,broadcast sub into caller-owned output; input allocation outside timed region
cpu/output_reuse,sub_into,f64,1,33554432,strided-jl,34.724856,0.69545,ok,@strided fused broadcast into caller-owned output; input allocation outside timed region
cpu/output_reuse,mul_into,f64,1,33554432,julia-base,30.376467,0.657259,ok,broadcast mul into caller-owned output; input allocation outside timed region
cpu/output_reuse,mul_into,f64,1,33554432,strided-jl,33.827182,0.119143,ok,@strided fused broadcast into caller-owned output; input allocation outside timed region
cpu/output_reuse,div_into,f64,1,33554432,julia-base,29.833662,1.118911,ok,broadcast div into caller-owned output; input allocation outside timed region
cpu/output_reuse,div_into,f64,1,33554432,strided-jl,36.786334,3.083714,ok,@strided fused broadcast into caller-owned output; input allocation outside timed region
cpu/output_reuse,neg_into,f64,1,33554432,julia-base,25.39322,0.266717,ok,broadcast neg into caller-owned output; input allocation outside timed region
cpu/output_reuse,neg_into,f64,1,33554432,strided-jl,25.862163,0.202635,ok,@strided fused broadcast into caller-owned output; input allocation outside timed region
cpu/output_reuse,conj_into,c64,1,16777216,julia-base,19.957951,0.142454,ok,broadcast conj into caller-owned output; input allocation outside timed region
cpu/output_reuse,conj_into,c64,1,16777216,strided-jl,22.030568,0.38468,ok,@strided fused broadcast into caller-owned output; input allocation outside timed region
cpu/output_reuse,copy_read_into,f64,1,33554432,julia-base,13.967386,0.319439,ok,copyto! caller-owned output; input allocation outside timed region
cpu/output_reuse,dot_general_read_into,f64,1,1024x1024,julia-base,41.429283,0.36778,ok,mul! caller-owned output; input allocation outside timed region
cpu/output_reuse,dot_general_read_into_accum,f64,1,1024x1024,julia-base,41.133025,0.653087,ok,mul! accumulate caller-owned output; input allocation outside timed region
cpu/complex,conj,c64,1,16777216,julia-base,156.190143,5.229374,ok,physical complex conjugate output; input allocation outside timed region
cpu/complex,conj,c64,1,16777216,strided-jl,160.031101,13.35326,ok,@strided fused broadcast; input allocation outside timed region
cpu/complex,mul,c64,1,8388608,julia-base,79.810095,3.568579,ok,complex elementwise; input allocation outside timed region
cpu/complex,mul,c64,1,8388608,strided-jl,81.068412,3.122237,ok,@strided fused broadcast; input allocation outside timed region
cpu/complex,div,c64,1,8388608,julia-base,128.015319,3.135208,ok,complex elementwise; input allocation outside timed region
cpu/complex,div,c64,1,8388608,strided-jl,134.710427,5.515554,ok,@strided fused broadcast; input allocation outside timed region
cpu/complex,exp,c64,1,4194304,julia-base,77.99711,3.097066,ok,complex analytic; input allocation outside timed region
cpu/complex,exp,c64,1,4194304,strided-jl,77.541779,4.534766,ok,@strided fused broadcast; input allocation outside timed region
cpu/complex,log,c64,1,4194304,julia-base,138.358544,5.4229,ok,complex analytic; input allocation outside timed region
cpu/complex,log,c64,1,4194304,strided-jl,144.339834,7.376183,ok,@strided fused broadcast; input allocation outside timed region
cpu/complex,dot_general,c64,1,640x640,julia-base,40.316516,3.98953,ok,complex matrix multiply; input allocation outside timed region
cpu/complex,dot_general_with_conj,c64,1,640x640,julia-base,41.196741,2.301945,ok,conjugated-lhs matrix multiply; Julia materializes the conjugate before the contraction; input allocation outside timed region
cpu/complex,tensordot,c64,1,640x640,julia-base,40.295647,2.403556,ok,complex matrix contraction over one axis; input allocation outside timed region
cpu/complex,svd,c64,1,160x160,julia-base,4.610359,0.287108,ok,complex SVD; input allocation outside timed region
cpu/complex,qr,c64,1,256x256,julia-base,7.551151,1.443491,ok,complex QR; Q/R materialized; input allocation outside timed region
cpu/complex,eig,c64,1,112x112,julia-base,10.271118,1.204915,ok,complex eig; input allocation outside timed region
cpu/complex,solve,c64,1,"384x384,rhs=8",julia-base,4.27618,0.793163,ok,complex solve; input allocation outside timed region
cpu/complex,cholesky,c64,1,448x448,julia-base,3.854968,1.80508,ok,Hermitian positive definite; factor materialized; input allocation outside timed region
cpu/complex,norm_fro,c64,1,2048x1536,julia-base,3.59796,0.044261,ok,complex Frobenius norm; input allocation outside timed region
