suite,benchmark,dtype,threads,shape,backend,median_ms,iqr_ms,status,notes
cpu/elementwise_reduction,add,f64,4,"33554432",tenferro-direct,47.317825,2.583023,ok,"binary elementwise"
cpu/elementwise_reduction,add,f64,4,"33554432",tenferro-trace,48.576871,0.931515,ok,"binary elementwise"
cpu/elementwise_reduction,sub,f64,4,"33554432",tenferro-direct,49.193479,1.067330,ok,"binary elementwise"
cpu/elementwise_reduction,sub,f64,4,"33554432",tenferro-trace,47.078840,1.194894,ok,"binary elementwise"
cpu/elementwise_reduction,mul,f64,4,"33554432",tenferro-direct,47.706378,1.670267,ok,"binary elementwise"
cpu/elementwise_reduction,mul,f64,4,"33554432",tenferro-trace,45.290851,2.613324,ok,"binary elementwise"
cpu/elementwise_reduction,div,f64,4,"33554432",tenferro-direct,45.869728,2.257934,ok,"binary elementwise"
cpu/elementwise_reduction,div,f64,4,"33554432",tenferro-trace,46.609179,2.469429,ok,"binary elementwise"
cpu/elementwise_reduction,neg,f64,4,"33554432",tenferro-direct,45.015084,1.582084,ok,"unary elementwise"
cpu/elementwise_reduction,neg,f64,4,"33554432",tenferro-trace,45.124228,1.340227,ok,"unary elementwise"
cpu/elementwise_reduction,abs,f64,4,"33554432",tenferro-direct,44.299676,0.953557,ok,"unary elementwise"
cpu/elementwise_reduction,abs,f64,4,"33554432",tenferro-trace,44.962135,0.353839,ok,"unary elementwise"
cpu/elementwise_reduction,sign,f64,4,"33554432",tenferro-direct,45.643685,1.052701,ok,"unary elementwise"
cpu/elementwise_reduction,sign,f64,4,"33554432",tenferro-trace,45.912982,1.584135,ok,"unary elementwise"
cpu/elementwise_reduction,maximum,f64,4,"33554432",tenferro-direct,49.834494,1.037830,ok,"binary elementwise"
cpu/elementwise_reduction,maximum,f64,4,"33554432",tenferro-trace,47.222481,2.453709,ok,"binary elementwise"
cpu/elementwise_reduction,minimum,f64,4,"33554432",tenferro-direct,49.800504,1.112540,ok,"binary elementwise"
cpu/elementwise_reduction,minimum,f64,4,"33554432",tenferro-trace,45.176293,3.970992,ok,"binary elementwise"
cpu/elementwise_reduction,compare_lt,f64,4,"33554432",tenferro-direct,14.032516,0.723290,ok,"ordered compare"
cpu/elementwise_reduction,compare_lt,f64,4,"33554432",tenferro-trace,13.769808,0.712580,ok,"ordered compare"
cpu/elementwise_reduction,select,f64,4,"33554432",tenferro-direct,49.905638,2.150391,ok,"ternary select"
cpu/elementwise_reduction,select,f64,4,"33554432",tenferro-trace,46.516623,2.708517,ok,"ternary select"
cpu/elementwise_reduction,sqrt,f64,4,"33554432",tenferro-direct,48.299874,1.697037,ok,"analytic unary"
cpu/elementwise_reduction,sqrt,f64,4,"33554432",tenferro-trace,48.985364,1.684149,ok,"analytic unary"
cpu/elementwise_reduction,rsqrt,f64,4,"33554432",tenferro-direct,49.609002,0.535115,ok,"analytic unary"
cpu/elementwise_reduction,rsqrt,f64,4,"33554432",tenferro-trace,48.246473,2.218412,ok,"analytic unary"
cpu/elementwise_reduction,rem,f64,4,"8388608",tenferro-direct,20.302514,0.411351,ok,"binary elementwise"
cpu/elementwise_reduction,rem,f64,4,"8388608",tenferro-trace,19.904063,1.157102,ok,"binary elementwise"
cpu/elementwise_reduction,clamp,f64,4,"8388608",tenferro-direct,12.958927,0.801374,ok,"clamp with tensor bounds"
cpu/elementwise_reduction,clamp,f64,4,"8388608",tenferro-trace,12.976957,0.561506,ok,"clamp with tensor bounds"
cpu/elementwise_reduction,exp,f64,4,"8388608",tenferro-direct,21.483818,1.269395,ok,"analytic unary"
cpu/elementwise_reduction,exp,f64,4,"8388608",tenferro-trace,21.085927,1.780231,ok,"analytic unary"
cpu/elementwise_reduction,log,f64,4,"8388608",tenferro-direct,20.644395,1.071581,ok,"analytic unary"
cpu/elementwise_reduction,log,f64,4,"8388608",tenferro-trace,20.702346,1.407800,ok,"analytic unary"
cpu/elementwise_reduction,sin,f64,4,"8388608",tenferro-direct,30.539795,3.002815,ok,"analytic unary"
cpu/elementwise_reduction,sin,f64,4,"8388608",tenferro-trace,31.346938,0.829743,ok,"analytic unary"
cpu/elementwise_reduction,cos,f64,4,"8388608",tenferro-direct,31.409170,1.027509,ok,"analytic unary"
cpu/elementwise_reduction,cos,f64,4,"8388608",tenferro-trace,31.445271,0.659850,ok,"analytic unary"
cpu/elementwise_reduction,tanh,f64,4,"8388608",tenferro-direct,37.071150,1.766489,ok,"analytic unary"
cpu/elementwise_reduction,tanh,f64,4,"8388608",tenferro-trace,37.820682,1.504742,ok,"analytic unary"
cpu/elementwise_reduction,pow,f64,4,"4194304",tenferro-direct,20.805290,0.466963,ok,"binary analytic"
cpu/elementwise_reduction,pow,f64,4,"4194304",tenferro-trace,20.773339,1.135862,ok,"binary analytic"
cpu/elementwise_reduction,expm1,f64,4,"4194304",tenferro-direct,12.908127,0.399721,ok,"analytic unary"
cpu/elementwise_reduction,expm1,f64,4,"4194304",tenferro-trace,12.481474,0.439642,ok,"analytic unary"
cpu/elementwise_reduction,log1p,f64,4,"4194304",tenferro-direct,14.763819,0.420632,ok,"analytic unary"
cpu/elementwise_reduction,log1p,f64,4,"4194304",tenferro-trace,14.616514,0.175755,ok,"analytic unary"
cpu/elementwise_reduction,chain_log1p_exp_mul,f64,4,"4194304",tenferro-direct,42.052613,0.875545,ok,"short elementwise chain"
cpu/elementwise_reduction,chain_log1p_exp_mul,f64,4,"4194304",tenferro-trace,56.942205,1.326838,ok,"short elementwise chain"
cpu/elementwise_reduction,reduce_sum_all,f64,4,"8192x4096",tenferro-direct,5.242459,0.503315,ok,"full reduction"
cpu/elementwise_reduction,reduce_sum_all,f64,4,"8192x4096",tenferro-trace,5.744613,0.450773,ok,"full reduction"
cpu/elementwise_reduction,reduce_prod_all,f64,4,"8192x4096",tenferro-direct,5.556778,0.625097,ok,"full reduction"
cpu/elementwise_reduction,reduce_prod_all,f64,4,"8192x4096",tenferro-trace,5.538057,0.261347,ok,"full reduction"
cpu/elementwise_reduction,reduce_max_all,f64,4,"8192x4096",tenferro-direct,6.882895,1.085750,ok,"full reduction"
cpu/elementwise_reduction,reduce_max_all,f64,4,"8192x4096",tenferro-trace,6.016781,0.162425,ok,"full reduction"
cpu/elementwise_reduction,reduce_min_all,f64,4,"8192x4096",tenferro-direct,6.758282,0.528634,ok,"full reduction"
cpu/elementwise_reduction,reduce_min_all,f64,4,"8192x4096",tenferro-trace,6.466054,1.410940,ok,"full reduction"
cpu/elementwise_reduction,reduce_max_axis0,f64,4,"2048x2048",tenferro-direct,0.697080,0.040952,ok,"axis reduction"
cpu/elementwise_reduction,reduce_max_axis0,f64,4,"2048x2048",tenferro-trace,0.540936,0.099003,ok,"axis reduction"
cpu/elementwise_reduction,reduce_min_axis1,f64,4,"4096x4096",tenferro-direct,3.695205,0.216316,ok,"axis reduction"
cpu/elementwise_reduction,reduce_min_axis1,f64,4,"4096x4096",tenferro-trace,2.450079,0.197447,ok,"axis reduction"
cpu/elementwise_reduction,reduce_max_axis1,f64,4,"2048x2048",tenferro-direct,0.923286,0.056282,ok,"axis reduction"
cpu/elementwise_reduction,reduce_max_axis1,f64,4,"2048x2048",tenferro-trace,0.499644,0.068441,ok,"axis reduction"
cpu/elementwise_reduction,reduce_min_axis0,f64,4,"2048x2048",tenferro-direct,0.688729,0.085642,ok,"axis reduction"
cpu/elementwise_reduction,reduce_min_axis0,f64,4,"2048x2048",tenferro-trace,0.531115,0.076193,ok,"axis reduction"
cpu/elementwise_reduction,reduce_sum_axis0,f64,4,"2048x2048",tenferro-direct,0.318229,0.067701,ok,"axis reduction"
cpu/elementwise_reduction,reduce_sum_axis0,f64,4,"2048x2048",tenferro-trace,0.381461,0.094113,ok,"axis reduction"
cpu/elementwise_reduction,reduce_sum_axis1,f64,4,"2048x2048",tenferro-direct,0.381411,0.072263,ok,"axis reduction"
cpu/elementwise_reduction,reduce_sum_axis1,f64,4,"2048x2048",tenferro-trace,0.343440,0.066532,ok,"axis reduction"
cpu/elementwise_reduction,reduce_prod_axis0,f64,4,"2048x2048",tenferro-direct,0.361671,0.128763,ok,"axis reduction"
cpu/elementwise_reduction,reduce_prod_axis0,f64,4,"2048x2048",tenferro-trace,0.383931,0.141994,ok,"axis reduction"
cpu/elementwise_reduction,reduce_prod_axis1,f64,4,"2048x2048",tenferro-direct,0.379771,0.072412,ok,"axis reduction"
cpu/elementwise_reduction,reduce_prod_axis1,f64,4,"2048x2048",tenferro-trace,0.348990,0.107373,ok,"axis reduction"
cpu/indexing_layout,gather,f64,4,"262144",tenferro-direct,0.547606,0.379461,ok,"1D StableHLO-style gather"
cpu/indexing_layout,gather,f64,4,"262144",tenferro-trace,0.897505,0.035581,ok,"1D StableHLO-style gather"
cpu/indexing_layout,scatter,f64,4,"262144",tenferro-direct,1.540304,0.094543,ok,"1D StableHLO-style scatter"
cpu/indexing_layout,scatter,f64,4,"262144",tenferro-trace,1.961466,0.115294,ok,"1D StableHLO-style scatter"
cpu/indexing_layout,slice,f64,4,"4194304 -> 2096128",tenferro-direct,0.731930,0.098183,ok,"static slice"
cpu/indexing_layout,slice,f64,4,"4194304 -> 2096128",tenferro-trace,2.403498,0.259367,ok,"static slice"
cpu/indexing_layout,dynamic_slice,f64,4,"4194304 -> 2097152",tenferro-direct,0.516115,0.181755,ok,"runtime-start slice"
cpu/indexing_layout,dynamic_slice,f64,4,"4194304 -> 2097152",tenferro-trace,2.065599,0.140744,ok,"runtime-start slice"
cpu/indexing_layout,dynamic_update_slice,f64,4,"2097152",tenferro-direct,0.779352,0.079033,ok,"runtime-start update"
cpu/indexing_layout,dynamic_update_slice,f64,4,"2097152",tenferro-trace,,,unsupported,"tenferro-rs has no TracedTensor dynamic_update_slice API"
cpu/indexing_layout,pad,f64,4,"2097152",tenferro-direct,0.863785,0.072071,ok,"edge padding"
cpu/indexing_layout,pad,f64,4,"2097152",tenferro-trace,1.401650,0.320909,ok,"edge padding"
cpu/indexing_layout,concatenate,f64,4,"1048576+1048576",tenferro-direct,0.462933,0.136684,ok,"concatenate along axis 0"
cpu/indexing_layout,concatenate,f64,4,"1048576+1048576",tenferro-trace,1.197554,0.062791,ok,"concatenate along axis 0"
cpu/indexing_layout,reverse,f64,4,"2097152",tenferro-direct,0.455863,0.056082,ok,"reverse axis 0"
cpu/indexing_layout,reverse,f64,4,"2097152",tenferro-trace,1.169913,0.421123,ok,"reverse axis 0"
cpu/structural_shape,transpose,f64,4,"4096x4096",tenferro-direct,36.177348,1.339917,ok,"materialized matrix transpose"
cpu/structural_shape,transpose,f64,4,"4096x4096",tenferro-trace,35.770836,1.147553,ok,"materialized matrix transpose"
cpu/structural_shape,reshape,f64,4,"33554432 -> 8192x4096",tenferro-direct,148.647585,3.618913,ok,"materialized reshape output"
cpu/structural_shape,reshape,f64,4,"33554432 -> 8192x4096",tenferro-trace,41.947893,1.067080,ok,"materialized reshape output"
cpu/structural_shape,broadcast_in_dim,f64,4,"8192x1 -> 8192x4096",tenferro-direct,52.791803,0.758842,ok,"materialized broadcast"
cpu/structural_shape,broadcast_in_dim,f64,4,"8192x1 -> 8192x4096",tenferro-trace,53.054070,0.688239,ok,"materialized broadcast"
cpu/structural_shape,cast_f64_f32,f64->f32,4,"33554432",tenferro-direct,24.898779,0.450614,ok,"dtype cast"
cpu/structural_shape,cast_f64_f32,f64->f32,4,"33554432",tenferro-trace,94.901442,2.122021,ok,"dtype cast"
cpu/structural_shape,extract_diagonal,f64,4,"8388608x2x2 -> 8388608x2",tenferro-direct,70.313063,4.739966,ok,"batched matrix diagonal extraction"
cpu/structural_shape,extract_diagonal,f64,4,"8388608x2x2 -> 8388608x2",tenferro-trace,140.713091,3.217992,ok,"batched matrix diagonal extraction"
cpu/structural_shape,embed_diagonal,f64,4,"8192 -> 8192x8192",tenferro-direct,74.973779,0.680559,ok,"embed vector as matrix diagonal"
cpu/structural_shape,embed_diagonal,f64,4,"8192 -> 8192x8192",tenferro-trace,75.200976,1.513563,ok,"embed vector as matrix diagonal"
cpu/structural_shape,tril,f64,4,"4096x4096",tenferro-direct,21.480993,0.518585,ok,"lower triangle"
cpu/structural_shape,tril,f64,4,"4096x4096",tenferro-trace,54.079754,1.964736,ok,"lower triangle"
cpu/structural_shape,triu,f64,4,"4096x4096",tenferro-direct,20.963889,0.467733,ok,"upper triangle"
cpu/structural_shape,triu,f64,4,"4096x4096",tenferro-trace,53.446107,2.264345,ok,"upper triangle"
cpu/view_metadata,reshape_view,f64,4,"33554432 -> 8192x4096",tenferro-direct,0.000302,0.000033,ok,"metadata-only view reshape; no output-sized copy; operations_per_sample=16; median_batch_ms=0.004830; session=not_required"
cpu/view_metadata,reshape_view,f64,4,"33554432 -> 8192x4096",tenferro-trace,,,unsupported,"TensorValue view metadata APIs are concrete-only; traced tensors use graph operations"
cpu/view_metadata,transpose_view,f64,4,"4096x4096",tenferro-direct,0.000193,0.000017,ok,"metadata-only transpose view; no output-sized copy; operations_per_sample=16; median_batch_ms=0.003090; session=not_required"
cpu/view_metadata,transpose_view,f64,4,"4096x4096",tenferro-trace,,,unsupported,"TensorValue view metadata APIs are concrete-only; traced tensors use graph operations"
cpu/view_metadata,slice_view,f64,4,"4194304 -> 2096128",tenferro-direct,0.000281,0.000026,ok,"metadata-only strided slice view; no output-sized copy; operations_per_sample=16; median_batch_ms=0.004491; session=not_required"
cpu/view_metadata,slice_view,f64,4,"4194304 -> 2096128",tenferro-trace,,,unsupported,"TensorValue view metadata APIs are concrete-only; traced tensors use graph operations"
cpu/view_metadata,broadcast_in_dim_view,f64,4,"8192x1 -> 8192x4096",tenferro-direct,0.000146,0.000006,ok,"metadata-only zero-stride broadcast view; no output-sized copy; operations_per_sample=16; median_batch_ms=0.002330; session=not_required"
cpu/view_metadata,broadcast_in_dim_view,f64,4,"8192x1 -> 8192x4096",tenferro-trace,,,unsupported,"TensorValue view metadata APIs are concrete-only; traced tensors use graph operations"
cpu/output_reuse,add_into,f64,4,"33554432",tenferro-direct,13.338997,2.803521,ok,"caller-owned output"
cpu/output_reuse,add_into,f64,4,"33554432",tenferro-trace,,,unsupported,"compiled traced execution owns its output tensors; no caller-output API"
cpu/output_reuse,sub_into,f64,4,"33554432",tenferro-direct,15.606653,2.043690,ok,"caller-owned output"
cpu/output_reuse,sub_into,f64,4,"33554432",tenferro-trace,,,unsupported,"compiled traced execution owns its output tensors; no caller-output API"
cpu/output_reuse,mul_into,f64,4,"33554432",tenferro-direct,12.919425,2.299747,ok,"caller-owned output"
cpu/output_reuse,mul_into,f64,4,"33554432",tenferro-trace,,,unsupported,"compiled traced execution owns its output tensors; no caller-output API"
cpu/output_reuse,div_into,f64,4,"33554432",tenferro-direct,12.435031,1.871515,ok,"caller-owned output"
cpu/output_reuse,div_into,f64,4,"33554432",tenferro-trace,,,unsupported,"compiled traced execution owns its output tensors; no caller-output API"
cpu/output_reuse,neg_into,f64,4,"33554432",tenferro-direct,9.881697,1.464732,ok,"caller-owned output"
cpu/output_reuse,neg_into,f64,4,"33554432",tenferro-trace,,,unsupported,"compiled traced execution owns its output tensors; no caller-output API"
cpu/output_reuse,conj_into,c64,4,"16777216",tenferro-direct,10.493075,1.680189,ok,"physical conjugate into caller-owned output"
cpu/output_reuse,conj_into,c64,4,"16777216",tenferro-trace,,,unsupported,"compiled traced execution owns its output tensors; no caller-output API"
cpu/output_reuse,copy_read_into,f64,4,"33554432",tenferro-direct,10.361151,0.963138,ok,"copy into caller-owned output"
cpu/output_reuse,copy_read_into,f64,4,"33554432",tenferro-trace,,,unsupported,"compiled traced execution owns its output tensors; no caller-output API"
cpu/output_reuse,dot_general_read_into,f64,4,"1024x1024",tenferro-direct,15.093529,1.398101,ok,"matrix multiply into caller-owned output"
cpu/output_reuse,dot_general_read_into,f64,4,"1024x1024",tenferro-trace,,,unsupported,"compiled traced execution owns its output tensors; no caller-output API"
cpu/output_reuse,dot_general_read_into_accum,f64,4,"1024x1024",tenferro-direct,14.328796,1.034960,ok,"out = lhs @ rhs + out"
cpu/output_reuse,dot_general_read_into_accum,f64,4,"1024x1024",tenferro-trace,,,unsupported,"compiled traced execution owns its output tensors; no caller-output API"
cpu/einsum_concrete,einsum_ij_jk_ik,f64,4,"1024x1024",tenferro-direct,14.768940,0.986899,ok,"TensorEinsumExt allocation-returning API"
cpu/einsum_concrete,einsum_ij_jk_ik,f64,4,"1024x1024",tenferro-trace,,,unsupported,"TensorEinsumExt is a concrete Tensor API; traced einsum is measured by cpu/einsum"
cpu/linalg_uncovered,cholesky,f64,4,"1536x1536",tenferro-direct,16.503999,0.675540,ok,"SPD input"
cpu/linalg_uncovered,cholesky,f64,4,"1536x1536",tenferro-trace,19.810536,9.341131,ok,"SPD input"
cpu/linalg_uncovered,eig,f64,4,"160x160",tenferro-direct,11.386981,1.180605,ok,"general input"
cpu/linalg_uncovered,eig,f64,4,"160x160",tenferro-trace,11.989109,0.902596,ok,"general input"
cpu/linalg_uncovered,eigvals,f64,4,"192x192",tenferro-direct,10.685680,0.202175,ok,"general input values only"
cpu/linalg_uncovered,eigvals,f64,4,"192x192",tenferro-trace,11.511025,0.763273,ok,"general input values only"
cpu/linalg_uncovered,eigvalsh,f64,4,"512x512",tenferro-direct,15.813030,0.146835,ok,"SPD input values only"
cpu/linalg_uncovered,eigvalsh,f64,4,"512x512",tenferro-trace,15.381347,1.704680,ok,"SPD input values only"
cpu/linalg_uncovered,triangular_solve,f64,4,"4096x4096,rhs=64",tenferro-direct,16.419467,0.345830,ok,"lower-triangular solve"
cpu/linalg_uncovered,triangular_solve,f64,4,"4096x4096,rhs=64",tenferro-trace,52.370393,2.091632,ok,"lower-triangular solve"
cpu/linalg_uncovered,det,f64,4,"1024x1024",tenferro-direct,9.862257,0.147165,ok,"well-conditioned input"
cpu/linalg_uncovered,det,f64,4,"1024x1024",tenferro-trace,10.078714,0.754623,ok,"well-conditioned input"
cpu/linalg_uncovered,slogdet,f64,4,"1024x1024",tenferro-direct,9.821365,0.332530,ok,"well-conditioned input"
cpu/linalg_uncovered,slogdet,f64,4,"1024x1024",tenferro-trace,10.195316,0.847204,ok,"well-conditioned input"
cpu/linalg_uncovered,inv,f64,4,"768x768",tenferro-direct,15.828690,0.610727,ok,"well-conditioned input"
cpu/linalg_uncovered,inv,f64,4,"768x768",tenferro-trace,16.965284,4.940093,ok,"well-conditioned input"
cpu/linalg_uncovered,pinv,f64,4,"512x256",tenferro-direct,14.516902,0.355490,ok,"rectangular input"
cpu/linalg_uncovered,pinv,f64,4,"512x256",tenferro-trace,16.493449,1.492534,ok,"rectangular input"
cpu/linalg_uncovered,pinv_with_rtol,f64,4,"512x256",tenferro-direct,14.348728,0.232677,ok,"rectangular input; rtol=1e-12"
cpu/linalg_uncovered,pinv_with_rtol,f64,4,"512x256",tenferro-trace,16.433038,1.970147,ok,"rectangular input; rtol=1e-12"
cpu/linalg_uncovered,lu,f64,4,"1024x1024",tenferro-direct,10.102184,0.291139,ok,"partial-pivot LU"
cpu/linalg_uncovered,lu,f64,4,"1024x1024",tenferro-trace,11.281968,4.441960,ok,"partial-pivot LU"
cpu/linalg_uncovered,lstsq,f64,4,"768x384,rhs=16",tenferro-eager,11.592037,0.818974,ok,"tall full-column-rank QR least-squares solve"
cpu/linalg_uncovered,lstsq,f64,4,"768x384,rhs=16",tenferro-trace,10.782564,0.960758,ok,"tall full-column-rank QR least-squares solve"
cpu/linalg_uncovered,svd_full,f64,4,"768x384",tenferro-eager,35.642857,2.111140,ok,"full-matrices SVD; unsupported providers are reported explicitly"
cpu/linalg_uncovered,svd_full,f64,4,"768x384",tenferro-trace,36.920515,1.848523,ok,"full-matrices SVD; unsupported providers are reported explicitly"
cpu/linalg_uncovered,norm_fro,f64,4,"2048x2048",tenferro-direct,0.251848,0.103683,ok,"Frobenius norm"
cpu/linalg_uncovered,norm_fro,f64,4,"2048x2048",tenferro-trace,0.425843,0.133253,ok,"Frobenius norm"
cpu/linalg_batched,batched_lu_factor,f64,4,"1024x2x2,rhs=1",tenferro-direct,0.062722,0.001160,ok,"packed LU factorization only (LinalgBackend::lu_factor)"
cpu/linalg_batched,batched_lu_factor,f64,4,"1024x2x2,rhs=1",tenferro-trace,,,unsupported,"LinalgOp is not public, so a trace cannot hold a bare LuFactor or LuSolvePrepared; traced solve (LuFactor plus LuSolvePrepared) and its backward are measured by cpu/cpu_ops batched_solve and grad_sum_batched_solve_backward"
cpu/linalg_batched,batched_lu_factor,f64,4,"1024x4x4,rhs=1",tenferro-direct,0.062932,0.000360,ok,"packed LU factorization only (LinalgBackend::lu_factor)"
cpu/linalg_batched,batched_lu_factor,f64,4,"1024x4x4,rhs=1",tenferro-trace,,,unsupported,"LinalgOp is not public, so a trace cannot hold a bare LuFactor or LuSolvePrepared; traced solve (LuFactor plus LuSolvePrepared) and its backward are measured by cpu/cpu_ops batched_solve and grad_sum_batched_solve_backward"
cpu/linalg_batched,batched_lu_factor,f64,4,"1024x8x8,rhs=1",tenferro-direct,0.231317,0.002960,ok,"packed LU factorization only (LinalgBackend::lu_factor)"
cpu/linalg_batched,batched_lu_factor,f64,4,"1024x8x8,rhs=1",tenferro-trace,,,unsupported,"LinalgOp is not public, so a trace cannot hold a bare LuFactor or LuSolvePrepared; traced solve (LuFactor plus LuSolvePrepared) and its backward are measured by cpu/cpu_ops batched_solve and grad_sum_batched_solve_backward"
cpu/linalg_batched,batched_lu_factor,f64,4,"1024x16x16,rhs=1",tenferro-direct,0.956068,0.002620,ok,"packed LU factorization only (LinalgBackend::lu_factor)"
cpu/linalg_batched,batched_lu_factor,f64,4,"1024x16x16,rhs=1",tenferro-trace,,,unsupported,"LinalgOp is not public, so a trace cannot hold a bare LuFactor or LuSolvePrepared; traced solve (LuFactor plus LuSolvePrepared) and its backward are measured by cpu/cpu_ops batched_solve and grad_sum_batched_solve_backward"
cpu/linalg_batched,batched_lu_solve,f64,4,"1024x2x2,rhs=1",tenferro-direct,0.041221,0.000200,ok,"solve with prepared LU factors (LinalgBackend::lu_solve_prepared)"
cpu/linalg_batched,batched_lu_solve,f64,4,"1024x2x2,rhs=1",tenferro-trace,,,unsupported,"LinalgOp is not public, so a trace cannot hold a bare LuFactor or LuSolvePrepared; traced solve (LuFactor plus LuSolvePrepared) and its backward are measured by cpu/cpu_ops batched_solve and grad_sum_batched_solve_backward"
cpu/linalg_batched,batched_lu_solve,f64,4,"1024x4x4,rhs=1",tenferro-direct,0.070402,0.000310,ok,"solve with prepared LU factors (LinalgBackend::lu_solve_prepared)"
cpu/linalg_batched,batched_lu_solve,f64,4,"1024x4x4,rhs=1",tenferro-trace,,,unsupported,"LinalgOp is not public, so a trace cannot hold a bare LuFactor or LuSolvePrepared; traced solve (LuFactor plus LuSolvePrepared) and its backward are measured by cpu/cpu_ops batched_solve and grad_sum_batched_solve_backward"
cpu/linalg_batched,batched_lu_solve,f64,4,"1024x8x8,rhs=1",tenferro-direct,0.208686,0.000951,ok,"solve with prepared LU factors (LinalgBackend::lu_solve_prepared)"
cpu/linalg_batched,batched_lu_solve,f64,4,"1024x8x8,rhs=1",tenferro-trace,,,unsupported,"LinalgOp is not public, so a trace cannot hold a bare LuFactor or LuSolvePrepared; traced solve (LuFactor plus LuSolvePrepared) and its backward are measured by cpu/cpu_ops batched_solve and grad_sum_batched_solve_backward"
cpu/linalg_batched,batched_lu_solve,f64,4,"1024x16x16,rhs=1",tenferro-direct,0.332190,0.007490,ok,"solve with prepared LU factors (LinalgBackend::lu_solve_prepared)"
cpu/linalg_batched,batched_lu_solve,f64,4,"1024x16x16,rhs=1",tenferro-trace,,,unsupported,"LinalgOp is not public, so a trace cannot hold a bare LuFactor or LuSolvePrepared; traced solve (LuFactor plus LuSolvePrepared) and its backward are measured by cpu/cpu_ops batched_solve and grad_sum_batched_solve_backward"
cpu/linalg_batched,batched_triangular_solve,f64,4,"1024x2x2,rhs=1",tenferro-direct,0.088603,0.000269,ok,"lower-triangular solve (TensorLinalgExt::triangular_solve)"
cpu/linalg_batched,batched_triangular_solve,f64,4,"1024x2x2,rhs=1",tenferro-trace,0.131743,0.025761,ok,"lower-triangular solve (TensorLinalgExt::triangular_solve)"
cpu/linalg_batched,batched_triangular_solve,f64,4,"1024x4x4,rhs=1",tenferro-direct,0.097893,0.001460,ok,"lower-triangular solve (TensorLinalgExt::triangular_solve)"
cpu/linalg_batched,batched_triangular_solve,f64,4,"1024x4x4,rhs=1",tenferro-trace,0.165775,0.028331,ok,"lower-triangular solve (TensorLinalgExt::triangular_solve)"
cpu/linalg_batched,batched_triangular_solve,f64,4,"1024x8x8,rhs=1",tenferro-direct,0.127614,0.005670,ok,"lower-triangular solve (TensorLinalgExt::triangular_solve)"
cpu/linalg_batched,batched_triangular_solve,f64,4,"1024x8x8,rhs=1",tenferro-trace,0.214486,0.044371,ok,"lower-triangular solve (TensorLinalgExt::triangular_solve)"
cpu/linalg_batched,batched_triangular_solve,f64,4,"1024x16x16,rhs=1",tenferro-direct,0.197826,0.005021,ok,"lower-triangular solve (TensorLinalgExt::triangular_solve)"
cpu/linalg_batched,batched_triangular_solve,f64,4,"1024x16x16,rhs=1",tenferro-trace,0.474974,0.085093,ok,"lower-triangular solve (TensorLinalgExt::triangular_solve)"
cpu/linalg_batch_families,batched_solve,f64,4,"1x2x2,rhs=1",tenferro-direct,0.001850,0.000081,ok,"general solve, one rhs column (TensorLinalgExt::solve)"
cpu/linalg_batch_families,batched_solve,f64,4,"1x2x2,rhs=1",tenferro-trace,0.038591,0.013391,ok,"general solve, one rhs column (TensorLinalgExt::solve)"
cpu/linalg_batch_families,batched_solve,f64,4,"3x2x2,rhs=1",tenferro-direct,0.002361,0.000110,ok,"general solve, one rhs column (TensorLinalgExt::solve)"
cpu/linalg_batch_families,batched_solve,f64,4,"3x2x2,rhs=1",tenferro-trace,0.040391,0.007860,ok,"general solve, one rhs column (TensorLinalgExt::solve)"
cpu/linalg_batch_families,batched_solve,f64,4,"4x2x2,rhs=1",tenferro-direct,0.001990,0.000070,ok,"general solve, one rhs column (TensorLinalgExt::solve)"
cpu/linalg_batch_families,batched_solve,f64,4,"4x2x2,rhs=1",tenferro-trace,0.040111,0.004371,ok,"general solve, one rhs column (TensorLinalgExt::solve)"
cpu/linalg_batch_families,batched_solve,f64,4,"8x2x2,rhs=1",tenferro-direct,0.002310,0.000090,ok,"general solve, one rhs column (TensorLinalgExt::solve)"
cpu/linalg_batch_families,batched_solve,f64,4,"8x2x2,rhs=1",tenferro-trace,0.040951,0.003991,ok,"general solve, one rhs column (TensorLinalgExt::solve)"
cpu/linalg_batch_families,batched_solve,f64,4,"1024x2x2,rhs=1",tenferro-direct,0.093962,0.007091,ok,"general solve, one rhs column (TensorLinalgExt::solve)"
cpu/linalg_batch_families,batched_solve,f64,4,"1024x2x2,rhs=1",tenferro-trace,0.116873,0.016420,ok,"general solve, one rhs column (TensorLinalgExt::solve)"
cpu/linalg_batch_families,batched_solve,f64,4,"1x4x4,rhs=1",tenferro-direct,0.002221,0.000070,ok,"general solve, one rhs column (TensorLinalgExt::solve)"
cpu/linalg_batch_families,batched_solve,f64,4,"1x4x4,rhs=1",tenferro-trace,0.037091,0.003861,ok,"general solve, one rhs column (TensorLinalgExt::solve)"
cpu/linalg_batch_families,batched_solve,f64,4,"3x4x4,rhs=1",tenferro-direct,0.002050,0.000080,ok,"general solve, one rhs column (TensorLinalgExt::solve)"
cpu/linalg_batch_families,batched_solve,f64,4,"3x4x4,rhs=1",tenferro-trace,0.039991,0.004620,ok,"general solve, one rhs column (TensorLinalgExt::solve)"
cpu/linalg_batch_families,batched_solve,f64,4,"4x4x4,rhs=1",tenferro-direct,0.002140,0.000190,ok,"general solve, one rhs column (TensorLinalgExt::solve)"
cpu/linalg_batch_families,batched_solve,f64,4,"4x4x4,rhs=1",tenferro-trace,0.038611,0.008120,ok,"general solve, one rhs column (TensorLinalgExt::solve)"
cpu/linalg_batch_families,batched_solve,f64,4,"8x4x4,rhs=1",tenferro-direct,0.003491,0.001650,ok,"general solve, one rhs column (TensorLinalgExt::solve)"
cpu/linalg_batch_families,batched_solve,f64,4,"8x4x4,rhs=1",tenferro-trace,0.039341,0.004710,ok,"general solve, one rhs column (TensorLinalgExt::solve)"
cpu/linalg_batch_families,batched_solve,f64,4,"1024x4x4,rhs=1",tenferro-direct,0.140864,0.000750,ok,"general solve, one rhs column (TensorLinalgExt::solve)"
cpu/linalg_batch_families,batched_solve,f64,4,"1024x4x4,rhs=1",tenferro-trace,0.159914,0.028571,ok,"general solve, one rhs column (TensorLinalgExt::solve)"
cpu/linalg_batch_families,batched_solve,f64,4,"1x8x8,rhs=1",tenferro-direct,0.002660,0.000260,ok,"general solve, one rhs column (TensorLinalgExt::solve)"
cpu/linalg_batch_families,batched_solve,f64,4,"1x8x8,rhs=1",tenferro-trace,0.038131,0.003080,ok,"general solve, one rhs column (TensorLinalgExt::solve)"
cpu/linalg_batch_families,batched_solve,f64,4,"3x8x8,rhs=1",tenferro-direct,0.002960,0.001720,ok,"general solve, one rhs column (TensorLinalgExt::solve)"
cpu/linalg_batch_families,batched_solve,f64,4,"3x8x8,rhs=1",tenferro-trace,0.039661,0.005501,ok,"general solve, one rhs column (TensorLinalgExt::solve)"
cpu/linalg_batch_families,batched_solve,f64,4,"4x8x8,rhs=1",tenferro-direct,0.003400,0.001570,ok,"general solve, one rhs column (TensorLinalgExt::solve)"
cpu/linalg_batch_families,batched_solve,f64,4,"4x8x8,rhs=1",tenferro-trace,0.039721,0.004250,ok,"general solve, one rhs column (TensorLinalgExt::solve)"
cpu/linalg_batch_families,batched_solve,f64,4,"8x8x8,rhs=1",tenferro-direct,0.005140,0.001970,ok,"general solve, one rhs column (TensorLinalgExt::solve)"
cpu/linalg_batch_families,batched_solve,f64,4,"8x8x8,rhs=1",tenferro-trace,0.040591,0.004550,ok,"general solve, one rhs column (TensorLinalgExt::solve)"
cpu/linalg_batch_families,batched_solve,f64,4,"1024x8x8,rhs=1",tenferro-direct,0.456733,0.005039,ok,"general solve, one rhs column (TensorLinalgExt::solve)"
cpu/linalg_batch_families,batched_solve,f64,4,"1024x8x8,rhs=1",tenferro-trace,0.502485,0.075903,ok,"general solve, one rhs column (TensorLinalgExt::solve)"
cpu/linalg_batch_families,batched_solve,f64,4,"1x32x32,rhs=1",tenferro-direct,0.009640,0.000091,ok,"general solve, one rhs column (TensorLinalgExt::solve)"
cpu/linalg_batch_families,batched_solve,f64,4,"1x32x32,rhs=1",tenferro-trace,0.054521,0.010291,ok,"general solve, one rhs column (TensorLinalgExt::solve)"
cpu/linalg_batch_families,batched_solve,f64,4,"8x32x32,rhs=1",tenferro-direct,0.078622,0.000251,ok,"general solve, one rhs column (TensorLinalgExt::solve)"
cpu/linalg_batch_families,batched_solve,f64,4,"8x32x32,rhs=1",tenferro-trace,0.112704,0.041092,ok,"general solve, one rhs column (TensorLinalgExt::solve)"
cpu/linalg_batch_families,batched_solve,f64,4,"1x128x128,rhs=1",tenferro-direct,0.106983,0.000360,ok,"general solve, one rhs column (TensorLinalgExt::solve)"
cpu/linalg_batch_families,batched_solve,f64,4,"1x128x128,rhs=1",tenferro-trace,0.185796,0.047192,ok,"general solve, one rhs column (TensorLinalgExt::solve)"
cpu/linalg_batch_families,batched_solve,f64,4,"8x128x128,rhs=1",tenferro-direct,0.843824,0.002231,ok,"general solve, one rhs column (TensorLinalgExt::solve)"
cpu/linalg_batch_families,batched_solve,f64,4,"8x128x128,rhs=1",tenferro-trace,0.988938,0.026451,ok,"general solve, one rhs column (TensorLinalgExt::solve)"
cpu/linalg_batch_families,batched_cholesky,f64,4,"1x2x2",tenferro-direct,0.001160,0.000040,ok,"SPD Cholesky (TensorLinalgExt::cholesky)"
cpu/linalg_batch_families,batched_cholesky,f64,4,"1x2x2",tenferro-trace,0.031321,0.003960,ok,"SPD Cholesky (TensorLinalgExt::cholesky)"
cpu/linalg_batch_families,batched_cholesky,f64,4,"3x2x2",tenferro-direct,0.001060,0.000200,ok,"SPD Cholesky (TensorLinalgExt::cholesky)"
cpu/linalg_batch_families,batched_cholesky,f64,4,"3x2x2",tenferro-trace,0.035461,0.004330,ok,"SPD Cholesky (TensorLinalgExt::cholesky)"
cpu/linalg_batch_families,batched_cholesky,f64,4,"4x2x2",tenferro-direct,0.001400,0.000119,ok,"SPD Cholesky (TensorLinalgExt::cholesky)"
cpu/linalg_batch_families,batched_cholesky,f64,4,"4x2x2",tenferro-trace,0.036401,0.004250,ok,"SPD Cholesky (TensorLinalgExt::cholesky)"
cpu/linalg_batch_families,batched_cholesky,f64,4,"8x2x2",tenferro-direct,0.001350,0.000310,ok,"SPD Cholesky (TensorLinalgExt::cholesky)"
cpu/linalg_batch_families,batched_cholesky,f64,4,"8x2x2",tenferro-trace,0.036751,0.006160,ok,"SPD Cholesky (TensorLinalgExt::cholesky)"
cpu/linalg_batch_families,batched_cholesky,f64,4,"1024x2x2",tenferro-direct,0.060982,0.000030,ok,"SPD Cholesky (TensorLinalgExt::cholesky)"
cpu/linalg_batch_families,batched_cholesky,f64,4,"1024x2x2",tenferro-trace,0.102103,0.007700,ok,"SPD Cholesky (TensorLinalgExt::cholesky)"
cpu/linalg_batch_families,batched_cholesky,f64,4,"1x4x4",tenferro-direct,0.001230,0.000060,ok,"SPD Cholesky (TensorLinalgExt::cholesky)"
cpu/linalg_batch_families,batched_cholesky,f64,4,"1x4x4",tenferro-trace,0.034461,0.003740,ok,"SPD Cholesky (TensorLinalgExt::cholesky)"
cpu/linalg_batch_families,batched_cholesky,f64,4,"3x4x4",tenferro-direct,0.001501,0.000120,ok,"SPD Cholesky (TensorLinalgExt::cholesky)"
cpu/linalg_batch_families,batched_cholesky,f64,4,"3x4x4",tenferro-trace,0.038521,0.006190,ok,"SPD Cholesky (TensorLinalgExt::cholesky)"
cpu/linalg_batch_families,batched_cholesky,f64,4,"4x4x4",tenferro-direct,0.001320,0.000070,ok,"SPD Cholesky (TensorLinalgExt::cholesky)"
cpu/linalg_batch_families,batched_cholesky,f64,4,"4x4x4",tenferro-trace,0.035311,0.002600,ok,"SPD Cholesky (TensorLinalgExt::cholesky)"
cpu/linalg_batch_families,batched_cholesky,f64,4,"8x4x4",tenferro-direct,0.001730,0.000150,ok,"SPD Cholesky (TensorLinalgExt::cholesky)"
cpu/linalg_batch_families,batched_cholesky,f64,4,"8x4x4",tenferro-trace,0.036261,0.007081,ok,"SPD Cholesky (TensorLinalgExt::cholesky)"
cpu/linalg_batch_families,batched_cholesky,f64,4,"1024x4x4",tenferro-direct,0.110373,0.001000,ok,"SPD Cholesky (TensorLinalgExt::cholesky)"
cpu/linalg_batch_families,batched_cholesky,f64,4,"1024x4x4",tenferro-trace,0.153754,0.008521,ok,"SPD Cholesky (TensorLinalgExt::cholesky)"
cpu/linalg_batch_families,batched_cholesky,f64,4,"1x8x8",tenferro-direct,0.001460,0.000151,ok,"SPD Cholesky (TensorLinalgExt::cholesky)"
cpu/linalg_batch_families,batched_cholesky,f64,4,"1x8x8",tenferro-trace,0.038331,0.012210,ok,"SPD Cholesky (TensorLinalgExt::cholesky)"
cpu/linalg_batch_families,batched_cholesky,f64,4,"3x8x8",tenferro-direct,0.002240,0.000160,ok,"SPD Cholesky (TensorLinalgExt::cholesky)"
cpu/linalg_batch_families,batched_cholesky,f64,4,"3x8x8",tenferro-trace,0.036581,0.003230,ok,"SPD Cholesky (TensorLinalgExt::cholesky)"
cpu/linalg_batch_families,batched_cholesky,f64,4,"4x8x8",tenferro-direct,0.002110,0.000140,ok,"SPD Cholesky (TensorLinalgExt::cholesky)"
cpu/linalg_batch_families,batched_cholesky,f64,4,"4x8x8",tenferro-trace,0.036252,0.004160,ok,"SPD Cholesky (TensorLinalgExt::cholesky)"
cpu/linalg_batch_families,batched_cholesky,f64,4,"8x8x8",tenferro-direct,0.003121,0.000170,ok,"SPD Cholesky (TensorLinalgExt::cholesky)"
cpu/linalg_batch_families,batched_cholesky,f64,4,"8x8x8",tenferro-trace,0.038101,0.005760,ok,"SPD Cholesky (TensorLinalgExt::cholesky)"
cpu/linalg_batch_families,batched_cholesky,f64,4,"1024x8x8",tenferro-direct,0.272658,0.003250,ok,"SPD Cholesky (TensorLinalgExt::cholesky)"
cpu/linalg_batch_families,batched_cholesky,f64,4,"1024x8x8",tenferro-trace,0.354110,0.011000,ok,"SPD Cholesky (TensorLinalgExt::cholesky)"
cpu/linalg_batch_families,batched_cholesky,f64,4,"1x32x32",tenferro-direct,0.005520,0.000219,ok,"SPD Cholesky (TensorLinalgExt::cholesky)"
cpu/linalg_batch_families,batched_cholesky,f64,4,"1x32x32",tenferro-trace,0.041842,0.005151,ok,"SPD Cholesky (TensorLinalgExt::cholesky)"
cpu/linalg_batch_families,batched_cholesky,f64,4,"8x32x32",tenferro-direct,0.026360,0.000280,ok,"SPD Cholesky (TensorLinalgExt::cholesky)"
cpu/linalg_batch_families,batched_cholesky,f64,4,"8x32x32",tenferro-trace,0.068872,0.009680,ok,"SPD Cholesky (TensorLinalgExt::cholesky)"
cpu/linalg_batch_families,batched_cholesky,f64,4,"1x128x128",tenferro-direct,0.087673,0.021280,ok,"SPD Cholesky (TensorLinalgExt::cholesky)"
cpu/linalg_batch_families,batched_cholesky,f64,4,"1x128x128",tenferro-trace,0.151245,0.020980,ok,"SPD Cholesky (TensorLinalgExt::cholesky)"
cpu/linalg_batch_families,batched_cholesky,f64,4,"8x128x128",tenferro-direct,0.701830,0.164445,ok,"SPD Cholesky (TensorLinalgExt::cholesky)"
cpu/linalg_batch_families,batched_cholesky,f64,4,"8x128x128",tenferro-trace,0.886816,0.021290,ok,"SPD Cholesky (TensorLinalgExt::cholesky)"
cpu/linalg_batch_families,batched_qr,f64,4,"1x2x2",tenferro-direct,0.002290,0.000080,ok,"thin QR (TensorLinalgExt::qr)"
cpu/linalg_batch_families,batched_qr,f64,4,"1x2x2",tenferro-trace,0.065382,0.005860,ok,"thin QR (TensorLinalgExt::qr)"
cpu/linalg_batch_families,batched_qr,f64,4,"3x2x2",tenferro-direct,0.003051,0.000230,ok,"thin QR (TensorLinalgExt::qr)"
cpu/linalg_batch_families,batched_qr,f64,4,"3x2x2",tenferro-trace,0.067572,0.004090,ok,"thin QR (TensorLinalgExt::qr)"
cpu/linalg_batch_families,batched_qr,f64,4,"4x2x2",tenferro-direct,0.003320,0.000910,ok,"thin QR (TensorLinalgExt::qr)"
cpu/linalg_batch_families,batched_qr,f64,4,"4x2x2",tenferro-trace,0.071232,0.008780,ok,"thin QR (TensorLinalgExt::qr)"
cpu/linalg_batch_families,batched_qr,f64,4,"8x2x2",tenferro-direct,0.004680,0.002449,ok,"thin QR (TensorLinalgExt::qr)"
cpu/linalg_batch_families,batched_qr,f64,4,"8x2x2",tenferro-trace,0.072352,0.003181,ok,"thin QR (TensorLinalgExt::qr)"
cpu/linalg_batch_families,batched_qr,f64,4,"1024x2x2",tenferro-direct,0.322040,0.004240,ok,"thin QR (TensorLinalgExt::qr)"
cpu/linalg_batch_families,batched_qr,f64,4,"1024x2x2",tenferro-trace,0.335380,0.064533,ok,"thin QR (TensorLinalgExt::qr)"
cpu/linalg_batch_families,batched_qr,f64,4,"1x4x4",tenferro-direct,0.002870,0.002530,ok,"thin QR (TensorLinalgExt::qr)"
cpu/linalg_batch_families,batched_qr,f64,4,"1x4x4",tenferro-trace,0.067522,0.005260,ok,"thin QR (TensorLinalgExt::qr)"
cpu/linalg_batch_families,batched_qr,f64,4,"3x4x4",tenferro-direct,0.004240,0.001610,ok,"thin QR (TensorLinalgExt::qr)"
cpu/linalg_batch_families,batched_qr,f64,4,"3x4x4",tenferro-trace,0.069662,0.011290,ok,"thin QR (TensorLinalgExt::qr)"
cpu/linalg_batch_families,batched_qr,f64,4,"4x4x4",tenferro-direct,0.004881,0.001589,ok,"thin QR (TensorLinalgExt::qr)"
cpu/linalg_batch_families,batched_qr,f64,4,"4x4x4",tenferro-trace,0.069342,0.005260,ok,"thin QR (TensorLinalgExt::qr)"
cpu/linalg_batch_families,batched_qr,f64,4,"8x4x4",tenferro-direct,0.007850,0.002571,ok,"thin QR (TensorLinalgExt::qr)"
cpu/linalg_batch_families,batched_qr,f64,4,"8x4x4",tenferro-trace,0.072612,0.011860,ok,"thin QR (TensorLinalgExt::qr)"
cpu/linalg_batch_families,batched_qr,f64,4,"1024x4x4",tenferro-direct,0.733222,0.008001,ok,"thin QR (TensorLinalgExt::qr)"
cpu/linalg_batch_families,batched_qr,f64,4,"1024x4x4",tenferro-trace,0.663949,0.026040,ok,"thin QR (TensorLinalgExt::qr)"
cpu/linalg_batch_families,batched_qr,f64,4,"1x8x8",tenferro-direct,0.003790,0.000151,ok,"thin QR (TensorLinalgExt::qr)"
cpu/linalg_batch_families,batched_qr,f64,4,"1x8x8",tenferro-trace,0.066472,0.010820,ok,"thin QR (TensorLinalgExt::qr)"
cpu/linalg_batch_families,batched_qr,f64,4,"3x8x8",tenferro-direct,0.005851,0.001410,ok,"thin QR (TensorLinalgExt::qr)"
cpu/linalg_batch_families,batched_qr,f64,4,"3x8x8",tenferro-trace,0.071082,0.005580,ok,"thin QR (TensorLinalgExt::qr)"
cpu/linalg_batch_families,batched_qr,f64,4,"4x8x8",tenferro-direct,0.009160,0.002591,ok,"thin QR (TensorLinalgExt::qr)"
cpu/linalg_batch_families,batched_qr,f64,4,"4x8x8",tenferro-trace,0.072393,0.005071,ok,"thin QR (TensorLinalgExt::qr)"
cpu/linalg_batch_families,batched_qr,f64,4,"8x8x8",tenferro-direct,0.015460,0.000190,ok,"thin QR (TensorLinalgExt::qr)"
cpu/linalg_batch_families,batched_qr,f64,4,"8x8x8",tenferro-trace,0.078492,0.007440,ok,"thin QR (TensorLinalgExt::qr)"
cpu/linalg_batch_families,batched_qr,f64,4,"1024x8x8",tenferro-direct,1.372210,0.192876,ok,"thin QR (TensorLinalgExt::qr)"
cpu/linalg_batch_families,batched_qr,f64,4,"1024x8x8",tenferro-trace,1.718510,0.619449,ok,"thin QR (TensorLinalgExt::qr)"
cpu/linalg_batch_families,batched_qr,f64,4,"1x32x32",tenferro-direct,0.023470,0.003121,ok,"thin QR (TensorLinalgExt::qr)"
cpu/linalg_batch_families,batched_qr,f64,4,"1x32x32",tenferro-trace,0.083123,0.040332,ok,"thin QR (TensorLinalgExt::qr)"
cpu/linalg_batch_families,batched_qr,f64,4,"8x32x32",tenferro-direct,0.138574,0.010680,ok,"thin QR (TensorLinalgExt::qr)"
cpu/linalg_batch_families,batched_qr,f64,4,"8x32x32",tenferro-trace,0.224676,0.029051,ok,"thin QR (TensorLinalgExt::qr)"
cpu/linalg_batch_families,batched_qr,f64,4,"1x128x128",tenferro-direct,0.613898,0.009700,ok,"thin QR (TensorLinalgExt::qr)"
cpu/linalg_batch_families,batched_qr,f64,4,"1x128x128",tenferro-trace,0.916457,0.055082,ok,"thin QR (TensorLinalgExt::qr)"
cpu/linalg_batch_families,batched_qr,f64,4,"8x128x128",tenferro-direct,4.757048,0.024561,ok,"thin QR (TensorLinalgExt::qr)"
cpu/linalg_batch_families,batched_qr,f64,4,"8x128x128",tenferro-trace,5.077848,0.903316,ok,"thin QR (TensorLinalgExt::qr)"
cpu/linalg_batch_families,batched_qr,f64,4,"1x64x24",tenferro-direct,0.029561,0.006470,ok,"thin QR (TensorLinalgExt::qr)"
cpu/linalg_batch_families,batched_qr,f64,4,"1x64x24",tenferro-trace,0.061631,0.059263,ok,"thin QR (TensorLinalgExt::qr)"
cpu/linalg_batch_families,batched_eigh,f64,4,"1x2x2",tenferro-direct,0.002860,0.000390,ok,"symmetric/Hermitian eigendecomposition (TensorLinalgExt::eigh)"
cpu/linalg_batch_families,batched_eigh,f64,4,"1x2x2",tenferro-trace,0.037501,0.008190,ok,"symmetric/Hermitian eigendecomposition (TensorLinalgExt::eigh)"
cpu/linalg_batch_families,batched_eigh,f64,4,"3x2x2",tenferro-direct,0.003540,0.000150,ok,"symmetric/Hermitian eigendecomposition (TensorLinalgExt::eigh)"
cpu/linalg_batch_families,batched_eigh,f64,4,"3x2x2",tenferro-trace,0.045562,0.005511,ok,"symmetric/Hermitian eigendecomposition (TensorLinalgExt::eigh)"
cpu/linalg_batch_families,batched_eigh,f64,4,"4x2x2",tenferro-direct,0.004140,0.000150,ok,"symmetric/Hermitian eigendecomposition (TensorLinalgExt::eigh)"
cpu/linalg_batch_families,batched_eigh,f64,4,"4x2x2",tenferro-trace,0.051202,0.004600,ok,"symmetric/Hermitian eigendecomposition (TensorLinalgExt::eigh)"
cpu/linalg_batch_families,batched_eigh,f64,4,"8x2x2",tenferro-direct,0.007020,0.001870,ok,"symmetric/Hermitian eigendecomposition (TensorLinalgExt::eigh)"
cpu/linalg_batch_families,batched_eigh,f64,4,"8x2x2",tenferro-trace,0.045551,0.009201,ok,"symmetric/Hermitian eigendecomposition (TensorLinalgExt::eigh)"
cpu/linalg_batch_families,batched_eigh,f64,4,"1024x2x2",tenferro-direct,0.669459,0.004330,ok,"symmetric/Hermitian eigendecomposition (TensorLinalgExt::eigh)"
cpu/linalg_batch_families,batched_eigh,f64,4,"1024x2x2",tenferro-trace,0.727322,0.039741,ok,"symmetric/Hermitian eigendecomposition (TensorLinalgExt::eigh)"
cpu/linalg_batch_families,batched_eigh,f64,4,"1x4x4",tenferro-direct,0.003920,0.000420,ok,"symmetric/Hermitian eigendecomposition (TensorLinalgExt::eigh)"
cpu/linalg_batch_families,batched_eigh,f64,4,"1x4x4",tenferro-trace,0.043891,0.015501,ok,"symmetric/Hermitian eigendecomposition (TensorLinalgExt::eigh)"
cpu/linalg_batch_families,batched_eigh,f64,4,"3x4x4",tenferro-direct,0.008110,0.001910,ok,"symmetric/Hermitian eigendecomposition (TensorLinalgExt::eigh)"
cpu/linalg_batch_families,batched_eigh,f64,4,"3x4x4",tenferro-trace,0.053951,0.005060,ok,"symmetric/Hermitian eigendecomposition (TensorLinalgExt::eigh)"
cpu/linalg_batch_families,batched_eigh,f64,4,"4x4x4",tenferro-direct,0.012630,0.000289,ok,"symmetric/Hermitian eigendecomposition (TensorLinalgExt::eigh)"
cpu/linalg_batch_families,batched_eigh,f64,4,"4x4x4",tenferro-trace,0.049292,0.014281,ok,"symmetric/Hermitian eigendecomposition (TensorLinalgExt::eigh)"
cpu/linalg_batch_families,batched_eigh,f64,4,"8x4x4",tenferro-direct,0.018091,0.000321,ok,"symmetric/Hermitian eigendecomposition (TensorLinalgExt::eigh)"
cpu/linalg_batch_families,batched_eigh,f64,4,"8x4x4",tenferro-trace,0.062812,0.004370,ok,"symmetric/Hermitian eigendecomposition (TensorLinalgExt::eigh)"
cpu/linalg_batch_families,batched_eigh,f64,4,"1024x4x4",tenferro-direct,2.166183,0.003090,ok,"symmetric/Hermitian eigendecomposition (TensorLinalgExt::eigh)"
cpu/linalg_batch_families,batched_eigh,f64,4,"1024x4x4",tenferro-trace,2.362049,0.555397,ok,"symmetric/Hermitian eigendecomposition (TensorLinalgExt::eigh)"
cpu/linalg_batch_families,batched_eigh,f64,4,"1x8x8",tenferro-direct,0.008860,0.000730,ok,"symmetric/Hermitian eigendecomposition (TensorLinalgExt::eigh)"
cpu/linalg_batch_families,batched_eigh,f64,4,"1x8x8",tenferro-trace,0.047271,0.021530,ok,"symmetric/Hermitian eigendecomposition (TensorLinalgExt::eigh)"
cpu/linalg_batch_families,batched_eigh,f64,4,"3x8x8",tenferro-direct,0.023011,0.000730,ok,"symmetric/Hermitian eigendecomposition (TensorLinalgExt::eigh)"
cpu/linalg_batch_families,batched_eigh,f64,4,"3x8x8",tenferro-trace,0.054412,0.007239,ok,"symmetric/Hermitian eigendecomposition (TensorLinalgExt::eigh)"
cpu/linalg_batch_families,batched_eigh,f64,4,"4x8x8",tenferro-direct,0.024341,0.000291,ok,"symmetric/Hermitian eigendecomposition (TensorLinalgExt::eigh)"
cpu/linalg_batch_families,batched_eigh,f64,4,"4x8x8",tenferro-trace,0.060831,0.009050,ok,"symmetric/Hermitian eigendecomposition (TensorLinalgExt::eigh)"
cpu/linalg_batch_families,batched_eigh,f64,4,"8x8x8",tenferro-direct,0.058352,0.000239,ok,"symmetric/Hermitian eigendecomposition (TensorLinalgExt::eigh)"
cpu/linalg_batch_families,batched_eigh,f64,4,"8x8x8",tenferro-trace,0.091083,0.016000,ok,"symmetric/Hermitian eigendecomposition (TensorLinalgExt::eigh)"
cpu/linalg_batch_families,batched_eigh,f64,4,"1024x8x8",tenferro-direct,5.849860,0.005211,ok,"symmetric/Hermitian eigendecomposition (TensorLinalgExt::eigh)"
cpu/linalg_batch_families,batched_eigh,f64,4,"1024x8x8",tenferro-trace,6.564302,3.605875,ok,"symmetric/Hermitian eigendecomposition (TensorLinalgExt::eigh)"
cpu/linalg_batch_families,batched_eigh,f64,4,"1x32x32",tenferro-direct,0.092133,0.003081,ok,"symmetric/Hermitian eigendecomposition (TensorLinalgExt::eigh)"
cpu/linalg_batch_families,batched_eigh,f64,4,"1x32x32",tenferro-trace,0.178675,0.038521,ok,"symmetric/Hermitian eigendecomposition (TensorLinalgExt::eigh)"
cpu/linalg_batch_families,batched_eigh,f64,4,"8x32x32",tenferro-direct,0.755792,0.035561,ok,"symmetric/Hermitian eigendecomposition (TensorLinalgExt::eigh)"
cpu/linalg_batch_families,batched_eigh,f64,4,"8x32x32",tenferro-trace,0.943507,0.179565,ok,"symmetric/Hermitian eigendecomposition (TensorLinalgExt::eigh)"
cpu/linalg_batch_families,batched_eigh,f64,4,"1x128x128",tenferro-direct,1.271777,0.019170,ok,"symmetric/Hermitian eigendecomposition (TensorLinalgExt::eigh)"
cpu/linalg_batch_families,batched_eigh,f64,4,"1x128x128",tenferro-trace,1.430921,0.153114,ok,"symmetric/Hermitian eigendecomposition (TensorLinalgExt::eigh)"
cpu/linalg_batch_families,batched_eigh,f64,4,"8x128x128",tenferro-direct,9.947979,0.027971,ok,"symmetric/Hermitian eigendecomposition (TensorLinalgExt::eigh)"
cpu/linalg_batch_families,batched_eigh,f64,4,"8x128x128",tenferro-trace,10.553147,2.153163,ok,"symmetric/Hermitian eigendecomposition (TensorLinalgExt::eigh)"
cpu/linalg_batch_families,batched_eigh,c64,4,"1x2x2",tenferro-direct,0.002330,0.000070,ok,"symmetric/Hermitian eigendecomposition (TensorLinalgExt::eigh)"
cpu/linalg_batch_families,batched_eigh,c64,4,"1x2x2",tenferro-trace,0.049942,0.005660,ok,"symmetric/Hermitian eigendecomposition (TensorLinalgExt::eigh)"
cpu/linalg_batch_families,batched_eigh,c64,4,"3x2x2",tenferro-direct,0.003540,0.000281,ok,"symmetric/Hermitian eigendecomposition (TensorLinalgExt::eigh)"
cpu/linalg_batch_families,batched_eigh,c64,4,"3x2x2",tenferro-trace,0.052251,0.005379,ok,"symmetric/Hermitian eigendecomposition (TensorLinalgExt::eigh)"
cpu/linalg_batch_families,batched_eigh,c64,4,"4x2x2",tenferro-direct,0.004180,0.001320,ok,"symmetric/Hermitian eigendecomposition (TensorLinalgExt::eigh)"
cpu/linalg_batch_families,batched_eigh,c64,4,"4x2x2",tenferro-trace,0.052142,0.007971,ok,"symmetric/Hermitian eigendecomposition (TensorLinalgExt::eigh)"
cpu/linalg_batch_families,batched_eigh,c64,4,"8x2x2",tenferro-direct,0.006730,0.001439,ok,"symmetric/Hermitian eigendecomposition (TensorLinalgExt::eigh)"
cpu/linalg_batch_families,batched_eigh,c64,4,"8x2x2",tenferro-trace,0.051081,0.005380,ok,"symmetric/Hermitian eigendecomposition (TensorLinalgExt::eigh)"
cpu/linalg_batch_families,batched_eigh,c64,4,"1024x2x2",tenferro-direct,0.612808,0.004030,ok,"symmetric/Hermitian eigendecomposition (TensorLinalgExt::eigh)"
cpu/linalg_batch_families,batched_eigh,c64,4,"1024x2x2",tenferro-trace,0.674880,0.154614,ok,"symmetric/Hermitian eigendecomposition (TensorLinalgExt::eigh)"
cpu/linalg_batch_families,batched_eigh,c64,4,"1x4x4",tenferro-direct,0.004931,0.000890,ok,"symmetric/Hermitian eigendecomposition (TensorLinalgExt::eigh)"
cpu/linalg_batch_families,batched_eigh,c64,4,"1x4x4",tenferro-trace,0.048392,0.005210,ok,"symmetric/Hermitian eigendecomposition (TensorLinalgExt::eigh)"
cpu/linalg_batch_families,batched_eigh,c64,4,"3x4x4",tenferro-direct,0.009960,0.001640,ok,"symmetric/Hermitian eigendecomposition (TensorLinalgExt::eigh)"
cpu/linalg_batch_families,batched_eigh,c64,4,"3x4x4",tenferro-trace,0.053112,0.004671,ok,"symmetric/Hermitian eigendecomposition (TensorLinalgExt::eigh)"
cpu/linalg_batch_families,batched_eigh,c64,4,"4x4x4",tenferro-direct,0.012551,0.002370,ok,"symmetric/Hermitian eigendecomposition (TensorLinalgExt::eigh)"
cpu/linalg_batch_families,batched_eigh,c64,4,"4x4x4",tenferro-trace,0.054022,0.008940,ok,"symmetric/Hermitian eigendecomposition (TensorLinalgExt::eigh)"
cpu/linalg_batch_families,batched_eigh,c64,4,"8x4x4",tenferro-direct,0.022581,0.000270,ok,"symmetric/Hermitian eigendecomposition (TensorLinalgExt::eigh)"
cpu/linalg_batch_families,batched_eigh,c64,4,"8x4x4",tenferro-trace,0.062142,0.015270,ok,"symmetric/Hermitian eigendecomposition (TensorLinalgExt::eigh)"
cpu/linalg_batch_families,batched_eigh,c64,4,"1024x4x4",tenferro-direct,2.119432,0.051042,ok,"symmetric/Hermitian eigendecomposition (TensorLinalgExt::eigh)"
cpu/linalg_batch_families,batched_eigh,c64,4,"1024x4x4",tenferro-trace,2.452222,1.152603,ok,"symmetric/Hermitian eigendecomposition (TensorLinalgExt::eigh)"
cpu/linalg_batch_families,batched_eigh,c64,4,"1x8x8",tenferro-direct,0.010190,0.001661,ok,"symmetric/Hermitian eigendecomposition (TensorLinalgExt::eigh)"
cpu/linalg_batch_families,batched_eigh,c64,4,"1x8x8",tenferro-trace,0.066782,0.008110,ok,"symmetric/Hermitian eigendecomposition (TensorLinalgExt::eigh)"
cpu/linalg_batch_families,batched_eigh,c64,4,"3x8x8",tenferro-direct,0.026031,0.000270,ok,"symmetric/Hermitian eigendecomposition (TensorLinalgExt::eigh)"
cpu/linalg_batch_families,batched_eigh,c64,4,"3x8x8",tenferro-trace,0.073952,0.007641,ok,"symmetric/Hermitian eigendecomposition (TensorLinalgExt::eigh)"
cpu/linalg_batch_families,batched_eigh,c64,4,"4x8x8",tenferro-direct,0.033891,0.000130,ok,"symmetric/Hermitian eigendecomposition (TensorLinalgExt::eigh)"
cpu/linalg_batch_families,batched_eigh,c64,4,"4x8x8",tenferro-trace,0.083952,0.014800,ok,"symmetric/Hermitian eigendecomposition (TensorLinalgExt::eigh)"
cpu/linalg_batch_families,batched_eigh,c64,4,"8x8x8",tenferro-direct,0.052882,0.013261,ok,"symmetric/Hermitian eigendecomposition (TensorLinalgExt::eigh)"
cpu/linalg_batch_families,batched_eigh,c64,4,"8x8x8",tenferro-trace,0.107423,0.008300,ok,"symmetric/Hermitian eigendecomposition (TensorLinalgExt::eigh)"
cpu/linalg_batch_families,batched_eigh,c64,4,"1024x8x8",tenferro-direct,6.577302,0.006769,ok,"symmetric/Hermitian eigendecomposition (TensorLinalgExt::eigh)"
cpu/linalg_batch_families,batched_eigh,c64,4,"1024x8x8",tenferro-trace,13.950276,6.484689,ok,"symmetric/Hermitian eigendecomposition (TensorLinalgExt::eigh)"
cpu/linalg_batch_families,batched_eigh,c64,4,"1x32x32",tenferro-direct,0.115943,0.000430,ok,"symmetric/Hermitian eigendecomposition (TensorLinalgExt::eigh)"
cpu/linalg_batch_families,batched_eigh,c64,4,"1x32x32",tenferro-trace,0.189485,0.154734,ok,"symmetric/Hermitian eigendecomposition (TensorLinalgExt::eigh)"
cpu/linalg_batch_families,batched_eigh,c64,4,"8x32x32",tenferro-direct,0.914137,0.000951,ok,"symmetric/Hermitian eigendecomposition (TensorLinalgExt::eigh)"
cpu/linalg_batch_families,batched_eigh,c64,4,"8x32x32",tenferro-trace,1.010699,0.070133,ok,"symmetric/Hermitian eigendecomposition (TensorLinalgExt::eigh)"
cpu/linalg_batch_families,batched_eigh,c64,4,"1x128x128",tenferro-direct,3.556043,0.030201,ok,"symmetric/Hermitian eigendecomposition (TensorLinalgExt::eigh)"
cpu/linalg_batch_families,batched_eigh,c64,4,"1x128x128",tenferro-trace,3.641516,0.194175,ok,"symmetric/Hermitian eigendecomposition (TensorLinalgExt::eigh)"
cpu/linalg_batch_families,batched_eigh,c64,4,"8x128x128",tenferro-direct,28.923012,2.660549,ok,"symmetric/Hermitian eigendecomposition (TensorLinalgExt::eigh)"
cpu/linalg_batch_families,batched_eigh,c64,4,"8x128x128",tenferro-trace,30.573300,2.026549,ok,"symmetric/Hermitian eigendecomposition (TensorLinalgExt::eigh)"
cpu/linalg_batch_families,batched_eigvalsh,f64,4,"1x2x2",tenferro-direct,0.002000,0.000640,ok,"symmetric eigenvalues only (TensorLinalgExt::eigvalsh)"
cpu/linalg_batch_families,batched_eigvalsh,f64,4,"1x2x2",tenferro-trace,0.036441,0.005211,ok,"symmetric eigenvalues only (TensorLinalgExt::eigvalsh)"
cpu/linalg_batch_families,batched_eigvalsh,f64,4,"3x2x2",tenferro-direct,0.002800,0.000730,ok,"symmetric eigenvalues only (TensorLinalgExt::eigvalsh)"
cpu/linalg_batch_families,batched_eigvalsh,f64,4,"3x2x2",tenferro-trace,0.035911,0.006510,ok,"symmetric eigenvalues only (TensorLinalgExt::eigvalsh)"
cpu/linalg_batch_families,batched_eigvalsh,f64,4,"4x2x2",tenferro-direct,0.003060,0.000130,ok,"symmetric eigenvalues only (TensorLinalgExt::eigvalsh)"
cpu/linalg_batch_families,batched_eigvalsh,f64,4,"4x2x2",tenferro-trace,0.034861,0.006770,ok,"symmetric eigenvalues only (TensorLinalgExt::eigvalsh)"
cpu/linalg_batch_families,batched_eigvalsh,f64,4,"8x2x2",tenferro-direct,0.004580,0.001450,ok,"symmetric eigenvalues only (TensorLinalgExt::eigvalsh)"
cpu/linalg_batch_families,batched_eigvalsh,f64,4,"8x2x2",tenferro-trace,0.036731,0.005530,ok,"symmetric eigenvalues only (TensorLinalgExt::eigvalsh)"
cpu/linalg_batch_families,batched_eigvalsh,f64,4,"1024x2x2",tenferro-direct,0.392501,0.010760,ok,"symmetric eigenvalues only (TensorLinalgExt::eigvalsh)"
cpu/linalg_batch_families,batched_eigvalsh,f64,4,"1024x2x2",tenferro-trace,0.362030,0.061621,ok,"symmetric eigenvalues only (TensorLinalgExt::eigvalsh)"
cpu/linalg_batch_families,batched_eigvalsh,f64,4,"1x4x4",tenferro-direct,0.003080,0.000410,ok,"symmetric eigenvalues only (TensorLinalgExt::eigvalsh)"
cpu/linalg_batch_families,batched_eigvalsh,f64,4,"1x4x4",tenferro-trace,0.040441,0.010090,ok,"symmetric eigenvalues only (TensorLinalgExt::eigvalsh)"
cpu/linalg_batch_families,batched_eigvalsh,f64,4,"3x4x4",tenferro-direct,0.005620,0.001640,ok,"symmetric eigenvalues only (TensorLinalgExt::eigvalsh)"
cpu/linalg_batch_families,batched_eigvalsh,f64,4,"3x4x4",tenferro-trace,0.042491,0.003509,ok,"symmetric eigenvalues only (TensorLinalgExt::eigvalsh)"
cpu/linalg_batch_families,batched_eigvalsh,f64,4,"4x4x4",tenferro-direct,0.007170,0.001789,ok,"symmetric eigenvalues only (TensorLinalgExt::eigvalsh)"
cpu/linalg_batch_families,batched_eigvalsh,f64,4,"4x4x4",tenferro-trace,0.043921,0.003309,ok,"symmetric eigenvalues only (TensorLinalgExt::eigvalsh)"
cpu/linalg_batch_families,batched_eigvalsh,f64,4,"8x4x4",tenferro-direct,0.012250,0.002339,ok,"symmetric eigenvalues only (TensorLinalgExt::eigvalsh)"
cpu/linalg_batch_families,batched_eigvalsh,f64,4,"8x4x4",tenferro-trace,0.049392,0.006641,ok,"symmetric eigenvalues only (TensorLinalgExt::eigvalsh)"
cpu/linalg_batch_families,batched_eigvalsh,f64,4,"1024x4x4",tenferro-direct,1.371890,0.120413,ok,"symmetric eigenvalues only (TensorLinalgExt::eigvalsh)"
cpu/linalg_batch_families,batched_eigvalsh,f64,4,"1024x4x4",tenferro-trace,1.209315,0.283378,ok,"symmetric eigenvalues only (TensorLinalgExt::eigvalsh)"
cpu/linalg_batch_families,batched_eigvalsh,f64,4,"1x8x8",tenferro-direct,0.005380,0.000611,ok,"symmetric eigenvalues only (TensorLinalgExt::eigvalsh)"
cpu/linalg_batch_families,batched_eigvalsh,f64,4,"1x8x8",tenferro-trace,0.050282,0.014761,ok,"symmetric eigenvalues only (TensorLinalgExt::eigvalsh)"
cpu/linalg_batch_families,batched_eigvalsh,f64,4,"3x8x8",tenferro-direct,0.013540,0.002429,ok,"symmetric eigenvalues only (TensorLinalgExt::eigvalsh)"
cpu/linalg_batch_families,batched_eigvalsh,f64,4,"3x8x8",tenferro-trace,0.051491,0.006860,ok,"symmetric eigenvalues only (TensorLinalgExt::eigvalsh)"
cpu/linalg_batch_families,batched_eigvalsh,f64,4,"4x8x8",tenferro-direct,0.016840,0.000870,ok,"symmetric eigenvalues only (TensorLinalgExt::eigvalsh)"
cpu/linalg_batch_families,batched_eigvalsh,f64,4,"4x8x8",tenferro-trace,0.050122,0.007841,ok,"symmetric eigenvalues only (TensorLinalgExt::eigvalsh)"
cpu/linalg_batch_families,batched_eigvalsh,f64,4,"8x8x8",tenferro-direct,0.032021,0.000250,ok,"symmetric eigenvalues only (TensorLinalgExt::eigvalsh)"
cpu/linalg_batch_families,batched_eigvalsh,f64,4,"8x8x8",tenferro-trace,0.061002,0.007071,ok,"symmetric eigenvalues only (TensorLinalgExt::eigvalsh)"
cpu/linalg_batch_families,batched_eigvalsh,f64,4,"1024x8x8",tenferro-direct,3.153992,0.002990,ok,"symmetric eigenvalues only (TensorLinalgExt::eigvalsh)"
cpu/linalg_batch_families,batched_eigvalsh,f64,4,"1024x8x8",tenferro-trace,3.467481,0.765782,ok,"symmetric eigenvalues only (TensorLinalgExt::eigvalsh)"
cpu/linalg_batch_families,batched_eigvalsh,f64,4,"1x32x32",tenferro-direct,0.041021,0.000251,ok,"symmetric eigenvalues only (TensorLinalgExt::eigvalsh)"
cpu/linalg_batch_families,batched_eigvalsh,f64,4,"1x32x32",tenferro-trace,0.078793,0.008359,ok,"symmetric eigenvalues only (TensorLinalgExt::eigvalsh)"
cpu/linalg_batch_families,batched_eigvalsh,f64,4,"8x32x32",tenferro-direct,0.246987,0.004470,ok,"symmetric eigenvalues only (TensorLinalgExt::eigvalsh)"
cpu/linalg_batch_families,batched_eigvalsh,f64,4,"8x32x32",tenferro-trace,0.299799,0.009700,ok,"symmetric eigenvalues only (TensorLinalgExt::eigvalsh)"
cpu/linalg_batch_families,batched_eigvalsh,f64,4,"1x128x128",tenferro-direct,0.747602,0.006111,ok,"symmetric eigenvalues only (TensorLinalgExt::eigvalsh)"
cpu/linalg_batch_families,batched_eigvalsh,f64,4,"1x128x128",tenferro-trace,0.853844,0.063541,ok,"symmetric eigenvalues only (TensorLinalgExt::eigvalsh)"
cpu/linalg_batch_families,batched_eigvalsh,f64,4,"8x128x128",tenferro-direct,6.140419,0.422613,ok,"symmetric eigenvalues only (TensorLinalgExt::eigvalsh)"
cpu/linalg_batch_families,batched_eigvalsh,f64,4,"8x128x128",tenferro-trace,6.897001,0.814333,ok,"symmetric eigenvalues only (TensorLinalgExt::eigvalsh)"
cpu/linalg_batch_families,batched_svd,f64,4,"1x2x2",tenferro-direct,0.004421,0.000130,ok,"thin SVD (TensorLinalgExt::svd)"
cpu/linalg_batch_families,batched_svd,f64,4,"1x2x2",tenferro-trace,0.073632,0.010051,ok,"thin SVD (TensorLinalgExt::svd)"
cpu/linalg_batch_families,batched_svd,f64,4,"3x2x2",tenferro-direct,0.006270,0.001970,ok,"thin SVD (TensorLinalgExt::svd)"
cpu/linalg_batch_families,batched_svd,f64,4,"3x2x2",tenferro-trace,0.073222,0.007410,ok,"thin SVD (TensorLinalgExt::svd)"
cpu/linalg_batch_families,batched_svd,f64,4,"4x2x2",tenferro-direct,0.007560,0.001450,ok,"thin SVD (TensorLinalgExt::svd)"
cpu/linalg_batch_families,batched_svd,f64,4,"4x2x2",tenferro-trace,0.074052,0.007830,ok,"thin SVD (TensorLinalgExt::svd)"
cpu/linalg_batch_families,batched_svd,f64,4,"8x2x2",tenferro-direct,0.012470,0.000260,ok,"thin SVD (TensorLinalgExt::svd)"
cpu/linalg_batch_families,batched_svd,f64,4,"8x2x2",tenferro-trace,0.073422,0.005060,ok,"thin SVD (TensorLinalgExt::svd)"
cpu/linalg_batch_families,batched_svd,f64,4,"1024x2x2",tenferro-direct,1.312689,0.004360,ok,"thin SVD (TensorLinalgExt::svd)"
cpu/linalg_batch_families,batched_svd,f64,4,"1024x2x2",tenferro-trace,1.699399,0.231887,ok,"thin SVD (TensorLinalgExt::svd)"
cpu/linalg_batch_families,batched_svd,f64,4,"1x4x4",tenferro-direct,0.009140,0.001100,ok,"thin SVD (TensorLinalgExt::svd)"
cpu/linalg_batch_families,batched_svd,f64,4,"1x4x4",tenferro-trace,0.070752,0.008860,ok,"thin SVD (TensorLinalgExt::svd)"
cpu/linalg_batch_families,batched_svd,f64,4,"3x4x4",tenferro-direct,0.021551,0.000250,ok,"thin SVD (TensorLinalgExt::svd)"
cpu/linalg_batch_families,batched_svd,f64,4,"3x4x4",tenferro-trace,0.080823,0.006099,ok,"thin SVD (TensorLinalgExt::svd)"
cpu/linalg_batch_families,batched_svd,f64,4,"4x4x4",tenferro-direct,0.022591,0.000231,ok,"thin SVD (TensorLinalgExt::svd)"
cpu/linalg_batch_families,batched_svd,f64,4,"4x4x4",tenferro-trace,0.086112,0.004889,ok,"thin SVD (TensorLinalgExt::svd)"
cpu/linalg_batch_families,batched_svd,f64,4,"8x4x4",tenferro-direct,0.042411,0.000261,ok,"thin SVD (TensorLinalgExt::svd)"
cpu/linalg_batch_families,batched_svd,f64,4,"8x4x4",tenferro-trace,0.111833,0.012950,ok,"thin SVD (TensorLinalgExt::svd)"
cpu/linalg_batch_families,batched_svd,f64,4,"1024x4x4",tenferro-direct,5.081458,0.002690,ok,"thin SVD (TensorLinalgExt::svd)"
cpu/linalg_batch_families,batched_svd,f64,4,"1024x4x4",tenferro-trace,5.296634,0.303860,ok,"thin SVD (TensorLinalgExt::svd)"
cpu/linalg_batch_families,batched_svd,f64,4,"1x8x8",tenferro-direct,0.020881,0.000890,ok,"thin SVD (TensorLinalgExt::svd)"
cpu/linalg_batch_families,batched_svd,f64,4,"1x8x8",tenferro-trace,0.087752,0.026121,ok,"thin SVD (TensorLinalgExt::svd)"
cpu/linalg_batch_families,batched_svd,f64,4,"3x8x8",tenferro-direct,0.043061,0.010811,ok,"thin SVD (TensorLinalgExt::svd)"
cpu/linalg_batch_families,batched_svd,f64,4,"3x8x8",tenferro-trace,0.108263,0.065032,ok,"thin SVD (TensorLinalgExt::svd)"
cpu/linalg_batch_families,batched_svd,f64,4,"4x8x8",tenferro-direct,0.057472,0.000430,ok,"thin SVD (TensorLinalgExt::svd)"
cpu/linalg_batch_families,batched_svd,f64,4,"4x8x8",tenferro-trace,0.128204,0.010161,ok,"thin SVD (TensorLinalgExt::svd)"
cpu/linalg_batch_families,batched_svd,f64,4,"8x8x8",tenferro-direct,0.114953,0.000831,ok,"thin SVD (TensorLinalgExt::svd)"
cpu/linalg_batch_families,batched_svd,f64,4,"8x8x8",tenferro-trace,0.181996,0.011969,ok,"thin SVD (TensorLinalgExt::svd)"
cpu/linalg_batch_families,batched_svd,f64,4,"1024x8x8",tenferro-direct,13.605726,2.492112,ok,"thin SVD (TensorLinalgExt::svd)"
cpu/linalg_batch_families,batched_svd,f64,4,"1024x8x8",tenferro-trace,28.785258,17.647244,ok,"thin SVD (TensorLinalgExt::svd)"
cpu/linalg_batch_families,batched_svd,f64,4,"1x32x32",tenferro-direct,0.153695,0.008871,ok,"thin SVD (TensorLinalgExt::svd)"
cpu/linalg_batch_families,batched_svd,f64,4,"1x32x32",tenferro-trace,0.308959,0.080513,ok,"thin SVD (TensorLinalgExt::svd)"
cpu/linalg_batch_families,batched_svd,f64,4,"8x32x32",tenferro-direct,1.214015,0.004710,ok,"thin SVD (TensorLinalgExt::svd)"
cpu/linalg_batch_families,batched_svd,f64,4,"8x32x32",tenferro-trace,1.548395,0.216016,ok,"thin SVD (TensorLinalgExt::svd)"
cpu/linalg_batch_families,batched_svd,f64,4,"1x128x128",tenferro-direct,2.503363,0.109753,ok,"thin SVD (TensorLinalgExt::svd)"
cpu/linalg_batch_families,batched_svd,f64,4,"1x128x128",tenferro-trace,3.113450,0.665329,ok,"thin SVD (TensorLinalgExt::svd)"
cpu/linalg_batch_families,batched_svd,f64,4,"8x128x128",tenferro-direct,21.130035,0.801263,ok,"thin SVD (TensorLinalgExt::svd)"
cpu/linalg_batch_families,batched_svd,f64,4,"8x128x128",tenferro-trace,23.539286,2.710960,ok,"thin SVD (TensorLinalgExt::svd)"
cpu/linalg_batch_families,batched_svd,f64,4,"1x64x24",tenferro-direct,0.125904,0.035581,ok,"thin SVD (TensorLinalgExt::svd)"
cpu/linalg_batch_families,batched_svd,f64,4,"1x64x24",tenferro-trace,0.229817,0.053022,ok,"thin SVD (TensorLinalgExt::svd)"
cpu/linalg_batch_families,batched_svd,c64,4,"1x2x2",tenferro-direct,0.005390,0.000151,ok,"thin SVD (TensorLinalgExt::svd)"
cpu/linalg_batch_families,batched_svd,c64,4,"1x2x2",tenferro-trace,0.075412,0.011130,ok,"thin SVD (TensorLinalgExt::svd)"
cpu/linalg_batch_families,batched_svd,c64,4,"3x2x2",tenferro-direct,0.009780,0.001871,ok,"thin SVD (TensorLinalgExt::svd)"
cpu/linalg_batch_families,batched_svd,c64,4,"3x2x2",tenferro-trace,0.079872,0.003461,ok,"thin SVD (TensorLinalgExt::svd)"
cpu/linalg_batch_families,batched_svd,c64,4,"4x2x2",tenferro-direct,0.011820,0.002140,ok,"thin SVD (TensorLinalgExt::svd)"
cpu/linalg_batch_families,batched_svd,c64,4,"4x2x2",tenferro-trace,0.077702,0.011451,ok,"thin SVD (TensorLinalgExt::svd)"
cpu/linalg_batch_families,batched_svd,c64,4,"8x2x2",tenferro-direct,0.016201,0.000201,ok,"thin SVD (TensorLinalgExt::svd)"
cpu/linalg_batch_families,batched_svd,c64,4,"8x2x2",tenferro-trace,0.086063,0.013161,ok,"thin SVD (TensorLinalgExt::svd)"
cpu/linalg_batch_families,batched_svd,c64,4,"1024x2x2",tenferro-direct,1.740841,0.003960,ok,"thin SVD (TensorLinalgExt::svd)"
cpu/linalg_batch_families,batched_svd,c64,4,"1024x2x2",tenferro-trace,2.016829,0.288309,ok,"thin SVD (TensorLinalgExt::svd)"
cpu/linalg_batch_families,batched_svd,c64,4,"1x4x4",tenferro-direct,0.012220,0.002810,ok,"thin SVD (TensorLinalgExt::svd)"
cpu/linalg_batch_families,batched_svd,c64,4,"1x4x4",tenferro-trace,0.080773,0.010210,ok,"thin SVD (TensorLinalgExt::svd)"
cpu/linalg_batch_families,batched_svd,c64,4,"3x4x4",tenferro-direct,0.025241,0.001330,ok,"thin SVD (TensorLinalgExt::svd)"
cpu/linalg_batch_families,batched_svd,c64,4,"3x4x4",tenferro-trace,0.092253,0.008199,ok,"thin SVD (TensorLinalgExt::svd)"
cpu/linalg_batch_families,batched_svd,c64,4,"4x4x4",tenferro-direct,0.033251,0.000190,ok,"thin SVD (TensorLinalgExt::svd)"
cpu/linalg_batch_families,batched_svd,c64,4,"4x4x4",tenferro-trace,0.096393,0.004320,ok,"thin SVD (TensorLinalgExt::svd)"
cpu/linalg_batch_families,batched_svd,c64,4,"8x4x4",tenferro-direct,0.050711,0.000189,ok,"thin SVD (TensorLinalgExt::svd)"
cpu/linalg_batch_families,batched_svd,c64,4,"8x4x4",tenferro-trace,0.123414,0.006530,ok,"thin SVD (TensorLinalgExt::svd)"
cpu/linalg_batch_families,batched_svd,c64,4,"1024x4x4",tenferro-direct,6.061696,0.003929,ok,"thin SVD (TensorLinalgExt::svd)"
cpu/linalg_batch_families,batched_svd,c64,4,"1024x4x4",tenferro-trace,9.324932,3.304767,ok,"thin SVD (TensorLinalgExt::svd)"
cpu/linalg_batch_families,batched_svd,c64,4,"1x8x8",tenferro-direct,0.033781,0.000550,ok,"thin SVD (TensorLinalgExt::svd)"
cpu/linalg_batch_families,batched_svd,c64,4,"1x8x8",tenferro-trace,0.108723,0.041732,ok,"thin SVD (TensorLinalgExt::svd)"
cpu/linalg_batch_families,batched_svd,c64,4,"3x8x8",tenferro-direct,0.055722,0.000110,ok,"thin SVD (TensorLinalgExt::svd)"
cpu/linalg_batch_families,batched_svd,c64,4,"3x8x8",tenferro-trace,0.129124,0.004980,ok,"thin SVD (TensorLinalgExt::svd)"
cpu/linalg_batch_families,batched_svd,c64,4,"4x8x8",tenferro-direct,0.074312,0.000240,ok,"thin SVD (TensorLinalgExt::svd)"
cpu/linalg_batch_families,batched_svd,c64,4,"4x8x8",tenferro-trace,0.177175,0.061342,ok,"thin SVD (TensorLinalgExt::svd)"
cpu/linalg_batch_families,batched_svd,c64,4,"8x8x8",tenferro-direct,0.144074,0.001109,ok,"thin SVD (TensorLinalgExt::svd)"
cpu/linalg_batch_families,batched_svd,c64,4,"8x8x8",tenferro-trace,0.224217,0.014521,ok,"thin SVD (TensorLinalgExt::svd)"
cpu/linalg_batch_families,batched_svd,c64,4,"1024x8x8",tenferro-direct,15.654066,1.371861,ok,"thin SVD (TensorLinalgExt::svd)"
cpu/linalg_batch_families,batched_svd,c64,4,"1024x8x8",tenferro-trace,16.784790,9.585670,ok,"thin SVD (TensorLinalgExt::svd)"
cpu/linalg_batch_families,batched_svd,c64,4,"1x32x32",tenferro-direct,0.248667,0.009681,ok,"thin SVD (TensorLinalgExt::svd)"
cpu/linalg_batch_families,batched_svd,c64,4,"1x32x32",tenferro-trace,0.407452,0.121283,ok,"thin SVD (TensorLinalgExt::svd)"
cpu/linalg_batch_families,batched_svd,c64,4,"8x32x32",tenferro-direct,1.943307,0.006780,ok,"thin SVD (TensorLinalgExt::svd)"
cpu/linalg_batch_families,batched_svd,c64,4,"8x32x32",tenferro-trace,2.520143,0.158574,ok,"thin SVD (TensorLinalgExt::svd)"
cpu/linalg_batch_families,batched_svd,c64,4,"1x128x128",tenferro-direct,5.241923,0.050891,ok,"thin SVD (TensorLinalgExt::svd)"
cpu/linalg_batch_families,batched_svd,c64,4,"1x128x128",tenferro-trace,5.512711,0.508695,ok,"thin SVD (TensorLinalgExt::svd)"
cpu/linalg_batch_families,batched_svd,c64,4,"8x128x128",tenferro-direct,40.703497,2.813922,ok,"thin SVD (TensorLinalgExt::svd)"
cpu/linalg_batch_families,batched_svd,c64,4,"8x128x128",tenferro-trace,37.611076,3.548823,ok,"thin SVD (TensorLinalgExt::svd)"
cpu/linalg_batch_families,batched_svd,c64,4,"1x64x24",tenferro-direct,0.201836,0.006700,ok,"thin SVD (TensorLinalgExt::svd)"
cpu/linalg_batch_families,batched_svd,c64,4,"1x64x24",tenferro-trace,0.426433,0.063612,ok,"thin SVD (TensorLinalgExt::svd)"
cpu/linalg_batch_families,batched_svdvals,f64,4,"1x2x2",tenferro-direct,0.002770,0.000580,ok,"singular values only (TensorLinalgExt::svdvals)"
cpu/linalg_batch_families,batched_svdvals,f64,4,"1x2x2",tenferro-trace,,,unsupported,"tenferro-rs has no TracedTensor svdvals API; traced singular values come from svd"
cpu/linalg_batch_families,batched_svdvals,f64,4,"3x2x2",tenferro-direct,0.003831,0.000170,ok,"singular values only (TensorLinalgExt::svdvals)"
cpu/linalg_batch_families,batched_svdvals,f64,4,"3x2x2",tenferro-trace,,,unsupported,"tenferro-rs has no TracedTensor svdvals API; traced singular values come from svd"
cpu/linalg_batch_families,batched_svdvals,f64,4,"4x2x2",tenferro-direct,0.004310,0.000041,ok,"singular values only (TensorLinalgExt::svdvals)"
cpu/linalg_batch_families,batched_svdvals,f64,4,"4x2x2",tenferro-trace,,,unsupported,"tenferro-rs has no TracedTensor svdvals API; traced singular values come from svd"
cpu/linalg_batch_families,batched_svdvals,f64,4,"8x2x2",tenferro-direct,0.006500,0.000220,ok,"singular values only (TensorLinalgExt::svdvals)"
cpu/linalg_batch_families,batched_svdvals,f64,4,"8x2x2",tenferro-trace,,,unsupported,"tenferro-rs has no TracedTensor svdvals API; traced singular values come from svd"
cpu/linalg_batch_families,batched_svdvals,f64,4,"1024x2x2",tenferro-direct,0.451813,0.005280,ok,"singular values only (TensorLinalgExt::svdvals)"
cpu/linalg_batch_families,batched_svdvals,f64,4,"1024x2x2",tenferro-trace,,,unsupported,"tenferro-rs has no TracedTensor svdvals API; traced singular values come from svd"
cpu/linalg_batch_families,batched_svdvals,f64,4,"1x4x4",tenferro-direct,0.003800,0.000200,ok,"singular values only (TensorLinalgExt::svdvals)"
cpu/linalg_batch_families,batched_svdvals,f64,4,"1x4x4",tenferro-trace,,,unsupported,"tenferro-rs has no TracedTensor svdvals API; traced singular values come from svd"
cpu/linalg_batch_families,batched_svdvals,f64,4,"3x4x4",tenferro-direct,0.007821,0.000110,ok,"singular values only (TensorLinalgExt::svdvals)"
cpu/linalg_batch_families,batched_svdvals,f64,4,"3x4x4",tenferro-trace,,,unsupported,"tenferro-rs has no TracedTensor svdvals API; traced singular values come from svd"
cpu/linalg_batch_families,batched_svdvals,f64,4,"4x4x4",tenferro-direct,0.009850,0.000141,ok,"singular values only (TensorLinalgExt::svdvals)"
cpu/linalg_batch_families,batched_svdvals,f64,4,"4x4x4",tenferro-trace,,,unsupported,"tenferro-rs has no TracedTensor svdvals API; traced singular values come from svd"
cpu/linalg_batch_families,batched_svdvals,f64,4,"8x4x4",tenferro-direct,0.018131,0.000080,ok,"singular values only (TensorLinalgExt::svdvals)"
cpu/linalg_batch_families,batched_svdvals,f64,4,"8x4x4",tenferro-trace,,,unsupported,"tenferro-rs has no TracedTensor svdvals API; traced singular values come from svd"
cpu/linalg_batch_families,batched_svdvals,f64,4,"1024x4x4",tenferro-direct,2.179814,0.002611,ok,"singular values only (TensorLinalgExt::svdvals)"
cpu/linalg_batch_families,batched_svdvals,f64,4,"1024x4x4",tenferro-trace,,,unsupported,"tenferro-rs has no TracedTensor svdvals API; traced singular values come from svd"
cpu/linalg_batch_families,batched_svdvals,f64,4,"1x8x8",tenferro-direct,0.006880,0.000180,ok,"singular values only (TensorLinalgExt::svdvals)"
cpu/linalg_batch_families,batched_svdvals,f64,4,"1x8x8",tenferro-trace,,,unsupported,"tenferro-rs has no TracedTensor svdvals API; traced singular values come from svd"
cpu/linalg_batch_families,batched_svdvals,f64,4,"3x8x8",tenferro-direct,0.017190,0.000100,ok,"singular values only (TensorLinalgExt::svdvals)"
cpu/linalg_batch_families,batched_svdvals,f64,4,"3x8x8",tenferro-trace,,,unsupported,"tenferro-rs has no TracedTensor svdvals API; traced singular values come from svd"
cpu/linalg_batch_families,batched_svdvals,f64,4,"4x8x8",tenferro-direct,0.022791,0.000130,ok,"singular values only (TensorLinalgExt::svdvals)"
cpu/linalg_batch_families,batched_svdvals,f64,4,"4x8x8",tenferro-trace,,,unsupported,"tenferro-rs has no TracedTensor svdvals API; traced singular values come from svd"
cpu/linalg_batch_families,batched_svdvals,f64,4,"8x8x8",tenferro-direct,0.043411,0.000180,ok,"singular values only (TensorLinalgExt::svdvals)"
cpu/linalg_batch_families,batched_svdvals,f64,4,"8x8x8",tenferro-trace,,,unsupported,"tenferro-rs has no TracedTensor svdvals API; traced singular values come from svd"
cpu/linalg_batch_families,batched_svdvals,f64,4,"1024x8x8",tenferro-direct,5.478320,0.013861,ok,"singular values only (TensorLinalgExt::svdvals)"
cpu/linalg_batch_families,batched_svdvals,f64,4,"1024x8x8",tenferro-trace,,,unsupported,"tenferro-rs has no TracedTensor svdvals API; traced singular values come from svd"
cpu/linalg_batch_families,batched_svdvals,f64,4,"1x32x32",tenferro-direct,0.048681,0.000430,ok,"singular values only (TensorLinalgExt::svdvals)"
cpu/linalg_batch_families,batched_svdvals,f64,4,"1x32x32",tenferro-trace,,,unsupported,"tenferro-rs has no TracedTensor svdvals API; traced singular values come from svd"
cpu/linalg_batch_families,batched_svdvals,f64,4,"8x32x32",tenferro-direct,0.380421,0.004320,ok,"singular values only (TensorLinalgExt::svdvals)"
cpu/linalg_batch_families,batched_svdvals,f64,4,"8x32x32",tenferro-trace,,,unsupported,"tenferro-rs has no TracedTensor svdvals API; traced singular values come from svd"
cpu/linalg_batch_families,batched_svdvals,f64,4,"1x128x128",tenferro-direct,1.178734,0.006789,ok,"singular values only (TensorLinalgExt::svdvals)"
cpu/linalg_batch_families,batched_svdvals,f64,4,"1x128x128",tenferro-trace,,,unsupported,"tenferro-rs has no TracedTensor svdvals API; traced singular values come from svd"
cpu/linalg_batch_families,batched_svdvals,f64,4,"8x128x128",tenferro-direct,9.630021,0.040672,ok,"singular values only (TensorLinalgExt::svdvals)"
cpu/linalg_batch_families,batched_svdvals,f64,4,"8x128x128",tenferro-trace,,,unsupported,"tenferro-rs has no TracedTensor svdvals API; traced singular values come from svd"
cpu/linalg_batch_families,batched_svdvals,f64,4,"1x64x24",tenferro-direct,0.040551,0.000540,ok,"singular values only (TensorLinalgExt::svdvals)"
cpu/linalg_batch_families,batched_svdvals,f64,4,"1x64x24",tenferro-trace,,,unsupported,"tenferro-rs has no TracedTensor svdvals API; traced singular values come from svd"
cpu/linalg_batch_families,batched_lu,f64,4,"1x2x2",tenferro-direct,0.002300,0.000060,ok,"partial-pivot LU, P L U and pivots (TensorLinalgExt::lu)"
cpu/linalg_batch_families,batched_lu,f64,4,"1x2x2",tenferro-trace,0.081432,0.024940,ok,"partial-pivot LU, P L U and pivots (TensorLinalgExt::lu)"
cpu/linalg_batch_families,batched_lu,f64,4,"3x2x2",tenferro-direct,0.002900,0.001749,ok,"partial-pivot LU, P L U and pivots (TensorLinalgExt::lu)"
cpu/linalg_batch_families,batched_lu,f64,4,"3x2x2",tenferro-trace,0.084682,0.004649,ok,"partial-pivot LU, P L U and pivots (TensorLinalgExt::lu)"
cpu/linalg_batch_families,batched_lu,f64,4,"4x2x2",tenferro-direct,0.003271,0.000390,ok,"partial-pivot LU, P L U and pivots (TensorLinalgExt::lu)"
cpu/linalg_batch_families,batched_lu,f64,4,"4x2x2",tenferro-trace,0.082722,0.005270,ok,"partial-pivot LU, P L U and pivots (TensorLinalgExt::lu)"
cpu/linalg_batch_families,batched_lu,f64,4,"8x2x2",tenferro-direct,0.002990,0.001430,ok,"partial-pivot LU, P L U and pivots (TensorLinalgExt::lu)"
cpu/linalg_batch_families,batched_lu,f64,4,"8x2x2",tenferro-trace,0.083853,0.004741,ok,"partial-pivot LU, P L U and pivots (TensorLinalgExt::lu)"
cpu/linalg_batch_families,batched_lu,f64,4,"1024x2x2",tenferro-direct,0.093713,0.000631,ok,"partial-pivot LU, P L U and pivots (TensorLinalgExt::lu)"
cpu/linalg_batch_families,batched_lu,f64,4,"1024x2x2",tenferro-trace,0.175755,0.015020,ok,"partial-pivot LU, P L U and pivots (TensorLinalgExt::lu)"
cpu/linalg_batch_families,batched_lu,f64,4,"1x4x4",tenferro-direct,0.002380,0.000410,ok,"partial-pivot LU, P L U and pivots (TensorLinalgExt::lu)"
cpu/linalg_batch_families,batched_lu,f64,4,"1x4x4",tenferro-trace,0.075042,0.004320,ok,"partial-pivot LU, P L U and pivots (TensorLinalgExt::lu)"
cpu/linalg_batch_families,batched_lu,f64,4,"3x4x4",tenferro-direct,0.002790,0.000290,ok,"partial-pivot LU, P L U and pivots (TensorLinalgExt::lu)"
cpu/linalg_batch_families,batched_lu,f64,4,"3x4x4",tenferro-trace,0.076202,0.004131,ok,"partial-pivot LU, P L U and pivots (TensorLinalgExt::lu)"
cpu/linalg_batch_families,batched_lu,f64,4,"4x4x4",tenferro-direct,0.002991,0.000180,ok,"partial-pivot LU, P L U and pivots (TensorLinalgExt::lu)"
cpu/linalg_batch_families,batched_lu,f64,4,"4x4x4",tenferro-trace,0.076852,0.003531,ok,"partial-pivot LU, P L U and pivots (TensorLinalgExt::lu)"
cpu/linalg_batch_families,batched_lu,f64,4,"8x4x4",tenferro-direct,0.003520,0.001450,ok,"partial-pivot LU, P L U and pivots (TensorLinalgExt::lu)"
cpu/linalg_batch_families,batched_lu,f64,4,"8x4x4",tenferro-trace,0.076372,0.005541,ok,"partial-pivot LU, P L U and pivots (TensorLinalgExt::lu)"
cpu/linalg_batch_families,batched_lu,f64,4,"1024x4x4",tenferro-direct,0.154665,0.004259,ok,"partial-pivot LU, P L U and pivots (TensorLinalgExt::lu)"
cpu/linalg_batch_families,batched_lu,f64,4,"1024x4x4",tenferro-trace,0.263938,0.049162,ok,"partial-pivot LU, P L U and pivots (TensorLinalgExt::lu)"
cpu/linalg_batch_families,batched_lu,f64,4,"1x8x8",tenferro-direct,0.003340,0.000580,ok,"partial-pivot LU, P L U and pivots (TensorLinalgExt::lu)"
cpu/linalg_batch_families,batched_lu,f64,4,"1x8x8",tenferro-trace,0.076032,0.002990,ok,"partial-pivot LU, P L U and pivots (TensorLinalgExt::lu)"
cpu/linalg_batch_families,batched_lu,f64,4,"3x8x8",tenferro-direct,0.003710,0.001410,ok,"partial-pivot LU, P L U and pivots (TensorLinalgExt::lu)"
cpu/linalg_batch_families,batched_lu,f64,4,"3x8x8",tenferro-trace,0.076462,0.007410,ok,"partial-pivot LU, P L U and pivots (TensorLinalgExt::lu)"
cpu/linalg_batch_families,batched_lu,f64,4,"4x8x8",tenferro-direct,0.005191,0.000340,ok,"partial-pivot LU, P L U and pivots (TensorLinalgExt::lu)"
cpu/linalg_batch_families,batched_lu,f64,4,"4x8x8",tenferro-trace,0.077092,0.002610,ok,"partial-pivot LU, P L U and pivots (TensorLinalgExt::lu)"
cpu/linalg_batch_families,batched_lu,f64,4,"8x8x8",tenferro-direct,0.005830,0.001509,ok,"partial-pivot LU, P L U and pivots (TensorLinalgExt::lu)"
cpu/linalg_batch_families,batched_lu,f64,4,"8x8x8",tenferro-trace,0.080112,0.003601,ok,"partial-pivot LU, P L U and pivots (TensorLinalgExt::lu)"
cpu/linalg_batch_families,batched_lu,f64,4,"1024x8x8",tenferro-direct,0.416132,0.004530,ok,"partial-pivot LU, P L U and pivots (TensorLinalgExt::lu)"
cpu/linalg_batch_families,batched_lu,f64,4,"1024x8x8",tenferro-trace,0.552326,0.024911,ok,"partial-pivot LU, P L U and pivots (TensorLinalgExt::lu)"
cpu/linalg_batch_families,batched_lu,f64,4,"1x32x32",tenferro-direct,0.010820,0.001030,ok,"partial-pivot LU, P L U and pivots (TensorLinalgExt::lu)"
cpu/linalg_batch_families,batched_lu,f64,4,"1x32x32",tenferro-trace,0.088233,0.012690,ok,"partial-pivot LU, P L U and pivots (TensorLinalgExt::lu)"
cpu/linalg_batch_families,batched_lu,f64,4,"8x32x32",tenferro-direct,0.068802,0.000510,ok,"partial-pivot LU, P L U and pivots (TensorLinalgExt::lu)"
cpu/linalg_batch_families,batched_lu,f64,4,"8x32x32",tenferro-trace,0.156635,0.009679,ok,"partial-pivot LU, P L U and pivots (TensorLinalgExt::lu)"
cpu/linalg_batch_families,batched_lu,f64,4,"1x128x128",tenferro-direct,0.117864,0.002029,ok,"partial-pivot LU, P L U and pivots (TensorLinalgExt::lu)"
cpu/linalg_batch_families,batched_lu,f64,4,"1x128x128",tenferro-trace,0.255237,0.066733,ok,"partial-pivot LU, P L U and pivots (TensorLinalgExt::lu)"
cpu/linalg_batch_families,batched_lu,f64,4,"8x128x128",tenferro-direct,0.915926,0.009690,ok,"partial-pivot LU, P L U and pivots (TensorLinalgExt::lu)"
cpu/linalg_batch_families,batched_lu,f64,4,"8x128x128",tenferro-trace,1.157093,0.581457,ok,"partial-pivot LU, P L U and pivots (TensorLinalgExt::lu)"
cpu/linalg_batch_families,batched_lu,f64,4,"1x64x24",tenferro-direct,0.014230,0.000899,ok,"partial-pivot LU, P L U and pivots (TensorLinalgExt::lu)"
cpu/linalg_batch_families,batched_lu,f64,4,"1x64x24",tenferro-trace,0.123583,0.019070,ok,"partial-pivot LU, P L U and pivots (TensorLinalgExt::lu)"
cpu/complex,conj,c64,4,"16777216",tenferro-direct,46.517647,0.870706,ok,"complex elementwise"
cpu/complex,conj,c64,4,"16777216",tenferro-trace,43.847049,0.951538,ok,"complex elementwise"
cpu/complex,mul,c64,4,"8388608",tenferro-direct,24.989380,0.733992,ok,"complex elementwise"
cpu/complex,mul,c64,4,"8388608",tenferro-trace,24.985119,1.230476,ok,"complex elementwise"
cpu/complex,div,c64,4,"8388608",tenferro-direct,33.662053,1.139393,ok,"complex elementwise"
cpu/complex,div,c64,4,"8388608",tenferro-trace,34.174747,2.844384,ok,"complex elementwise"
cpu/complex,exp,c64,4,"4194304",tenferro-direct,28.760810,2.443881,ok,"complex analytic"
cpu/complex,exp,c64,4,"4194304",tenferro-trace,29.866073,0.500825,ok,"complex analytic"
cpu/complex,log,c64,4,"4194304",tenferro-direct,40.776461,0.841245,ok,"complex analytic"
cpu/complex,log,c64,4,"4194304",tenferro-trace,41.619016,0.610087,ok,"complex analytic"
cpu/complex,dot_general,c64,4,"640x640",tenferro-direct,15.331308,0.037231,ok,"complex matrix multiply"
cpu/complex,dot_general,c64,4,"640x640",tenferro-trace,16.635336,3.011707,ok,"complex matrix multiply"
cpu/complex,dot_general_with_conj,c64,4,"640x640",tenferro-direct,16.198413,2.184504,ok,"conjugated-lhs complex matrix multiply"
cpu/complex,dot_general_with_conj,c64,4,"640x640",tenferro-trace,,,unsupported,"no public TracedTensor dot_general_with_conj API; an explicit conj+dot graph is different work"
cpu/complex,tensordot,c64,4,"640x640",tenferro-direct,16.426160,1.869985,ok,"complex matrix contraction over one axis"
cpu/complex,tensordot,c64,4,"640x640",tenferro-trace,16.582935,3.334378,ok,"complex matrix contraction over one axis"
cpu/complex,svd,c64,4,"160x160",tenferro-direct,5.753198,0.519285,ok,"complex SVD"
cpu/complex,svd,c64,4,"160x160",tenferro-trace,5.735568,0.564176,ok,"complex SVD"
cpu/complex,qr,c64,4,"256x256",tenferro-direct,5.350106,0.332470,ok,"complex QR"
cpu/complex,qr,c64,4,"256x256",tenferro-trace,5.903393,0.695869,ok,"complex QR"
cpu/complex,eig,c64,4,"112x112",tenferro-direct,12.882417,0.177684,ok,"complex eig"
cpu/complex,eig,c64,4,"112x112",tenferro-trace,14.905066,2.076620,ok,"complex eig"
cpu/complex,solve,c64,4,"384x384,rhs=8",tenferro-direct,3.433090,0.028410,ok,"complex solve"
cpu/complex,solve,c64,4,"384x384,rhs=8",tenferro-trace,3.427471,0.310629,ok,"complex solve"
cpu/complex,cholesky,c64,4,"448x448",tenferro-direct,2.119442,0.112564,ok,"Hermitian positive definite"
cpu/complex,cholesky,c64,4,"448x448",tenferro-trace,2.480682,1.785013,ok,"Hermitian positive definite"
cpu/complex,norm_fro,c64,4,"2048x1536",tenferro-direct,45.711506,1.170034,ok,"complex Frobenius norm"
cpu/complex,norm_fro,c64,4,"2048x1536",tenferro-trace,5.792919,0.168336,ok,"complex Frobenius norm"
cpu/elementwise_reduction,add,f64,4,33554432,pytorch-cpu,44.398097,2.871815,ok,binary elementwise; input allocation outside timed region
cpu/elementwise_reduction,sub,f64,4,33554432,pytorch-cpu,47.642132,1.704367,ok,binary elementwise; input allocation outside timed region
cpu/elementwise_reduction,mul,f64,4,33554432,pytorch-cpu,49.428735,1.332289,ok,binary elementwise; input allocation outside timed region
cpu/elementwise_reduction,div,f64,4,33554432,pytorch-cpu,46.023767,2.352258,ok,binary elementwise; input allocation outside timed region
cpu/elementwise_reduction,rem,f64,4,8388608,pytorch-cpu,16.794812,0.483034,ok,binary elementwise; input allocation outside timed region
cpu/elementwise_reduction,neg,f64,4,33554432,pytorch-cpu,40.928280,1.987230,ok,unary elementwise; input allocation outside timed region
cpu/elementwise_reduction,abs,f64,4,33554432,pytorch-cpu,40.108945,2.509715,ok,unary elementwise; input allocation outside timed region
cpu/elementwise_reduction,sign,f64,4,33554432,pytorch-cpu,43.221457,2.868094,ok,unary elementwise; input allocation outside timed region
cpu/elementwise_reduction,maximum,f64,4,33554432,pytorch-cpu,45.373479,3.710659,ok,binary elementwise; input allocation outside timed region
cpu/elementwise_reduction,minimum,f64,4,33554432,pytorch-cpu,46.389060,0.573596,ok,binary elementwise; input allocation outside timed region
cpu/elementwise_reduction,compare_lt,f64,4,33554432,pytorch-cpu,14.646320,0.526646,ok,ordered compare; input allocation outside timed region
cpu/elementwise_reduction,select,f64,4,33554432,pytorch-cpu,47.181552,1.466451,ok,ternary select; input allocation outside timed region
cpu/elementwise_reduction,clamp,f64,4,8388608,pytorch-cpu,11.274902,0.741920,ok,clamp with tensor bounds; input allocation outside timed region
cpu/elementwise_reduction,exp,f64,4,8388608,pytorch-cpu,14.245998,1.334421,ok,analytic unary; input allocation outside timed region
cpu/elementwise_reduction,log,f64,4,8388608,pytorch-cpu,14.874646,1.207393,ok,analytic unary; input allocation outside timed region
cpu/elementwise_reduction,sin,f64,4,8388608,pytorch-cpu,16.283799,1.536328,ok,analytic unary; input allocation outside timed region
cpu/elementwise_reduction,cos,f64,4,8388608,pytorch-cpu,15.458744,1.321191,ok,analytic unary; input allocation outside timed region
cpu/elementwise_reduction,tanh,f64,4,8388608,pytorch-cpu,22.341564,1.309607,ok,analytic unary; input allocation outside timed region
cpu/elementwise_reduction,sqrt,f64,4,33554432,pytorch-cpu,55.338411,6.433191,ok,analytic unary; input allocation outside timed region
cpu/elementwise_reduction,rsqrt,f64,4,33554432,pytorch-cpu,46.591276,2.399379,ok,analytic unary; input allocation outside timed region
cpu/elementwise_reduction,pow,f64,4,4194304,pytorch-cpu,16.837984,1.507074,ok,binary analytic with tensor exponent; input allocation outside timed region
cpu/elementwise_reduction,expm1,f64,4,4194304,pytorch-cpu,9.923492,0.470417,ok,analytic unary; input allocation outside timed region
cpu/elementwise_reduction,log1p,f64,4,4194304,pytorch-cpu,10.060234,0.210395,ok,analytic unary; input allocation outside timed region
cpu/elementwise_reduction,chain_log1p_exp_mul,f64,4,4194304,pytorch-cpu,28.982600,1.641458,ok,short elementwise chain; input allocation outside timed region
cpu/elementwise_reduction,reduce_sum_all,f64,4,8192x4096,pytorch-cpu,2.295138,0.105793,ok,full reduction; input allocation outside timed region
cpu/elementwise_reduction,reduce_prod_all,f64,4,8192x4096,pytorch-cpu,2.227584,0.195345,ok,full reduction; input allocation outside timed region
cpu/elementwise_reduction,reduce_max_axis0,f64,4,2048x2048,pytorch-cpu,6.476512,0.016261,ok,axis reduction; input allocation outside timed region
cpu/elementwise_reduction,reduce_min_axis1,f64,4,4096x4096,pytorch-cpu,4.174000,0.335466,ok,axis reduction; input allocation outside timed region
cpu/elementwise_reduction,reduce_max_all,f64,4,8192x4096,pytorch-cpu,2.849361,0.087103,ok,full reduction; input allocation outside timed region
cpu/elementwise_reduction,reduce_min_all,f64,4,8192x4096,pytorch-cpu,2.799332,0.118164,ok,full reduction; input allocation outside timed region
cpu/elementwise_reduction,reduce_max_axis1,f64,4,2048x2048,pytorch-cpu,0.881096,0.134125,ok,axis reduction; input allocation outside timed region
cpu/elementwise_reduction,reduce_min_axis0,f64,4,2048x2048,pytorch-cpu,5.046947,0.296347,ok,axis reduction; input allocation outside timed region
cpu/elementwise_reduction,reduce_sum_axis0,f64,4,2048x2048,pytorch-cpu,0.287080,0.056120,ok,axis reduction; input allocation outside timed region
cpu/elementwise_reduction,reduce_sum_axis1,f64,4,2048x2048,pytorch-cpu,0.151137,0.012120,ok,axis reduction; input allocation outside timed region
cpu/elementwise_reduction,reduce_prod_axis0,f64,4,2048x2048,pytorch-cpu,0.326250,0.065712,ok,axis reduction; input allocation outside timed region
cpu/elementwise_reduction,reduce_prod_axis1,f64,4,2048x2048,pytorch-cpu,0.160865,0.024101,ok,axis reduction; input allocation outside timed region
cpu/indexing_layout,gather,f64,4,262144,pytorch-cpu,0.173526,0.001922,ok,1D gather; input allocation outside timed region
cpu/indexing_layout,scatter,f64,4,262144,pytorch-cpu,0.710011,0.059582,ok,1D scatter; input allocation outside timed region
cpu/indexing_layout,slice,f64,4,4194304 -> 2096128,pytorch-cpu,0.219418,0.006849,ok,static slice materialized to owned output; input allocation outside timed region
cpu/indexing_layout,dynamic_slice,f64,4,4194304 -> 2097152,pytorch-cpu,0.146836,0.006037,ok,runtime-start slice materialized to owned output; input allocation outside timed region
cpu/indexing_layout,dynamic_update_slice,f64,4,2097152,pytorch-cpu,0.587909,0.030844,ok,runtime-start update; input allocation outside timed region
cpu/indexing_layout,pad,f64,4,2097152,pytorch-cpu,0.241518,0.019403,ok,edge padding; input allocation outside timed region
cpu/indexing_layout,concatenate,f64,4,1048576+1048576,pytorch-cpu,0.155995,0.011519,ok,concatenate along axis 0; input allocation outside timed region
cpu/indexing_layout,reverse,f64,4,2097152,pytorch-cpu,0.148337,0.017492,ok,reverse axis 0; input allocation outside timed region
cpu/structural_shape,transpose,f64,4,4096x4096,pytorch-cpu,81.173804,5.994109,ok,materialized matrix transpose; input allocation outside timed region
cpu/structural_shape,reshape,f64,4,33554432 -> 8192x4096,pytorch-cpu,41.816900,2.171014,ok,materialized reshape; clone makes PyTorch perform the same output-sized write; input allocation outside timed region
cpu/structural_shape,broadcast_in_dim,f64,4,8192x1 -> 8192x4096,pytorch-cpu,40.964091,1.190638,ok,materialized broadcast; input allocation outside timed region
cpu/structural_shape,cast_f64_f32,f64->f32,4,33554432,pytorch-cpu,24.247533,1.710700,ok,dtype cast; input allocation outside timed region
cpu/structural_shape,extract_diagonal,f64,4,8388608x2x2 -> 8388608x2,pytorch-cpu,23.704696,1.189644,ok,batched matrix diagonal extraction; input allocation outside timed region
cpu/structural_shape,embed_diagonal,f64,4,8192 -> 8192x8192,pytorch-cpu,76.097118,2.116542,ok,embed vector as matrix diagonal; input allocation outside timed region
cpu/structural_shape,tril,f64,4,4096x4096,pytorch-cpu,23.311526,0.284936,ok,lower triangle; input allocation outside timed region
cpu/structural_shape,triu,f64,4,4096x4096,pytorch-cpu,21.385198,0.553938,ok,upper triangle; input allocation outside timed region
cpu/view_metadata,reshape_view,f64,4,33554432 -> 8192x4096,pytorch-cpu,0.001373,0.000018,ok,metadata-only view reshape; no output-sized copy; operations_per_sample=16; median_batch_ms=0.021972; session=not_required; input allocation outside timed region
cpu/view_metadata,transpose_view,f64,4,4096x4096,pytorch-cpu,0.001073,0.000024,ok,metadata-only transpose view; no output-sized copy; operations_per_sample=16; median_batch_ms=0.017161; session=not_required; input allocation outside timed region
cpu/view_metadata,slice_view,f64,4,4194304 -> 2096128,pytorch-cpu,0.001299,0.000536,ok,metadata-only strided slice view; no output-sized copy; operations_per_sample=16; median_batch_ms=0.020783; session=not_required; input allocation outside timed region
cpu/view_metadata,broadcast_in_dim_view,f64,4,8192x1 -> 8192x4096,pytorch-cpu,0.001578,0.000527,ok,metadata-only zero-stride broadcast view; no output-sized copy; operations_per_sample=16; median_batch_ms=0.025252; session=not_required; input allocation outside timed region
cpu/output_reuse,add_into,f64,4,33554432,pytorch-cpu,8.166946,0.036530,ok,torch.add out= caller-owned output; input allocation outside timed region
cpu/output_reuse,sub_into,f64,4,33554432,pytorch-cpu,8.019596,0.109846,ok,torch.sub out= caller-owned output; input allocation outside timed region
cpu/output_reuse,mul_into,f64,4,33554432,pytorch-cpu,8.012310,0.039984,ok,torch.mul out= caller-owned output; input allocation outside timed region
cpu/output_reuse,div_into,f64,4,33554432,pytorch-cpu,8.057417,0.085643,ok,torch.div out= caller-owned output; input allocation outside timed region
cpu/output_reuse,neg_into,f64,4,33554432,pytorch-cpu,6.114949,0.064559,ok,torch.neg out= caller-owned output; input allocation outside timed region
cpu/output_reuse,conj_into,c64,4,16777216,pytorch-cpu,7.225422,0.069832,ok,torch.conj_physical out= caller-owned output; input allocation outside timed region
cpu/output_reuse,copy_read_into,f64,4,33554432,pytorch-cpu,6.165411,0.215329,ok,Tensor.copy_ caller-owned output; input allocation outside timed region
cpu/output_reuse,dot_general_read_into,f64,4,1024x1024,pytorch-cpu,14.358971,1.604574,ok,torch.mm out= caller-owned output; input allocation outside timed region
cpu/output_reuse,dot_general_read_into_accum,f64,4,1024x1024,pytorch-cpu,14.953611,1.026599,ok,torch.addmm out = lhs @ rhs + out; input allocation outside timed region
cpu/einsum_concrete,einsum_ij_jk_ik,f64,4,1024x1024,pytorch-cpu,15.837125,0.179706,ok,torch.einsum allocation-returning API; input allocation outside timed region
cpu/linalg_batched,batched_lu_factor,f64,4,"1024x2x2,rhs=1",pytorch-cpu,0.052718,0.004932,ok,packed LU factorization only (torch.linalg.lu_factor); input allocation outside timed region
cpu/linalg_batched,batched_lu_factor,f64,4,"1024x4x4,rhs=1",pytorch-cpu,0.062883,0.004960,ok,packed LU factorization only (torch.linalg.lu_factor); input allocation outside timed region
cpu/linalg_batched,batched_lu_factor,f64,4,"1024x8x8,rhs=1",pytorch-cpu,0.104522,0.005729,ok,packed LU factorization only (torch.linalg.lu_factor); input allocation outside timed region
cpu/linalg_batched,batched_lu_factor,f64,4,"1024x16x16,rhs=1",pytorch-cpu,0.274288,0.007899,ok,packed LU factorization only (torch.linalg.lu_factor); input allocation outside timed region
cpu/linalg_batched,batched_lu_solve,f64,4,"1024x2x2,rhs=1",pytorch-cpu,0.047345,0.003638,ok,solve with prepared LU factors (torch.linalg.lu_solve); input allocation outside timed region
cpu/linalg_batched,batched_lu_solve,f64,4,"1024x4x4,rhs=1",pytorch-cpu,0.064880,0.003992,ok,solve with prepared LU factors (torch.linalg.lu_solve); input allocation outside timed region
cpu/linalg_batched,batched_lu_solve,f64,4,"1024x8x8,rhs=1",pytorch-cpu,0.177156,0.005499,ok,solve with prepared LU factors (torch.linalg.lu_solve); input allocation outside timed region
cpu/linalg_batched,batched_lu_solve,f64,4,"1024x16x16,rhs=1",pytorch-cpu,0.400592,0.005420,ok,solve with prepared LU factors (torch.linalg.lu_solve); input allocation outside timed region
cpu/linalg_batched,batched_triangular_solve,f64,4,"1024x2x2,rhs=1",pytorch-cpu,0.078078,0.003319,ok,lower-triangular solve (torch.linalg.solve_triangular); input allocation outside timed region
cpu/linalg_batched,batched_triangular_solve,f64,4,"1024x4x4,rhs=1",pytorch-cpu,0.093661,0.006583,ok,lower-triangular solve (torch.linalg.solve_triangular); input allocation outside timed region
cpu/linalg_batched,batched_triangular_solve,f64,4,"1024x8x8,rhs=1",pytorch-cpu,0.133496,0.004839,ok,lower-triangular solve (torch.linalg.solve_triangular); input allocation outside timed region
cpu/linalg_batched,batched_triangular_solve,f64,4,"1024x16x16,rhs=1",pytorch-cpu,0.209406,0.009973,ok,lower-triangular solve (torch.linalg.solve_triangular); input allocation outside timed region
cpu/linalg_batch_families,batched_solve,f64,4,"1x2x2,rhs=1",pytorch-cpu,0.017932,0.002090,ok,"general solve, one rhs column (torch.linalg.solve); input allocation outside timed region"
cpu/linalg_batch_families,batched_solve,f64,4,"3x2x2,rhs=1",pytorch-cpu,0.017261,0.000419,ok,"general solve, one rhs column (torch.linalg.solve); input allocation outside timed region"
cpu/linalg_batch_families,batched_solve,f64,4,"4x2x2,rhs=1",pytorch-cpu,0.017190,0.000212,ok,"general solve, one rhs column (torch.linalg.solve); input allocation outside timed region"
cpu/linalg_batch_families,batched_solve,f64,4,"8x2x2,rhs=1",pytorch-cpu,0.022190,0.002859,ok,"general solve, one rhs column (torch.linalg.solve); input allocation outside timed region"
cpu/linalg_batch_families,batched_solve,f64,4,"1024x2x2,rhs=1",pytorch-cpu,0.096144,0.004137,ok,"general solve, one rhs column (torch.linalg.solve); input allocation outside timed region"
cpu/linalg_batch_families,batched_solve,f64,4,"1x4x4,rhs=1",pytorch-cpu,0.017170,0.001414,ok,"general solve, one rhs column (torch.linalg.solve); input allocation outside timed region"
cpu/linalg_batch_families,batched_solve,f64,4,"3x4x4,rhs=1",pytorch-cpu,0.017209,0.000227,ok,"general solve, one rhs column (torch.linalg.solve); input allocation outside timed region"
cpu/linalg_batch_families,batched_solve,f64,4,"4x4x4,rhs=1",pytorch-cpu,0.017229,0.000890,ok,"general solve, one rhs column (torch.linalg.solve); input allocation outside timed region"
cpu/linalg_batch_families,batched_solve,f64,4,"8x4x4,rhs=1",pytorch-cpu,0.021432,0.000782,ok,"general solve, one rhs column (torch.linalg.solve); input allocation outside timed region"
cpu/linalg_batch_families,batched_solve,f64,4,"1024x4x4,rhs=1",pytorch-cpu,0.123825,0.004752,ok,"general solve, one rhs column (torch.linalg.solve); input allocation outside timed region"
cpu/linalg_batch_families,batched_solve,f64,4,"1x8x8,rhs=1",pytorch-cpu,0.017880,0.000698,ok,"general solve, one rhs column (torch.linalg.solve); input allocation outside timed region"
cpu/linalg_batch_families,batched_solve,f64,4,"3x8x8,rhs=1",pytorch-cpu,0.019599,0.000553,ok,"general solve, one rhs column (torch.linalg.solve); input allocation outside timed region"
cpu/linalg_batch_families,batched_solve,f64,4,"4x8x8,rhs=1",pytorch-cpu,0.019543,0.001840,ok,"general solve, one rhs column (torch.linalg.solve); input allocation outside timed region"
cpu/linalg_batch_families,batched_solve,f64,4,"8x8x8,rhs=1",pytorch-cpu,0.026092,0.001092,ok,"general solve, one rhs column (torch.linalg.solve); input allocation outside timed region"
cpu/linalg_batch_families,batched_solve,f64,4,"1024x8x8,rhs=1",pytorch-cpu,0.339100,0.005739,ok,"general solve, one rhs column (torch.linalg.solve); input allocation outside timed region"
cpu/linalg_batch_families,batched_solve,f64,4,"1x32x32,rhs=1",pytorch-cpu,0.029920,0.003016,ok,"general solve, one rhs column (torch.linalg.solve); input allocation outside timed region"
cpu/linalg_batch_families,batched_solve,f64,4,"8x32x32,rhs=1",pytorch-cpu,0.056053,0.006320,ok,"general solve, one rhs column (torch.linalg.solve); input allocation outside timed region"
cpu/linalg_batch_families,batched_solve,f64,4,"1x128x128,rhs=1",pytorch-cpu,0.160275,0.008319,ok,"general solve, one rhs column (torch.linalg.solve); input allocation outside timed region"
cpu/linalg_batch_families,batched_solve,f64,4,"8x128x128,rhs=1",pytorch-cpu,0.447284,0.010068,ok,"general solve, one rhs column (torch.linalg.solve); input allocation outside timed region"
cpu/linalg_batch_families,batched_cholesky,f64,4,1x2x2,pytorch-cpu,0.008009,0.000266,ok,SPD Cholesky (torch.linalg.cholesky); input allocation outside timed region
cpu/linalg_batch_families,batched_cholesky,f64,4,3x2x2,pytorch-cpu,0.008080,0.000667,ok,SPD Cholesky (torch.linalg.cholesky); input allocation outside timed region
cpu/linalg_batch_families,batched_cholesky,f64,4,4x2x2,pytorch-cpu,0.008110,0.000389,ok,SPD Cholesky (torch.linalg.cholesky); input allocation outside timed region
cpu/linalg_batch_families,batched_cholesky,f64,4,8x2x2,pytorch-cpu,0.008060,0.000220,ok,SPD Cholesky (torch.linalg.cholesky); input allocation outside timed region
cpu/linalg_batch_families,batched_cholesky,f64,4,1024x2x2,pytorch-cpu,0.050813,0.001190,ok,SPD Cholesky (torch.linalg.cholesky); input allocation outside timed region
cpu/linalg_batch_families,batched_cholesky,f64,4,1x4x4,pytorch-cpu,0.008149,0.000482,ok,SPD Cholesky (torch.linalg.cholesky); input allocation outside timed region
cpu/linalg_batch_families,batched_cholesky,f64,4,3x4x4,pytorch-cpu,0.008011,0.000438,ok,SPD Cholesky (torch.linalg.cholesky); input allocation outside timed region
cpu/linalg_batch_families,batched_cholesky,f64,4,4x4x4,pytorch-cpu,0.008063,0.000270,ok,SPD Cholesky (torch.linalg.cholesky); input allocation outside timed region
cpu/linalg_batch_families,batched_cholesky,f64,4,8x4x4,pytorch-cpu,0.008631,0.000462,ok,SPD Cholesky (torch.linalg.cholesky); input allocation outside timed region
cpu/linalg_batch_families,batched_cholesky,f64,4,1024x4x4,pytorch-cpu,0.087775,0.004919,ok,SPD Cholesky (torch.linalg.cholesky); input allocation outside timed region
cpu/linalg_batch_families,batched_cholesky,f64,4,1x8x8,pytorch-cpu,0.009321,0.000531,ok,SPD Cholesky (torch.linalg.cholesky); input allocation outside timed region
cpu/linalg_batch_families,batched_cholesky,f64,4,3x8x8,pytorch-cpu,0.009650,0.000531,ok,SPD Cholesky (torch.linalg.cholesky); input allocation outside timed region
cpu/linalg_batch_families,batched_cholesky,f64,4,4x8x8,pytorch-cpu,0.009870,0.000417,ok,SPD Cholesky (torch.linalg.cholesky); input allocation outside timed region
cpu/linalg_batch_families,batched_cholesky,f64,4,8x8x8,pytorch-cpu,0.010191,0.000382,ok,SPD Cholesky (torch.linalg.cholesky); input allocation outside timed region
cpu/linalg_batch_families,batched_cholesky,f64,4,1024x8x8,pytorch-cpu,0.224756,0.008242,ok,SPD Cholesky (torch.linalg.cholesky); input allocation outside timed region
cpu/linalg_batch_families,batched_cholesky,f64,4,1x32x32,pytorch-cpu,0.014471,0.001211,ok,SPD Cholesky (torch.linalg.cholesky); input allocation outside timed region
cpu/linalg_batch_families,batched_cholesky,f64,4,8x32x32,pytorch-cpu,0.042573,0.001103,ok,SPD Cholesky (torch.linalg.cholesky); input allocation outside timed region
cpu/linalg_batch_families,batched_cholesky,f64,4,1x128x128,pytorch-cpu,0.136895,0.006218,ok,SPD Cholesky (torch.linalg.cholesky); input allocation outside timed region
cpu/linalg_batch_families,batched_cholesky,f64,4,8x128x128,pytorch-cpu,0.988128,0.011170,ok,SPD Cholesky (torch.linalg.cholesky); input allocation outside timed region
cpu/linalg_batch_families,batched_qr,f64,4,1x2x2,pytorch-cpu,0.008781,0.000812,ok,thin QR (torch.linalg.qr); input allocation outside timed region
cpu/linalg_batch_families,batched_qr,f64,4,3x2x2,pytorch-cpu,0.008801,0.000250,ok,thin QR (torch.linalg.qr); input allocation outside timed region
cpu/linalg_batch_families,batched_qr,f64,4,4x2x2,pytorch-cpu,0.011351,0.002127,ok,thin QR (torch.linalg.qr); input allocation outside timed region
cpu/linalg_batch_families,batched_qr,f64,4,8x2x2,pytorch-cpu,0.010120,0.000300,ok,thin QR (torch.linalg.qr); input allocation outside timed region
cpu/linalg_batch_families,batched_qr,f64,4,1024x2x2,pytorch-cpu,0.259368,0.006720,ok,thin QR (torch.linalg.qr); input allocation outside timed region
cpu/linalg_batch_families,batched_qr,f64,4,1x4x4,pytorch-cpu,0.008948,0.000617,ok,thin QR (torch.linalg.qr); input allocation outside timed region
cpu/linalg_batch_families,batched_qr,f64,4,3x4x4,pytorch-cpu,0.010291,0.000380,ok,thin QR (torch.linalg.qr); input allocation outside timed region
cpu/linalg_batch_families,batched_qr,f64,4,4x4x4,pytorch-cpu,0.010870,0.000305,ok,thin QR (torch.linalg.qr); input allocation outside timed region
cpu/linalg_batch_families,batched_qr,f64,4,8x4x4,pytorch-cpu,0.013880,0.000369,ok,thin QR (torch.linalg.qr); input allocation outside timed region
cpu/linalg_batch_families,batched_qr,f64,4,1024x4x4,pytorch-cpu,0.715481,0.008240,ok,thin QR (torch.linalg.qr); input allocation outside timed region
cpu/linalg_batch_families,batched_qr,f64,4,1x8x8,pytorch-cpu,0.010669,0.000579,ok,thin QR (torch.linalg.qr); input allocation outside timed region
cpu/linalg_batch_families,batched_qr,f64,4,3x8x8,pytorch-cpu,0.014281,0.001539,ok,thin QR (torch.linalg.qr); input allocation outside timed region
cpu/linalg_batch_families,batched_qr,f64,4,4x8x8,pytorch-cpu,0.016533,0.002237,ok,thin QR (torch.linalg.qr); input allocation outside timed region
cpu/linalg_batch_families,batched_qr,f64,4,8x8x8,pytorch-cpu,0.024261,0.000348,ok,thin QR (torch.linalg.qr); input allocation outside timed region
cpu/linalg_batch_families,batched_qr,f64,4,1024x8x8,pytorch-cpu,1.988595,0.012949,ok,thin QR (torch.linalg.qr); input allocation outside timed region
cpu/linalg_batch_families,batched_qr,f64,4,1x32x32,pytorch-cpu,0.033703,0.000831,ok,thin QR (torch.linalg.qr); input allocation outside timed region
cpu/linalg_batch_families,batched_qr,f64,4,8x32x32,pytorch-cpu,0.208847,0.006348,ok,thin QR (torch.linalg.qr); input allocation outside timed region
cpu/linalg_batch_families,batched_qr,f64,4,1x128x128,pytorch-cpu,0.599569,0.079507,ok,thin QR (torch.linalg.qr); input allocation outside timed region
cpu/linalg_batch_families,batched_qr,f64,4,8x128x128,pytorch-cpu,4.475424,0.060862,ok,thin QR (torch.linalg.qr); input allocation outside timed region
cpu/linalg_batch_families,batched_qr,f64,4,1x64x24,pytorch-cpu,0.036201,0.004271,ok,thin QR (torch.linalg.qr); input allocation outside timed region
cpu/linalg_batch_families,batched_eigh,f64,4,1x2x2,pytorch-cpu,0.007689,0.000274,ok,symmetric/Hermitian eigendecomposition (torch.linalg.eigh); input allocation outside timed region
cpu/linalg_batch_families,batched_eigh,f64,4,3x2x2,pytorch-cpu,0.009531,0.000602,ok,symmetric/Hermitian eigendecomposition (torch.linalg.eigh); input allocation outside timed region
cpu/linalg_batch_families,batched_eigh,f64,4,4x2x2,pytorch-cpu,0.009887,0.000453,ok,symmetric/Hermitian eigendecomposition (torch.linalg.eigh); input allocation outside timed region
cpu/linalg_batch_families,batched_eigh,f64,4,8x2x2,pytorch-cpu,0.011669,0.000240,ok,symmetric/Hermitian eigendecomposition (torch.linalg.eigh); input allocation outside timed region
cpu/linalg_batch_families,batched_eigh,f64,4,1024x2x2,pytorch-cpu,0.514854,0.007458,ok,symmetric/Hermitian eigendecomposition (torch.linalg.eigh); input allocation outside timed region
cpu/linalg_batch_families,batched_eigh,f64,4,1x4x4,pytorch-cpu,0.009932,0.000142,ok,symmetric/Hermitian eigendecomposition (torch.linalg.eigh); input allocation outside timed region
cpu/linalg_batch_families,batched_eigh,f64,4,3x4x4,pytorch-cpu,0.014251,0.000702,ok,symmetric/Hermitian eigendecomposition (torch.linalg.eigh); input allocation outside timed region
cpu/linalg_batch_families,batched_eigh,f64,4,4x4x4,pytorch-cpu,0.016319,0.000246,ok,symmetric/Hermitian eigendecomposition (torch.linalg.eigh); input allocation outside timed region
cpu/linalg_batch_families,batched_eigh,f64,4,8x4x4,pytorch-cpu,0.023423,0.000551,ok,symmetric/Hermitian eigendecomposition (torch.linalg.eigh); input allocation outside timed region
cpu/linalg_batch_families,batched_eigh,f64,4,1024x4x4,pytorch-cpu,1.951916,0.231966,ok,symmetric/Hermitian eigendecomposition (torch.linalg.eigh); input allocation outside timed region
cpu/linalg_batch_families,batched_eigh,f64,4,1x8x8,pytorch-cpu,0.014002,0.000710,ok,symmetric/Hermitian eigendecomposition (torch.linalg.eigh); input allocation outside timed region
cpu/linalg_batch_families,batched_eigh,f64,4,3x8x8,pytorch-cpu,0.025913,0.005921,ok,symmetric/Hermitian eigendecomposition (torch.linalg.eigh); input allocation outside timed region
cpu/linalg_batch_families,batched_eigh,f64,4,4x8x8,pytorch-cpu,0.032302,0.003949,ok,symmetric/Hermitian eigendecomposition (torch.linalg.eigh); input allocation outside timed region
cpu/linalg_batch_families,batched_eigh,f64,4,8x8x8,pytorch-cpu,0.054462,0.001770,ok,symmetric/Hermitian eigendecomposition (torch.linalg.eigh); input allocation outside timed region
cpu/linalg_batch_families,batched_eigh,f64,4,1024x8x8,pytorch-cpu,5.900973,0.152906,ok,symmetric/Hermitian eigendecomposition (torch.linalg.eigh); input allocation outside timed region
cpu/linalg_batch_families,batched_eigh,f64,4,1x32x32,pytorch-cpu,0.112716,0.003440,ok,symmetric/Hermitian eigendecomposition (torch.linalg.eigh); input allocation outside timed region
cpu/linalg_batch_families,batched_eigh,f64,4,8x32x32,pytorch-cpu,0.824865,0.006720,ok,symmetric/Hermitian eigendecomposition (torch.linalg.eigh); input allocation outside timed region
cpu/linalg_batch_families,batched_eigh,f64,4,1x128x128,pytorch-cpu,1.264498,0.024192,ok,symmetric/Hermitian eigendecomposition (torch.linalg.eigh); input allocation outside timed region
cpu/linalg_batch_families,batched_eigh,f64,4,8x128x128,pytorch-cpu,9.668725,0.051619,ok,symmetric/Hermitian eigendecomposition (torch.linalg.eigh); input allocation outside timed region
cpu/linalg_batch_families,batched_eigh,c64,4,1x2x2,pytorch-cpu,0.008268,0.000449,ok,symmetric/Hermitian eigendecomposition (torch.linalg.eigh); input allocation outside timed region
cpu/linalg_batch_families,batched_eigh,c64,4,3x2x2,pytorch-cpu,0.010449,0.000749,ok,symmetric/Hermitian eigendecomposition (torch.linalg.eigh); input allocation outside timed region
cpu/linalg_batch_families,batched_eigh,c64,4,4x2x2,pytorch-cpu,0.011211,0.001591,ok,symmetric/Hermitian eigendecomposition (torch.linalg.eigh); input allocation outside timed region
cpu/linalg_batch_families,batched_eigh,c64,4,8x2x2,pytorch-cpu,0.014180,0.003396,ok,symmetric/Hermitian eigendecomposition (torch.linalg.eigh); input allocation outside timed region
cpu/linalg_batch_families,batched_eigh,c64,4,1024x2x2,pytorch-cpu,0.721309,0.006342,ok,symmetric/Hermitian eigendecomposition (torch.linalg.eigh); input allocation outside timed region
cpu/linalg_batch_families,batched_eigh,c64,4,1x4x4,pytorch-cpu,0.010323,0.000227,ok,symmetric/Hermitian eigendecomposition (torch.linalg.eigh); input allocation outside timed region
cpu/linalg_batch_families,batched_eigh,c64,4,3x4x4,pytorch-cpu,0.015339,0.002269,ok,symmetric/Hermitian eigendecomposition (torch.linalg.eigh); input allocation outside timed region
cpu/linalg_batch_families,batched_eigh,c64,4,4x4x4,pytorch-cpu,0.017282,0.000848,ok,symmetric/Hermitian eigendecomposition (torch.linalg.eigh); input allocation outside timed region
cpu/linalg_batch_families,batched_eigh,c64,4,8x4x4,pytorch-cpu,0.025731,0.001039,ok,symmetric/Hermitian eigendecomposition (torch.linalg.eigh); input allocation outside timed region
cpu/linalg_batch_families,batched_eigh,c64,4,1024x4x4,pytorch-cpu,2.216155,0.018744,ok,symmetric/Hermitian eigendecomposition (torch.linalg.eigh); input allocation outside timed region
cpu/linalg_batch_families,batched_eigh,c64,4,1x8x8,pytorch-cpu,0.015542,0.000933,ok,symmetric/Hermitian eigendecomposition (torch.linalg.eigh); input allocation outside timed region
cpu/linalg_batch_families,batched_eigh,c64,4,3x8x8,pytorch-cpu,0.029320,0.001051,ok,symmetric/Hermitian eigendecomposition (torch.linalg.eigh); input allocation outside timed region
cpu/linalg_batch_families,batched_eigh,c64,4,4x8x8,pytorch-cpu,0.036491,0.004400,ok,symmetric/Hermitian eigendecomposition (torch.linalg.eigh); input allocation outside timed region
cpu/linalg_batch_families,batched_eigh,c64,4,8x8x8,pytorch-cpu,0.063330,0.005040,ok,symmetric/Hermitian eigendecomposition (torch.linalg.eigh); input allocation outside timed region
cpu/linalg_batch_families,batched_eigh,c64,4,1024x8x8,pytorch-cpu,6.821541,0.037542,ok,symmetric/Hermitian eigendecomposition (torch.linalg.eigh); input allocation outside timed region
cpu/linalg_batch_families,batched_eigh,c64,4,1x32x32,pytorch-cpu,0.149086,0.006560,ok,symmetric/Hermitian eigendecomposition (torch.linalg.eigh); input allocation outside timed region
cpu/linalg_batch_families,batched_eigh,c64,4,8x32x32,pytorch-cpu,1.084080,0.008199,ok,symmetric/Hermitian eigendecomposition (torch.linalg.eigh); input allocation outside timed region
cpu/linalg_batch_families,batched_eigh,c64,4,1x128x128,pytorch-cpu,2.144504,0.024812,ok,symmetric/Hermitian eigendecomposition (torch.linalg.eigh); input allocation outside timed region
cpu/linalg_batch_families,batched_eigh,c64,4,8x128x128,pytorch-cpu,16.708460,0.251848,ok,symmetric/Hermitian eigendecomposition (torch.linalg.eigh); input allocation outside timed region
cpu/linalg_batch_families,batched_eigvalsh,f64,4,1x2x2,pytorch-cpu,0.009239,0.001270,ok,symmetric eigenvalues only (torch.linalg.eigvalsh); input allocation outside timed region
cpu/linalg_batch_families,batched_eigvalsh,f64,4,3x2x2,pytorch-cpu,0.010142,0.000769,ok,symmetric eigenvalues only (torch.linalg.eigvalsh); input allocation outside timed region
cpu/linalg_batch_families,batched_eigvalsh,f64,4,4x2x2,pytorch-cpu,0.010410,0.001082,ok,symmetric eigenvalues only (torch.linalg.eigvalsh); input allocation outside timed region
cpu/linalg_batch_families,batched_eigvalsh,f64,4,8x2x2,pytorch-cpu,0.011131,0.000760,ok,symmetric eigenvalues only (torch.linalg.eigvalsh); input allocation outside timed region
cpu/linalg_batch_families,batched_eigvalsh,f64,4,1024x2x2,pytorch-cpu,0.249818,0.011897,ok,symmetric eigenvalues only (torch.linalg.eigvalsh); input allocation outside timed region
cpu/linalg_batch_families,batched_eigvalsh,f64,4,1x4x4,pytorch-cpu,0.010600,0.000831,ok,symmetric eigenvalues only (torch.linalg.eigvalsh); input allocation outside timed region
cpu/linalg_batch_families,batched_eigvalsh,f64,4,3x4x4,pytorch-cpu,0.012703,0.003919,ok,symmetric eigenvalues only (torch.linalg.eigvalsh); input allocation outside timed region
cpu/linalg_batch_families,batched_eigvalsh,f64,4,4x4x4,pytorch-cpu,0.015780,0.003589,ok,symmetric eigenvalues only (torch.linalg.eigvalsh); input allocation outside timed region
cpu/linalg_batch_families,batched_eigvalsh,f64,4,8x4x4,pytorch-cpu,0.017243,0.001658,ok,symmetric eigenvalues only (torch.linalg.eigvalsh); input allocation outside timed region
cpu/linalg_batch_families,batched_eigvalsh,f64,4,1024x4x4,pytorch-cpu,0.993490,0.014339,ok,symmetric eigenvalues only (torch.linalg.eigvalsh); input allocation outside timed region
cpu/linalg_batch_families,batched_eigvalsh,f64,4,1x8x8,pytorch-cpu,0.010381,0.003260,ok,symmetric eigenvalues only (torch.linalg.eigvalsh); input allocation outside timed region
cpu/linalg_batch_families,batched_eigvalsh,f64,4,3x8x8,pytorch-cpu,0.015762,0.001011,ok,symmetric eigenvalues only (torch.linalg.eigvalsh); input allocation outside timed region
cpu/linalg_batch_families,batched_eigvalsh,f64,4,4x8x8,pytorch-cpu,0.018179,0.000227,ok,symmetric eigenvalues only (torch.linalg.eigvalsh); input allocation outside timed region
cpu/linalg_batch_families,batched_eigvalsh,f64,4,8x8x8,pytorch-cpu,0.027871,0.000328,ok,symmetric eigenvalues only (torch.linalg.eigvalsh); input allocation outside timed region
cpu/linalg_batch_families,batched_eigvalsh,f64,4,1024x8x8,pytorch-cpu,2.814494,0.390902,ok,symmetric eigenvalues only (torch.linalg.eigvalsh); input allocation outside timed region
cpu/linalg_batch_families,batched_eigvalsh,f64,4,1x32x32,pytorch-cpu,0.034919,0.001222,ok,symmetric eigenvalues only (torch.linalg.eigvalsh); input allocation outside timed region
cpu/linalg_batch_families,batched_eigvalsh,f64,4,8x32x32,pytorch-cpu,0.219194,0.010058,ok,symmetric eigenvalues only (torch.linalg.eigvalsh); input allocation outside timed region
cpu/linalg_batch_families,batched_eigvalsh,f64,4,1x128x128,pytorch-cpu,0.773715,0.062983,ok,symmetric eigenvalues only (torch.linalg.eigvalsh); input allocation outside timed region
cpu/linalg_batch_families,batched_eigvalsh,f64,4,8x128x128,pytorch-cpu,5.939513,0.152903,ok,symmetric eigenvalues only (torch.linalg.eigvalsh); input allocation outside timed region
cpu/linalg_batch_families,batched_svd,f64,4,1x2x2,pytorch-cpu,0.015320,0.003798,ok,thin SVD (torch.linalg.svd full_matrices=False); input allocation outside timed region
cpu/linalg_batch_families,batched_svd,f64,4,3x2x2,pytorch-cpu,0.014961,0.000441,ok,thin SVD (torch.linalg.svd full_matrices=False); input allocation outside timed region
cpu/linalg_batch_families,batched_svd,f64,4,4x2x2,pytorch-cpu,0.016209,0.004072,ok,thin SVD (torch.linalg.svd full_matrices=False); input allocation outside timed region
cpu/linalg_batch_families,batched_svd,f64,4,8x2x2,pytorch-cpu,0.020152,0.004407,ok,thin SVD (torch.linalg.svd full_matrices=False); input allocation outside timed region
cpu/linalg_batch_families,batched_svd,f64,4,1024x2x2,pytorch-cpu,1.077242,0.014367,ok,thin SVD (torch.linalg.svd full_matrices=False); input allocation outside timed region
cpu/linalg_batch_families,batched_svd,f64,4,1x4x4,pytorch-cpu,0.017531,0.003112,ok,thin SVD (torch.linalg.svd full_matrices=False); input allocation outside timed region
cpu/linalg_batch_families,batched_svd,f64,4,3x4x4,pytorch-cpu,0.028212,0.004049,ok,thin SVD (torch.linalg.svd full_matrices=False); input allocation outside timed region
cpu/linalg_batch_families,batched_svd,f64,4,4x4x4,pytorch-cpu,0.031604,0.004230,ok,thin SVD (torch.linalg.svd full_matrices=False); input allocation outside timed region
cpu/linalg_batch_families,batched_svd,f64,4,8x4x4,pytorch-cpu,0.047902,0.000803,ok,thin SVD (torch.linalg.svd full_matrices=False); input allocation outside timed region
cpu/linalg_batch_families,batched_svd,f64,4,1024x4x4,pytorch-cpu,4.473539,0.043809,ok,thin SVD (torch.linalg.svd full_matrices=False); input allocation outside timed region
cpu/linalg_batch_families,batched_svd,f64,4,1x8x8,pytorch-cpu,0.027003,0.000488,ok,thin SVD (torch.linalg.svd full_matrices=False); input allocation outside timed region
cpu/linalg_batch_families,batched_svd,f64,4,3x8x8,pytorch-cpu,0.053212,0.002000,ok,thin SVD (torch.linalg.svd full_matrices=False); input allocation outside timed region
cpu/linalg_batch_families,batched_svd,f64,4,4x8x8,pytorch-cpu,0.066573,0.001350,ok,thin SVD (torch.linalg.svd full_matrices=False); input allocation outside timed region
cpu/linalg_batch_families,batched_svd,f64,4,8x8x8,pytorch-cpu,0.124842,0.007112,ok,thin SVD (torch.linalg.svd full_matrices=False); input allocation outside timed region
cpu/linalg_batch_families,batched_svd,f64,4,1024x8x8,pytorch-cpu,14.360420,0.412634,ok,thin SVD (torch.linalg.svd full_matrices=False); input allocation outside timed region
cpu/linalg_batch_families,batched_svd,f64,4,1x32x32,pytorch-cpu,0.177333,0.008881,ok,thin SVD (torch.linalg.svd full_matrices=False); input allocation outside timed region
cpu/linalg_batch_families,batched_svd,f64,4,8x32x32,pytorch-cpu,1.513354,0.110462,ok,thin SVD (torch.linalg.svd full_matrices=False); input allocation outside timed region
cpu/linalg_batch_families,batched_svd,f64,4,1x128x128,pytorch-cpu,2.787020,0.060542,ok,thin SVD (torch.linalg.svd full_matrices=False); input allocation outside timed region
cpu/linalg_batch_families,batched_svd,f64,4,8x128x128,pytorch-cpu,21.545444,0.432430,ok,thin SVD (torch.linalg.svd full_matrices=False); input allocation outside timed region
cpu/linalg_batch_families,batched_svd,f64,4,1x64x24,pytorch-cpu,0.150004,0.005582,ok,thin SVD (torch.linalg.svd full_matrices=False); input allocation outside timed region
cpu/linalg_batch_families,batched_svd,c64,4,1x2x2,pytorch-cpu,0.013519,0.000579,ok,thin SVD (torch.linalg.svd full_matrices=False); input allocation outside timed region
cpu/linalg_batch_families,batched_svd,c64,4,3x2x2,pytorch-cpu,0.017310,0.000952,ok,thin SVD (torch.linalg.svd full_matrices=False); input allocation outside timed region
cpu/linalg_batch_families,batched_svd,c64,4,4x2x2,pytorch-cpu,0.018459,0.000501,ok,thin SVD (torch.linalg.svd full_matrices=False); input allocation outside timed region
cpu/linalg_batch_families,batched_svd,c64,4,8x2x2,pytorch-cpu,0.024820,0.000341,ok,thin SVD (torch.linalg.svd full_matrices=False); input allocation outside timed region
cpu/linalg_batch_families,batched_svd,c64,4,1024x2x2,pytorch-cpu,1.576368,0.007045,ok,thin SVD (torch.linalg.svd full_matrices=False); input allocation outside timed region
cpu/linalg_batch_families,batched_svd,c64,4,1x4x4,pytorch-cpu,0.019472,0.001458,ok,thin SVD (torch.linalg.svd full_matrices=False); input allocation outside timed region
cpu/linalg_batch_families,batched_svd,c64,4,3x4x4,pytorch-cpu,0.029651,0.000760,ok,thin SVD (torch.linalg.svd full_matrices=False); input allocation outside timed region
cpu/linalg_batch_families,batched_svd,c64,4,4x4x4,pytorch-cpu,0.034539,0.000497,ok,thin SVD (torch.linalg.svd full_matrices=False); input allocation outside timed region
cpu/linalg_batch_families,batched_svd,c64,4,8x4x4,pytorch-cpu,0.056680,0.000590,ok,thin SVD (torch.linalg.svd full_matrices=False); input allocation outside timed region
cpu/linalg_batch_families,batched_svd,c64,4,1024x4x4,pytorch-cpu,5.084580,0.274627,ok,thin SVD (torch.linalg.svd full_matrices=False); input allocation outside timed region
cpu/linalg_batch_families,batched_svd,c64,4,1x8x8,pytorch-cpu,0.031013,0.001250,ok,thin SVD (torch.linalg.svd full_matrices=False); input allocation outside timed region
cpu/linalg_batch_families,batched_svd,c64,4,3x8x8,pytorch-cpu,0.064611,0.006948,ok,thin SVD (torch.linalg.svd full_matrices=False); input allocation outside timed region
cpu/linalg_batch_families,batched_svd,c64,4,4x8x8,pytorch-cpu,0.080792,0.002252,ok,thin SVD (torch.linalg.svd full_matrices=False); input allocation outside timed region
cpu/linalg_batch_families,batched_svd,c64,4,8x8x8,pytorch-cpu,0.144273,0.003848,ok,thin SVD (torch.linalg.svd full_matrices=False); input allocation outside timed region
cpu/linalg_batch_families,batched_svd,c64,4,1024x8x8,pytorch-cpu,16.148796,1.953118,ok,thin SVD (torch.linalg.svd full_matrices=False); input allocation outside timed region
cpu/linalg_batch_families,batched_svd,c64,4,1x32x32,pytorch-cpu,0.236776,0.022754,ok,thin SVD (torch.linalg.svd full_matrices=False); input allocation outside timed region
cpu/linalg_batch_families,batched_svd,c64,4,8x32x32,pytorch-cpu,2.014099,0.013189,ok,thin SVD (torch.linalg.svd full_matrices=False); input allocation outside timed region
cpu/linalg_batch_families,batched_svd,c64,4,1x128x128,pytorch-cpu,5.299885,0.052322,ok,thin SVD (torch.linalg.svd full_matrices=False); input allocation outside timed region
cpu/linalg_batch_families,batched_svd,c64,4,8x128x128,pytorch-cpu,41.638616,0.731481,ok,thin SVD (torch.linalg.svd full_matrices=False); input allocation outside timed region
cpu/linalg_batch_families,batched_svd,c64,4,1x64x24,pytorch-cpu,0.188906,0.006739,ok,thin SVD (torch.linalg.svd full_matrices=False); input allocation outside timed region
cpu/linalg_batch_families,batched_svdvals,f64,4,1x2x2,pytorch-cpu,0.007300,0.000209,ok,singular values only (torch.linalg.svdvals); input allocation outside timed region
cpu/linalg_batch_families,batched_svdvals,f64,4,3x2x2,pytorch-cpu,0.008950,0.000780,ok,singular values only (torch.linalg.svdvals); input allocation outside timed region
cpu/linalg_batch_families,batched_svdvals,f64,4,4x2x2,pytorch-cpu,0.008650,0.000343,ok,singular values only (torch.linalg.svdvals); input allocation outside timed region
cpu/linalg_batch_families,batched_svdvals,f64,4,8x2x2,pytorch-cpu,0.009941,0.000220,ok,singular values only (torch.linalg.svdvals); input allocation outside timed region
cpu/linalg_batch_families,batched_svdvals,f64,4,1024x2x2,pytorch-cpu,0.303760,0.005100,ok,singular values only (torch.linalg.svdvals); input allocation outside timed region
cpu/linalg_batch_families,batched_svdvals,f64,4,1x4x4,pytorch-cpu,0.009531,0.000423,ok,singular values only (torch.linalg.svdvals); input allocation outside timed region
cpu/linalg_batch_families,batched_svdvals,f64,4,3x4x4,pytorch-cpu,0.013389,0.000253,ok,singular values only (torch.linalg.svdvals); input allocation outside timed region
cpu/linalg_batch_families,batched_svdvals,f64,4,4x4x4,pytorch-cpu,0.014441,0.000468,ok,singular values only (torch.linalg.svdvals); input allocation outside timed region
cpu/linalg_batch_families,batched_svdvals,f64,4,8x4x4,pytorch-cpu,0.021009,0.000363,ok,singular values only (torch.linalg.svdvals); input allocation outside timed region
cpu/linalg_batch_families,batched_svdvals,f64,4,1024x4x4,pytorch-cpu,1.978867,0.146225,ok,singular values only (torch.linalg.svdvals); input allocation outside timed region
cpu/linalg_batch_families,batched_svdvals,f64,4,1x8x8,pytorch-cpu,0.012480,0.000620,ok,singular values only (torch.linalg.svdvals); input allocation outside timed region
cpu/linalg_batch_families,batched_svdvals,f64,4,3x8x8,pytorch-cpu,0.021972,0.000622,ok,singular values only (torch.linalg.svdvals); input allocation outside timed region
cpu/linalg_batch_families,batched_svdvals,f64,4,4x8x8,pytorch-cpu,0.031671,0.000646,ok,singular values only (torch.linalg.svdvals); input allocation outside timed region
cpu/linalg_batch_families,batched_svdvals,f64,4,8x8x8,pytorch-cpu,0.052702,0.001423,ok,singular values only (torch.linalg.svdvals); input allocation outside timed region
cpu/linalg_batch_families,batched_svdvals,f64,4,1024x8x8,pytorch-cpu,5.147520,0.512706,ok,singular values only (torch.linalg.svdvals); input allocation outside timed region
cpu/linalg_batch_families,batched_svdvals,f64,4,1x32x32,pytorch-cpu,0.063673,0.001680,ok,singular values only (torch.linalg.svdvals); input allocation outside timed region
cpu/linalg_batch_families,batched_svdvals,f64,4,8x32x32,pytorch-cpu,0.439854,0.004437,ok,singular values only (torch.linalg.svdvals); input allocation outside timed region
cpu/linalg_batch_families,batched_svdvals,f64,4,1x128x128,pytorch-cpu,1.346869,0.008080,ok,singular values only (torch.linalg.svdvals); input allocation outside timed region
cpu/linalg_batch_families,batched_svdvals,f64,4,8x128x128,pytorch-cpu,10.418588,0.158856,ok,singular values only (torch.linalg.svdvals); input allocation outside timed region
cpu/linalg_batch_families,batched_svdvals,f64,4,1x64x24,pytorch-cpu,0.053652,0.001200,ok,singular values only (torch.linalg.svdvals); input allocation outside timed region
cpu/linalg_batch_families,batched_lu,f64,4,1x2x2,pytorch-cpu,0.016941,0.001661,ok,"partial-pivot LU, P L U (torch.linalg.lu); input allocation outside timed region"
cpu/linalg_batch_families,batched_lu,f64,4,3x2x2,pytorch-cpu,0.018639,0.001069,ok,"partial-pivot LU, P L U (torch.linalg.lu); input allocation outside timed region"
cpu/linalg_batch_families,batched_lu,f64,4,4x2x2,pytorch-cpu,0.018453,0.000572,ok,"partial-pivot LU, P L U (torch.linalg.lu); input allocation outside timed region"
cpu/linalg_batch_families,batched_lu,f64,4,8x2x2,pytorch-cpu,0.021240,0.000702,ok,"partial-pivot LU, P L U (torch.linalg.lu); input allocation outside timed region"
cpu/linalg_batch_families,batched_lu,f64,4,1024x2x2,pytorch-cpu,0.132576,0.002990,ok,"partial-pivot LU, P L U (torch.linalg.lu); input allocation outside timed region"
cpu/linalg_batch_families,batched_lu,f64,4,1x4x4,pytorch-cpu,0.022219,0.002988,ok,"partial-pivot LU, P L U (torch.linalg.lu); input allocation outside timed region"
cpu/linalg_batch_families,batched_lu,f64,4,3x4x4,pytorch-cpu,0.021562,0.006521,ok,"partial-pivot LU, P L U (torch.linalg.lu); input allocation outside timed region"
cpu/linalg_batch_families,batched_lu,f64,4,4x4x4,pytorch-cpu,0.021592,0.000682,ok,"partial-pivot LU, P L U (torch.linalg.lu); input allocation outside timed region"
cpu/linalg_batch_families,batched_lu,f64,4,8x4x4,pytorch-cpu,0.025002,0.000428,ok,"partial-pivot LU, P L U (torch.linalg.lu); input allocation outside timed region"
cpu/linalg_batch_families,batched_lu,f64,4,1024x4x4,pytorch-cpu,0.175869,0.017932,ok,"partial-pivot LU, P L U (torch.linalg.lu); input allocation outside timed region"
cpu/linalg_batch_families,batched_lu,f64,4,1x8x8,pytorch-cpu,0.016980,0.000488,ok,"partial-pivot LU, P L U (torch.linalg.lu); input allocation outside timed region"
cpu/linalg_batch_families,batched_lu,f64,4,3x8x8,pytorch-cpu,0.020312,0.000972,ok,"partial-pivot LU, P L U (torch.linalg.lu); input allocation outside timed region"
cpu/linalg_batch_families,batched_lu,f64,4,4x8x8,pytorch-cpu,0.020530,0.000466,ok,"partial-pivot LU, P L U (torch.linalg.lu); input allocation outside timed region"
cpu/linalg_batch_families,batched_lu,f64,4,8x8x8,pytorch-cpu,0.026612,0.006210,ok,"partial-pivot LU, P L U (torch.linalg.lu); input allocation outside timed region"
cpu/linalg_batch_families,batched_lu,f64,4,1024x8x8,pytorch-cpu,0.352431,0.028389,ok,"partial-pivot LU, P L U (torch.linalg.lu); input allocation outside timed region"
cpu/linalg_batch_families,batched_lu,f64,4,1x32x32,pytorch-cpu,0.030950,0.007777,ok,"partial-pivot LU, P L U (torch.linalg.lu); input allocation outside timed region"
cpu/linalg_batch_families,batched_lu,f64,4,8x32x32,pytorch-cpu,0.071101,0.001229,ok,"partial-pivot LU, P L U (torch.linalg.lu); input allocation outside timed region"
cpu/linalg_batch_families,batched_lu,f64,4,1x128x128,pytorch-cpu,0.188924,0.029683,ok,"partial-pivot LU, P L U (torch.linalg.lu); input allocation outside timed region"
cpu/linalg_batch_families,batched_lu,f64,4,8x128x128,pytorch-cpu,0.420822,0.015283,ok,"partial-pivot LU, P L U (torch.linalg.lu); input allocation outside timed region"
cpu/linalg_batch_families,batched_lu,f64,4,1x64x24,pytorch-cpu,0.035210,0.001222,ok,"partial-pivot LU, P L U (torch.linalg.lu); input allocation outside timed region"
cpu/linalg_uncovered,cholesky,f64,4,1536x1536,pytorch-cpu,18.217767,0.255978,ok,SPD input; input allocation outside timed region
cpu/linalg_uncovered,eig,f64,4,160x160,pytorch-cpu,11.807337,0.797994,ok,general input; input allocation outside timed region
cpu/linalg_uncovered,eigvals,f64,4,192x192,pytorch-cpu,10.797188,0.549119,ok,general input values only; input allocation outside timed region
cpu/linalg_uncovered,eigvalsh,f64,4,512x512,pytorch-cpu,12.819888,0.910455,ok,SPD input values only; input allocation outside timed region
cpu/linalg_uncovered,triangular_solve,f64,4,"4096x4096,rhs=64",pytorch-cpu,12.329714,0.093782,ok,lower-triangular solve; input allocation outside timed region
cpu/linalg_uncovered,det,f64,4,1024x1024,pytorch-cpu,7.818030,0.028562,ok,well-conditioned input; input allocation outside timed region
cpu/linalg_uncovered,slogdet,f64,4,1024x1024,pytorch-cpu,7.861692,0.050463,ok,well-conditioned input; input allocation outside timed region
cpu/linalg_uncovered,inv,f64,4,768x768,pytorch-cpu,12.223288,1.514157,ok,well-conditioned input; input allocation outside timed region
cpu/linalg_uncovered,pinv,f64,4,512x256,pytorch-cpu,13.852147,1.101684,ok,rectangular input; input allocation outside timed region
cpu/linalg_uncovered,pinv_with_rtol,f64,4,512x256,pytorch-cpu,13.929810,1.138862,ok,rectangular input; rtol=1e-12; input allocation outside timed region
cpu/linalg_uncovered,lu,f64,4,1024x1024,pytorch-cpu,10.884721,0.957569,ok,partial-pivot LU; input allocation outside timed region
cpu/linalg_uncovered,lstsq,f64,4,"768x384,rhs=16",pytorch-cpu,4.351648,0.566879,ok,tall full-column-rank QR least-squares solve; GEL driver; solution output; input allocation outside timed region
cpu/linalg_uncovered,svd_full,f64,4,768x384,pytorch-cpu,33.192774,2.357708,ok,full-matrices SVD; input allocation outside timed region
cpu/linalg_uncovered,norm_fro,f64,4,2048x2048,pytorch-cpu,1.191156,0.052862,ok,Frobenius norm; input allocation outside timed region
cpu/complex,conj,c64,4,16777216,pytorch-cpu,41.985536,2.219154,ok,physical complex conjugate output; input allocation outside timed region
cpu/complex,mul,c64,4,8388608,pytorch-cpu,22.466142,1.229087,ok,complex elementwise; input allocation outside timed region
cpu/complex,div,c64,4,8388608,pytorch-cpu,27.396718,2.204023,ok,complex elementwise; input allocation outside timed region
cpu/complex,exp,c64,4,4194304,pytorch-cpu,30.669624,2.024369,ok,complex analytic; input allocation outside timed region
cpu/complex,log,c64,4,4194304,pytorch-cpu,40.422833,3.113059,ok,complex analytic; input allocation outside timed region
cpu/complex,dot_general,c64,4,640x640,pytorch-cpu,13.862850,1.055200,ok,complex matrix multiply; input allocation outside timed region
cpu/complex,dot_general_with_conj,c64,4,640x640,pytorch-cpu,15.179019,1.052322,ok,conjugated-lhs matrix multiply using PyTorch's lazy conjugate view; input allocation outside timed region
cpu/complex,tensordot,c64,4,640x640,pytorch-cpu,14.492808,1.487574,ok,complex matrix contraction over one axis; input allocation outside timed region
cpu/complex,svd,c64,4,160x160,pytorch-cpu,5.573783,0.570077,ok,complex SVD; input allocation outside timed region
cpu/complex,qr,c64,4,256x256,pytorch-cpu,5.480511,0.106825,ok,complex QR; input allocation outside timed region
cpu/complex,eig,c64,4,112x112,pytorch-cpu,10.538099,0.536114,ok,complex eig; input allocation outside timed region
cpu/complex,solve,c64,4,"384x384,rhs=8",pytorch-cpu,2.790753,0.126565,ok,complex solve; input allocation outside timed region
cpu/complex,cholesky,c64,4,448x448,pytorch-cpu,1.596348,0.179036,ok,Hermitian positive definite; input allocation outside timed region
cpu/complex,norm_fro,c64,4,2048x1536,pytorch-cpu,5.971145,0.391629,ok,complex Frobenius norm; input allocation outside timed region
cpu/elementwise_reduction,add,f64,4,33554432,jax-cpu,50.857348,0.964789,ok,binary elementwise; inputs and XLA compilation outside timed region
cpu/elementwise_reduction,sub,f64,4,33554432,jax-cpu,50.289663,2.626387,ok,binary elementwise; inputs and XLA compilation outside timed region
cpu/elementwise_reduction,mul,f64,4,33554432,jax-cpu,49.718127,3.545707,ok,binary elementwise; inputs and XLA compilation outside timed region
cpu/elementwise_reduction,div,f64,4,33554432,jax-cpu,47.796112,3.968555,ok,binary elementwise; inputs and XLA compilation outside timed region
cpu/elementwise_reduction,neg,f64,4,33554432,jax-cpu,43.929966,2.705952,ok,unary elementwise; inputs and XLA compilation outside timed region
cpu/elementwise_reduction,abs,f64,4,33554432,jax-cpu,44.406662,1.305589,ok,unary elementwise; inputs and XLA compilation outside timed region
cpu/elementwise_reduction,sign,f64,4,33554432,jax-cpu,45.223653,2.445592,ok,unary elementwise; inputs and XLA compilation outside timed region
cpu/elementwise_reduction,maximum,f64,4,33554432,jax-cpu,47.126880,2.926091,ok,binary elementwise; inputs and XLA compilation outside timed region
cpu/elementwise_reduction,minimum,f64,4,33554432,jax-cpu,47.558017,3.146691,ok,binary elementwise; inputs and XLA compilation outside timed region
cpu/elementwise_reduction,compare_lt,f64,4,33554432,jax-cpu,18.064424,0.923039,ok,ordered compare; inputs and XLA compilation outside timed region
cpu/elementwise_reduction,select,f64,4,33554432,jax-cpu,54.488510,1.079330,ok,ternary select; inputs and XLA compilation outside timed region
cpu/elementwise_reduction,sqrt,f64,4,33554432,jax-cpu,43.910129,2.598936,ok,analytic unary; inputs and XLA compilation outside timed region
cpu/elementwise_reduction,rsqrt,f64,4,33554432,jax-cpu,75.129841,3.337240,ok,analytic unary; inputs and XLA compilation outside timed region
cpu/elementwise_reduction,rem,f64,4,8388608,jax-cpu,23.951460,0.788061,ok,binary elementwise; inputs and XLA compilation outside timed region
cpu/elementwise_reduction,clamp,f64,4,8388608,jax-cpu,13.949852,0.397891,ok,clamp with tensor bounds; inputs and XLA compilation outside timed region
cpu/elementwise_reduction,exp,f64,4,8388608,jax-cpu,14.504729,0.566568,ok,analytic unary; inputs and XLA compilation outside timed region
cpu/elementwise_reduction,log,f64,4,8388608,jax-cpu,19.825887,1.962112,ok,analytic unary; inputs and XLA compilation outside timed region
cpu/elementwise_reduction,sin,f64,4,8388608,jax-cpu,30.293357,2.086019,ok,analytic unary; inputs and XLA compilation outside timed region
cpu/elementwise_reduction,cos,f64,4,8388608,jax-cpu,30.647868,2.702011,ok,analytic unary; inputs and XLA compilation outside timed region
cpu/elementwise_reduction,tanh,f64,4,8388608,jax-cpu,13.821958,0.767374,ok,analytic unary; inputs and XLA compilation outside timed region
cpu/elementwise_reduction,pow,f64,4,4194304,jax-cpu,20.918811,0.315091,ok,binary analytic with tensor exponent; inputs and XLA compilation outside timed region
cpu/elementwise_reduction,expm1,f64,4,4194304,jax-cpu,9.007955,0.240065,ok,analytic unary; inputs and XLA compilation outside timed region
cpu/elementwise_reduction,log1p,f64,4,4194304,jax-cpu,11.517800,0.284148,ok,analytic unary; inputs and XLA compilation outside timed region
cpu/elementwise_reduction,chain_log1p_exp_mul,f64,4,4194304,jax-cpu,15.118686,0.273388,ok,short elementwise chain; inputs and XLA compilation outside timed region
cpu/elementwise_reduction,reduce_sum_all,f64,4,8192x4096,jax-cpu,5.350098,0.074472,ok,full reduction; inputs and XLA compilation outside timed region
cpu/elementwise_reduction,reduce_prod_all,f64,4,8192x4096,jax-cpu,5.319417,0.093266,ok,full reduction; inputs and XLA compilation outside timed region
cpu/elementwise_reduction,reduce_max_all,f64,4,8192x4096,jax-cpu,7.028988,0.197744,ok,full reduction; inputs and XLA compilation outside timed region
cpu/elementwise_reduction,reduce_min_all,f64,4,8192x4096,jax-cpu,6.988997,0.086084,ok,full reduction; inputs and XLA compilation outside timed region
cpu/elementwise_reduction,reduce_max_axis0,f64,4,2048x2048,jax-cpu,1.361180,0.032049,ok,axis reduction; inputs and XLA compilation outside timed region
cpu/elementwise_reduction,reduce_min_axis1,f64,4,4096x4096,jax-cpu,4.850686,0.701321,ok,axis reduction; inputs and XLA compilation outside timed region
cpu/elementwise_reduction,reduce_max_axis1,f64,4,2048x2048,jax-cpu,0.843257,0.502637,ok,axis reduction; inputs and XLA compilation outside timed region
cpu/elementwise_reduction,reduce_min_axis0,f64,4,2048x2048,jax-cpu,1.421332,0.020659,ok,axis reduction; inputs and XLA compilation outside timed region
cpu/elementwise_reduction,reduce_sum_axis0,f64,4,2048x2048,jax-cpu,1.199696,0.057647,ok,axis reduction; inputs and XLA compilation outside timed region
cpu/elementwise_reduction,reduce_sum_axis1,f64,4,2048x2048,jax-cpu,1.078213,0.354022,ok,axis reduction; inputs and XLA compilation outside timed region
cpu/elementwise_reduction,reduce_prod_axis0,f64,4,2048x2048,jax-cpu,1.129325,0.022830,ok,axis reduction; inputs and XLA compilation outside timed region
cpu/elementwise_reduction,reduce_prod_axis1,f64,4,2048x2048,jax-cpu,1.146825,0.401933,ok,axis reduction; inputs and XLA compilation outside timed region
cpu/indexing_layout,gather,f64,4,262144,jax-cpu,0.255218,0.017872,ok,1D gather; inputs and XLA compilation outside timed region
cpu/indexing_layout,scatter,f64,4,262144,jax-cpu,1.183953,0.097951,ok,1D scatter; inputs and XLA compilation outside timed region
cpu/indexing_layout,slice,f64,4,4194304 -> 2096128,jax-cpu,0.615381,0.134304,ok,static slice materialized output; inputs and XLA compilation outside timed region
cpu/indexing_layout,dynamic_slice,f64,4,4194304 -> 2097152,jax-cpu,0.583788,0.236480,ok,runtime-start slice; inputs and XLA compilation outside timed region
cpu/indexing_layout,dynamic_update_slice,f64,4,2097152,jax-cpu,1.562668,0.155864,ok,runtime-start update; inputs and XLA compilation outside timed region
cpu/indexing_layout,pad,f64,4,2097152,jax-cpu,0.598216,0.012660,ok,edge padding; inputs and XLA compilation outside timed region
cpu/indexing_layout,concatenate,f64,4,1048576+1048576,jax-cpu,1.216924,0.308389,ok,concatenate along axis 0; inputs and XLA compilation outside timed region
cpu/indexing_layout,reverse,f64,4,2097152,jax-cpu,0.676932,0.089670,ok,reverse axis 0; inputs and XLA compilation outside timed region
cpu/structural_shape,transpose,f64,4,4096x4096,jax-cpu,26.261069,0.530664,ok,materialized matrix transpose; inputs and XLA compilation outside timed region
cpu/structural_shape,reshape,f64,4,33554432 -> 8192x4096,jax-cpu,46.986634,0.997789,ok,materialized reshape; JAX arrays have value semantics and no public strided-view contract; inputs and XLA compilation outside timed region
cpu/structural_shape,broadcast_in_dim,f64,4,8192x1 -> 8192x4096,jax-cpu,40.509542,1.419472,ok,materialized broadcast; inputs and XLA compilation outside timed region
cpu/structural_shape,cast_f64_f32,f64->f32,4,33554432,jax-cpu,26.146635,1.378523,ok,dtype cast; inputs and XLA compilation outside timed region
cpu/structural_shape,extract_diagonal,f64,4,8388608x2x2 -> 8388608x2,jax-cpu,25.061226,1.537226,ok,batched matrix diagonal extraction; inputs and XLA compilation outside timed region
cpu/structural_shape,embed_diagonal,f64,4,8192 -> 8192x8192,jax-cpu,77.964192,1.626519,ok,embed vector as matrix diagonal; inputs and XLA compilation outside timed region
cpu/structural_shape,tril,f64,4,4096x4096,jax-cpu,22.062346,1.329739,ok,lower triangle; inputs and XLA compilation outside timed region
cpu/structural_shape,triu,f64,4,4096x4096,jax-cpu,21.883961,0.740241,ok,upper triangle; inputs and XLA compilation outside timed region
cpu/einsum_concrete,einsum_ij_jk_ik,f64,4,1024x1024,jax-cpu,12.109460,0.337008,ok,jnp.einsum allocation-returning API; inputs and XLA compilation outside timed region
cpu/linalg_uncovered,cholesky,f64,4,1536x1536,jax-cpu,29.284090,2.720706,ok,SPD input; inputs and XLA compilation outside timed region
cpu/linalg_uncovered,eig,f64,4,160x160,jax-cpu,10.161251,0.263456,ok,general input; inputs and XLA compilation outside timed region
cpu/linalg_uncovered,eigvals,f64,4,192x192,jax-cpu,11.569373,0.302058,ok,general input values only; inputs and XLA compilation outside timed region
cpu/linalg_uncovered,eigvalsh,f64,4,512x512,jax-cpu,32.453725,17.885771,ok,SPD input values only; inputs and XLA compilation outside timed region
cpu/linalg_uncovered,triangular_solve,f64,4,"4096x4096,rhs=64",jax-cpu,65.266969,9.353535,ok,lower-triangular solve; inputs and XLA compilation outside timed region
cpu/linalg_uncovered,det,f64,4,1024x1024,jax-cpu,17.604154,0.465216,ok,well-conditioned input; inputs and XLA compilation outside timed region
cpu/linalg_uncovered,slogdet,f64,4,1024x1024,jax-cpu,17.366646,0.674821,ok,well-conditioned input; inputs and XLA compilation outside timed region
cpu/linalg_uncovered,inv,f64,4,768x768,jax-cpu,22.398837,0.585647,ok,well-conditioned input; inputs and XLA compilation outside timed region
cpu/linalg_uncovered,pinv,f64,4,512x256,jax-cpu,34.752747,2.981069,ok,rectangular input; inputs and XLA compilation outside timed region
cpu/linalg_uncovered,pinv_with_rtol,f64,4,512x256,jax-cpu,33.416856,3.200073,ok,rectangular input; rtol=1e-12; inputs and XLA compilation outside timed region
cpu/linalg_uncovered,lu,f64,4,1024x1024,jax-cpu,23.587564,1.223007,ok,partial-pivot LU; inputs and XLA compilation outside timed region
cpu/linalg_uncovered,lstsq,f64,4,"768x384,rhs=16",jax-cpu,61.417537,2.163973,ok,tall full-column-rank least-squares solve; solution output; JAX chooses its native solver; inputs and XLA compilation outside timed region
cpu/linalg_uncovered,svd_full,f64,4,768x384,jax-cpu,81.155566,5.882984,ok,full-matrices SVD; inputs and XLA compilation outside timed region
cpu/linalg_uncovered,norm_fro,f64,4,2048x2048,jax-cpu,4.185505,0.256617,ok,Frobenius norm; inputs and XLA compilation outside timed region
cpu/linalg_batched,batched_lu_factor,f64,4,"1024x2x2,rhs=1",jax-cpu,0.180816,0.006041,ok,packed LU factorization only (jax.scipy.linalg.lu_factor); inputs and XLA compilation outside timed region
cpu/linalg_batched,batched_lu_factor,f64,4,"1024x4x4,rhs=1",jax-cpu,0.358611,0.008954,ok,packed LU factorization only (jax.scipy.linalg.lu_factor); inputs and XLA compilation outside timed region
cpu/linalg_batched,batched_lu_factor,f64,4,"1024x8x8,rhs=1",jax-cpu,1.369631,0.104604,ok,packed LU factorization only (jax.scipy.linalg.lu_factor); inputs and XLA compilation outside timed region
cpu/linalg_batched,batched_lu_factor,f64,4,"1024x16x16,rhs=1",jax-cpu,2.431944,0.131333,ok,packed LU factorization only (jax.scipy.linalg.lu_factor); inputs and XLA compilation outside timed region
cpu/linalg_batched,batched_lu_solve,f64,4,"1024x2x2,rhs=1",jax-cpu,0.381121,0.011956,ok,solve with prepared LU factors (jax.scipy.linalg.lu_solve); inputs and XLA compilation outside timed region
cpu/linalg_batched,batched_lu_solve,f64,4,"1024x4x4,rhs=1",jax-cpu,0.464575,0.010693,ok,solve with prepared LU factors (jax.scipy.linalg.lu_solve); inputs and XLA compilation outside timed region
cpu/linalg_batched,batched_lu_solve,f64,4,"1024x8x8,rhs=1",jax-cpu,0.758162,0.030706,ok,solve with prepared LU factors (jax.scipy.linalg.lu_solve); inputs and XLA compilation outside timed region
cpu/linalg_batched,batched_lu_solve,f64,4,"1024x16x16,rhs=1",jax-cpu,1.995480,0.075163,ok,solve with prepared LU factors (jax.scipy.linalg.lu_solve); inputs and XLA compilation outside timed region
cpu/linalg_batched,batched_triangular_solve,f64,4,"1024x2x2,rhs=1",jax-cpu,0.169817,0.009900,ok,lower-triangular solve (jax.scipy.linalg.solve_triangular); inputs and XLA compilation outside timed region
cpu/linalg_batched,batched_triangular_solve,f64,4,"1024x4x4,rhs=1",jax-cpu,0.220897,0.009254,ok,lower-triangular solve (jax.scipy.linalg.solve_triangular); inputs and XLA compilation outside timed region
cpu/linalg_batched,batched_triangular_solve,f64,4,"1024x8x8,rhs=1",jax-cpu,0.433493,0.030162,ok,lower-triangular solve (jax.scipy.linalg.solve_triangular); inputs and XLA compilation outside timed region
cpu/linalg_batched,batched_triangular_solve,f64,4,"1024x16x16,rhs=1",jax-cpu,0.879746,0.038363,ok,lower-triangular solve (jax.scipy.linalg.solve_triangular); inputs and XLA compilation outside timed region
cpu/linalg_batch_families,batched_solve,f64,4,"1x2x2,rhs=1",jax-cpu,0.019489,0.004180,ok,"general solve, one rhs column (jnp.linalg.solve); inputs and XLA compilation outside timed region"
cpu/linalg_batch_families,batched_solve,f64,4,"3x2x2,rhs=1",jax-cpu,0.016091,0.001373,ok,"general solve, one rhs column (jnp.linalg.solve); inputs and XLA compilation outside timed region"
cpu/linalg_batch_families,batched_solve,f64,4,"4x2x2,rhs=1",jax-cpu,0.021251,0.001851,ok,"general solve, one rhs column (jnp.linalg.solve); inputs and XLA compilation outside timed region"
cpu/linalg_batch_families,batched_solve,f64,4,"8x2x2,rhs=1",jax-cpu,0.017140,0.002941,ok,"general solve, one rhs column (jnp.linalg.solve); inputs and XLA compilation outside timed region"
cpu/linalg_batch_families,batched_solve,f64,4,"1024x2x2,rhs=1",jax-cpu,0.528324,0.008289,ok,"general solve, one rhs column (jnp.linalg.solve); inputs and XLA compilation outside timed region"
cpu/linalg_batch_families,batched_solve,f64,4,"1x4x4,rhs=1",jax-cpu,0.014210,0.003651,ok,"general solve, one rhs column (jnp.linalg.solve); inputs and XLA compilation outside timed region"
cpu/linalg_batch_families,batched_solve,f64,4,"3x4x4,rhs=1",jax-cpu,0.022940,0.002991,ok,"general solve, one rhs column (jnp.linalg.solve); inputs and XLA compilation outside timed region"
cpu/linalg_batch_families,batched_solve,f64,4,"4x4x4,rhs=1",jax-cpu,0.022840,0.005871,ok,"general solve, one rhs column (jnp.linalg.solve); inputs and XLA compilation outside timed region"
cpu/linalg_batch_families,batched_solve,f64,4,"8x4x4,rhs=1",jax-cpu,0.025252,0.008646,ok,"general solve, one rhs column (jnp.linalg.solve); inputs and XLA compilation outside timed region"
cpu/linalg_batch_families,batched_solve,f64,4,"1024x4x4,rhs=1",jax-cpu,0.391379,0.008058,ok,"general solve, one rhs column (jnp.linalg.solve); inputs and XLA compilation outside timed region"
cpu/linalg_batch_families,batched_solve,f64,4,"1x8x8,rhs=1",jax-cpu,0.021309,0.002073,ok,"general solve, one rhs column (jnp.linalg.solve); inputs and XLA compilation outside timed region"
cpu/linalg_batch_families,batched_solve,f64,4,"3x8x8,rhs=1",jax-cpu,0.021150,0.001950,ok,"general solve, one rhs column (jnp.linalg.solve); inputs and XLA compilation outside timed region"
cpu/linalg_batch_families,batched_solve,f64,4,"4x8x8,rhs=1",jax-cpu,0.020923,0.008568,ok,"general solve, one rhs column (jnp.linalg.solve); inputs and XLA compilation outside timed region"
cpu/linalg_batch_families,batched_solve,f64,4,"8x8x8,rhs=1",jax-cpu,0.033261,0.011628,ok,"general solve, one rhs column (jnp.linalg.solve); inputs and XLA compilation outside timed region"
cpu/linalg_batch_families,batched_solve,f64,4,"1024x8x8,rhs=1",jax-cpu,1.440292,0.130454,ok,"general solve, one rhs column (jnp.linalg.solve); inputs and XLA compilation outside timed region"
cpu/linalg_batch_families,batched_solve,f64,4,"1x32x32,rhs=1",jax-cpu,0.037061,0.001678,ok,"general solve, one rhs column (jnp.linalg.solve); inputs and XLA compilation outside timed region"
cpu/linalg_batch_families,batched_solve,f64,4,"8x32x32,rhs=1",jax-cpu,0.220247,0.040382,ok,"general solve, one rhs column (jnp.linalg.solve); inputs and XLA compilation outside timed region"
cpu/linalg_batch_families,batched_solve,f64,4,"1x128x128,rhs=1",jax-cpu,0.195896,0.007149,ok,"general solve, one rhs column (jnp.linalg.solve); inputs and XLA compilation outside timed region"
cpu/linalg_batch_families,batched_solve,f64,4,"8x128x128,rhs=1",jax-cpu,1.105024,0.094745,ok,"general solve, one rhs column (jnp.linalg.solve); inputs and XLA compilation outside timed region"
cpu/linalg_batch_families,batched_cholesky,f64,4,1x2x2,jax-cpu,0.022553,0.001112,ok,SPD Cholesky (jnp.linalg.cholesky); inputs and XLA compilation outside timed region
cpu/linalg_batch_families,batched_cholesky,f64,4,3x2x2,jax-cpu,0.021929,0.001781,ok,SPD Cholesky (jnp.linalg.cholesky); inputs and XLA compilation outside timed region
cpu/linalg_batch_families,batched_cholesky,f64,4,4x2x2,jax-cpu,0.019081,0.003913,ok,SPD Cholesky (jnp.linalg.cholesky); inputs and XLA compilation outside timed region
cpu/linalg_batch_families,batched_cholesky,f64,4,8x2x2,jax-cpu,0.023400,0.005282,ok,SPD Cholesky (jnp.linalg.cholesky); inputs and XLA compilation outside timed region
cpu/linalg_batch_families,batched_cholesky,f64,4,1024x2x2,jax-cpu,0.167053,0.015421,ok,SPD Cholesky (jnp.linalg.cholesky); inputs and XLA compilation outside timed region
cpu/linalg_batch_families,batched_cholesky,f64,4,1x4x4,jax-cpu,0.024630,0.002751,ok,SPD Cholesky (jnp.linalg.cholesky); inputs and XLA compilation outside timed region
cpu/linalg_batch_families,batched_cholesky,f64,4,3x4x4,jax-cpu,0.022132,0.001833,ok,SPD Cholesky (jnp.linalg.cholesky); inputs and XLA compilation outside timed region
cpu/linalg_batch_families,batched_cholesky,f64,4,4x4x4,jax-cpu,0.013903,0.001822,ok,SPD Cholesky (jnp.linalg.cholesky); inputs and XLA compilation outside timed region
cpu/linalg_batch_families,batched_cholesky,f64,4,8x4x4,jax-cpu,0.025181,0.002410,ok,SPD Cholesky (jnp.linalg.cholesky); inputs and XLA compilation outside timed region
cpu/linalg_batch_families,batched_cholesky,f64,4,1024x4x4,jax-cpu,0.284627,0.007771,ok,SPD Cholesky (jnp.linalg.cholesky); inputs and XLA compilation outside timed region
cpu/linalg_batch_families,batched_cholesky,f64,4,1x8x8,jax-cpu,0.013590,0.003938,ok,SPD Cholesky (jnp.linalg.cholesky); inputs and XLA compilation outside timed region
cpu/linalg_batch_families,batched_cholesky,f64,4,3x8x8,jax-cpu,0.024870,0.002092,ok,SPD Cholesky (jnp.linalg.cholesky); inputs and XLA compilation outside timed region
cpu/linalg_batch_families,batched_cholesky,f64,4,4x8x8,jax-cpu,0.026019,0.003638,ok,SPD Cholesky (jnp.linalg.cholesky); inputs and XLA compilation outside timed region
cpu/linalg_batch_families,batched_cholesky,f64,4,8x8x8,jax-cpu,0.028631,0.004143,ok,SPD Cholesky (jnp.linalg.cholesky); inputs and XLA compilation outside timed region
cpu/linalg_batch_families,batched_cholesky,f64,4,1024x8x8,jax-cpu,0.731183,0.086054,ok,SPD Cholesky (jnp.linalg.cholesky); inputs and XLA compilation outside timed region
cpu/linalg_batch_families,batched_cholesky,f64,4,1x32x32,jax-cpu,0.035170,0.012722,ok,SPD Cholesky (jnp.linalg.cholesky); inputs and XLA compilation outside timed region
cpu/linalg_batch_families,batched_cholesky,f64,4,8x32x32,jax-cpu,0.099562,0.015272,ok,SPD Cholesky (jnp.linalg.cholesky); inputs and XLA compilation outside timed region
cpu/linalg_batch_families,batched_cholesky,f64,4,1x128x128,jax-cpu,0.171116,0.022879,ok,SPD Cholesky (jnp.linalg.cholesky); inputs and XLA compilation outside timed region
cpu/linalg_batch_families,batched_cholesky,f64,4,8x128x128,jax-cpu,1.167694,0.193223,ok,SPD Cholesky (jnp.linalg.cholesky); inputs and XLA compilation outside timed region
cpu/linalg_batch_families,batched_qr,f64,4,1x2x2,jax-cpu,0.019390,0.001181,ok,thin QR (jnp.linalg.qr); inputs and XLA compilation outside timed region
cpu/linalg_batch_families,batched_qr,f64,4,3x2x2,jax-cpu,0.019960,0.001920,ok,thin QR (jnp.linalg.qr); inputs and XLA compilation outside timed region
cpu/linalg_batch_families,batched_qr,f64,4,4x2x2,jax-cpu,0.020262,0.003498,ok,thin QR (jnp.linalg.qr); inputs and XLA compilation outside timed region
cpu/linalg_batch_families,batched_qr,f64,4,8x2x2,jax-cpu,0.020860,0.001371,ok,thin QR (jnp.linalg.qr); inputs and XLA compilation outside timed region
cpu/linalg_batch_families,batched_qr,f64,4,1024x2x2,jax-cpu,0.357511,0.053473,ok,thin QR (jnp.linalg.qr); inputs and XLA compilation outside timed region
cpu/linalg_batch_families,batched_qr,f64,4,1x4x4,jax-cpu,0.020200,0.001580,ok,thin QR (jnp.linalg.qr); inputs and XLA compilation outside timed region
cpu/linalg_batch_families,batched_qr,f64,4,3x4x4,jax-cpu,0.021471,0.002272,ok,thin QR (jnp.linalg.qr); inputs and XLA compilation outside timed region
cpu/linalg_batch_families,batched_qr,f64,4,4x4x4,jax-cpu,0.022110,0.001309,ok,thin QR (jnp.linalg.qr); inputs and XLA compilation outside timed region
cpu/linalg_batch_families,batched_qr,f64,4,8x4x4,jax-cpu,0.026809,0.002189,ok,thin QR (jnp.linalg.qr); inputs and XLA compilation outside timed region
cpu/linalg_batch_families,batched_qr,f64,4,1024x4x4,jax-cpu,0.891166,0.046834,ok,thin QR (jnp.linalg.qr); inputs and XLA compilation outside timed region
cpu/linalg_batch_families,batched_qr,f64,4,1x8x8,jax-cpu,0.021800,0.001118,ok,thin QR (jnp.linalg.qr); inputs and XLA compilation outside timed region
cpu/linalg_batch_families,batched_qr,f64,4,3x8x8,jax-cpu,0.026941,0.001840,ok,thin QR (jnp.linalg.qr); inputs and XLA compilation outside timed region
cpu/linalg_batch_families,batched_qr,f64,4,4x8x8,jax-cpu,0.033060,0.001589,ok,thin QR (jnp.linalg.qr); inputs and XLA compilation outside timed region
cpu/linalg_batch_families,batched_qr,f64,4,8x8x8,jax-cpu,0.056803,0.003111,ok,thin QR (jnp.linalg.qr); inputs and XLA compilation outside timed region
cpu/linalg_batch_families,batched_qr,f64,4,1024x8x8,jax-cpu,1.276309,0.323772,ok,thin QR (jnp.linalg.qr); inputs and XLA compilation outside timed region
cpu/linalg_batch_families,batched_qr,f64,4,1x32x32,jax-cpu,0.053572,0.006761,ok,thin QR (jnp.linalg.qr); inputs and XLA compilation outside timed region
cpu/linalg_batch_families,batched_qr,f64,4,8x32x32,jax-cpu,0.277581,0.079200,ok,thin QR (jnp.linalg.qr); inputs and XLA compilation outside timed region
cpu/linalg_batch_families,batched_qr,f64,4,1x128x128,jax-cpu,1.344340,0.021279,ok,thin QR (jnp.linalg.qr); inputs and XLA compilation outside timed region
cpu/linalg_batch_families,batched_qr,f64,4,8x128x128,jax-cpu,5.542763,1.145933,ok,thin QR (jnp.linalg.qr); inputs and XLA compilation outside timed region
cpu/linalg_batch_families,batched_qr,f64,4,1x64x24,jax-cpu,0.064662,0.003360,ok,thin QR (jnp.linalg.qr); inputs and XLA compilation outside timed region
cpu/linalg_batch_families,batched_eigh,f64,4,1x2x2,jax-cpu,0.022480,0.002038,ok,symmetric/Hermitian eigendecomposition (jnp.linalg.eigh); inputs and XLA compilation outside timed region
cpu/linalg_batch_families,batched_eigh,f64,4,3x2x2,jax-cpu,0.019370,0.001019,ok,symmetric/Hermitian eigendecomposition (jnp.linalg.eigh); inputs and XLA compilation outside timed region
cpu/linalg_batch_families,batched_eigh,f64,4,4x2x2,jax-cpu,0.020429,0.001317,ok,symmetric/Hermitian eigendecomposition (jnp.linalg.eigh); inputs and XLA compilation outside timed region
cpu/linalg_batch_families,batched_eigh,f64,4,8x2x2,jax-cpu,0.027491,0.002388,ok,symmetric/Hermitian eigendecomposition (jnp.linalg.eigh); inputs and XLA compilation outside timed region
cpu/linalg_batch_families,batched_eigh,f64,4,1024x2x2,jax-cpu,0.437403,0.008773,ok,symmetric/Hermitian eigendecomposition (jnp.linalg.eigh); inputs and XLA compilation outside timed region
cpu/linalg_batch_families,batched_eigh,f64,4,1x4x4,jax-cpu,0.026710,0.001820,ok,symmetric/Hermitian eigendecomposition (jnp.linalg.eigh); inputs and XLA compilation outside timed region
cpu/linalg_batch_families,batched_eigh,f64,4,3x4x4,jax-cpu,0.031531,0.001261,ok,symmetric/Hermitian eigendecomposition (jnp.linalg.eigh); inputs and XLA compilation outside timed region
cpu/linalg_batch_families,batched_eigh,f64,4,4x4x4,jax-cpu,0.033630,0.001621,ok,symmetric/Hermitian eigendecomposition (jnp.linalg.eigh); inputs and XLA compilation outside timed region
cpu/linalg_batch_families,batched_eigh,f64,4,8x4x4,jax-cpu,0.045484,0.004081,ok,symmetric/Hermitian eigendecomposition (jnp.linalg.eigh); inputs and XLA compilation outside timed region
cpu/linalg_batch_families,batched_eigh,f64,4,1024x4x4,jax-cpu,1.594445,0.282722,ok,symmetric/Hermitian eigendecomposition (jnp.linalg.eigh); inputs and XLA compilation outside timed region
cpu/linalg_batch_families,batched_eigh,f64,4,1x8x8,jax-cpu,0.027070,0.002712,ok,symmetric/Hermitian eigendecomposition (jnp.linalg.eigh); inputs and XLA compilation outside timed region
cpu/linalg_batch_families,batched_eigh,f64,4,3x8x8,jax-cpu,0.049463,0.002792,ok,symmetric/Hermitian eigendecomposition (jnp.linalg.eigh); inputs and XLA compilation outside timed region
cpu/linalg_batch_families,batched_eigh,f64,4,4x8x8,jax-cpu,0.058781,0.006609,ok,symmetric/Hermitian eigendecomposition (jnp.linalg.eigh); inputs and XLA compilation outside timed region
cpu/linalg_batch_families,batched_eigh,f64,4,8x8x8,jax-cpu,0.095224,0.005214,ok,symmetric/Hermitian eigendecomposition (jnp.linalg.eigh); inputs and XLA compilation outside timed region
cpu/linalg_batch_families,batched_eigh,f64,4,1024x8x8,jax-cpu,4.784754,1.672542,ok,symmetric/Hermitian eigendecomposition (jnp.linalg.eigh); inputs and XLA compilation outside timed region
cpu/linalg_batch_families,batched_eigh,f64,4,1x32x32,jax-cpu,0.139304,0.013312,ok,symmetric/Hermitian eigendecomposition (jnp.linalg.eigh); inputs and XLA compilation outside timed region
cpu/linalg_batch_families,batched_eigh,f64,4,8x32x32,jax-cpu,0.400582,0.024641,ok,symmetric/Hermitian eigendecomposition (jnp.linalg.eigh); inputs and XLA compilation outside timed region
cpu/linalg_batch_families,batched_eigh,f64,4,1x128x128,jax-cpu,1.974450,0.403771,ok,symmetric/Hermitian eigendecomposition (jnp.linalg.eigh); inputs and XLA compilation outside timed region
cpu/linalg_batch_families,batched_eigh,f64,4,8x128x128,jax-cpu,7.064441,0.241056,ok,symmetric/Hermitian eigendecomposition (jnp.linalg.eigh); inputs and XLA compilation outside timed region
cpu/linalg_batch_families,batched_eigh,c64,4,1x2x2,jax-cpu,0.025641,0.006713,ok,symmetric/Hermitian eigendecomposition (jnp.linalg.eigh); inputs and XLA compilation outside timed region
cpu/linalg_batch_families,batched_eigh,c64,4,3x2x2,jax-cpu,0.027973,0.002859,ok,symmetric/Hermitian eigendecomposition (jnp.linalg.eigh); inputs and XLA compilation outside timed region
cpu/linalg_batch_families,batched_eigh,c64,4,4x2x2,jax-cpu,0.040039,0.002822,ok,symmetric/Hermitian eigendecomposition (jnp.linalg.eigh); inputs and XLA compilation outside timed region
cpu/linalg_batch_families,batched_eigh,c64,4,8x2x2,jax-cpu,0.032930,0.002291,ok,symmetric/Hermitian eigendecomposition (jnp.linalg.eigh); inputs and XLA compilation outside timed region
cpu/linalg_batch_families,batched_eigh,c64,4,1024x2x2,jax-cpu,1.964338,0.004360,ok,symmetric/Hermitian eigendecomposition (jnp.linalg.eigh); inputs and XLA compilation outside timed region
cpu/linalg_batch_families,batched_eigh,c64,4,1x4x4,jax-cpu,0.046911,0.005608,ok,symmetric/Hermitian eigendecomposition (jnp.linalg.eigh); inputs and XLA compilation outside timed region
cpu/linalg_batch_families,batched_eigh,c64,4,3x4x4,jax-cpu,0.037361,0.005541,ok,symmetric/Hermitian eigendecomposition (jnp.linalg.eigh); inputs and XLA compilation outside timed region
cpu/linalg_batch_families,batched_eigh,c64,4,4x4x4,jax-cpu,0.066591,0.007449,ok,symmetric/Hermitian eigendecomposition (jnp.linalg.eigh); inputs and XLA compilation outside timed region
cpu/linalg_batch_families,batched_eigh,c64,4,8x4x4,jax-cpu,0.089193,0.003288,ok,symmetric/Hermitian eigendecomposition (jnp.linalg.eigh); inputs and XLA compilation outside timed region
cpu/linalg_batch_families,batched_eigh,c64,4,1024x4x4,jax-cpu,5.271688,1.449576,ok,symmetric/Hermitian eigendecomposition (jnp.linalg.eigh); inputs and XLA compilation outside timed region
cpu/linalg_batch_families,batched_eigh,c64,4,1x8x8,jax-cpu,0.064341,0.006357,ok,symmetric/Hermitian eigendecomposition (jnp.linalg.eigh); inputs and XLA compilation outside timed region
cpu/linalg_batch_families,batched_eigh,c64,4,3x8x8,jax-cpu,0.056412,0.004720,ok,symmetric/Hermitian eigendecomposition (jnp.linalg.eigh); inputs and XLA compilation outside timed region
cpu/linalg_batch_families,batched_eigh,c64,4,4x8x8,jax-cpu,0.119437,0.004428,ok,symmetric/Hermitian eigendecomposition (jnp.linalg.eigh); inputs and XLA compilation outside timed region
cpu/linalg_batch_families,batched_eigh,c64,4,8x8x8,jax-cpu,0.205344,0.008332,ok,symmetric/Hermitian eigendecomposition (jnp.linalg.eigh); inputs and XLA compilation outside timed region
cpu/linalg_batch_families,batched_eigh,c64,4,1024x8x8,jax-cpu,6.011348,2.903406,ok,symmetric/Hermitian eigendecomposition (jnp.linalg.eigh); inputs and XLA compilation outside timed region
cpu/linalg_batch_families,batched_eigh,c64,4,1x32x32,jax-cpu,0.330100,0.007382,ok,symmetric/Hermitian eigendecomposition (jnp.linalg.eigh); inputs and XLA compilation outside timed region
cpu/linalg_batch_families,batched_eigh,c64,4,8x32x32,jax-cpu,0.839464,0.055322,ok,symmetric/Hermitian eigendecomposition (jnp.linalg.eigh); inputs and XLA compilation outside timed region
cpu/linalg_batch_families,batched_eigh,c64,4,1x128x128,jax-cpu,6.846396,0.449674,ok,symmetric/Hermitian eigendecomposition (jnp.linalg.eigh); inputs and XLA compilation outside timed region
cpu/linalg_batch_families,batched_eigh,c64,4,8x128x128,jax-cpu,19.667959,2.404284,ok,symmetric/Hermitian eigendecomposition (jnp.linalg.eigh); inputs and XLA compilation outside timed region
cpu/linalg_batch_families,batched_eigvalsh,f64,4,1x2x2,jax-cpu,0.028430,0.006467,ok,symmetric eigenvalues only (jnp.linalg.eigvalsh); inputs and XLA compilation outside timed region
cpu/linalg_batch_families,batched_eigvalsh,f64,4,3x2x2,jax-cpu,0.028649,0.002200,ok,symmetric eigenvalues only (jnp.linalg.eigvalsh); inputs and XLA compilation outside timed region
cpu/linalg_batch_families,batched_eigvalsh,f64,4,4x2x2,jax-cpu,0.029499,0.001462,ok,symmetric eigenvalues only (jnp.linalg.eigvalsh); inputs and XLA compilation outside timed region
cpu/linalg_batch_families,batched_eigvalsh,f64,4,8x2x2,jax-cpu,0.033021,0.001941,ok,symmetric eigenvalues only (jnp.linalg.eigvalsh); inputs and XLA compilation outside timed region
cpu/linalg_batch_families,batched_eigvalsh,f64,4,1024x2x2,jax-cpu,0.894988,0.006082,ok,symmetric eigenvalues only (jnp.linalg.eigvalsh); inputs and XLA compilation outside timed region
cpu/linalg_batch_families,batched_eigvalsh,f64,4,1x4x4,jax-cpu,0.033081,0.004012,ok,symmetric eigenvalues only (jnp.linalg.eigvalsh); inputs and XLA compilation outside timed region
cpu/linalg_batch_families,batched_eigvalsh,f64,4,3x4x4,jax-cpu,0.039659,0.001799,ok,symmetric eigenvalues only (jnp.linalg.eigvalsh); inputs and XLA compilation outside timed region
cpu/linalg_batch_families,batched_eigvalsh,f64,4,4x4x4,jax-cpu,0.044122,0.003073,ok,symmetric eigenvalues only (jnp.linalg.eigvalsh); inputs and XLA compilation outside timed region
cpu/linalg_batch_families,batched_eigvalsh,f64,4,8x4x4,jax-cpu,0.059942,0.005579,ok,symmetric eigenvalues only (jnp.linalg.eigvalsh); inputs and XLA compilation outside timed region
cpu/linalg_batch_families,batched_eigvalsh,f64,4,1024x4x4,jax-cpu,2.639230,0.029640,ok,symmetric eigenvalues only (jnp.linalg.eigvalsh); inputs and XLA compilation outside timed region
cpu/linalg_batch_families,batched_eigvalsh,f64,4,1x8x8,jax-cpu,0.042703,0.003578,ok,symmetric eigenvalues only (jnp.linalg.eigvalsh); inputs and XLA compilation outside timed region
cpu/linalg_batch_families,batched_eigvalsh,f64,4,3x8x8,jax-cpu,0.069331,0.006819,ok,symmetric eigenvalues only (jnp.linalg.eigvalsh); inputs and XLA compilation outside timed region
cpu/linalg_batch_families,batched_eigvalsh,f64,4,4x8x8,jax-cpu,0.083793,0.004897,ok,symmetric eigenvalues only (jnp.linalg.eigvalsh); inputs and XLA compilation outside timed region
cpu/linalg_batch_families,batched_eigvalsh,f64,4,8x8x8,jax-cpu,0.140376,0.005741,ok,symmetric eigenvalues only (jnp.linalg.eigvalsh); inputs and XLA compilation outside timed region
cpu/linalg_batch_families,batched_eigvalsh,f64,4,1024x8x8,jax-cpu,4.668230,2.825072,ok,symmetric eigenvalues only (jnp.linalg.eigvalsh); inputs and XLA compilation outside timed region
cpu/linalg_batch_families,batched_eigvalsh,f64,4,1x32x32,jax-cpu,0.220746,0.007721,ok,symmetric eigenvalues only (jnp.linalg.eigvalsh); inputs and XLA compilation outside timed region
cpu/linalg_batch_families,batched_eigvalsh,f64,4,8x32x32,jax-cpu,0.662481,0.048641,ok,symmetric eigenvalues only (jnp.linalg.eigvalsh); inputs and XLA compilation outside timed region
cpu/linalg_batch_families,batched_eigvalsh,f64,4,1x128x128,jax-cpu,3.054732,1.400083,ok,symmetric eigenvalues only (jnp.linalg.eigvalsh); inputs and XLA compilation outside timed region
cpu/linalg_batch_families,batched_eigvalsh,f64,4,8x128x128,jax-cpu,7.158063,0.548847,ok,symmetric eigenvalues only (jnp.linalg.eigvalsh); inputs and XLA compilation outside timed region
cpu/linalg_batch_families,batched_svd,f64,4,1x2x2,jax-cpu,0.038501,0.002708,ok,thin SVD (jnp.linalg.svd full_matrices=False); inputs and XLA compilation outside timed region
cpu/linalg_batch_families,batched_svd,f64,4,3x2x2,jax-cpu,0.056712,0.007322,ok,thin SVD (jnp.linalg.svd full_matrices=False); inputs and XLA compilation outside timed region
cpu/linalg_batch_families,batched_svd,f64,4,4x2x2,jax-cpu,0.059232,0.002796,ok,thin SVD (jnp.linalg.svd full_matrices=False); inputs and XLA compilation outside timed region
cpu/linalg_batch_families,batched_svd,f64,4,8x2x2,jax-cpu,0.069253,0.003470,ok,thin SVD (jnp.linalg.svd full_matrices=False); inputs and XLA compilation outside timed region
cpu/linalg_batch_families,batched_svd,f64,4,1024x2x2,jax-cpu,2.677388,0.232827,ok,thin SVD (jnp.linalg.svd full_matrices=False); inputs and XLA compilation outside timed region
cpu/linalg_batch_families,batched_svd,f64,4,1x4x4,jax-cpu,0.060651,0.005828,ok,thin SVD (jnp.linalg.svd full_matrices=False); inputs and XLA compilation outside timed region
cpu/linalg_batch_families,batched_svd,f64,4,3x4x4,jax-cpu,0.077352,0.003945,ok,thin SVD (jnp.linalg.svd full_matrices=False); inputs and XLA compilation outside timed region
cpu/linalg_batch_families,batched_svd,f64,4,4x4x4,jax-cpu,0.087775,0.005208,ok,thin SVD (jnp.linalg.svd full_matrices=False); inputs and XLA compilation outside timed region
cpu/linalg_batch_families,batched_svd,f64,4,8x4x4,jax-cpu,0.121804,0.007711,ok,thin SVD (jnp.linalg.svd full_matrices=False); inputs and XLA compilation outside timed region
cpu/linalg_batch_families,batched_svd,f64,4,1024x4x4,jax-cpu,2.825605,0.013953,ok,thin SVD (jnp.linalg.svd full_matrices=False); inputs and XLA compilation outside timed region
cpu/linalg_batch_families,batched_svd,f64,4,1x8x8,jax-cpu,0.077413,0.005169,ok,thin SVD (jnp.linalg.svd full_matrices=False); inputs and XLA compilation outside timed region
cpu/linalg_batch_families,batched_svd,f64,4,3x8x8,jax-cpu,0.127114,0.008048,ok,thin SVD (jnp.linalg.svd full_matrices=False); inputs and XLA compilation outside timed region
cpu/linalg_batch_families,batched_svd,f64,4,4x8x8,jax-cpu,0.155173,0.009278,ok,thin SVD (jnp.linalg.svd full_matrices=False); inputs and XLA compilation outside timed region
cpu/linalg_batch_families,batched_svd,f64,4,8x8x8,jax-cpu,0.242466,0.008130,ok,thin SVD (jnp.linalg.svd full_matrices=False); inputs and XLA compilation outside timed region
cpu/linalg_batch_families,batched_svd,f64,4,1024x8x8,jax-cpu,6.629741,0.817452,ok,thin SVD (jnp.linalg.svd full_matrices=False); inputs and XLA compilation outside timed region
cpu/linalg_batch_families,batched_svd,f64,4,1x32x32,jax-cpu,0.348140,0.070123,ok,thin SVD (jnp.linalg.svd full_matrices=False); inputs and XLA compilation outside timed region
cpu/linalg_batch_families,batched_svd,f64,4,8x32x32,jax-cpu,0.741493,0.142327,ok,thin SVD (jnp.linalg.svd full_matrices=False); inputs and XLA compilation outside timed region
cpu/linalg_batch_families,batched_svd,f64,4,1x128x128,jax-cpu,3.833903,2.347060,ok,thin SVD (jnp.linalg.svd full_matrices=False); inputs and XLA compilation outside timed region
cpu/linalg_batch_families,batched_svd,f64,4,8x128x128,jax-cpu,15.437083,0.617718,ok,thin SVD (jnp.linalg.svd full_matrices=False); inputs and XLA compilation outside timed region
cpu/linalg_batch_families,batched_svd,f64,4,1x64x24,jax-cpu,0.261260,0.037821,ok,thin SVD (jnp.linalg.svd full_matrices=False); inputs and XLA compilation outside timed region
cpu/linalg_batch_families,batched_svd,c64,4,1x2x2,jax-cpu,0.055639,0.005189,ok,thin SVD (jnp.linalg.svd full_matrices=False); inputs and XLA compilation outside timed region
cpu/linalg_batch_families,batched_svd,c64,4,3x2x2,jax-cpu,0.043269,0.006249,ok,thin SVD (jnp.linalg.svd full_matrices=False); inputs and XLA compilation outside timed region
cpu/linalg_batch_families,batched_svd,c64,4,4x2x2,jax-cpu,0.042472,0.010377,ok,thin SVD (jnp.linalg.svd full_matrices=False); inputs and XLA compilation outside timed region
cpu/linalg_batch_families,batched_svd,c64,4,8x2x2,jax-cpu,0.061244,0.003120,ok,thin SVD (jnp.linalg.svd full_matrices=False); inputs and XLA compilation outside timed region
cpu/linalg_batch_families,batched_svd,c64,4,1024x2x2,jax-cpu,2.520354,1.325602,ok,thin SVD (jnp.linalg.svd full_matrices=False); inputs and XLA compilation outside timed region
cpu/linalg_batch_families,batched_svd,c64,4,1x4x4,jax-cpu,0.060452,0.004271,ok,thin SVD (jnp.linalg.svd full_matrices=False); inputs and XLA compilation outside timed region
cpu/linalg_batch_families,batched_svd,c64,4,3x4x4,jax-cpu,0.100115,0.019353,ok,thin SVD (jnp.linalg.svd full_matrices=False); inputs and XLA compilation outside timed region
cpu/linalg_batch_families,batched_svd,c64,4,4x4x4,jax-cpu,0.114542,0.014970,ok,thin SVD (jnp.linalg.svd full_matrices=False); inputs and XLA compilation outside timed region
cpu/linalg_batch_families,batched_svd,c64,4,8x4x4,jax-cpu,0.162628,0.012398,ok,thin SVD (jnp.linalg.svd full_matrices=False); inputs and XLA compilation outside timed region
cpu/linalg_batch_families,batched_svd,c64,4,1024x4x4,jax-cpu,3.864406,0.848353,ok,thin SVD (jnp.linalg.svd full_matrices=False); inputs and XLA compilation outside timed region
cpu/linalg_batch_families,batched_svd,c64,4,1x8x8,jax-cpu,0.109723,0.019779,ok,thin SVD (jnp.linalg.svd full_matrices=False); inputs and XLA compilation outside timed region
cpu/linalg_batch_families,batched_svd,c64,4,3x8x8,jax-cpu,0.168625,0.010991,ok,thin SVD (jnp.linalg.svd full_matrices=False); inputs and XLA compilation outside timed region
cpu/linalg_batch_families,batched_svd,c64,4,4x8x8,jax-cpu,0.210946,0.027232,ok,thin SVD (jnp.linalg.svd full_matrices=False); inputs and XLA compilation outside timed region
cpu/linalg_batch_families,batched_svd,c64,4,8x8x8,jax-cpu,0.338109,0.023913,ok,thin SVD (jnp.linalg.svd full_matrices=False); inputs and XLA compilation outside timed region
cpu/linalg_batch_families,batched_svd,c64,4,1024x8x8,jax-cpu,8.543687,1.267599,ok,thin SVD (jnp.linalg.svd full_matrices=False); inputs and XLA compilation outside timed region
cpu/linalg_batch_families,batched_svd,c64,4,1x32x32,jax-cpu,0.363972,0.036590,ok,thin SVD (jnp.linalg.svd full_matrices=False); inputs and XLA compilation outside timed region
cpu/linalg_batch_families,batched_svd,c64,4,8x32x32,jax-cpu,1.007831,0.096612,ok,thin SVD (jnp.linalg.svd full_matrices=False); inputs and XLA compilation outside timed region
cpu/linalg_batch_families,batched_svd,c64,4,1x128x128,jax-cpu,10.629628,2.060754,ok,thin SVD (jnp.linalg.svd full_matrices=False); inputs and XLA compilation outside timed region
cpu/linalg_batch_families,batched_svd,c64,4,8x128x128,jax-cpu,25.369681,9.985328,ok,thin SVD (jnp.linalg.svd full_matrices=False); inputs and XLA compilation outside timed region
cpu/linalg_batch_families,batched_svd,c64,4,1x64x24,jax-cpu,0.246366,0.005638,ok,thin SVD (jnp.linalg.svd full_matrices=False); inputs and XLA compilation outside timed region
cpu/linalg_batch_families,batched_svdvals,f64,4,1x2x2,jax-cpu,0.025330,0.012107,ok,singular values only (jnp.linalg.svd compute_uv=False); inputs and XLA compilation outside timed region
cpu/linalg_batch_families,batched_svdvals,f64,4,3x2x2,jax-cpu,0.027152,0.003902,ok,singular values only (jnp.linalg.svd compute_uv=False); inputs and XLA compilation outside timed region
cpu/linalg_batch_families,batched_svdvals,f64,4,4x2x2,jax-cpu,0.034861,0.002041,ok,singular values only (jnp.linalg.svd compute_uv=False); inputs and XLA compilation outside timed region
cpu/linalg_batch_families,batched_svdvals,f64,4,8x2x2,jax-cpu,0.038682,0.002110,ok,singular values only (jnp.linalg.svd compute_uv=False); inputs and XLA compilation outside timed region
cpu/linalg_batch_families,batched_svdvals,f64,4,1024x2x2,jax-cpu,1.535036,0.188926,ok,singular values only (jnp.linalg.svd compute_uv=False); inputs and XLA compilation outside timed region
cpu/linalg_batch_families,batched_svdvals,f64,4,1x4x4,jax-cpu,0.037530,0.006592,ok,singular values only (jnp.linalg.svd compute_uv=False); inputs and XLA compilation outside timed region
cpu/linalg_batch_families,batched_svdvals,f64,4,3x4x4,jax-cpu,0.047833,0.009028,ok,singular values only (jnp.linalg.svd compute_uv=False); inputs and XLA compilation outside timed region
cpu/linalg_batch_families,batched_svdvals,f64,4,4x4x4,jax-cpu,0.054330,0.004487,ok,singular values only (jnp.linalg.svd compute_uv=False); inputs and XLA compilation outside timed region
cpu/linalg_batch_families,batched_svdvals,f64,4,8x4x4,jax-cpu,0.076070,0.004252,ok,singular values only (jnp.linalg.svd compute_uv=False); inputs and XLA compilation outside timed region
cpu/linalg_batch_families,batched_svdvals,f64,4,1024x4x4,jax-cpu,1.841236,0.019578,ok,singular values only (jnp.linalg.svd compute_uv=False); inputs and XLA compilation outside timed region
cpu/linalg_batch_families,batched_svdvals,f64,4,1x8x8,jax-cpu,0.046631,0.004599,ok,singular values only (jnp.linalg.svd compute_uv=False); inputs and XLA compilation outside timed region
cpu/linalg_batch_families,batched_svdvals,f64,4,3x8x8,jax-cpu,0.075821,0.002887,ok,singular values only (jnp.linalg.svd compute_uv=False); inputs and XLA compilation outside timed region
cpu/linalg_batch_families,batched_svdvals,f64,4,4x8x8,jax-cpu,0.055071,0.006050,ok,singular values only (jnp.linalg.svd compute_uv=False); inputs and XLA compilation outside timed region
cpu/linalg_batch_families,batched_svdvals,f64,4,8x8x8,jax-cpu,0.146914,0.005493,ok,singular values only (jnp.linalg.svd compute_uv=False); inputs and XLA compilation outside timed region
cpu/linalg_batch_families,batched_svdvals,f64,4,1024x8x8,jax-cpu,3.884897,0.154234,ok,singular values only (jnp.linalg.svd compute_uv=False); inputs and XLA compilation outside timed region
cpu/linalg_batch_families,batched_svdvals,f64,4,1x32x32,jax-cpu,0.153944,0.006502,ok,singular values only (jnp.linalg.svd compute_uv=False); inputs and XLA compilation outside timed region
cpu/linalg_batch_families,batched_svdvals,f64,4,8x32x32,jax-cpu,0.340220,0.020023,ok,singular values only (jnp.linalg.svd compute_uv=False); inputs and XLA compilation outside timed region
cpu/linalg_batch_families,batched_svdvals,f64,4,1x128x128,jax-cpu,2.956290,0.930658,ok,singular values only (jnp.linalg.svd compute_uv=False); inputs and XLA compilation outside timed region
cpu/linalg_batch_families,batched_svdvals,f64,4,8x128x128,jax-cpu,9.445494,0.366570,ok,singular values only (jnp.linalg.svd compute_uv=False); inputs and XLA compilation outside timed region
cpu/linalg_batch_families,batched_svdvals,f64,4,1x64x24,jax-cpu,0.106273,0.005674,ok,singular values only (jnp.linalg.svd compute_uv=False); inputs and XLA compilation outside timed region
cpu/linalg_batch_families,batched_lu,f64,4,1x2x2,jax-cpu,0.018999,0.001701,ok,"partial-pivot LU, P L U (jax.vmap(jax.scipy.linalg.lu); lu is unbatched); inputs and XLA compilation outside timed region"
cpu/linalg_batch_families,batched_lu,f64,4,3x2x2,jax-cpu,0.021169,0.003437,ok,"partial-pivot LU, P L U (jax.vmap(jax.scipy.linalg.lu); lu is unbatched); inputs and XLA compilation outside timed region"
cpu/linalg_batch_families,batched_lu,f64,4,4x2x2,jax-cpu,0.022452,0.004770,ok,"partial-pivot LU, P L U (jax.vmap(jax.scipy.linalg.lu); lu is unbatched); inputs and XLA compilation outside timed region"
cpu/linalg_batch_families,batched_lu,f64,4,8x2x2,jax-cpu,0.021899,0.002453,ok,"partial-pivot LU, P L U (jax.vmap(jax.scipy.linalg.lu); lu is unbatched); inputs and XLA compilation outside timed region"
cpu/linalg_batch_families,batched_lu,f64,4,1024x2x2,jax-cpu,0.126282,0.006311,ok,"partial-pivot LU, P L U (jax.vmap(jax.scipy.linalg.lu); lu is unbatched); inputs and XLA compilation outside timed region"
cpu/linalg_batch_families,batched_lu,f64,4,1x4x4,jax-cpu,0.021840,0.001909,ok,"partial-pivot LU, P L U (jax.vmap(jax.scipy.linalg.lu); lu is unbatched); inputs and XLA compilation outside timed region"
cpu/linalg_batch_families,batched_lu,f64,4,3x4x4,jax-cpu,0.023352,0.003370,ok,"partial-pivot LU, P L U (jax.vmap(jax.scipy.linalg.lu); lu is unbatched); inputs and XLA compilation outside timed region"
cpu/linalg_batch_families,batched_lu,f64,4,4x4x4,jax-cpu,0.023169,0.001788,ok,"partial-pivot LU, P L U (jax.vmap(jax.scipy.linalg.lu); lu is unbatched); inputs and XLA compilation outside timed region"
cpu/linalg_batch_families,batched_lu,f64,4,8x4x4,jax-cpu,0.018952,0.003871,ok,"partial-pivot LU, P L U (jax.vmap(jax.scipy.linalg.lu); lu is unbatched); inputs and XLA compilation outside timed region"
cpu/linalg_batch_families,batched_lu,f64,4,1024x4x4,jax-cpu,0.194637,0.003915,ok,"partial-pivot LU, P L U (jax.vmap(jax.scipy.linalg.lu); lu is unbatched); inputs and XLA compilation outside timed region"
cpu/linalg_batch_families,batched_lu,f64,4,1x8x8,jax-cpu,0.022940,0.001438,ok,"partial-pivot LU, P L U (jax.vmap(jax.scipy.linalg.lu); lu is unbatched); inputs and XLA compilation outside timed region"
cpu/linalg_batch_families,batched_lu,f64,4,3x8x8,jax-cpu,0.018600,0.007190,ok,"partial-pivot LU, P L U (jax.vmap(jax.scipy.linalg.lu); lu is unbatched); inputs and XLA compilation outside timed region"
cpu/linalg_batch_families,batched_lu,f64,4,4x8x8,jax-cpu,0.019869,0.003209,ok,"partial-pivot LU, P L U (jax.vmap(jax.scipy.linalg.lu); lu is unbatched); inputs and XLA compilation outside timed region"
cpu/linalg_batch_families,batched_lu,f64,4,8x8x8,jax-cpu,0.023799,0.005057,ok,"partial-pivot LU, P L U (jax.vmap(jax.scipy.linalg.lu); lu is unbatched); inputs and XLA compilation outside timed region"
cpu/linalg_batch_families,batched_lu,f64,4,1024x8x8,jax-cpu,0.938887,0.416502,ok,"partial-pivot LU, P L U (jax.vmap(jax.scipy.linalg.lu); lu is unbatched); inputs and XLA compilation outside timed region"
cpu/linalg_batch_families,batched_lu,f64,4,1x32x32,jax-cpu,0.028450,0.001581,ok,"partial-pivot LU, P L U (jax.vmap(jax.scipy.linalg.lu); lu is unbatched); inputs and XLA compilation outside timed region"
cpu/linalg_batch_families,batched_lu,f64,4,8x32x32,jax-cpu,0.322929,0.044260,ok,"partial-pivot LU, P L U (jax.vmap(jax.scipy.linalg.lu); lu is unbatched); inputs and XLA compilation outside timed region"
cpu/linalg_batch_families,batched_lu,f64,4,1x128x128,jax-cpu,0.196675,0.005970,ok,"partial-pivot LU, P L U (jax.vmap(jax.scipy.linalg.lu); lu is unbatched); inputs and XLA compilation outside timed region"
cpu/linalg_batch_families,batched_lu,f64,4,8x128x128,jax-cpu,1.203686,0.189168,ok,"partial-pivot LU, P L U (jax.vmap(jax.scipy.linalg.lu); lu is unbatched); inputs and XLA compilation outside timed region"
cpu/linalg_batch_families,batched_lu,f64,4,1x64x24,jax-cpu,0.038162,0.002839,ok,"partial-pivot LU, P L U (jax.vmap(jax.scipy.linalg.lu); lu is unbatched); inputs and XLA compilation outside timed region"
cpu/complex,conj,c64,4,16777216,jax-cpu,47.756454,0.839263,ok,physical complex conjugate output; inputs and XLA compilation outside timed region
cpu/complex,mul,c64,4,8388608,jax-cpu,26.073104,0.760611,ok,complex elementwise; inputs and XLA compilation outside timed region
cpu/complex,div,c64,4,8388608,jax-cpu,29.771434,0.555096,ok,complex elementwise; inputs and XLA compilation outside timed region
cpu/complex,exp,c64,4,4194304,jax-cpu,30.839065,0.750130,ok,complex analytic; inputs and XLA compilation outside timed region
cpu/complex,log,c64,4,4194304,jax-cpu,49.321093,0.938648,ok,complex analytic; inputs and XLA compilation outside timed region
cpu/complex,dot_general,c64,4,640x640,jax-cpu,18.168287,0.673223,ok,complex matrix multiply; inputs and XLA compilation outside timed region
cpu/complex,dot_general_with_conj,c64,4,640x640,jax-cpu,20.108875,3.717711,ok,conjugated-lhs complex matrix multiply; inputs and XLA compilation outside timed region
cpu/complex,tensordot,c64,4,640x640,jax-cpu,17.317859,1.010053,ok,complex matrix contraction over one axis; inputs and XLA compilation outside timed region
cpu/complex,svd,c64,4,160x160,jax-cpu,9.122385,2.333160,ok,complex SVD; inputs and XLA compilation outside timed region
cpu/complex,qr,c64,4,256x256,jax-cpu,13.623690,2.192043,ok,complex QR; inputs and XLA compilation outside timed region
cpu/complex,eig,c64,4,112x112,jax-cpu,15.231237,1.847237,ok,complex eig; inputs and XLA compilation outside timed region
cpu/complex,solve,c64,4,"384x384,rhs=8",jax-cpu,6.220289,0.269581,ok,complex solve; inputs and XLA compilation outside timed region
cpu/complex,cholesky,c64,4,448x448,jax-cpu,4.022092,0.088813,ok,Hermitian positive definite; inputs and XLA compilation outside timed region
cpu/complex,norm_fro,c64,4,2048x1536,jax-cpu,2.668988,0.104634,ok,complex Frobenius norm; inputs and XLA compilation outside timed region
cpu/elementwise_reduction,add,f64,4,33554432,julia-base,161.266283,10.396512,ok,binary elementwise; input allocation outside timed region
cpu/elementwise_reduction,add,f64,4,33554432,strided-jl,80.618567,3.111744,ok,@strided fused broadcast; input allocation outside timed region
cpu/elementwise_reduction,sub,f64,4,33554432,julia-base,176.97561,10.168286,ok,binary elementwise; input allocation outside timed region
cpu/elementwise_reduction,sub,f64,4,33554432,strided-jl,76.866995,2.519025,ok,@strided fused broadcast; input allocation outside timed region
cpu/elementwise_reduction,mul,f64,4,33554432,julia-base,169.462415,11.543858,ok,binary elementwise; input allocation outside timed region
cpu/elementwise_reduction,mul,f64,4,33554432,strided-jl,78.142885,3.735783,ok,@strided fused broadcast; input allocation outside timed region
cpu/elementwise_reduction,div,f64,4,33554432,julia-base,167.718075,7.853916,ok,binary elementwise; input allocation outside timed region
cpu/elementwise_reduction,div,f64,4,33554432,strided-jl,75.508686,4.376482,ok,@strided fused broadcast; input allocation outside timed region
cpu/elementwise_reduction,neg,f64,4,33554432,julia-base,158.597913,7.235298,ok,unary elementwise; input allocation outside timed region
cpu/elementwise_reduction,neg,f64,4,33554432,strided-jl,72.098195,5.510605,ok,@strided fused broadcast; input allocation outside timed region
cpu/elementwise_reduction,abs,f64,4,33554432,julia-base,156.733608,9.812427,ok,unary elementwise; input allocation outside timed region
cpu/elementwise_reduction,abs,f64,4,33554432,strided-jl,76.447818,3.129334,ok,@strided fused broadcast; input allocation outside timed region
cpu/elementwise_reduction,sign,f64,4,33554432,julia-base,162.698461,8.173567,ok,unary elementwise; input allocation outside timed region
cpu/elementwise_reduction,sign,f64,4,33554432,strided-jl,73.420257,4.417794,ok,@strided fused broadcast; input allocation outside timed region
cpu/elementwise_reduction,maximum,f64,4,33554432,julia-base,170.364714,5.180287,ok,binary elementwise; input allocation outside timed region
cpu/elementwise_reduction,maximum,f64,4,33554432,strided-jl,79.159281,1.837336,ok,@strided fused broadcast; input allocation outside timed region
cpu/elementwise_reduction,minimum,f64,4,33554432,julia-base,170.943425,6.269248,ok,binary elementwise; input allocation outside timed region
cpu/elementwise_reduction,minimum,f64,4,33554432,strided-jl,78.687768,5.235849,ok,@strided fused broadcast; input allocation outside timed region
cpu/elementwise_reduction,compare_lt,f64,4,33554432,julia-base,22.422467,0.573038,ok,ordered compare; input allocation outside timed region
cpu/elementwise_reduction,select,f64,4,33554432,julia-base,179.774645,9.104666,ok,ternary select; input allocation outside timed region
cpu/elementwise_reduction,sqrt,f64,4,33554432,julia-base,225.369345,5.646651,ok,analytic unary; input allocation outside timed region
cpu/elementwise_reduction,sqrt,f64,4,33554432,strided-jl,89.557109,2.365362,ok,@strided fused broadcast; input allocation outside timed region
cpu/elementwise_reduction,rsqrt,f64,4,33554432,julia-base,265.00944,3.575519,ok,analytic unary; input allocation outside timed region
cpu/elementwise_reduction,rsqrt,f64,4,33554432,strided-jl,98.378398,8.583539,ok,@strided fused broadcast; input allocation outside timed region
cpu/elementwise_reduction,rem,f64,4,8388608,julia-base,69.590468,7.291641,ok,binary elementwise; input allocation outside timed region
cpu/elementwise_reduction,rem,f64,4,8388608,strided-jl,23.10575,11.731756,ok,@strided fused broadcast; input allocation outside timed region
cpu/elementwise_reduction,clamp,f64,4,8388608,julia-base,41.013622,9.5625,ok,clamp with tensor bounds; input allocation outside timed region
cpu/elementwise_reduction,clamp,f64,4,8388608,strided-jl,13.989324,14.274072,ok,@strided fused broadcast; input allocation outside timed region
cpu/elementwise_reduction,exp,f64,4,8388608,julia-base,69.921089,10.2471,ok,analytic unary; input allocation outside timed region
cpu/elementwise_reduction,exp,f64,4,8388608,strided-jl,35.315191,15.091768,ok,@strided fused broadcast; input allocation outside timed region
cpu/elementwise_reduction,log,f64,4,8388608,julia-base,92.957678,15.425737,ok,analytic unary; input allocation outside timed region
cpu/elementwise_reduction,log,f64,4,8388608,strided-jl,24.476842,21.43047,ok,@strided fused broadcast; input allocation outside timed region
cpu/elementwise_reduction,sin,f64,4,8388608,julia-base,66.017381,13.613652,ok,analytic unary; input allocation outside timed region
cpu/elementwise_reduction,sin,f64,4,8388608,strided-jl,20.365097,20.608406,ok,@strided fused broadcast; input allocation outside timed region
cpu/elementwise_reduction,cos,f64,4,8388608,julia-base,67.014322,8.764855,ok,analytic unary; input allocation outside timed region
cpu/elementwise_reduction,cos,f64,4,8388608,strided-jl,32.886757,15.683536,ok,@strided fused broadcast; input allocation outside timed region
cpu/elementwise_reduction,tanh,f64,4,8388608,julia-base,85.987718,12.055396,ok,analytic unary; input allocation outside timed region
cpu/elementwise_reduction,tanh,f64,4,8388608,strided-jl,26.119163,13.731816,ok,@strided fused broadcast; input allocation outside timed region
cpu/elementwise_reduction,pow,f64,4,4194304,julia-base,115.567428,15.669976,ok,binary analytic with tensor exponent; input allocation outside timed region
cpu/elementwise_reduction,pow,f64,4,4194304,strided-jl,32.735213,10.996515,ok,@strided fused broadcast; input allocation outside timed region
cpu/elementwise_reduction,expm1,f64,4,4194304,julia-base,41.717317,8.137377,ok,analytic unary; input allocation outside timed region
cpu/elementwise_reduction,expm1,f64,4,4194304,strided-jl,11.917181,14.13845,ok,@strided fused broadcast; input allocation outside timed region
cpu/elementwise_reduction,log1p,f64,4,4194304,julia-base,44.265454,8.493917,ok,analytic unary; input allocation outside timed region
cpu/elementwise_reduction,log1p,f64,4,4194304,strided-jl,13.652155,12.48026,ok,@strided fused broadcast; input allocation outside timed region
cpu/elementwise_reduction,chain_log1p_exp_mul,f64,4,4194304,julia-base,76.784632,10.653043,ok,short elementwise chain; input allocation outside timed region
cpu/elementwise_reduction,chain_log1p_exp_mul,f64,4,4194304,strided-jl,22.347309,15.228782,ok,@strided fused broadcast; input allocation outside timed region
cpu/elementwise_reduction,reduce_sum_all,f64,4,8192x4096,julia-base,10.279902,0.112684,ok,full reduction; input allocation outside timed region
cpu/elementwise_reduction,reduce_prod_all,f64,4,8192x4096,julia-base,10.356595,0.30802,ok,full reduction; input allocation outside timed region
cpu/elementwise_reduction,reduce_max_all,f64,4,8192x4096,julia-base,11.802499,0.251718,ok,full reduction; input allocation outside timed region
cpu/elementwise_reduction,reduce_min_all,f64,4,8192x4096,julia-base,11.711726,0.208297,ok,full reduction; input allocation outside timed region
cpu/elementwise_reduction,reduce_max_axis0,f64,4,2048x2048,julia-base,1.129754,0.067302,ok,axis reduction; input allocation outside timed region
cpu/elementwise_reduction,reduce_min_axis1,f64,4,4096x4096,julia-base,5.955071,0.213527,ok,axis reduction; input allocation outside timed region
cpu/elementwise_reduction,reduce_max_axis1,f64,4,2048x2048,julia-base,1.204747,0.120073,ok,axis reduction; input allocation outside timed region
cpu/elementwise_reduction,reduce_min_axis0,f64,4,2048x2048,julia-base,1.126894,0.159025,ok,axis reduction; input allocation outside timed region
cpu/elementwise_reduction,reduce_sum_axis0,f64,4,2048x2048,julia-base,0.837615,0.082172,ok,axis reduction; input allocation outside timed region
cpu/elementwise_reduction,reduce_sum_axis1,f64,4,2048x2048,julia-base,0.98588,0.082123,ok,axis reduction; input allocation outside timed region
cpu/elementwise_reduction,reduce_prod_axis0,f64,4,2048x2048,julia-base,0.770874,0.065713,ok,axis reduction; input allocation outside timed region
cpu/elementwise_reduction,reduce_prod_axis1,f64,4,2048x2048,julia-base,0.873236,0.049292,ok,axis reduction; input allocation outside timed region
cpu/structural_shape,transpose,f64,4,4096x4096,julia-base,207.892887,8.807528,ok,materialized matrix transpose; input allocation outside timed region
cpu/structural_shape,transpose,f64,4,4096x4096,strided-jl,47.846957,3.426604,ok,@strided permutedims; input allocation outside timed region
cpu/structural_shape,reshape,f64,4,33554432 -> 8192x4096,julia-base,164.668944,5.613872,ok,materialized reshape; copy makes Julia perform the same output-sized write; input allocation outside timed region
cpu/structural_shape,broadcast_in_dim,f64,4,8192x1 -> 8192x4096,julia-base,144.595173,3.959971,ok,materialized broadcast; input allocation outside timed region
cpu/structural_shape,cast_f64_f32,f64->f32,4,33554432,julia-base,84.35814,7.2489,ok,dtype cast; input allocation outside timed region
cpu/structural_shape,embed_diagonal,f64,4,8192 -> 8192x8192,julia-base,283.813908,10.965333,ok,embed vector as matrix diagonal; input allocation outside timed region
cpu/structural_shape,tril,f64,4,4096x4096,julia-base,87.073034,2.516967,ok,lower triangle; input allocation outside timed region
cpu/structural_shape,triu,f64,4,4096x4096,julia-base,84.992951,2.500256,ok,upper triangle; input allocation outside timed region
cpu/linalg_uncovered,cholesky,f64,4,1536x1536,julia-base,32.031887,9.705506,ok,SPD input; factor materialized; input allocation outside timed region
cpu/linalg_uncovered,eig,f64,4,160x160,julia-base,10.283734,0.65211,ok,general input; input allocation outside timed region
cpu/linalg_uncovered,eigvals,f64,4,192x192,julia-base,10.729488,0.587859,ok,general input values only; input allocation outside timed region
cpu/linalg_uncovered,eigvalsh,f64,4,512x512,julia-base,10.8505,0.594008,ok,SPD input values only; input allocation outside timed region
cpu/linalg_uncovered,triangular_solve,f64,4,"4096x4096,rhs=64",julia-base,11.746519,0.563878,ok,lower-triangular solve; input allocation outside timed region
cpu/linalg_uncovered,det,f64,4,1024x1024,julia-base,9.148219,0.606539,ok,well-conditioned input; input allocation outside timed region
cpu/linalg_uncovered,slogdet,f64,4,1024x1024,julia-base,9.272043,0.329181,ok,well-conditioned input; input allocation outside timed region
cpu/linalg_uncovered,inv,f64,4,768x768,julia-base,13.11029,0.400422,ok,well-conditioned input; input allocation outside timed region
cpu/linalg_uncovered,pinv,f64,4,512x256,julia-base,24.149876,1.29407,ok,rectangular input; input allocation outside timed region
cpu/linalg_uncovered,pinv_with_rtol,f64,4,512x256,julia-base,23.692603,1.675101,ok,rectangular input; rtol=1e-12; input allocation outside timed region
cpu/linalg_uncovered,lu,f64,4,1024x1024,julia-base,20.227417,7.088756,ok,partial-pivot LU; P/L/U materialized; input allocation outside timed region
cpu/linalg_uncovered,lstsq,f64,4,"768x384,rhs=16",julia-base,8.755197,1.542918,ok,tall full-column-rank QR least-squares solve; unpivoted QR to match the GELS driver; input allocation outside timed region
cpu/linalg_uncovered,svd_full,f64,4,768x384,julia-base,73.767501,2.813176,ok,full-matrices SVD; input allocation outside timed region
cpu/linalg_uncovered,norm_fro,f64,4,2048x2048,julia-base,2.662552,0.450124,ok,Frobenius norm; input allocation outside timed region
cpu/linalg_batched,batched_lu_factor,f64,4,"1024x2x2,rhs=1",julia-base,0.088423,0.00372,ok,packed LU factorization only (LAPACK.getrf! per matrix); input allocation outside timed region
cpu/linalg_batched,batched_lu_factor,f64,4,"1024x4x4,rhs=1",julia-base,0.160545,0.0035,ok,packed LU factorization only (LAPACK.getrf! per matrix); input allocation outside timed region
cpu/linalg_batched,batched_lu_factor,f64,4,"1024x8x8,rhs=1",julia-base,0.631919,0.01276,ok,packed LU factorization only (LAPACK.getrf! per matrix); input allocation outside timed region
cpu/linalg_batched,batched_lu_factor,f64,4,"1024x16x16,rhs=1",julia-base,2.342301,1.098294,ok,packed LU factorization only (LAPACK.getrf! per matrix); input allocation outside timed region
cpu/linalg_batched,batched_lu_solve,f64,4,"1024x2x2,rhs=1",julia-base,0.083673,0.00202,ok,solve with prepared LU factors (LAPACK.getrs! per matrix); input allocation outside timed region
cpu/linalg_batched,batched_lu_solve,f64,4,"1024x4x4,rhs=1",julia-base,0.115384,0.003871,ok,solve with prepared LU factors (LAPACK.getrs! per matrix); input allocation outside timed region
cpu/linalg_batched,batched_lu_solve,f64,4,"1024x8x8,rhs=1",julia-base,0.214547,0.003979,ok,solve with prepared LU factors (LAPACK.getrs! per matrix); input allocation outside timed region
cpu/linalg_batched,batched_lu_solve,f64,4,"1024x16x16,rhs=1",julia-base,0.411263,0.069132,ok,solve with prepared LU factors (LAPACK.getrs! per matrix); input allocation outside timed region
cpu/linalg_batched,batched_triangular_solve,f64,4,"1024x2x2,rhs=1",julia-base,0.052301,0.00067,ok,lower-triangular solve (LAPACK.trtrs! per matrix); input allocation outside timed region
cpu/linalg_batched,batched_triangular_solve,f64,4,"1024x4x4,rhs=1",julia-base,0.075382,0.000481,ok,lower-triangular solve (LAPACK.trtrs! per matrix); input allocation outside timed region
cpu/linalg_batched,batched_triangular_solve,f64,4,"1024x8x8,rhs=1",julia-base,0.122384,0.001561,ok,lower-triangular solve (LAPACK.trtrs! per matrix); input allocation outside timed region
cpu/linalg_batched,batched_triangular_solve,f64,4,"1024x16x16,rhs=1",julia-base,0.283279,0.00558,ok,lower-triangular solve (LAPACK.trtrs! per matrix); input allocation outside timed region
cpu/indexing_layout,gather,f64,4,262144,julia-base,1.230378,0.054983,ok,1D gather; input allocation outside timed region
cpu/indexing_layout,scatter,f64,4,262144,julia-base,0.465084,0.045431,ok,1D scatter; input allocation outside timed region
cpu/indexing_layout,slice,f64,4,4194304 -> 2096128,julia-base,1.888338,0.189876,ok,static slice materialized to owned output; input allocation outside timed region
cpu/indexing_layout,dynamic_slice,f64,4,4194304 -> 2097152,julia-base,7.743877,4.509227,ok,runtime-start slice materialized to owned output; input allocation outside timed region
cpu/indexing_layout,dynamic_update_slice,f64,4,2097152,julia-base,8.622174,5.022934,ok,runtime-start update; input allocation outside timed region
cpu/indexing_layout,concatenate,f64,4,1048576+1048576,julia-base,1.29865,0.135754,ok,concatenate along axis 0; input allocation outside timed region
cpu/indexing_layout,reverse,f64,4,2097152,julia-base,1.656431,7.902582,ok,reverse axis 0; input allocation outside timed region
cpu/view_metadata,reshape_view,f64,4,33554432 -> 8192x4096,julia-base,7.0e-6,4.0e-6,ok,metadata-only view reshape; no output-sized copy; input allocation outside timed region; operations_per_sample=16; median_batch_ms=0.00011; session=not_required
cpu/view_metadata,transpose_view,f64,4,4096x4096,julia-base,6.0e-6,2.0e-6,ok,metadata-only transpose view; no output-sized copy; input allocation outside timed region; operations_per_sample=16; median_batch_ms=0.0001; session=not_required
cpu/view_metadata,slice_view,f64,4,4194304 -> 2096128,julia-base,8.0e-6,6.0e-6,ok,metadata-only strided slice view; no output-sized copy; input allocation outside timed region; operations_per_sample=16; median_batch_ms=0.00012; session=not_required
cpu/output_reuse,add_into,f64,4,33554432,julia-base,30.505953,0.668791,ok,broadcast add into caller-owned output; input allocation outside timed region
cpu/output_reuse,add_into,f64,4,33554432,strided-jl,14.917826,2.249299,ok,@strided fused broadcast into caller-owned output; input allocation outside timed region
cpu/output_reuse,sub_into,f64,4,33554432,julia-base,34.825095,0.841715,ok,broadcast sub into caller-owned output; input allocation outside timed region
cpu/output_reuse,sub_into,f64,4,33554432,strided-jl,14.756032,1.460896,ok,@strided fused broadcast into caller-owned output; input allocation outside timed region
cpu/output_reuse,mul_into,f64,4,33554432,julia-base,33.400301,1.067923,ok,broadcast mul into caller-owned output; input allocation outside timed region
cpu/output_reuse,mul_into,f64,4,33554432,strided-jl,12.890834,1.901619,ok,@strided fused broadcast into caller-owned output; input allocation outside timed region
cpu/output_reuse,div_into,f64,4,33554432,julia-base,32.414681,2.2669,ok,broadcast div into caller-owned output; input allocation outside timed region
cpu/output_reuse,div_into,f64,4,33554432,strided-jl,12.558204,0.650309,ok,@strided fused broadcast into caller-owned output; input allocation outside timed region
cpu/output_reuse,neg_into,f64,4,33554432,julia-base,27.770389,0.499326,ok,broadcast neg into caller-owned output; input allocation outside timed region
cpu/output_reuse,neg_into,f64,4,33554432,strided-jl,10.494781,1.64408,ok,@strided fused broadcast into caller-owned output; input allocation outside timed region
cpu/output_reuse,conj_into,c64,4,16777216,julia-base,20.622051,1.328701,ok,broadcast conj into caller-owned output; input allocation outside timed region
cpu/output_reuse,conj_into,c64,4,16777216,strided-jl,10.77691,1.283859,ok,@strided fused broadcast into caller-owned output; input allocation outside timed region
cpu/output_reuse,copy_read_into,f64,4,33554432,julia-base,12.883643,0.403262,ok,copyto! caller-owned output; input allocation outside timed region
cpu/output_reuse,dot_general_read_into,f64,4,1024x1024,julia-base,14.306758,1.372242,ok,mul! caller-owned output; input allocation outside timed region
cpu/output_reuse,dot_general_read_into_accum,f64,4,1024x1024,julia-base,12.858514,0.936778,ok,mul! accumulate caller-owned output; input allocation outside timed region
cpu/complex,conj,c64,4,16777216,julia-base,149.203015,5.652322,ok,physical complex conjugate output; input allocation outside timed region
cpu/complex,conj,c64,4,16777216,strided-jl,70.313702,4.352425,ok,@strided fused broadcast; input allocation outside timed region
cpu/complex,mul,c64,4,8388608,julia-base,82.92697,1.749684,ok,complex elementwise; input allocation outside timed region
cpu/complex,mul,c64,4,8388608,strided-jl,38.130057,2.666572,ok,@strided fused broadcast; input allocation outside timed region
cpu/complex,div,c64,4,8388608,julia-base,127.67552,1.96912,ok,complex elementwise; input allocation outside timed region
cpu/complex,div,c64,4,8388608,strided-jl,52.397075,0.735933,ok,@strided fused broadcast; input allocation outside timed region
cpu/complex,exp,c64,4,4194304,julia-base,76.276597,0.924719,ok,complex analytic; input allocation outside timed region
cpu/complex,exp,c64,4,4194304,strided-jl,29.944028,2.102953,ok,@strided fused broadcast; input allocation outside timed region
cpu/complex,log,c64,4,4194304,julia-base,139.334229,13.315328,ok,complex analytic; input allocation outside timed region
cpu/complex,log,c64,4,4194304,strided-jl,48.651781,1.517857,ok,@strided fused broadcast; input allocation outside timed region
cpu/complex,dot_general,c64,4,640x640,julia-base,13.903526,1.569768,ok,complex matrix multiply; input allocation outside timed region
cpu/complex,dot_general_with_conj,c64,4,640x640,julia-base,14.049021,0.430553,ok,conjugated-lhs matrix multiply; Julia materializes the conjugate before the contraction; input allocation outside timed region
cpu/complex,tensordot,c64,4,640x640,julia-base,12.534134,0.236877,ok,complex matrix contraction over one axis; input allocation outside timed region
cpu/complex,svd,c64,4,160x160,julia-base,7.811899,0.708742,ok,complex SVD; input allocation outside timed region
cpu/complex,qr,c64,4,256x256,julia-base,7.135339,0.299549,ok,complex QR; Q/R materialized; input allocation outside timed region
cpu/complex,eig,c64,4,112x112,julia-base,15.738543,0.885088,ok,complex eig; input allocation outside timed region
cpu/complex,solve,c64,4,"384x384,rhs=8",julia-base,3.387834,0.290129,ok,complex solve; input allocation outside timed region
cpu/complex,cholesky,c64,4,448x448,julia-base,2.60843,0.378491,ok,Hermitian positive definite; factor materialized; input allocation outside timed region
cpu/complex,norm_fro,c64,4,2048x1536,julia-base,3.830927,0.418652,ok,complex Frobenius norm; input allocation outside timed region
